u,v,key,aadt
49184747,49198976,0,13037.0
49190879,7133191832,0,4658.0
49198976,3900798861,0,13037.0
49715918,49766643,0,25389.0
49715918,12220728708,0,25389.0
49715951,49790311,0,2739.0
49715951,49825390,0,2739.0
49715974,49837513,0,8010.0
49715981,49789329,0,24223.0
49715981,49789333,0,24223.0
49716102,49825798,0,13644.0
49716102,775926224,0,13644.0
49716159,49782773,0,8244.0
49716191,49784971,0,5946.0
49716541,49716545,0,20282.0
49716541,640614344,0,20282.0
49716545,49716541,0,20282.0
49716545,49716549,0,20282.0
49716575,49716549,0,20282.0
49716575,49716589,0,20282.0
49716602,49716589,0,20282.0
49716602,49716610,0,20282.0
49716602,49793311,0,2687.0
49716602,49866317,0,3670.0
49716610,640614223,0,20282.0
49716672,49716675,0,2430.0
49716680,49716675,0,2430.0
49716680,49738698,0,15690.0
49716680,641965013,0,5978.0
49716928,13259893926,0,3033.0
49716932,49716936,0,2663.0
49716932,49827240,0,5134.0
49716936,49716938,0,2663.0
49716938,10020947573,0,2663.0
49717030,49775807,1,11315.0
49717073,49717030,0,11315.0
49717226,49745129,0,18804.0
49717262,49774120,0,31584.0
49717370,49779907,0,7490.0
49717411,644537712,0,16772.0
49717411,1458420676,0,16772.0
49717477,1381210497,0,6659.0
49717490,49727637,0,12519.0
49717490,49728917,0,12519.0
49717595,49717599,0,9202.0
49717612,49791583,0,3387.0
49717612,3005713074,0,14331.0
49717954,3744956565,0,8613.0
49717969,49717965,0,4572.0
49717975,49718509,0,4851.0
49717981,49717975,0,8062.0
49718011,49720114,0,6141.0
49718011,3277475100,0,6141.0
49718413,49759164,0,25167.0
49718509,49723816,0,4851.0
49718716,49734631,0,2322.0
49718775,49743898,0,25607.0
49718775,49743902,0,25607.0
49718816,49749954,0,11934.0
49718816,49750009,0,11934.0
49718816,49760803,0,15759.0
49718911,49718928,0,4288.0
49718928,5564258806,0,17941.0
49719235,49719230,0,70091.0
49719266,9587901829,0,13644.0
49719415,706911255,0,3360.0
49719415,1362307924,0,11474.0
49719416,49797678,0,17564.0
49719425,11198440879,0,17681.0
49719533,49768161,0,5987.0
49719539,49719533,0,379.0
49719539,49772864,0,2513.0
49719539,49825505,0,2513.0
49719895,49771208,0,10581.0
49719895,4561710230,0,10581.0
49719902,4561710230,0,14452.0
49720010,646229618,0,18968.0
49720056,49761678,0,14940.0
49720056,49761684,0,14940.0
49720155,49849857,0,10085.0
49720155,642421191,0,9808.0
49720215,641119742,0,18281.0
49720239,2616277023,0,2625.0
49720271,3372235101,0,17125.0
49720292,49720239,0,2625.0
49720292,49796605,0,2230.0
49720590,642436243,0,61694.0
49720844,647058100,0,400.0
49720844,647081858,0,41562.0
49721268,2456351023,0,2945.0
49721277,49789467,0,1663.0
49721277,49850735,0,6853.0
49721281,49741023,0,4286.0
49721610,638915905,0,14991.0
49721699,49723981,0,6055.0
49721699,49762510,0,5985.0
49721760,49721776,0,7686.0
49721776,639446418,0,11022.0
49722137,49739655,0,8244.0
49722454,655662483,0,13980.0
49722458,1233276142,0,3262.0
49722505,49785819,0,9240.0
49722744,642604582,0,16423.0
49722787,2664170695,0,4071.0
49722994,49782141,0,20428.0
49722994,633923743,0,11893.0
49723005,49730008,0,2706.0
49723017,1440867117,0,3287.0
49723081,49743490,0,8245.0
49723126,49830920,0,3716.0
49723133,49841785,0,16423.0
49723134,49777167,0,12702.0
49723134,4643541070,0,12702.0
49723161,13699194719,0,2767.0
49723309,49734716,0,4567.0
49723309,49742545,0,4567.0
49723515,49888946,0,9240.0
49723516,49800642,0,20562.0
49723519,49745923,0,9240.0
49723519,49749203,0,9240.0
49723539,2099955610,0,7163.0
49723592,49716007,0,2918.0
49723592,49790344,0,2918.0
49723815,49772535,0,4851.0
49723816,49723815,0,4851.0
49723981,639446397,0,117122.0
49724031,49759828,0,12819.0
49724031,1360061299,0,12819.0
49724092,49717801,0,147295.0
49724179,49724092,0,20932.0
49724179,655661924,0,14755.0
49724259,13666070323,0,11306.0
49724285,49743686,0,12962.0
49724285,49744591,0,4218.0
49724289,49724285,0,4218.0
49724289,49743686,0,17618.0
49724289,49746706,0,17618.0
49724366,642586562,0,27482.0
49724366,13265637013,0,46742.0
49724384,49734797,0,5987.0
49724384,49859579,0,3169.0
49724752,49751716,0,6680.0
49724754,49724752,0,6680.0
49724754,49751675,0,6680.0
49725576,49748184,0,11187.0
49725576,3001253763,0,11629.0
49726196,641056144,0,25088.0
49726250,638210869,0,25088.0
49726318,49726338,0,510.0
49726338,49748328,0,13242.0
49726341,49826564,0,2641.0
49726341,655442844,0,2641.0
49726402,49727521,0,7361.0
49726402,49801532,0,7361.0
49726558,49802221,0,3495.0
49726558,3657251445,0,3495.0
49726613,49811686,0,7347.0
49726626,3372443372,0,5216.0
49726626,3372448432,0,1008.0
49726875,487046296,0,32788.0
49726882,49728813,0,19818.0
49726882,3001694510,0,14755.0
49726946,49739260,0,4696.0
49727435,1574598092,0,9968.0
49727438,49727435,0,9968.0
49727447,49759074,0,8450.0
49727452,49727447,0,6931.0
49727452,49853581,0,7556.0
49727453,49727452,0,6931.0
49727521,49763283,0,7361.0
49727637,9093791451,0,54608.0
49727708,3608370821,0,24838.0
49727748,49727708,0,1093.0
49727748,49727773,0,1612.0
49727785,49727708,0,24838.0
49727785,49727748,0,518.0
49727929,49719416,0,4332.0
49728175,642818418,0,2892.0
49728201,5192159439,0,9968.0
49728646,49892770,0,120867.0
49728756,49737508,0,6911.0
49728813,49796744,0,5184.0
49728817,49776985,0,25092.0
49728879,641899767,0,7312.0
49728917,49717490,0,12519.0
49728922,5235719627,0,7556.0
49729003,49726196,0,10248.0
49729003,10014085266,0,11973.0
49729205,49748273,0,13242.0
49729205,10118411571,0,36570.0
49729407,49769434,0,33643.0
49729507,49734195,0,9046.0
49729551,646202862,0,22775.0
49729677,1645991534,0,24176.0
49729679,49770656,0,13076.0
49729688,49781553,0,3239.0
49729688,3874958856,0,3239.0
49729711,49741751,0,2513.0
49729711,49826421,0,2513.0
49729731,49729752,0,7255.0
49729731,49812677,0,4957.0
49729752,49728175,0,10067.0
49729752,49779939,0,10067.0
49729772,11198100601,0,18212.0
49729831,633969379,0,10581.0
49729890,49732286,0,28082.0
49729890,49748733,0,28082.0
49729902,49762355,0,1453.0
49729902,3001288930,0,1453.0
49730129,49729135,0,3166.0
49730129,49846154,0,5493.0
49730227,49754457,0,9982.0
49730227,3010914572,0,9982.0
49730229,49880689,0,112688.0
49730251,49730229,0,8017.0
49730297,49768712,0,14902.0
49730297,1375406091,0,14902.0
49730313,638898961,0,18212.0
49730319,49782077,0,8432.0
49730806,49782349,0,9819.0
49730806,49782363,0,9819.0
49730820,49840739,0,11315.0
49730863,49745405,0,9751.0
49730863,3370866978,0,24838.0
49730878,3370866971,0,1347.0
49730888,49760333,0,10624.0
49730919,49773921,0,4385.0
49730919,9592649118,0,266.0
49730947,49768887,0,7312.0
49730947,641899748,0,7312.0
49730969,49803048,0,6724.0
49731194,49731188,0,2513.0
49731206,647087532,0,2513.0
49731251,49868295,0,5064.0
49731251,49868538,0,5064.0
49731284,1489216476,0,1884.0
49731303,49732126,0,7055.0
49731325,641119722,0,49911.0
49731325,641119742,0,5746.0
49731467,49785947,0,19993.0
49731508,641068023,0,28662.0
49731509,49796970,0,16423.0
49731509,49841654,0,16423.0
49731541,49794479,0,4123.0
49731544,49774932,0,6854.0
49731544,49774952,0,6854.0
49731575,49731559,0,7356.0
49731579,647084282,0,41053.0
49731621,49745384,0,9751.0
49731621,3370866946,0,2918.0
49731654,49738582,0,29140.0
49731670,3005851841,0,14874.0
49731699,49731670,0,3676.0
49731699,13270967989,0,9510.0
49731754,49798869,0,11549.0
49731757,3656197331,0,13723.0
49731762,1443726989,0,2741.0
49732017,49850751,0,8994.0
49732026,49850749,0,1452.0
49732042,49732026,0,1452.0
49732114,49858507,0,3108.0
49732126,49760126,0,2000.0
49732129,49737471,0,17125.0
49732129,1458431777,0,17125.0
49732193,49732211,0,3201.0
49732193,3301217705,0,4071.0
49732211,49773560,0,27257.0
49732241,49776772,0,5268.0
49732272,49732411,0,14991.0
49732272,49757359,0,14991.0
49732286,520072065,0,29549.0
49732288,49741203,0,5895.0
49732288,1109925312,0,5895.0
49732363,642701960,0,2676.0
49732368,49721610,0,14991.0
49732368,647053707,0,14991.0
49732411,49732272,0,14991.0
49732411,49741203,0,14991.0
49732416,49732411,0,10429.0
49732422,13179482138,0,2686.0
49732428,49764451,0,10009.0
49732428,49824135,0,24908.0
49732428,49843037,0,24908.0
49732524,49839825,0,3634.0
49732524,49868291,0,3634.0
49732698,9647671192,0,13932.0
49732698,13260160411,0,13932.0
49732805,49740649,0,6678.0
49732805,49796711,0,6678.0
49732854,49764163,0,10466.0
49732884,647069230,0,11937.0
49732907,49755851,0,12764.0
49732919,9647671194,0,13507.0
49733323,49787219,0,9240.0
49733323,49810220,0,9240.0
49733709,3000138151,0,18891.0
49733709,3010525228,0,147295.0
49733721,49733731,0,5942.0
49733966,49717245,0,30149.0
49733966,49717262,0,31584.0
49734010,49750770,0,997.0
49734077,49748678,0,17923.0
49734102,49734101,0,19446.0
49734104,49734107,0,2465.0
49734104,3012829798,0,16748.0
49734107,49773544,0,2465.0
49734130,49764321,0,7317.0
49734137,7802243126,0,34015.0
49734140,49734142,0,2334.0
49734142,49758241,0,2334.0
49734195,49744693,0,9046.0
49734407,49793999,0,4297.0
49734407,900114288,0,4297.0
49734413,49734414,0,3414.0
49734413,1443727020,0,3414.0
49734414,49773840,0,3414.0
49734492,1439840033,0,12519.0
49734573,49743242,0,15964.0
49734615,49788678,0,5876.0
49734616,1804420112,0,9828.0
49734618,49745693,0,9828.0
49734619,49734618,0,9828.0
49734621,49734622,0,9828.0
49734622,49745650,0,9828.0
49734628,49783186,0,3869.0
49734728,49723217,0,13644.0
49734728,49734716,0,13644.0
49734729,49795799,0,3623.0
49734737,3379821559,0,14902.0
49734797,49763571,0,5987.0
49735022,642586818,0,17459.0
49735030,49724366,0,12792.0
49735031,49748853,0,4511.0
49735031,49883050,0,4511.0
49735074,49735031,0,3251.0
49735119,49765549,0,11932.0
49735125,49739424,0,2395.0
49735125,49739436,0,2395.0
49735130,49790301,0,6826.0
49735130,1014102329,0,6826.0
49735150,49801263,0,2739.0
49735154,49818855,0,6826.0
49735286,8434554376,0,9001.0
49735318,49740996,0,1367.0
49735322,49737105,0,1367.0
49735322,49769913,0,1347.0
49735831,49849919,0,2706.0
49735888,49751474,0,6988.0
49736712,49796744,0,5184.0
49737457,49840387,0,5895.0
49737471,49821610,0,17125.0
49737482,1364989367,0,27223.0
49737508,49762563,0,118471.0
49737722,49732327,0,3176.0
49737731,5521303041,0,24176.0
49737885,49774851,0,6854.0
49737931,49784141,0,6404.0
49738041,49750861,0,14326.0
49738041,3007762954,0,28644.0
49738066,49739172,0,94406.0
49738129,49777871,0,7719.0
49738305,49742388,0,4286.0
49738305,11198005518,0,1884.0
49738311,49744848,0,2676.0
49738540,642885426,0,24838.0
49738582,49738540,0,1083.0
49738698,3000712324,0,15690.0
49738746,49777288,0,4430.0
49738746,522279711,0,2435.0
49738769,49812451,0,10886.0
49738826,646216756,0,3888.0
49738932,49743563,0,2978.0
49738932,1443727117,0,3473.0
49738943,49770899,0,16608.0
49739046,9099950062,0,1822.0
49739137,642043942,0,3893.0
49739169,49824916,0,2780.0
49739172,49840688,0,2173.0
49739260,49726946,0,7361.0
49739260,49790389,0,4696.0
49739277,49780038,0,10665.0
49739277,49796955,0,10665.0
49739286,49743895,0,25607.0
49739298,49749416,0,4253.0
49739319,49807054,0,6077.0
49739319,49831519,0,6077.0
49739331,1365013790,0,2395.0
49739335,49739331,0,2395.0
49739335,49739338,0,2395.0
49739335,49806797,0,11721.0
49739338,49739335,0,11721.0
49739347,49739338,0,2395.0
49739350,49739347,0,2395.0
49739350,49739355,0,2395.0
49739355,49739360,0,2395.0
49739365,49739360,0,2395.0
49739365,49739399,0,2395.0
49739399,49758395,0,9819.0
49739399,49782380,0,9819.0
49739410,49739399,0,2395.0
49739410,49739423,0,2395.0
49739423,49739424,0,2395.0
49739424,49739423,0,2395.0
49739436,49739443,0,2395.0
49739443,49739436,0,2395.0
49739443,49739448,0,2395.0
49739448,3375563969,0,2395.0
49739465,49739469,0,2395.0
49739465,49747311,0,14991.0
49739465,3375563969,0,2395.0
49739469,644504509,0,2395.0
49739554,49825798,0,13644.0
49739554,1458870814,0,13644.0
49739559,49772296,0,2577.0
49739559,49883573,0,7556.0
49739564,49739559,0,1884.0
49739565,49739564,0,1884.0
49739577,49738305,0,1884.0
49739577,49744854,0,3339.0
49739585,49739577,0,1884.0
49739593,49889442,0,1884.0
49739596,49739593,0,1884.0
49739598,49739596,0,1884.0
49739600,49739598,0,1884.0
49739603,49739600,0,1884.0
49739609,49739603,0,1884.0
49739609,49774098,0,20858.0
49739633,49793211,0,14902.0
49739633,2428510053,0,1884.0
49739655,49782827,0,8244.0
49739830,965766226,0,4368.0
49739903,49777892,0,3125.0
49739937,49825905,0,4008.0
49739937,3670782184,0,4008.0
49740074,49716928,0,3033.0
49740082,49740100,0,3033.0
49740100,965766236,0,3033.0
49740160,49763666,0,2036.0
49740160,5291674142,0,7953.0
49740162,2099955610,0,7953.0
49740210,5291674142,0,7953.0
49740244,49769187,0,2114.0
49740244,49856113,0,17564.0
49740244,3672563449,0,17564.0
49740384,2765475202,0,25412.0
49740435,49759518,0,6219.0
49740435,6799358586,0,6219.0
49740448,49821658,0,6883.0
49740539,49833568,0,7568.0
49740557,49722505,0,9240.0
49740585,49757574,0,5427.0
49740620,49783034,0,5981.0
49740620,4059272468,0,5981.0
49740630,49776570,0,11641.0
49740630,3372235130,0,11641.0
49740634,49766633,0,25389.0
49740634,1013396313,0,25389.0
49740649,49732805,0,6678.0
49740649,49783068,0,6678.0
49740930,49740966,0,1367.0
49740966,49740996,0,1367.0
49740996,49740966,0,1367.0
49741014,49756881,0,7406.0
49741014,49773918,0,4312.0
49741014,49819386,0,7406.0
49741020,49741014,0,7280.0
49741023,49741020,0,7280.0
49741027,49741023,0,7280.0
49741027,2377417303,0,5432.0
49741033,9468883912,0,14166.0
49741038,49741037,0,3161.0
49741041,49741038,0,3161.0
49741043,49741041,0,3161.0
49741043,49794213,0,5288.0
49741052,49741043,0,3161.0
49741058,49741052,0,3161.0
49741069,49741058,0,3161.0
49741073,49741069,0,3161.0
49741076,49741073,0,3161.0
49741088,49819478,0,19386.0
49741088,11608896680,0,3161.0
49741107,49777245,0,4833.0
49741153,49741155,0,3647.0
49741153,49787536,0,1318.0
49741155,49741156,0,3647.0
49741157,49741156,0,3647.0
49741157,49741160,0,3647.0
49741163,1364989296,0,27223.0
49741165,49741163,0,10429.0
49741170,49741165,0,10429.0
49741173,49741170,0,10429.0
49741174,49741173,0,10429.0
49741174,49743552,0,2978.0
49741178,49741174,0,10429.0
49741178,49741179,0,10429.0
49741182,49741179,0,10429.0
49741182,49774952,0,11721.0
49741182,1443727126,0,11721.0
49741187,49741182,0,10429.0
49741203,49732416,0,5895.0
49741203,647053711,0,14991.0
49741274,49882753,0,7516.0
49741274,3672563449,0,7516.0
49741287,49856163,0,17564.0
49741337,642817438,0,36570.0
49741378,49820583,0,17681.0
49741471,49756921,0,7166.0
49741647,49741652,0,5244.0
49741647,49748779,0,28644.0
49741663,10292519072,0,6659.0
49741673,3007959508,0,6659.0
49741695,49777682,0,2415.0
49741695,49777696,0,2415.0
49741695,1381307996,0,6659.0
49741703,49741695,0,6659.0
49741703,4975093911,0,2584.0
49741709,49717477,0,6659.0
49741710,49797586,0,14818.0
49741710,633923936,0,6659.0
49741715,49741710,0,6659.0
49741715,49765155,0,11474.0
49741717,49741715,0,6659.0
49741717,49765161,0,7815.0
49741717,49765167,0,7815.0
49741724,49741717,0,3207.0
49741725,49741724,0,3207.0
49741728,49741725,0,3207.0
49741730,49716899,0,10067.0
49741730,49741728,0,3207.0
49741733,49741730,0,3207.0
49741733,49797620,0,17609.0
49741735,49797063,0,3963.0
49741740,49817512,0,4066.0
49741751,49882225,0,2513.0
49741773,49765314,0,6280.0
49741775,49823325,0,6280.0
49741798,49838202,0,1912.0
49741996,647241451,0,18372.0
49741996,2027049957,0,18372.0
49742265,49742208,0,36736.0
49742293,49748623,0,14671.0
49742293,9457052272,0,4423.0
49742300,49744664,0,7719.0
49742300,647594359,0,13856.0
49742308,49721281,0,4286.0
49742316,49741023,0,4286.0
49742316,49742320,0,4286.0
49742320,49744676,0,3000.0
49742331,49742320,0,4286.0
49742331,49742335,0,4286.0
49742335,49742338,0,4286.0
49742335,49767391,0,4572.0
49742338,49744817,0,2847.0
49742338,49795377,0,2847.0
49742344,49742338,0,4286.0
49742352,49742344,0,4286.0
49742352,49742360,0,4286.0
49742360,49742352,0,4286.0
49742360,49742366,0,4286.0
49742360,49768670,0,2144.0
49742360,49768681,0,2144.0
49742366,49742360,0,4286.0
49742366,49742370,0,4286.0
49742388,642701960,0,4286.0
49742418,49758293,0,8366.0
49742428,49758293,0,2334.0
49742444,49765922,0,9437.0
49742454,705647622,0,4597.0
49742473,49726929,0,11315.0
49742473,49732177,0,8245.0
49742616,49774881,0,6854.0
49742705,11608896680,0,3075.0
49742711,49734574,0,15964.0
49742713,49742711,0,15964.0
49742737,49742713,0,15964.0
49742755,49742738,0,15964.0
49742771,49742755,0,15964.0
49742782,49742771,0,15964.0
49742791,49742782,0,15964.0
49742799,49742791,0,15964.0
49742839,49742826,0,15964.0
49742907,49742885,0,15964.0
49742923,49897656,0,15964.0
49743050,647241451,0,30448.0
49743069,49743064,0,10036.0
49743074,49743089,0,6141.0
49743074,3277475100,0,6141.0
49743089,49743074,0,6141.0
49743089,49743092,0,6141.0
49743089,49797236,0,805.0
49743092,49743125,0,6141.0
49743092,49797207,0,367.0
49743125,49743092,0,6141.0
49743165,49743125,0,6141.0
49743214,49743165,0,6141.0
49743216,49763921,0,13507.0
49743223,2921449362,0,6141.0
49743224,49799488,0,4109.0
49743231,49743224,0,15964.0
49743242,49743231,0,15964.0
49743486,9752208331,0,8245.0
49743490,49786622,0,8245.0
49743552,49743561,0,2978.0
49743561,49743563,0,2978.0
49743578,49804074,0,11721.0
49743646,766194328,0,12962.0
49743659,49743646,0,12962.0
49743659,49743669,0,12962.0
49743669,49724285,0,12962.0
49743686,49743717,0,9202.0
49743686,49834986,0,19925.0
49743717,49743760,0,9202.0
49743760,49743812,0,9202.0
49743812,49743760,0,9202.0
49743817,49743812,0,9202.0
49743817,49743824,0,9202.0
49743817,49746854,0,6219.0
49743824,49743825,0,9202.0
49743825,49743847,0,9202.0
49743847,49717599,0,9202.0
49743847,49743825,0,9202.0
49743856,49743851,0,7802.0
49743856,49829439,0,7802.0
49743874,49723087,0,25607.0
49743877,49743874,0,25607.0
49743877,49743887,0,25607.0
49743877,49786622,0,3440.0
49743887,49743889,0,25607.0
49743887,49786637,0,5416.0
49743892,49743889,0,25607.0
49743894,49743892,0,25607.0
49743894,49755306,0,12824.0
49743895,49743894,0,25607.0
49743898,49718775,0,25607.0
49743898,49739286,0,25607.0
49743937,49743941,0,25607.0
49743937,9389248084,0,25607.0
49743941,49743947,0,25607.0
49743951,49743947,0,25607.0
49743955,49743951,0,25607.0
49743955,49743972,0,25607.0
49743972,49743990,0,15055.0
49743972,49755047,0,10886.0
49743994,49743990,0,15055.0
49743994,49744012,0,15055.0
49744012,49744030,0,15055.0
49744030,1496817413,0,15055.0
49744068,49744075,0,15055.0
49744075,49744068,0,15055.0
49744095,49733719,0,15055.0
49744095,49744115,0,15055.0
49744137,49744115,0,15055.0
49744156,640614764,0,15055.0
49744160,49744156,0,15055.0
49744168,49750009,0,10823.0
49744173,49744168,0,12962.0
49744173,1564708943,0,12962.0
49744185,49750009,0,11934.0
49744185,1564708943,0,12962.0
49744199,49744185,0,12962.0
49744199,1484785680,0,12962.0
49744209,49744222,0,12962.0
49744222,49744225,0,12962.0
49744226,49744225,0,12962.0
49744233,49744226,0,12962.0
49744233,49744244,0,12962.0
49744233,49761928,0,15673.0
49744233,4633108826,0,15495.0
49744244,49744252,0,12962.0
49744292,49718798,0,10553.0
49744292,49746174,0,10553.0
49744602,49744587,0,11315.0
49744602,49840739,0,11315.0
49744604,49841801,0,2225.0
49744664,49742300,0,7719.0
49744672,7554685042,0,5432.0
49744686,49744684,0,10545.0
49744688,49744686,0,10545.0
49744691,49763073,0,3125.0
49744693,49852652,0,3080.0
49744693,705647581,0,20982.0
49744814,49744808,0,3339.0
49744817,49744814,0,3339.0
49744817,49763104,0,2847.0
49744825,49744817,0,3339.0
49744832,49744825,0,3339.0
49744836,49744832,0,3339.0
49744836,49763119,0,2144.0
49744836,49768681,0,2144.0
49744841,49744836,0,3339.0
49744842,49744841,0,3339.0
49744848,49738311,0,2676.0
49744848,49744842,0,3339.0
49744848,49746693,0,2676.0
49744850,49744848,0,3339.0
49744854,49744850,0,3339.0
49744858,49739577,0,4470.0
49744867,49744858,0,4470.0
49744867,49758306,0,2334.0
49744895,49744867,0,4470.0
49745094,49820799,0,21177.0
49745106,49761675,0,8356.0
49745129,49796229,0,18804.0
49745161,49832678,0,1985.0
49745188,49745186,0,15975.0
49745188,49764326,0,16075.0
49745188,3995094699,0,16075.0
49745193,49745188,0,15975.0
49745193,49753502,0,10127.0
49745193,49764337,0,10127.0
49745195,49745193,0,15975.0
49745195,49745200,0,15975.0
49745200,49753507,0,3963.0
49745204,49745200,0,15975.0
49745204,49745207,0,15975.0
49745207,49745208,0,15975.0
49745207,49817459,0,4066.0
49745214,49745208,0,15975.0
49745214,49745225,0,15975.0
49745232,49745225,0,15975.0
49745235,49745232,0,15975.0
49745240,49745235,0,15975.0
49745240,49745243,0,12575.0
49745240,49809721,0,22572.0
49745247,49745243,0,12575.0
49745273,49745282,0,12575.0
49745284,49745282,0,12575.0
49745284,49745287,0,12575.0
49745289,49745287,0,12575.0
49745289,49745292,0,12575.0
49745292,49769171,0,4781.0
49745292,13259914865,0,12575.0
49745297,49745301,0,12575.0
49745301,49745297,0,12575.0
49745305,49745301,0,12575.0
49745335,49847837,0,5726.0
49745365,13256237912,0,9494.0
49745370,49745365,0,9751.0
49745374,49715998,0,9751.0
49745374,49745370,0,9751.0
49745377,49715998,0,9751.0
49745381,49745377,0,9751.0
49745384,1443727177,0,7473.0
49745384,3667950082,0,6272.0
49745390,2921295523,0,9751.0
49745397,49745399,0,9751.0
49745407,49745405,0,9751.0
49745413,49745407,0,9751.0
49745413,49745415,0,9751.0
49745417,49745415,0,9751.0
49745417,49745418,0,9751.0
49745418,49745417,0,9751.0
49745418,49745420,0,9751.0
49745421,49745420,0,9751.0
49745421,13556260339,0,9751.0
49745431,13160144145,0,9751.0
49745434,49745431,0,9751.0
49745453,49745451,0,9828.0
49745455,49745453,0,9828.0
49745457,49745455,0,9828.0
49745457,49745459,0,9828.0
49745461,49745459,0,9828.0
49745465,49745461,0,9828.0
49745465,49745468,0,9828.0
49745468,49734621,0,9828.0
49745468,49791878,0,2912.0
49745468,49791888,0,2912.0
49745566,49843193,0,1429.0
49745571,49843195,0,258.0
49745628,49764251,0,7294.0
49745628,49799643,0,7294.0
49745628,3027832454,0,29858.0
49745629,49745628,0,29858.0
49745631,876615335,0,6876.0
49745632,49745631,0,21913.0
49745632,49745636,0,21913.0
49745632,3027616047,0,6889.0
49745636,49745632,0,21913.0
49745636,1381307999,0,10932.0
49745640,641116183,0,18978.0
49745640,4697534335,0,17918.0
49745644,49813365,0,15438.0
49745644,3027663729,0,17918.0
49745650,49745651,0,9828.0
49745652,49745651,0,9828.0
49745652,49745658,0,9828.0
49745667,49745669,0,9828.0
49745667,13256237938,0,8782.0
49745669,49745673,0,9828.0
49745676,49745673,0,9828.0
49745676,49745677,0,9828.0
49745680,49745677,0,9828.0
49745680,49745682,0,9828.0
49745682,13256237912,0,9828.0
49745689,49734615,0,9828.0
49745689,49745691,0,9828.0
49745691,49745693,0,9828.0
49745701,49749220,0,5769.0
49745709,49785838,0,5335.0
49745709,49785850,0,5335.0
49745717,49847560,0,3670.0
49745717,2000698377,0,3670.0
49745746,49836758,0,2518.0
49745780,49737130,0,5094.0
49745780,1929135345,0,5094.0
49745838,49764782,0,7593.0
49745838,49806412,0,7593.0
49745841,1475724283,0,10553.0
49745915,49842742,0,3610.0
49745915,49859100,0,3610.0
49745918,49718816,0,9247.0
49745918,49749265,0,9247.0
49745923,49723519,0,9240.0
49745923,5581929187,0,9240.0
49745938,49760709,0,1193.0
49745995,1564556245,0,4863.0
49746034,49745995,0,4863.0
49746174,49744292,0,10553.0
49746267,49759090,0,5961.0
49746274,49746276,0,1284.0
49746274,2382621917,0,1284.0
49746276,49746274,0,1284.0
49746276,49746280,0,1284.0
49746280,49746286,0,1284.0
49746295,49787118,0,1535.0
49746301,49746295,0,1284.0
49746301,49789492,0,9306.0
49746304,49746301,0,1284.0
49746417,49809494,0,6495.0
49746428,49754673,0,19543.0
49746439,49754681,0,7778.0
49746516,49754643,0,2739.0
49746516,49789704,0,2739.0
49746521,13256450869,0,6495.0
49746583,49818890,0,6826.0
49746583,49818900,0,6826.0
49746655,49837513,0,8010.0
49746655,49851413,0,8010.0
49746668,640784713,0,19543.0
49746668,13431097737,0,19543.0
49746670,3370866916,0,7396.0
49746706,49764754,0,17618.0
49746854,49743817,0,6219.0
49746854,49759518,0,6219.0
49747094,49790386,0,2032.0
49747116,49765062,0,6984.0
49747135,49748307,0,13242.0
49747163,49800012,0,5914.0
49747163,49802245,0,5914.0
49747281,49756155,0,11997.0
49747281,49756170,0,11997.0
49747291,49758503,0,5981.0
49747291,49849268,0,5981.0
49747311,49739465,0,14991.0
49747351,49780915,0,10045.0
49747351,49798243,0,10045.0
49747443,49803116,0,6724.0
49747467,49764877,0,6752.0
49747467,49826533,0,6752.0
49747494,642395689,0,4882.0
49747512,655448766,0,16670.0
49747512,12270087211,0,7471.0
49747620,49811697,0,3609.0
49747620,3798943074,0,3609.0
49747702,3372448432,0,9027.0
49747828,49826783,0,2513.0
49747828,49851451,0,2513.0
49747865,49752584,0,4509.0
49747865,49752599,0,4509.0
49747879,49765318,0,2558.0
49747955,49825409,0,6272.0
49747955,49876468,0,6272.0
49747960,3667950065,0,16772.0
49748050,49796966,0,2017.0
49748054,49817406,0,2280.0
49748067,49748071,0,11057.0
49748071,49748075,0,11057.0
49748075,49748079,0,11057.0
49748079,49748081,0,11057.0
49748081,49748084,0,11057.0
49748091,49748084,0,11057.0
49748094,49748091,0,11057.0
49748094,49748097,0,11057.0
49748094,49749446,0,4606.0
49748106,49748097,0,11057.0
49748106,49754597,0,11057.0
49748151,49802852,0,3004.0
49748151,49819792,0,3004.0
49748151,9257612257,0,859.0
49748155,49748151,0,859.0
49748155,3744956563,0,859.0
49748168,49777546,0,7028.0
49748172,49758476,0,14156.0
49748177,49748172,0,11187.0
49748177,3001046648,0,11973.0
49748184,49762379,0,6083.0
49748184,3378222896,0,11187.0
49748184,3378222907,0,6083.0
49748212,1443727090,0,2563.0
49748223,49748212,0,11187.0
49748223,49871037,0,29725.0
49748231,49748223,0,11187.0
49748231,49825121,0,2951.0
49748241,13265637012,0,11187.0
49748273,49748281,0,13242.0
49748281,49748287,0,13242.0
49748281,49826676,0,6789.0
49748287,49748292,0,13242.0
49748292,49748296,0,13242.0
49748296,49748302,0,13242.0
49748302,49747135,0,13242.0
49748302,2994024590,0,3092.0
49748307,49748309,0,13242.0
49748307,49804397,0,2354.0
49748307,49858868,0,2354.0
49748309,49739695,0,13242.0
49748318,49726338,0,13242.0
49748318,49739695,0,13242.0
49748328,49753197,0,6003.0
49748328,49753268,0,6003.0
49748338,49748328,0,13242.0
49748338,49748353,0,8356.0
49748353,49843926,0,8356.0
49748395,49827853,0,21047.0
49748399,49748395,0,4096.0
49748406,49748399,0,4096.0
49748409,49748406,0,4096.0
49748413,49748409,0,4096.0
49748418,49748413,0,4096.0
49748424,49748418,0,4096.0
49748424,49796906,0,2797.0
49748431,49748424,0,4096.0
49748438,49748431,0,4096.0
49748438,49799262,0,13507.0
49748438,4163822271,0,13507.0
49748441,49748438,0,4096.0
49748460,49748441,0,4096.0
49748623,49742293,0,15078.0
49748623,49748625,0,15486.0
49748625,49769661,0,10938.0
49748627,49748625,0,25829.0
49748627,49748678,0,25829.0
49748627,642563700,0,1037.0
49748690,3011478356,0,9383.0
49748694,49748716,0,19413.0
49748716,49748720,0,28082.0
49748720,49748716,0,18692.0
49748720,3012429760,0,11707.0
49748725,49748720,0,28082.0
49748725,622720970,0,28703.0
49748725,8476470743,0,26877.0
49748733,49729890,0,28082.0
49748775,647584811,0,28644.0
49748775,2504794158,0,28644.0
49748775,12169187729,0,5468.0
49748779,49741647,0,28644.0
49748779,647584811,0,6749.0
49748784,49741647,0,28644.0
49748784,3007114624,0,10768.0
49748788,49748784,0,28644.0
49748788,3007762954,0,28644.0
49748802,647030747,0,30025.0
49748847,646216885,0,10553.0
49748853,49735031,0,4511.0
49748853,49745841,0,10553.0
49748853,49748847,0,10553.0
49748853,49842664,0,4511.0
49748862,49748873,0,10553.0
49748873,49748862,0,10553.0
49748873,49748883,0,10553.0
49748901,49748883,0,10553.0
49748901,49859100,0,3610.0
49748901,3788079770,0,10553.0
49748926,49749006,0,10553.0
49749006,49746174,0,10553.0
49749030,49718798,0,10553.0
49749030,49828394,0,7802.0
49749030,49829439,0,7802.0
49749041,49749047,0,3662.0
49749041,3276948624,0,2589.0
49749047,49749041,0,3662.0
49749062,49797753,0,28899.0
49749106,49770640,0,3842.0
49749106,49777843,0,13247.0
49749108,49761754,0,3666.0
49749154,5896029064,0,20555.0
49749163,49761767,0,3108.0
49749194,49782583,0,3495.0
49749194,49789766,0,3495.0
49749203,49749214,0,5769.0
49749203,646190646,0,9240.0
49749214,49745701,0,5769.0
49749220,49749230,0,5769.0
49749230,49724259,0,5769.0
49749265,11368228083,0,9247.0
49749374,49717954,0,8478.0
49749379,49789180,0,24444.0
49749379,9656370906,0,5080.0
49749383,49749394,0,5080.0
49749383,9656370906,0,5080.0
49749394,49769205,0,17031.0
49749416,647043839,0,4606.0
49749446,49749416,0,4606.0
49749470,49749379,0,24444.0
49749470,49789168,0,24444.0
49749470,1443727116,0,2100.0
49749478,49859579,0,4851.0
49749658,5920737996,0,13915.0
49749800,49799918,0,16892.0
49749838,49730820,0,11315.0
49749838,1574783762,0,11315.0
49749851,642317837,0,11934.0
49749855,49749851,0,11934.0
49749855,49749860,0,11934.0
49749855,49823438,0,9240.0
49749860,49749862,0,11934.0
49749862,49749860,0,11934.0
49749862,49749865,0,11934.0
49749865,49749871,0,11934.0
49749871,49749873,0,11934.0
49749873,49749881,0,11934.0
49749881,49749910,0,11934.0
49749910,49749917,0,11934.0
49749917,1492729466,0,11934.0
49749935,49749954,0,11934.0
49749935,1492729466,0,11934.0
49750009,49718816,0,11934.0
49750127,642395689,0,6014.0
49750127,1443727066,0,2609.0
49750161,49750169,0,5157.0
49750169,3872966581,0,12153.0
49750216,49825427,0,2739.0
49750268,49871189,0,5789.0
49750448,11831784016,0,13560.0
49750455,49756881,0,7406.0
49750455,49824184,0,6157.0
49750455,49842341,0,4612.0
49750455,655442848,0,6266.0
49750470,49756897,0,2936.0
49750470,49792123,0,2936.0
49750494,49775070,0,5355.0
49750640,49883189,0,3670.0
49750678,49750268,0,5789.0
49750710,9635459064,0,6724.0
49750819,49750826,0,1039.0
49750819,2504794158,0,15323.0
49750826,49767131,0,6749.0
49750826,11260344016,0,1039.0
49750861,49782082,0,14326.0
49751203,49781894,0,17655.0
49751203,49885650,0,17655.0
49751267,49740750,0,11997.0
49751267,49756073,0,11997.0
49751361,49728879,0,7312.0
49751361,49728917,0,12519.0
49751361,1439840033,0,12519.0
49751422,49817652,0,7361.0
49751444,4163822271,0,9000.0
49751468,49756088,0,11997.0
49751474,49756259,0,6988.0
49751518,49815548,0,6640.0
49751716,49751721,0,6680.0
49751728,49746194,0,6680.0
49751728,49751721,0,6680.0
49751758,49751772,0,6680.0
49751758,1482962009,0,6680.0
49751799,49751772,0,6680.0
49751822,49751799,0,6680.0
49751822,649840226,0,6680.0
49751887,49782687,0,4725.0
49751887,49822299,0,4725.0
49751895,638093913,0,6795.0
49752200,49778342,0,21078.0
49752200,49881497,0,21078.0
49752285,5380888621,0,6988.0
49752363,2765475194,0,1429.0
49752366,49809775,0,4253.0
49752520,49806589,0,4570.0
49752562,49827236,0,5134.0
49752579,49729711,0,4509.0
49752584,49752579,0,4509.0
49752599,49747865,0,4509.0
49752603,49752599,0,4509.0
49752603,49825533,0,3024.0
49752606,49752603,0,4509.0
49752606,49823332,0,13024.0
49752612,49752621,0,4509.0
49752612,2921295183,0,4509.0
49752621,49752612,0,4509.0
49752621,49752628,0,4509.0
49752628,49752621,0,4509.0
49752632,49752628,0,4509.0
49752632,49789277,0,22059.0
49752640,49752632,0,8986.0
49752640,49789284,0,5537.0
49752640,49818968,0,5537.0
49752651,49745658,0,8986.0
49752651,49752640,0,8986.0
49752651,49768036,0,7778.0
49752667,49745658,0,8986.0
49752667,49752671,0,8986.0
49752667,49826510,0,8782.0
49752667,13256237934,0,8782.0
49752671,49752667,0,8986.0
49752671,2765545465,0,27476.0
49752913,49752905,0,3666.0
49752913,49761786,0,3666.0
49753005,647030743,0,25795.0
49753014,49842417,0,6602.0
49753197,49748328,0,6003.0
49753197,1004809645,0,6003.0
49753268,49748328,0,6003.0
49753268,49753270,0,6003.0
49753270,49753268,0,6003.0
49753272,49753270,0,6003.0
49753274,49753272,0,6003.0
49753280,49753274,0,6003.0
49753280,49753288,0,1168.0
49753280,49802357,0,21078.0
49753507,49797015,0,3963.0
49753516,49753520,0,4269.0
49753516,1060365691,0,4269.0
49753520,49822896,0,4652.0
49753524,49748399,0,4269.0
49753524,49753520,0,4269.0
49753534,49748399,0,4269.0
49753649,49767288,0,1430.0
49753665,49754519,0,2042.0
49753799,49753804,0,3299.0
49753804,49753806,0,3299.0
49753806,49753804,0,3299.0
49753806,49753810,0,3299.0
49753817,49753810,0,3299.0
49753824,49753817,0,3299.0
49753824,49795418,0,3262.0
49753824,649839841,0,3262.0
49753848,49753824,0,3299.0
49753848,49782697,0,3299.0
49753936,49769356,0,18968.0
49753936,49769366,0,18968.0
49753973,49724259,0,1193.0
49753973,49760719,0,1193.0
49754013,49795931,0,7010.0
49754031,49841199,0,7431.0
49754035,49777564,0,7028.0
49754040,49796854,0,9510.0
49754042,49779839,0,5768.0
49754051,49796861,0,10114.0
49754051,49802545,0,10114.0
49754143,49739137,0,1884.0
49754143,49822299,0,1884.0
49754162,49754166,0,2998.0
49754162,49765058,0,2032.0
49754162,49814912,0,2703.0
49754166,49754177,0,2998.0
49754177,49754185,0,2998.0
49754185,49734010,0,2998.0
49754207,49840782,0,11315.0
49754246,49761707,0,3495.0
49754246,49763423,0,3495.0
49754279,49763450,0,19993.0
49754279,49794588,0,19993.0
49754321,49726613,0,8356.0
49754321,49794608,0,8356.0
49754457,49763044,0,9982.0
49754463,49756730,0,16572.0
49754499,49754505,0,2042.0
49754499,1375406094,0,14902.0
49754505,49754509,0,2042.0
49754509,49754516,0,2042.0
49754516,49753665,0,2042.0
49754519,49754525,0,2042.0
49754525,49754527,0,2042.0
49754527,49754531,0,2042.0
49754531,49754539,0,2042.0
49754539,49754545,0,2042.0
49754545,49754553,0,2042.0
49754553,49767325,0,18212.0
49754597,49748106,0,8987.0
49754610,49754612,0,24444.0
49754610,49789205,0,24444.0
49754612,49789196,0,24444.0
49754618,49823986,0,17031.0
49754643,49780318,0,2739.0
49754649,49780235,0,6826.0
49754649,13256450865,0,6826.0
49754658,3667950074,0,8010.0
49754685,49813577,0,7396.0
49754685,11563313323,0,7396.0
49754697,49780299,0,1085.0
49754706,49745680,0,663.0
49754706,49754709,0,663.0
49754709,49754714,0,663.0
49754737,49770968,0,5431.0
49754874,49732919,0,13507.0
49754961,49767295,0,1430.0
49754994,49726342,0,4182.0
49754994,655448755,0,4182.0
49755047,49821069,0,10886.0
49755118,49746034,0,2353.0
49755206,49746262,0,8245.0
49755206,49841101,0,8245.0
49755288,49773891,0,3414.0
49755306,49743894,0,12824.0
49755512,49755514,0,7111.0
49755512,3900811260,0,19446.0
49755515,49755514,0,7111.0
49755515,49758656,0,6900.0
49755528,49755515,0,7111.0
49755530,49755528,0,7111.0
49755544,49755537,0,7111.0
49755550,49755556,0,7111.0
49755556,49755563,0,7111.0
49755563,49755572,0,7111.0
49755572,49758684,0,3262.0
49755600,49755584,0,7111.0
49755611,49755616,0,7111.0
49755641,49755616,0,7111.0
49755648,49755649,0,7111.0
49755649,49807893,0,7111.0
49755774,49763283,0,1856.0
49755787,49800612,0,20562.0
49755795,49755790,0,13932.0
49755803,49720124,0,13932.0
49755819,49755803,0,13932.0
49755831,49755819,0,13932.0
49755831,49755836,0,13932.0
49755831,49797236,0,805.0
49755831,7320020924,0,805.0
49755836,49755831,0,13932.0
49755858,49755881,0,12764.0
49755969,49755881,0,12764.0
49755969,2444588205,0,11997.0
49756006,49756050,0,11997.0
49756050,49740750,0,11997.0
49756088,49756073,0,11997.0
49756123,49751468,0,11997.0
49756123,49756149,0,11997.0
49756149,49812133,0,2193.0
49756155,49756149,0,11997.0
49756170,49761531,0,20047.0
49756170,49761570,0,25727.0
49756177,49790232,0,7853.0
49756177,1386997331,0,8362.0
49756259,49756253,0,6988.0
49756259,49843379,0,2612.0
49756263,49735888,0,6988.0
49756263,49756275,0,6988.0
49756279,49756275,0,6988.0
49756279,49756281,0,6988.0
49756281,49756284,0,6988.0
49756297,49747251,0,6988.0
49756489,12282134928,0,9027.0
49756512,49774081,0,3125.0
49756526,49774087,0,2847.0
49756526,49794227,0,2847.0
49756542,49768706,0,2144.0
49756549,49777019,0,2676.0
49756558,49738294,0,12187.0
49756558,2428508011,0,12187.0
49756572,1484481416,0,2334.0
49756578,49798625,0,6602.0
49756578,3240030410,0,1831.0
49756730,638905411,0,16572.0
49756802,49798595,0,5789.0
49756802,49871189,0,5789.0
49756850,49775980,0,12531.0
49756850,49791685,0,12531.0
49756857,49775986,0,461.0
49756861,3001460941,0,10665.0
49756892,655442847,0,16502.0
49756897,49773929,0,5667.0
49757359,49757367,0,14991.0
49757367,49757359,0,14991.0
49757367,49889179,0,2625.0
49757401,49757367,0,14991.0
49757411,49757401,0,14991.0
49757415,49757411,0,14991.0
49757415,49757431,0,14991.0
49757431,49757442,0,14991.0
49757442,49757444,0,14991.0
49757444,49783089,0,5981.0
49757453,49757444,0,14991.0
49757453,4059254292,0,14991.0
49757467,49757471,0,14991.0
49757467,3372235095,0,14991.0
49757471,49747311,0,14991.0
49757526,49757503,0,14991.0
49757535,49757526,0,14991.0
49757541,49757535,0,14991.0
49757545,49757541,0,14991.0
49757548,49757545,0,14991.0
49757548,49757574,0,14991.0
49757574,49740585,0,5427.0
49757871,49761434,0,2589.0
49757871,49761439,0,2589.0
49757901,49757896,0,9592.0
49757901,49757909,0,5449.0
49757901,3010698045,0,23877.0
49757909,49777556,0,3506.0
49757927,49785947,0,19993.0
49757950,49771227,0,8356.0
49757950,49860465,0,8356.0
49758026,49802833,0,2780.0
49758032,49822546,0,2739.0
49758058,2765102980,0,29140.0
49758241,49758244,0,2334.0
49758244,49758250,0,2334.0
49758250,49758252,0,2334.0
49758252,49756572,0,2334.0
49758271,49739559,0,7556.0
49758271,49758282,0,2334.0
49758271,49836837,0,7556.0
49758282,49758287,0,2334.0
49758287,49742428,0,2334.0
49758293,705647680,0,8366.0
49758306,49734140,0,2334.0
49758370,49858107,0,11721.0
49758370,1365013785,0,11721.0
49758395,49782400,0,9819.0
49758419,49731559,0,15896.0
49758419,49821610,0,15896.0
49758447,49758454,0,3384.0
49758454,49758447,0,3384.0
49758454,49769661,0,10938.0
49758513,4117423518,0,5204.0
49758528,49776031,0,4876.0
49758528,3531416323,0,4876.0
49758541,49764365,0,6401.0
49758546,49776015,0,20486.0
49758552,49765108,0,5204.0
49758746,49819192,0,6827.0
49759039,11198017164,0,7556.0
49759074,49727438,0,9968.0
49759080,49798186,0,9970.0
49759080,49823777,0,5667.0
49759085,49746267,0,5961.0
49759090,49831064,0,2945.0
49759091,2399740768,0,6194.0
49759112,49719425,0,26626.0
49759112,49727929,0,4332.0
49759133,49730840,0,25167.0
49759135,49759133,0,25167.0
49759135,49796016,0,3360.0
49759135,49798012,0,3360.0
49759140,49759135,0,25167.0
49759140,911590644,0,25167.0
49759164,49759170,0,25167.0
49759170,49759164,0,25167.0
49759170,4459063256,0,25167.0
49759318,49768588,0,9240.0
49759338,49745571,0,258.0
49759338,49813823,0,258.0
49759427,49807959,0,7568.0
49759427,49831789,0,7568.0
49759499,49821658,0,6883.0
49759499,5128694819,0,6883.0
49759635,49833614,0,15673.0
49759643,49801515,0,5987.0
49759650,49841937,0,4851.0
49759674,49789246,0,24444.0
49759823,7131110940,0,12819.0
49759828,1013367362,0,12819.0
49759844,49789385,0,26037.0
49759867,49759881,0,10920.0
49759886,3369108596,0,10920.0
49759907,4000786674,0,10920.0
49759916,49759907,0,10920.0
49759918,49759916,0,10920.0
49759921,49759918,0,10920.0
49759921,49759926,0,10920.0
49759926,49759930,0,10920.0
49759930,49802900,0,13491.0
49759949,49759930,0,10920.0
49760126,642857393,0,2000.0
49760268,49760266,0,2000.0
49760268,49760280,0,2000.0
49760280,49760268,0,2000.0
49760280,49760283,0,3092.0
49760280,49815596,0,6640.0
49760283,49823085,0,3092.0
49760309,49859763,0,5914.0
49760312,49760309,0,7163.0
49760312,2099955610,0,7163.0
49760346,49730888,0,10843.0
49760346,49746304,0,1284.0
49760355,49760348,0,11062.0
49760355,49795957,0,11344.0
49760367,49760376,0,7471.0
49760380,49747510,0,7471.0
49760408,4364801748,0,3262.0
49760543,49744168,0,10823.0
49760550,49760543,0,10823.0
49760550,49760552,0,10823.0
49760719,49745938,0,1193.0
49760742,49760727,0,16844.0
49760742,49760758,0,16844.0
49760758,49751677,0,4553.0
49760803,49718816,0,16844.0
49760803,49760758,0,16844.0
49760904,49799887,0,247.0
49760920,49777944,0,2676.0
49761250,49831338,0,22616.0
49761256,49761250,0,2703.0
49761382,49779939,0,10067.0
49761391,49797102,0,9053.0
49761391,49797150,0,9053.0
49761406,49815563,0,6640.0
49761416,49716152,0,2589.0
49761416,49716159,0,8244.0
49761419,49716152,0,2589.0
49761419,49761421,0,2589.0
49761425,49761421,0,2589.0
49761426,49761425,0,2589.0
49761426,49761428,0,2589.0
49761428,49761426,0,2589.0
49761430,49761428,0,2589.0
49761434,49761430,0,2589.0
49761441,49761439,1,2589.0
49761441,3276948624,0,2589.0
49761501,49761506,0,14759.0
49761506,306513250,0,14759.0
49761531,49823707,0,15789.0
49761612,49761620,0,16302.0
49761626,49761620,0,16302.0
49761630,49761626,0,16302.0
49761630,49811752,0,4198.0
49761633,49761630,0,14940.0
49761641,49761633,0,14940.0
49761649,49761641,0,14940.0
49761649,49761656,0,14940.0
49761658,49761656,0,14940.0
49761658,49761664,0,14940.0
49761668,49761664,0,14940.0
49761668,49761675,0,14940.0
49761678,49820820,0,3020.0
49761678,1440867164,0,14940.0
49761684,49720045,0,21177.0
49761684,49731467,0,19993.0
49761684,49761698,0,15609.0
49761698,49761700,0,15609.0
49761707,49754246,0,3495.0
49761707,49761700,0,15609.0
49761729,49761727,0,3666.0
49761729,49761735,0,3666.0
49761744,49761735,0,3666.0
49761744,49761746,0,3666.0
49761746,49761753,0,3666.0
49761754,49761753,0,3666.0
49761767,49749108,0,3666.0
49761767,49749163,0,3108.0
49761767,49761776,0,3666.0
49761780,49761339,0,3666.0
49761780,49761776,0,3666.0
49761786,49752913,0,3666.0
49761786,13001964548,0,3666.0
49761793,49752905,0,5355.0
49761928,49744233,0,15673.0
49761928,4001421460,0,15673.0
49761968,49744604,0,2225.0
49761968,49761978,0,2863.0
49761968,1493859547,0,1182.0
49761986,49761978,0,2863.0
49761986,1493824961,0,1352.0
49762043,49744591,0,4218.0
49762043,49764782,0,4218.0
49762143,49768328,0,2725.0
49762184,641127592,0,11380.0
49762191,49772987,0,9469.0
49762202,49762207,0,4362.0
49762202,49773532,0,16748.0
49762202,3013407820,0,16748.0
49762207,49762210,0,4362.0
49762207,49777815,0,14693.0
49762210,49745629,0,4362.0
49762210,49799643,0,13953.0
49762221,49745629,0,4362.0
49762221,49764251,0,10408.0
49762221,876615335,0,10408.0
49762225,49762238,0,1836.0
49762225,49770764,0,23358.0
49762225,1381216023,0,23358.0
49762238,49762243,0,1836.0
49762238,49827624,0,6749.0
49762243,49762251,0,1836.0
49762243,49799817,0,9911.0
49762251,49777682,0,4616.0
49762251,1381307996,0,1836.0
49762264,49762286,0,1836.0
49762264,49777696,0,2707.0
49762286,49762331,0,1836.0
49762331,641127623,0,1836.0
49762379,49762383,0,6083.0
49762379,3378616474,0,4396.0
49762383,49777795,0,15467.0
49762510,646229744,0,156221.0
49762563,49762602,0,117303.0
49762625,49762645,0,117303.0
49762645,639568460,0,117303.0
49762699,646246037,0,117303.0
49762862,49833236,0,5789.0
49762870,49765918,0,7556.0
49762870,11198017167,0,7556.0
49762880,49841199,0,8994.0
49762910,49841257,0,7317.0
49763049,49744664,0,7719.0
49763049,49763044,0,9982.0
49763049,49763056,0,9982.0
49763049,49795263,0,7719.0
49763073,49739903,0,3125.0
49763104,9768681893,0,2847.0
49763119,49768691,0,2144.0
49763125,49746693,0,2676.0
49763125,49760920,0,2676.0
49763143,13650886150,0,9437.0
49763154,49777990,0,4597.0
49763157,49778002,0,3080.0
49763167,49852718,0,3239.0
49763283,49755774,0,1856.0
49763283,49791826,0,7361.0
49763342,49810317,0,12824.0
49763342,1467726006,0,12824.0
49763401,49761630,0,4198.0
49763423,49802065,0,3495.0
49763467,49761256,0,2973.0
49763467,49861791,0,3108.0
49763568,49788314,0,5010.0
49763568,49817599,0,5010.0
49763571,49867524,0,5987.0
49763581,49749478,0,4851.0
49763606,49763609,0,24444.0
49763606,11267636269,0,24444.0
49763609,49789219,0,24444.0
49763618,49847403,0,17031.0
49763628,49773639,0,4071.0
49763628,49773647,0,4071.0
49763632,49813502,0,7778.0
49763637,49764467,0,24908.0
49763640,49780840,0,4395.0
49763666,49760309,0,2036.0
49763735,49783034,0,5981.0
49763777,49757574,0,5427.0
49763777,49792406,0,5427.0
49763787,49783068,0,6678.0
49763787,49796605,0,6678.0
49763850,49832630,0,3166.0
49763850,3900798354,0,3166.0
49763997,49754162,0,5361.0
49763997,49765073,0,5902.0
49764070,49757896,0,9592.0
49764096,49732854,0,20752.0
49764096,647053797,0,4253.0
49764096,3601521523,0,20752.0
49764096,12864732636,0,4253.0
49764163,49723816,0,10466.0
49764249,49764251,0,10408.0
49764249,8245233140,0,12251.0
49764271,49745632,0,13247.0
49764271,1381307999,0,8071.0
49764289,4697534334,0,19252.0
49764296,4325552565,0,9793.0
49764296,9983605758,0,10932.0
49764309,4629699772,0,9793.0
49764309,12128376033,0,14818.0
49764314,4597151559,0,9793.0
49764314,9660057374,0,3258.0
49764318,49734130,0,7317.0
49764318,49785425,0,31987.0
49764321,49764326,0,7317.0
49764326,49745188,0,16075.0
49764326,49764330,0,6401.0
49764326,49775608,0,11238.0
49764330,49764337,0,6401.0
49764337,49745193,0,10127.0
49764337,49764341,0,6401.0
49764337,49780016,0,10127.0
49764341,49764343,0,6401.0
49764343,49745200,0,3963.0
49764343,49764348,0,6401.0
49764348,49764352,0,6401.0
49764352,49764359,0,6401.0
49764352,49817467,0,4066.0
49764359,49758541,0,6401.0
49764365,49764371,0,6401.0
49764371,49764374,0,6401.0
49764374,49764380,0,6401.0
49764374,49765113,0,22572.0
49764380,11332977611,0,6401.0
49764397,4089959667,0,4982.0
49764440,49764445,0,4982.0
49764440,49769171,0,4781.0
49764440,49769178,0,4558.0
49764445,49764447,0,4982.0
49764447,49764451,0,4982.0
49764451,49764453,0,4982.0
49764451,783623535,0,10009.0
49764453,49764461,0,4982.0
49764453,49843037,0,6209.0
49764461,49764467,0,4982.0
49764461,49772615,0,8450.0
49764467,49763637,0,24908.0
49764467,49772627,0,24908.0
49764563,49767025,0,1518.0
49764563,49792331,0,1518.0
49764791,49741730,0,10067.0
49764791,49779896,0,10067.0
49764794,49809200,0,10562.0
49764801,2046464958,0,7815.0
49764802,49832630,0,1985.0
49764904,49722409,0,12153.0
49764904,49750169,0,12153.0
49764911,49722409,0,1551.0
49764921,49764911,0,1335.0
49764921,5277494834,0,7471.0
49765018,49792119,0,6752.0
49765058,49790386,0,2032.0
49765062,49765073,0,6984.0
49765081,49797044,0,3963.0
49765081,1243973976,0,5204.0
49765083,49765081,0,5204.0
49765083,49765085,0,5204.0
49765083,49797044,0,10014.0
49765088,49765085,0,5204.0
49765088,49817489,0,4066.0
49765092,49765088,0,5204.0
49765113,49842979,0,20486.0
49765120,11332977611,0,2761.0
49765126,49773647,0,3153.0
49765126,49847434,0,1584.0
49765138,49765126,0,3481.0
49765138,49788660,0,5876.0
49765145,49741710,0,14818.0
49765145,647622726,0,14818.0
49765155,49824748,0,11474.0
49765155,647622726,0,7687.0
49765161,49765155,0,7815.0
49765234,49737722,0,3176.0
49765234,49787740,0,3176.0
49765234,5521303041,0,9968.0
49765283,49882039,0,13024.0
49765285,49765283,0,13024.0
49765285,49776943,0,2912.0
49765290,49765297,0,13024.0
49765290,2921295174,0,13024.0
49765297,2921295178,0,13024.0
49765318,49765322,0,12806.0
49765318,2921295472,0,12806.0
49765322,49747884,0,12806.0
49765363,49737972,0,12806.0
49765363,3370912526,0,12806.0
49765376,49737972,0,12806.0
49765376,49766672,0,4336.0
49765376,49832272,0,4336.0
49765380,49873649,0,8356.0
49765648,49738066,0,7506.0
49765648,49840688,0,4615.0
49765735,49763143,0,9437.0
49765793,49768085,0,5431.0
49765793,4635667843,0,5431.0
49765828,49886257,0,7599.0
49765866,49782406,0,9819.0
49765884,646030930,0,13644.0
49765884,5563919667,0,13644.0
49765918,49795924,0,7010.0
49765918,49836837,0,7556.0
49765922,49765918,0,9437.0
49765949,49765735,0,9437.0
49765974,9688260452,0,9437.0
49765986,49765974,0,9437.0
49765988,49765986,0,9437.0
49765989,49765988,0,9437.0
49765992,49765989,0,9437.0
49765997,49769580,0,23749.0
49766002,49765997,0,26302.0
49766009,49766002,0,26302.0
49766009,49766018,0,26302.0
49766018,49766019,0,26302.0
49766018,49788093,0,4288.0
49766018,49788100,0,4288.0
49766019,49766022,0,26302.0
49766022,49766019,0,26302.0
49766022,49766026,0,26302.0
49766026,49766022,0,26302.0
49766029,49766026,0,26302.0
49766029,49766030,0,26302.0
49766030,49766029,0,26302.0
49766030,5343233829,0,25269.0
49766633,49740634,0,25389.0
49766638,49766633,0,25389.0
49766643,49766638,0,25389.0
49766668,49737946,0,25389.0
49766668,13256457616,0,25389.0
49766672,49737946,0,25389.0
49766674,49766682,0,13867.0
49766682,49766674,0,13867.0
49766687,49766682,0,13867.0
49766931,49804798,0,463.0
49766950,49804153,0,5170.0
49766950,49806844,0,5170.0
49767010,49847319,0,4567.0
49767010,49858053,0,4567.0
49767041,49777511,0,27308.0
49767044,49767506,0,3473.0
49767044,49767512,0,3473.0
49767123,49750819,0,15323.0
49767123,4001201376,0,15323.0
49767131,49782130,0,6749.0
49767196,49767194,0,3921.0
49767196,3012535147,0,14282.0
49767269,49730297,0,1430.0
49767277,49767269,0,1430.0
49767288,49767277,0,1430.0
49767293,49753649,0,1430.0
49767295,49767293,0,1430.0
49767315,49754961,0,1430.0
49767317,49767315,0,1430.0
49767321,49767317,0,1430.0
49767325,49729772,0,18212.0
49767325,49754553,0,18212.0
49767325,49767321,0,1430.0
49767368,49716962,0,10886.0
49767368,49832899,0,10886.0
49767441,11608939093,0,8590.0
49767451,49839158,0,19386.0
49767498,49767506,0,3473.0
49767498,1443727117,0,3473.0
49767512,49767044,0,3473.0
49767512,49767514,0,3473.0
49767514,49767512,0,3473.0
49767516,49767514,0,3473.0
49767516,49767517,0,3473.0
49767517,49732272,0,9819.0
49767517,49757359,0,3473.0
49767523,49847898,0,7406.0
49767574,49734631,0,2322.0
49767970,49789704,0,2739.0
49767970,49825351,0,2739.0
49767978,49851483,0,4573.0
49768000,49818974,0,5537.0
49768029,49838202,0,1912.0
49768029,783626441,0,1912.0
49768036,783625725,0,7778.0
49768048,49789747,0,8782.0
49768048,49851787,0,8782.0
49768085,49765793,0,5431.0
49768085,49782924,0,5431.0
49768161,49776919,0,5987.0
49768166,49772864,0,4851.0
49768181,49776928,0,24444.0
49768203,49791870,0,7778.0
49768203,49813525,0,7778.0
49768203,49818935,0,3427.0
49768203,1443727150,0,5537.0
49768213,49768215,0,13037.0
49768215,49768213,0,13037.0
49768215,937305437,0,13037.0
49768246,49768248,0,20555.0
49768246,3373614259,0,20555.0
49768258,747819125,0,20555.0
49768301,823923141,0,2725.0
49768307,49768309,0,2725.0
49768309,49768307,0,2725.0
49768314,937306460,0,2725.0
49768325,49768328,0,2725.0
49768325,3669515067,0,2725.0
49768340,49768341,0,2725.0
49768341,393463842,0,2725.0
49768357,3657251442,0,2725.0
49768388,49768392,0,5526.0
49768388,49790453,0,7166.0
49768392,49768388,0,5526.0
49768440,49837617,0,7516.0
49768440,49882753,0,7516.0
49768464,49797678,0,17564.0
49768588,49759318,0,9240.0
49768632,49770517,0,7568.0
49768632,49833568,0,7568.0
49768670,49717969,0,4572.0
49768670,4060172795,0,12951.0
49768691,49763119,0,2144.0
49768691,49768693,0,2144.0
49768693,49788029,0,12187.0
49768698,49756542,0,2144.0
49768698,49768693,0,2144.0
49768706,49768708,0,2144.0
49768708,49768710,0,2144.0
49768710,49768712,0,2144.0
49768710,49839951,0,12974.0
49768710,49849139,0,12974.0
49768712,49730297,0,14902.0
49768712,49734737,0,14902.0
49768712,49768710,0,2144.0
49768756,49831608,0,6077.0
49768887,5638509770,0,7312.0
49768986,49844371,0,5789.0
49769075,49841191,0,5789.0
49769171,49764440,0,4781.0
49769180,49769178,0,2726.0
49769182,49769180,0,2726.0
49769182,49769186,0,3840.0
49769187,49769186,0,2114.0
49769193,49787486,0,24444.0
49769201,49769193,0,2578.0
49769205,49749394,0,17031.0
49769205,49769201,0,2578.0
49769205,49769209,0,3707.0
49769209,49769205,0,3707.0
49769209,49769213,0,3707.0
49769209,49773599,0,4071.0
49769209,49773609,0,4071.0
49769213,49769215,0,3707.0
49769215,49769213,0,3707.0
49769215,49787504,0,7778.0
49769215,49813480,0,7778.0
49769215,10992137994,0,3707.0
49769313,1484482233,0,18968.0
49769313,3895350118,0,18968.0
49769356,49753936,0,18968.0
49769383,49769366,0,18968.0
49769383,49816883,0,6900.0
49769407,49769383,0,18968.0
49769407,9097753196,0,18968.0
49769464,49734137,0,34015.0
49769485,3690617654,0,33643.0
49769494,49769485,0,33643.0
49769500,49769494,0,33643.0
49769580,3665020002,0,23749.0
49769594,49765997,0,34015.0
49769650,49758454,0,10938.0
49769650,3001375547,0,3879.0
49769661,49748623,0,7725.0
49769804,49729205,0,20562.0
49769804,49737931,0,6404.0
49769804,49800600,0,20562.0
49769885,49737105,0,1347.0
49769885,49784971,0,1429.0
49770161,647043994,0,27223.0
49770175,1364989308,0,27223.0
49770176,49770175,0,27223.0
49770179,1364989276,0,30486.0
49770214,49845240,0,25932.0
49770245,1365013785,0,9660.0
49770245,12477168156,0,7599.0
49770273,49770275,0,22354.0
49770275,49770282,0,22354.0
49770290,1365013781,0,22354.0
49770338,2974581214,0,22354.0
49770338,2974581217,0,24201.0
49770342,5019442988,0,16297.0
49770348,49770338,0,16297.0
49770639,49739801,0,17564.0
49770639,49856112,0,17564.0
49770640,49770789,0,10932.0
49770646,49770799,0,19252.0
49770646,641116203,0,19252.0
49770646,1740764624,0,6958.0
49770651,9136825813,0,6958.0
49770651,11076193230,0,6958.0
49770656,49729679,0,13076.0
49770656,49770657,0,6958.0
49770656,49775492,0,13076.0
49770656,9136839244,0,6958.0
49770657,49770661,0,6958.0
49770661,49770657,0,6958.0
49770661,49800308,0,20734.0
49770661,49800319,0,20734.0
49770666,49770661,0,2600.0
49770670,49770666,0,2600.0
49770670,49780016,0,10127.0
49770670,49780026,0,10127.0
49770672,49770670,0,2600.0
49770676,49770672,0,2600.0
49770676,49797032,0,3963.0
49770680,49770676,0,2600.0
49770684,49765088,0,4066.0
49770684,49770680,0,2600.0
49770689,49770684,0,2600.0
49770691,49770689,0,2600.0
49770703,49758552,0,2271.0
49770708,49770703,0,2271.0
49770715,49719902,0,14452.0
49770715,49770708,0,2271.0
49770719,49770715,0,2271.0
49770724,49770719,0,2271.0
49770727,49770724,0,2271.0
49770755,4001201376,0,23358.0
49770782,49749106,0,13247.0
49770782,49770789,0,23681.0
49770782,1381216023,0,23681.0
49770789,49770782,0,23681.0
49770789,49793773,0,10932.0
49770799,3027665439,0,22885.0
49770801,49772633,0,7341.0
49770899,49814323,0,16608.0
49770968,49754724,0,1552.0
49770968,49770978,0,1552.0
49770968,49782933,0,5431.0
49770980,49770978,0,1552.0
49770980,49790509,0,2918.0
49771194,49780365,0,8244.0
49771194,49782800,0,8244.0
49771201,49798775,0,11549.0
49771227,49785930,0,8356.0
49771257,49805172,0,646.0
49771257,49811453,0,646.0
49771291,49774859,0,6854.0
49771349,49866068,0,3630.0
49771354,49847621,0,2767.0
49771404,49771433,0,875.0
49771437,49771433,0,875.0
49771441,49771437,0,875.0
49771441,49771442,0,875.0
49771451,49771442,0,875.0
49771451,49771453,0,875.0
49771469,3001016695,0,6023.0
49771469,11263001095,0,12578.0
49771469,12607592136,0,5952.0
49771475,49771469,0,19971.0
49771663,49771668,0,17205.0
49771689,49771663,0,17205.0
49771748,11198100601,0,17205.0
49771796,49754553,0,18212.0
49771796,49771800,0,18212.0
49772078,3061294316,0,50256.0
49772296,2456351004,0,2577.0
49772313,2456351046,0,4385.0
49772362,49884234,0,7471.0
49772443,1520613839,0,11765.0
49772531,647069286,0,8450.0
49772531,647069687,0,8062.0
49772535,49772531,0,8450.0
49772535,49878328,0,4851.0
49772551,49772535,0,8450.0
49772565,49847389,0,17031.0
49772573,49772565,0,8450.0
49772589,49772573,0,8450.0
49772589,49813496,0,7778.0
49772615,5698252199,0,8450.0
49772627,49764461,0,8450.0
49772633,49772627,0,7341.0
49772633,49798108,0,4395.0
49772633,49878271,0,4395.0
49772649,49770801,0,7341.0
49772653,49772649,0,7341.0
49772703,49809438,0,6495.0
49772772,1013396673,0,16772.0
49772772,3665453337,0,16772.0
49772864,49719539,0,2513.0
49772864,49772870,0,2791.0
49772870,49772874,0,2791.0
49772874,647069617,0,2791.0
49772913,49809380,0,6495.0
49772964,49782241,0,6023.0
49772964,3012429028,0,9469.0
49772964,3378222899,0,9469.0
49772987,3669554857,0,9469.0
49772987,3669554862,0,11629.0
49773008,49773012,0,9469.0
49773008,49844794,0,29725.0
49773012,49784130,0,29749.0
49773012,3012784293,0,17016.0
49773012,13686935904,0,30588.0
49773031,49773027,0,17016.0
49773031,49773036,0,17016.0
49773036,49773040,0,17016.0
49773036,49780074,0,8293.0
49773040,1364961095,0,17016.0
49773040,1443727093,0,2331.0
49773046,1364961095,0,11520.0
49773049,49773055,0,11520.0
49773049,49817430,0,4920.0
49773055,49773062,0,11520.0
49773062,49773070,0,11520.0
49773070,49853085,0,27208.0
49773070,49878016,0,25570.0
49773369,9723903189,0,19446.0
49773398,49846912,0,6900.0
49773398,49851841,0,6900.0
49773437,13909781579,0,12591.0
49773485,49824103,0,2588.0
49773526,3013407820,0,16748.0
49773526,3016605388,0,6023.0
49773526,3670756345,0,6023.0
49773532,49762202,0,16748.0
49773532,49777815,0,11629.0
49773532,655247775,0,11629.0
49773532,2629963167,0,16748.0
49773535,49773537,0,16748.0
49773535,49853878,0,6876.0
49773535,876615376,0,6876.0
49773537,49773539,0,16748.0
49773537,49793723,0,12044.0
49773539,49773543,0,16748.0
49773543,49800286,0,14416.0
49773544,49734107,0,23662.0
49773544,49800286,0,30577.0
49773557,49773558,0,16748.0
49773557,3012829811,0,16748.0
49773558,49780087,0,8293.0
49773558,49780097,0,8293.0
49773560,49732193,0,4071.0
49773560,49775581,0,18078.0
49773577,49773581,0,4071.0
49773581,49773577,0,4071.0
49773581,49773590,0,4071.0
49773581,49809715,0,22572.0
49773581,1017379708,0,22572.0
49773595,49773590,0,4071.0
49773597,49773595,0,4071.0
49773597,49853710,0,7090.0
49773597,49877875,0,5541.0
49773599,49769209,0,4071.0
49773599,49773597,0,4071.0
49773611,49773609,0,4071.0
49773611,49773622,0,4071.0
49773622,49773628,0,4071.0
49773622,49823986,0,10009.0
49773628,49772573,0,4071.0
49773628,49773622,0,4071.0
49773628,49813496,0,6209.0
49773639,49763628,0,4071.0
49773639,49772573,0,4071.0
49773639,49813499,0,6435.0
49773647,49763628,0,4071.0
49773647,49813502,0,3153.0
49773653,49773647,0,4071.0
49773669,49791858,0,2912.0
49773669,49791870,0,2912.0
49773671,49755288,0,3414.0
49773840,49871225,0,5789.0
49773918,49773921,0,4312.0
49773921,49773923,0,4312.0
49773921,49850669,0,4385.0
49773925,49773929,0,4312.0
49773929,49773931,0,4312.0
49773931,49773936,0,4312.0
49773936,49773938,0,4312.0
49773938,49773941,0,4312.0
49773941,49773943,0,4312.0
49773943,49750127,0,5091.0
49773943,486888915,0,4754.0
49774070,49741058,0,20858.0
49774079,49741058,0,20858.0
49774079,49774081,0,20858.0
49774081,49790029,0,3621.0
49774081,13790612928,0,20858.0
49774087,49756526,0,2847.0
49774087,49774088,0,20858.0
49774087,13790612928,0,20858.0
49774091,49768706,0,20858.0
49774091,49774088,0,20858.0
49774093,49768706,0,20858.0
49774098,49739609,0,20858.0
49774098,49774093,0,20858.0
49774098,49777019,0,2676.0
49774120,3657251447,0,31584.0
49774272,49831093,0,6219.0
49774382,4459063256,0,25167.0
49774387,49864639,0,4208.0
49774400,49774387,0,13073.0
49774425,49764271,0,13247.0
49774425,49764296,0,4620.0
49774451,49801031,0,1541.0
49774561,49775296,0,1615.0
49774628,49785115,0,8010.0
49774649,49774651,0,8010.0
49774651,13726208132,0,8010.0
49774685,49774687,0,8010.0
49774687,49774695,0,8010.0
49774695,49774702,0,8010.0
49774702,49774723,0,8010.0
49774723,49774761,0,8010.0
49774761,49884932,0,8010.0
49774794,2456210938,0,22885.0
49774809,49832630,0,1985.0
49774809,49832640,0,1985.0
49774851,49810434,0,3843.0
49774857,49771291,0,6854.0
49774857,49774851,0,6854.0
49774859,49774864,0,6854.0
49774864,49774859,0,6854.0
49774864,49774871,0,6854.0
49774864,49785798,0,1318.0
49774864,647044168,0,1318.0
49774871,49774875,0,6854.0
49774875,49774871,0,6854.0
49774877,49774875,0,6854.0
49774881,49742616,0,6854.0
49774881,49770161,0,6854.0
49774928,49742616,0,6854.0
49774928,49774932,0,6854.0
49774952,1017621632,0,11721.0
49775070,49750494,0,5355.0
49775316,49785489,0,1615.0
49775348,49732688,0,13507.0
49775447,49790389,0,4696.0
49775447,49827464,0,4696.0
49775489,9526260023,0,23241.0
49775492,9526260023,0,13076.0
49775504,49729679,0,13076.0
49775504,49780558,0,22885.0
49775514,49752366,0,4253.0
49775514,1009113524,0,18606.0
49775530,49775534,0,36276.0
49775534,49775536,0,36276.0
49775536,49775537,0,28773.0
49775536,1364961086,0,36276.0
49775545,1364961094,0,30740.0
49775563,49775569,0,27257.0
49775563,1364961105,0,27257.0
49775569,49732211,0,27257.0
49775581,49797006,0,3250.0
49775581,49861165,0,18078.0
49775608,9526260026,0,16075.0
49775632,49788317,0,22616.0
49775632,49831349,0,22616.0
49775680,49761746,0,3609.0
49775680,49861628,0,3609.0
49775807,49717030,1,11315.0
49775807,49777288,0,11315.0
49775847,49732177,0,8245.0
49775847,49841029,0,8245.0
49775884,49732114,0,3108.0
49775960,49775537,0,16423.0
49775960,4270790281,0,16423.0
49775968,49775545,0,11281.0
49775968,49844851,0,11281.0
49775980,49810896,0,12531.0
49775986,49814781,0,461.0
49775998,49791711,0,7778.0
49775998,49800146,0,7778.0
49776015,49758546,0,20486.0
49776015,49800109,0,20486.0
49776031,49758528,0,4876.0
49776031,49800135,0,4876.0
49776068,49848673,0,10665.0
49776068,49848686,0,10665.0
49776112,49748460,0,18408.0
49776112,49817626,0,18408.0
49776145,49787894,0,36570.0
49776167,49791826,0,7361.0
49776167,49817652,0,7361.0
49776219,49776398,0,11549.0
49776219,49798815,0,11549.0
49776416,2456351055,0,1663.0
49776425,49791979,0,7010.0
49776426,9171364000,0,1595.0
49776427,49803203,0,7431.0
49776452,49823743,0,3749.0
49776463,49792211,0,9990.0
49776463,49850681,0,9990.0
49776471,49798186,0,9970.0
49776471,49798191,0,9970.0
49776497,49798166,0,9240.0
49776570,49740630,0,11641.0
49776668,3608370821,0,5355.0
49776679,49776668,0,5355.0
49776679,49776705,0,5355.0
49776705,49752905,0,5355.0
49776736,49776728,0,5355.0
49776738,49750494,0,5355.0
49776761,49775070,0,5355.0
49776772,49776761,0,5355.0
49776780,49776772,0,5355.0
49776780,49776793,0,5355.0
49776793,3657251442,0,5355.0
49776916,49866935,0,18408.0
49776916,49873888,0,18408.0
49776919,49841930,0,5987.0
49776924,49768166,0,4851.0
49776928,49789251,0,24444.0
49776943,49791858,0,2912.0
49776952,49748802,0,30025.0
49776952,647030735,0,3227.0
49776952,12974478432,0,30025.0
49776985,49779791,0,6165.0
49776985,641154248,0,25092.0
49777019,49756549,0,2676.0
49777022,2019659645,0,18408.0
49777022,8891331739,0,18408.0
49777063,49763742,0,11641.0
49777077,49763742,0,11641.0
49777077,3372235126,0,2322.0
49777099,49776570,0,11641.0
49777099,49777101,0,11641.0
49777101,49777104,0,11641.0
49777129,49777104,0,11641.0
49777129,49807054,0,6077.0
49777129,49831598,0,6077.0
49777135,49777129,0,11641.0
49777135,3657249999,0,11641.0
49777167,49777169,0,12702.0
49777169,49777170,0,12702.0
49777259,49777245,0,4833.0
49777259,1443482346,0,14649.0
49777288,49738746,0,4430.0
49777288,639388319,0,25746.0
49777308,49832899,0,10886.0
49777308,4509426901,0,10886.0
49777356,49777378,0,14231.0
49777378,49777393,0,14231.0
49777393,49777448,0,19222.0
49777416,49777350,0,14231.0
49777425,49777416,0,14231.0
49777443,49777425,0,14231.0
49777448,49777443,0,14231.0
49777470,49889997,0,6900.0
49777503,49827204,0,5134.0
49777521,49747116,0,6984.0
49777556,49779839,0,3506.0
49777556,3010649395,0,7028.0
49777560,49754058,0,7028.0
49777560,49777556,0,7028.0
49777566,49777564,0,7028.0
49777586,49830538,0,4022.0
49777586,49830543,0,4022.0
49777586,3005678324,0,7028.0
49777601,49778607,0,4136.0
49777625,49750448,0,13560.0
49777626,49777625,0,13560.0
49777626,49777628,0,13560.0
49777628,49777626,0,13560.0
49777628,49777631,0,11560.0
49777628,8428075115,0,8245.0
49777631,49786637,0,5416.0
49777636,49743892,0,3687.0
49777636,49777631,0,11560.0
49777650,2899430534,0,25578.0
49777650,3001253755,0,2766.0
49777677,49762243,0,9911.0
49777677,49777682,0,2415.0
49777677,49827624,0,1550.0
49777682,1381307998,0,4616.0
49777696,49741695,0,2415.0
49777696,1443727088,0,2707.0
49777712,49762286,0,14326.0
49777712,49777696,0,2415.0
49777712,49793670,0,14326.0
49777724,49762331,0,3176.0
49777724,49777712,0,2415.0
49777724,49787740,0,3176.0
49777724,5192159439,0,2415.0
49777749,2462383184,0,2415.0
49777792,49725576,0,11629.0
49777792,49777795,0,11629.0
49777795,49762383,0,15467.0
49777795,49772987,0,11629.0
49777795,49777792,0,11629.0
49777815,49777820,0,11629.0
49777815,876615374,0,14693.0
49777820,49762210,0,13953.0
49777820,49777815,0,11629.0
49777853,49770782,0,13247.0
49777853,49793773,0,10014.0
49777871,49794206,0,7719.0
49777892,49801205,0,3125.0
49777899,49794227,0,2847.0
49777944,49760920,0,2676.0
49777944,49807229,0,2676.0
49777990,49798485,0,4597.0
49778002,49763157,0,3080.0
49778002,49873430,0,3080.0
49778198,49812410,0,2780.0
49778198,49829861,0,2780.0
49778213,49825445,0,2739.0
49778245,49812353,0,8025.0
49778259,49804022,0,1110.0
49778342,49802357,0,21078.0
49778437,49778454,0,18158.0
49778456,49778464,0,18158.0
49778464,49778480,0,18158.0
49778480,49778487,0,18158.0
49778487,49778492,0,18158.0
49778492,49728947,0,18158.0
49778607,49777601,0,4136.0
49778607,49778611,0,12554.0
49778607,646031052,0,12554.0
49778613,5563919630,0,12554.0
49778624,49778633,0,12554.0
49778633,13465240756,0,12554.0
49778641,49778650,0,12554.0
49778650,49778654,0,12554.0
49778654,5563919638,0,12554.0
49778669,644504210,0,13915.0
49778690,4630137706,0,13915.0
49778706,4079385850,0,13915.0
49778756,49892141,0,16334.0
49778756,3007587805,0,3952.0
49778882,3657249999,0,11641.0
49778902,49788128,0,4288.0
49778937,49734618,0,9828.0
49779152,9751954814,0,117303.0
49779377,49740930,0,25412.0
49779381,49779377,0,25412.0
49779407,49761707,0,3495.0
49779786,49779791,0,6165.0
49779846,49888810,0,17476.0
49779857,49822919,0,4652.0
49779896,1243973921,0,10067.0
49779907,49716899,0,10067.0
49779907,49779910,0,10067.0
49779907,49824779,0,5200.0
49779910,49728175,0,10067.0
49779910,11065795777,0,10378.0
49779953,49761382,0,10067.0
49779953,49779957,0,10067.0
49779953,49797150,0,3360.0
49779960,49763488,0,10067.0
49779960,49779957,0,10067.0
49779960,4772713086,0,2430.0
49779968,49763488,0,10067.0
49779973,49779968,0,10067.0
49779980,49779846,0,17476.0
49779980,49779973,0,10067.0
49779994,9136682496,0,10127.0
49780016,49770670,0,10127.0
49780016,49842949,0,20486.0
49780016,9545143715,0,20486.0
49780026,49770670,0,10127.0
49780026,49800319,0,10014.0
49780026,3531416325,0,10014.0
49780038,49739277,0,10665.0
49780038,49780046,0,8293.0
49780038,49848642,0,10665.0
49780038,647030736,0,8293.0
49780046,13790555997,0,8293.0
49780058,13790555997,0,8293.0
49780060,49780058,0,8293.0
49780060,49780064,0,8293.0
49780060,49844821,0,11281.0
49780064,49773036,0,8293.0
49780074,49773036,0,8293.0
49780074,49780078,0,8293.0
49780078,49796993,0,12531.0
49780078,49810877,0,12531.0
49780078,4807040759,0,8293.0
49780087,49773558,0,8293.0
49780087,49846852,0,482.0
49780097,49773558,0,8293.0
49780097,1364961101,0,3250.0
49780129,49843926,0,8356.0
49780210,49754673,0,19543.0
49780230,3370944892,0,8025.0
49780318,49754643,0,2739.0
49780318,3366676342,0,2739.0
49780329,49853710,0,7090.0
49780558,49863387,0,10014.0
49780562,49809189,0,10562.0
49780677,49793311,0,4725.0
49780677,49830896,0,4725.0
49780915,49849744,0,18507.0
49781103,3872813016,0,11304.0
49781395,49789620,0,2780.0
49781395,49829861,0,2780.0
49781440,49781443,0,17734.0
49781491,49781492,0,29140.0
49781548,49818000,0,7599.0
49781553,49729688,0,3239.0
49781553,49758132,0,3239.0
49781692,49734628,0,4361.0
49781692,49863523,0,4361.0
49781894,49869665,0,17655.0
49782021,49782010,0,36437.0
49782040,49799808,0,6749.0
49782040,4001470337,0,7789.0
49782082,49750861,0,14326.0
49782082,641127594,0,14326.0
49782130,49782040,0,6749.0
49782130,4001201376,0,7185.0
49782141,49782130,0,20428.0
49782241,49767189,0,9301.0
49782241,49772964,0,6023.0
49782241,3669554878,0,9301.0
49782241,3670756365,0,6023.0
49782255,49767196,0,14282.0
49782255,3012535144,0,6023.0
49782277,49799643,0,13953.0
49782277,3016605388,0,6023.0
49782277,3027832454,0,6446.0
49782349,49767517,0,9819.0
49782369,49782363,0,9819.0
49782369,49782380,0,9819.0
49782369,49849205,0,5981.0
49782400,49765866,0,9819.0
49782406,49765866,0,9819.0
49782406,49824295,0,4567.0
49782410,49782406,0,9819.0
49782410,49782413,0,9819.0
49782410,49792357,0,1518.0
49782413,49782410,0,9819.0
49782413,49788848,0,9819.0
49782415,49781669,0,3344.0
49782418,49781669,0,3344.0
49782418,49782422,0,3344.0
49782422,1377274926,0,3344.0
49782553,49749163,0,3108.0
49782553,49858829,0,3108.0
49782583,49749194,0,3495.0
49782583,49802116,0,3495.0
49782585,49717245,0,30149.0
49782599,49782585,0,30149.0
49782599,49820885,0,30149.0
49782655,49792908,0,7491.0
49782722,49761416,0,8244.0
49782773,49780365,0,8244.0
49782827,49749795,0,8244.0
49782924,49754737,0,5431.0
49782933,49770968,0,5431.0
49782933,13610567873,0,5431.0
49783006,49718716,0,2322.0
49783006,3372235101,0,2473.0
49783017,49767574,0,2322.0
49783017,49783029,0,2322.0
49783029,49783017,0,2322.0
49783034,49777077,0,2322.0
49783034,49783029,0,2322.0
49783089,49821763,0,5981.0
49783099,49790082,0,5170.0
49783099,49806922,0,5170.0
49783121,49884583,0,4567.0
49783121,3007511476,0,4567.0
49783130,3007511476,0,24201.0
49783147,49792366,0,1518.0
49783147,49792377,0,1518.0
49783186,49783207,0,3869.0
49783703,1239321119,0,13073.0
49783925,1472639198,0,1074.0
49783931,49783925,0,1074.0
49783931,49783937,0,1074.0
49783946,49783937,0,1074.0
49783946,49783998,0,719.0
49783998,49760432,0,719.0
49784079,49784107,1,9654.0
49784130,49800282,0,15639.0
49784141,49737931,0,6085.0
49784141,49843692,0,6085.0
49784150,49755787,0,20562.0
49784154,49859011,0,6789.0
49784189,49858868,0,2354.0
49784228,49848261,0,4198.0
49784820,49732241,1,5268.0
49784950,49716191,0,5946.0
49785115,49859763,0,5914.0
49785289,49785338,0,24444.0
49785313,49823986,0,17031.0
49785313,49847389,0,17031.0
49785446,388401645,0,1615.0
49785446,4274261372,0,1615.0
49785667,49774561,0,1615.0
49785667,49785631,0,1615.0
49785798,49787530,0,1318.0
49785819,49722505,0,9240.0
49785838,49856721,0,28968.0
49785854,49751677,0,5335.0
49785854,49785850,0,5335.0
49785924,49885123,0,3020.0
49785924,49888275,0,3020.0
49785930,49771227,0,8356.0
49786029,49802065,0,7347.0
49786058,49802116,0,3609.0
49786058,49820885,0,3609.0
49786167,49817101,0,21177.0
49786167,49820770,0,21177.0
49786302,49811287,0,646.0
49786378,49801066,0,1541.0
49786378,3900798861,0,1541.0
49786388,49755465,0,646.0
49786388,49786302,0,646.0
49786431,49786440,0,17489.0
49786431,49816034,0,6900.0
49786431,1484331315,0,17489.0
49786446,49786440,0,17489.0
49786446,49786453,0,17489.0
49786572,49790022,0,7060.0
49786622,49743877,0,3440.0
49786622,49841039,0,8245.0
49786637,49743887,0,5416.0
49786637,49777631,0,5416.0
49787131,49795949,0,11344.0
49787176,655442834,0,10045.0
49787350,49798828,0,11549.0
49787376,49749041,0,3702.0
49787376,49787350,0,3702.0
49787451,49786358,0,1985.0
49787453,49741287,0,17564.0
49787486,49787487,0,24444.0
49787487,49789192,0,24444.0
49787492,49769205,0,17031.0
49787492,49847370,0,17031.0
49787504,49813493,0,7778.0
49787530,49847617,0,1110.0
49787536,49787530,0,1318.0
49787640,49788264,0,21018.0
49787770,49732327,0,6872.0
49787770,49827530,0,10568.0
49787774,49787770,0,3176.0
49787774,49869068,0,7573.0
49787785,49787774,0,3176.0
49787785,49845782,0,11474.0
49787863,49787884,0,7182.0
49787863,49820583,0,32676.0
49787863,7104784582,0,10841.0
49787884,701602949,0,7182.0
49787890,49820604,0,28338.0
49787894,49776145,0,36570.0
49787926,49883599,0,6890.0
49787931,49732363,0,2676.0
49787931,49787926,0,5941.0
49787936,49787931,0,1036.0
49788024,9768681893,0,12187.0
49788029,49788024,0,12187.0
49788042,49768693,0,12187.0
49788043,49788042,0,12187.0
49788043,9480293897,0,12187.0
49788050,49738294,0,12187.0
49788050,49756549,0,2676.0
49788050,49794253,0,2676.0
49788104,49788100,0,4288.0
49788109,49788104,0,4288.0
49788128,3665462749,0,4288.0
49788157,49871865,0,3108.0
49788195,49848238,0,4198.0
49788216,49745076,0,646.0
49788216,49755465,0,646.0
49788264,49732053,0,21018.0
49788264,49788269,0,2430.0
49788272,49788269,0,2430.0
49788279,49788272,0,2430.0
49788282,49779960,0,2430.0
49788282,49788279,0,2430.0
49788293,49788305,0,2430.0
49788293,49797171,0,9053.0
49788308,49788305,0,2430.0
49788308,49788314,0,2430.0
49788314,49788308,0,2430.0
49788317,49831343,0,22616.0
49788457,49824264,0,5981.0
49788457,49849239,0,5981.0
49788468,49806871,0,5170.0
49788498,49824295,0,4567.0
49788498,49836698,0,4567.0
49788509,49788859,0,1518.0
49788511,49788859,0,24201.0
49788608,49802116,0,3495.0
49788610,49820874,0,30149.0
49788610,49820885,0,30149.0
49788660,49765138,0,5876.0
49788660,49773653,0,5876.0
49788673,49773653,0,5876.0
49788673,49788678,0,5876.0
49788673,49813502,0,7778.0
49788673,49813511,0,7778.0
49788678,49734615,0,5876.0
49788678,49788673,0,5876.0
49788695,49828453,0,28899.0
49788695,49843060,0,28899.0
49788786,49782021,0,36437.0
49788812,49777511,0,27308.0
49788838,49782415,0,24201.0
49788848,49782415,0,17249.0
49788849,49788511,0,24201.0
49788849,49788848,0,24201.0
49788859,49792364,0,1518.0
49788868,49788859,0,24201.0
49788868,49788871,0,24201.0
49788888,49783130,0,24201.0
49788888,49788871,0,24201.0
49789018,49789013,0,16334.0
49789166,49773070,0,24444.0
49789168,49789166,0,24444.0
49789180,49769193,0,24444.0
49789196,49789192,0,24444.0
49789205,49785289,0,24444.0
49789205,49823952,0,10009.0
49789208,49772551,0,24444.0
49789208,49785338,0,24444.0
49789208,49847389,0,6209.0
49789218,49772551,0,24444.0
49789218,2921295149,0,6435.0
49789219,49789218,0,24444.0
49789239,49789237,0,24444.0
49789239,7736742684,0,24444.0
49789246,49759674,0,24444.0
49789246,49789251,0,24444.0
49789264,49789269,0,22059.0
49789269,49789275,0,22059.0
49789275,49789269,0,22059.0
49789277,49789275,0,22059.0
49789284,49752632,0,22059.0
49789284,12529163241,0,5537.0
49789291,49768018,0,19543.0
49789291,13181373685,0,19543.0
49789305,49746428,0,19543.0
49789305,49768018,0,19543.0
49789329,49715981,0,24223.0
49789329,640784730,0,24223.0
49789333,49789337,0,24223.0
49789337,49789333,0,24223.0
49789337,49789342,0,24223.0
49789342,49789337,0,24223.0
49789342,1360061145,0,21052.0
49789342,3667950082,0,6272.0
49789347,49789356,0,21052.0
49789356,49789362,0,21052.0
49789362,642885424,0,16056.0
49789369,49778238,0,16056.0
49789369,642885424,0,16056.0
49789376,49778238,0,16056.0
49789376,49789379,0,16056.0
49789379,49789381,0,16056.0
49789381,49759844,0,16056.0
49789385,49789387,0,26037.0
49789387,49789390,0,26037.0
49789390,49789387,0,26037.0
49789393,49789390,0,26037.0
49789456,49844371,0,5789.0
49789456,2987628345,0,5789.0
49789467,49758271,0,1663.0
49789471,49721277,0,1663.0
49789482,49776416,0,1663.0
49789487,49789482,0,1663.0
49789492,49789496,0,1535.0
49789492,655448762,0,1535.0
49789498,5343232408,0,18607.0
49789504,640613646,0,2741.0
49789504,3656193305,0,7952.0
49789532,49848261,0,8356.0
49789584,49832648,0,1985.0
49789584,49832651,0,1985.0
49789613,49802803,0,13491.0
49789620,49876119,0,2780.0
49789658,49792943,0,2739.0
49789658,49825464,0,2739.0
49789704,49767970,0,2739.0
49789710,49767978,0,4573.0
49789710,13256450900,0,4573.0
49789716,49768000,0,5537.0
49789716,13256450893,0,5537.0
49789747,11563313320,0,8782.0
49789766,49802209,0,3495.0
49789776,49761767,0,3108.0
49789776,49871840,0,3108.0
49789820,3007587805,0,6719.0
49789820,6564890904,0,24901.0
49789884,49825518,0,3024.0
49789907,49818956,0,5537.0
49789907,1443727150,0,5537.0
49789912,49813532,0,7778.0
49789978,49774695,0,27634.0
49789978,49820714,0,27634.0
49789979,49884932,0,8356.0
49790002,49774451,0,1541.0
49790029,11608939093,0,3621.0
49790030,49774087,0,2847.0
49790030,49847954,0,2847.0
49790082,49783099,0,5170.0
49790082,49806950,0,5170.0
49790150,49752285,0,6988.0
49790220,49800670,0,17784.0
49790220,49800684,0,17784.0
49790232,49781548,0,7599.0
49790324,49715974,0,8010.0
49790344,1443727177,0,2918.0
49790353,49764038,0,4022.0
49790353,49830519,0,4022.0
49790386,49747094,0,2032.0
49790386,655662484,0,1463.0
49790389,49775447,0,4696.0
49790448,49790453,0,7166.0
49790448,1443727013,0,7166.0
49790509,49716007,0,2918.0
49790509,49770980,0,15197.0
49790534,49790538,0,2918.0
49790534,3370866946,0,2918.0
49790538,49719434,0,2918.0
49790545,49719434,0,2918.0
49790545,49813627,0,8025.0
49790545,49813631,0,8025.0
49790545,8903139403,0,2918.0
49790819,49790834,0,28753.0
49790819,49790881,0,20844.0
49790836,306513250,0,28753.0
49790846,49889050,0,20844.0
49790850,49761612,0,16302.0
49790850,306513964,0,28753.0
49790881,49790846,0,20844.0
49790881,5290998465,0,28753.0
49791109,49755306,0,12824.0
49791109,49791120,0,12824.0
49791120,49791126,0,12824.0
49791126,49768986,0,5789.0
49791126,49797366,0,5789.0
49791583,655691395,0,3387.0
49791610,647043964,0,1865.0
49791642,49844851,0,25570.0
49791711,49775998,0,7778.0
49791711,49800720,0,7778.0
49791736,49758546,0,20486.0
49791736,49842979,0,20486.0
49791809,49776151,0,9000.0
49791858,49773669,0,2912.0
49791858,49776943,0,2912.0
49791870,49773669,0,2912.0
49791870,49813511,0,7778.0
49791878,49818935,0,2912.0
49791888,49745468,0,2912.0
49791888,49791914,0,5599.0
49791914,49843101,0,28899.0
49791954,49798191,0,9970.0
49791954,655442855,0,9970.0
49791979,49795945,0,7010.0
49791989,49831028,0,7431.0
49792107,49810122,0,12153.0
49792107,655442836,0,12153.0
49792119,49716672,0,4089.0
49792119,49792123,0,6178.0
49792123,49750470,0,2936.0
49792145,655442839,0,3749.0
49792211,49776463,0,9990.0
49792300,49792303,0,4136.0
49792303,49792321,0,1518.0
49792321,49792331,0,1518.0
49792321,49818000,0,7599.0
49792321,49886257,0,7599.0
49792345,1365013776,0,1518.0
49792347,49792345,0,1518.0
49792349,49782410,0,1518.0
49792349,49792347,0,1518.0
49792357,49788509,0,1518.0
49792366,49792364,0,1518.0
49792377,49792380,0,1518.0
49792380,49792377,0,1518.0
49792380,49854874,0,4361.0
49792383,49747338,0,1518.0
49792383,49792380,0,1518.0
49792391,49747338,0,1518.0
49792391,49792406,0,1518.0
49792406,49792391,0,1518.0
49792406,49863576,0,5427.0
49792806,49849529,0,126410.0
49792943,49825451,0,2739.0
49793007,49843643,0,6761.0
49793007,4015442034,0,6761.0
49793007,8427543420,0,34596.0
49793211,49829335,0,14902.0
49793311,49830920,0,4725.0
49793337,49782040,0,6962.0
49793526,13259893924,0,11801.0
49793537,3001305032,0,7961.0
49793537,3001431544,0,13673.0
49793546,49777792,0,4396.0
49793546,3378222914,0,4224.0
49793546,3669554853,0,4396.0
49793549,49777795,0,15467.0
49793549,49793546,0,4224.0
49793549,3669554857,0,4224.0
49793566,2629963166,0,4224.0
49793566,3669554860,0,4224.0
49793566,3669554865,0,14282.0
49793595,49748212,0,2563.0
49793595,49825108,0,4396.0
49793595,3378222917,0,2563.0
49793670,806521028,0,14326.0
49793670,1443727088,0,2584.0
49793723,49793729,0,11888.0
49793723,4325552564,0,12199.0
49793729,49745636,0,11888.0
49793729,4325552562,0,13953.0
49793759,49770640,0,10932.0
49793759,49777843,0,5343.0
49793773,49793777,0,10932.0
49793773,641116258,0,10014.0
49793777,1381204541,0,10932.0
49793777,1381212154,0,9911.0
49793843,49795422,0,3262.0
49793843,49795424,0,3262.0
49793889,1472831046,0,22333.0
49793892,49819134,0,6827.0
49793892,1499499879,0,6827.0
49793979,49793983,0,19446.0
49793979,2900167809,0,19446.0
49793983,49793990,0,19446.0
49793990,49734101,0,19446.0
49793999,49734407,0,4297.0
49794032,49795595,0,1772.0
49794032,900114288,0,4297.0
49794047,49734102,0,19446.0
49794131,49773369,0,19446.0
49794131,49851817,0,19446.0
49794135,49794133,0,19446.0
49794135,3900811262,0,19446.0
49794206,49756492,0,7060.0
49794213,49794206,0,5288.0
49794216,49741043,0,5288.0
49794216,49794220,0,5288.0
49794220,49796128,0,3125.0
49794253,49788050,0,2676.0
49794431,49719415,0,11474.0
49794479,49731541,0,4123.0
49794479,49830847,0,4725.0
49794588,49820853,0,19993.0
49794608,12179423002,0,8356.0
49794626,49860480,0,18804.0
49794626,11255208766,0,3544.0
49794630,49768258,0,3544.0
49794630,49794626,0,3544.0
49795263,49738129,0,7719.0
49795263,49763056,0,18337.0
49795273,49763056,0,18337.0
49795273,4001557203,0,11454.0
49795318,49795263,0,18337.0
49795355,49767391,0,4572.0
49795377,49742335,0,4572.0
49795377,49795383,0,4572.0
49795377,49824214,0,2847.0
49795383,49717965,0,4572.0
49795418,49795420,0,3262.0
49795420,49795418,0,3262.0
49795420,49795422,0,3262.0
49795424,49795427,0,3262.0
49795427,49760408,0,3262.0
49795559,49722458,0,3262.0
49795559,49758684,0,3262.0
49795567,49795577,0,2278.0
49795567,9723923056,0,2278.0
49795577,49795567,0,2278.0
49795581,49795577,0,2278.0
49795595,49794032,0,1772.0
49795595,49795581,0,2278.0
49795699,49742545,0,4567.0
49795721,49814710,0,4136.0
49795721,9751817171,0,4136.0
49795794,49795799,0,3623.0
49795794,49847959,0,2847.0
49795799,49795794,0,3623.0
49795924,49795928,0,7010.0
49795928,49754013,0,7010.0
49795928,49762880,0,6853.0
49795931,49776425,0,7010.0
49795931,49831085,0,1595.0
49795945,49795949,0,7010.0
49795949,49787131,0,11344.0
49795949,49875799,0,9306.0
49795957,49760355,0,11344.0
49795957,49787131,0,11344.0
49795990,49762940,0,9240.0
49796016,49797980,0,3360.0
49796128,49756512,0,3125.0
49796363,49817512,0,10581.0
49796427,49787894,0,36570.0
49796605,49720292,0,2625.0
49796605,49763787,0,6678.0
49796605,3370911571,0,6678.0
49796711,49796729,0,6678.0
49796729,49796711,0,6678.0
49796729,49871562,0,7632.0
49796744,49728813,0,5184.0
49796842,642437008,0,5643.0
49796861,49796854,0,9510.0
49796861,622721012,0,9510.0
49796897,49796906,0,2797.0
49796897,49797192,0,17476.0
49796906,49748424,0,2797.0
49796906,49822928,0,4652.0
49796929,49748424,0,2797.0
49796951,49808953,0,21648.0
49796951,647030731,0,21648.0
49796955,49739277,0,10665.0
49796955,49796951,0,2017.0
49796955,49848662,0,10665.0
49796966,49796955,0,2017.0
49796970,49748050,0,2017.0
49796970,49775470,0,16423.0
49796975,49780060,0,11281.0
49796975,49817415,0,11281.0
49796975,1443727092,0,2331.0
49796993,1443727094,0,2331.0
49797006,49732193,0,3201.0
49797006,2911584522,0,3250.0
49797010,49797006,0,3963.0
49797015,49797010,0,3963.0
49797015,49813393,0,7778.0
49797015,49813401,0,7778.0
49797032,49764343,0,3963.0
49797032,49842949,0,20486.0
49797044,49770676,0,3963.0
49797051,49765081,0,3963.0
49797063,2974621124,0,3963.0
49797071,49741733,0,17609.0
49797071,49741735,0,3963.0
49797071,4807550266,0,17609.0
49797080,49797071,0,2714.0
49797080,4807550266,0,5200.0
49797082,49797102,0,9053.0
49797082,12552600615,0,2714.0
49797150,49779953,0,3360.0
49797150,49817556,0,5010.0
49797157,49788293,0,9053.0
49797157,49797150,0,9053.0
49797171,49797182,0,9053.0
49797182,49797171,0,9053.0
49797182,49797184,0,9053.0
49797192,49797184,0,9053.0
49797192,768973159,0,17476.0
49797213,49797207,0,367.0
49797217,49797213,0,367.0
49797236,49743089,0,805.0
49797275,49723081,0,8245.0
49797275,49773891,0,8245.0
49797366,49871225,0,5789.0
49797399,49823761,0,4385.0
49797401,49823743,0,5667.0
49797437,49826596,0,4754.0
49797543,49762251,0,4616.0
49797543,49799817,0,3262.0
49797579,641116278,0,4616.0
49797586,49797596,0,4616.0
49797586,49809177,0,14818.0
49797596,49741715,0,11474.0
49797596,49797601,0,4616.0
49797601,1004839797,0,4616.0
49797678,49719416,0,17564.0
49797753,49791914,0,28899.0
49797790,49802900,0,1971.0
49797794,49827223,0,5134.0
49797942,911591836,0,16772.0
49797942,3665453337,0,16772.0
49797973,49797980,0,3360.0
49797980,49796016,0,3360.0
49797980,49797973,0,3360.0
49798012,49766687,0,3360.0
49798033,49766687,0,13867.0
49798033,49802597,0,16588.0
49798063,49754207,0,11315.0
49798094,49798096,0,29140.0
49798108,49772633,0,4395.0
49798108,49824055,0,4395.0
49798166,49814787,0,9240.0
49798186,49776471,0,9970.0
49798186,49850691,0,4385.0
49798243,49787176,0,10045.0
49798243,49826576,0,2641.0
49798485,49803345,0,4597.0
49798544,49814006,0,4642.0
49798544,1468892563,0,4642.0
49798763,49743972,0,10886.0
49798784,49771201,0,11549.0
49798784,49776398,0,11549.0
49798823,49798815,0,11549.0
49798823,49798828,0,11549.0
49798851,49787350,0,11549.0
49798855,49798851,0,11549.0
49798869,49798855,0,11549.0
49799058,49832651,0,1985.0
49799058,49832655,0,1985.0
49799085,49801066,0,1541.0
49799097,49822340,0,3001.0
49799147,49845837,0,21047.0
49799199,49799203,0,2846.0
49799199,12520639500,0,2846.0
49799203,12771364523,0,2846.0
49799255,49799210,0,2846.0
49799262,49799576,0,17476.0
49799262,49817626,0,18408.0
49799293,49751422,0,13507.0
49799293,49799301,0,13507.0
49799301,49799293,0,13507.0
49799301,1218534945,0,13507.0
49799318,49775348,0,13507.0
49799451,49754874,0,13507.0
49799451,49763921,0,13507.0
49799500,49756798,0,4109.0
49799512,49799500,0,4109.0
49799633,49762207,0,14693.0
49799643,49799633,0,7294.0
49799704,641127544,0,3262.0
49799808,49762238,0,6749.0
49799808,49770764,0,5278.0
49799817,49799808,0,3262.0
49799817,4001470337,0,9911.0
49799834,49762264,0,2707.0
49799834,1381307995,0,3262.0
49799887,49742208,0,16892.0
49799887,49749800,0,16892.0
49799887,49760904,0,247.0
49799918,49742791,0,16892.0
49799977,2896020566,0,11969.0
49799991,49799977,0,11969.0
49799991,49799996,0,11969.0
49799996,49800003,0,11969.0
49800007,49800003,0,11969.0
49800007,49800012,0,11969.0
49800012,49823707,0,15789.0
49800135,49776031,0,4876.0
49800135,49817489,0,4876.0
49800146,49775998,0,7778.0
49800146,49813404,0,7778.0
49800181,49777378,0,19738.0
49800238,49801045,0,1541.0
49800238,49801058,0,1541.0
49800238,1241590295,0,20460.0
49800247,1241590274,0,20460.0
49800254,1241590274,0,20460.0
49800254,1387057053,0,20460.0
49800282,49784130,0,30577.0
49800282,49800286,0,30577.0
49800282,49846831,0,482.0
49800294,49734107,0,30577.0
49800294,49845895,0,3250.0
49800299,49800294,0,30577.0
49800319,49770661,0,11667.0
49800319,49863387,0,10014.0
49800319,5542846977,0,20734.0
49800334,49797082,0,7298.0
49800334,49800338,0,17609.0
49800344,49796427,0,36570.0
49800373,49741337,0,36570.0
49800373,49776145,0,36570.0
49800459,49788221,0,36570.0
49800600,49751175,0,20562.0
49800612,49751175,0,20562.0
49800627,49723515,0,9240.0
49800627,49723516,0,20562.0
49800627,49784150,0,20562.0
49800627,49784154,0,6789.0
49800642,49723516,0,20562.0
49800642,49815281,0,21078.0
49800642,49888946,0,17655.0
49800648,49765797,0,17784.0
49800648,49800642,0,17784.0
49800648,49815290,0,2193.0
49800662,49765797,0,17784.0
49800665,49800662,0,17784.0
49800670,49790220,0,17784.0
49800670,49800667,0,17784.0
49800684,49790220,0,17784.0
49800720,49809721,0,7778.0
49800989,49800996,0,1541.0
49800996,49800998,0,1541.0
49801021,49800998,0,1541.0
49801021,49801026,0,1541.0
49801031,49801026,0,1541.0
49801039,49790002,0,1541.0
49801045,49800238,0,1541.0
49801045,49801039,0,1541.0
49801058,49789593,0,1541.0
49801058,49800238,0,17335.0
49801061,49789593,0,1541.0
49801061,49799085,0,1541.0
49801142,3834990300,0,42967.0
49801161,49749416,0,4253.0
49801161,7676315863,0,4253.0
49801203,49717370,0,7490.0
49801205,49794220,0,3125.0
49801246,49774426,0,2780.0
49801246,3366676351,0,2780.0
49801312,5343399983,0,29140.0
49801515,49724384,0,5987.0
49801528,49759650,0,4851.0
49801532,49726946,0,7361.0
49801620,49795990,0,9240.0
49801673,49787453,0,17564.0
49801791,49734492,0,6278.0
49801795,49801791,0,6278.0
49801827,49832998,0,10886.0
49801827,3061294316,0,10886.0
49801986,49779407,0,3495.0
49802065,49786029,0,7347.0
49802065,647320588,0,7347.0
49802088,49802065,0,3495.0
49802109,49788608,0,3495.0
49802109,49802088,0,3495.0
49802116,49782583,0,3495.0
49802116,49788608,0,3495.0
49802116,49861644,0,3609.0
49802209,49802221,0,3495.0
49802221,49802209,0,3495.0
49802245,49747163,0,5914.0
49802245,49865391,0,5914.0
49802301,49756275,0,2193.0
49802527,3003882945,0,15253.0
49802545,3522722795,0,10114.0
49802547,49737159,0,10114.0
49802559,3005643154,0,10114.0
49802625,1013367228,0,16588.0
49802633,49802630,0,13491.0
49802633,1013367273,0,13491.0
49802664,1013367273,0,13491.0
49802664,1013367482,0,13491.0
49802803,49789613,0,13491.0
49802810,49758013,0,13491.0
49802810,49802803,0,13491.0
49802833,49758013,0,13491.0
49802852,49748155,0,13491.0
49802900,3744956565,0,13491.0
49802944,49759930,0,9654.0
49802944,49802982,0,9654.0
49802982,49784107,0,9654.0
49802982,49802944,0,9654.0
49803116,49803048,0,9240.0
49803116,12094305895,0,9240.0
49803203,49754031,0,7431.0
49803299,49874092,0,4361.0
49803345,7802243128,0,4597.0
49803568,49839654,0,3360.0
49803568,49839666,0,3360.0
49803595,49888809,0,17476.0
49803715,3669554871,0,4965.0
49803721,49762379,0,4396.0
49803721,49777792,0,4396.0
49804022,49816436,0,1110.0
49804128,49766931,0,463.0
49804128,49840033,0,463.0
49804146,49766941,0,5981.0
49804146,49847238,0,5981.0
49804153,49806810,0,5170.0
49804197,49858053,0,4567.0
49804253,49778245,0,8025.0
49804374,49748281,0,6789.0
49804380,49748292,0,7084.0
49804380,49846016,0,7084.0
49804385,49748302,0,3092.0
49804397,12305015411,0,2354.0
49804586,49793816,0,6900.0
49804586,49845486,0,6900.0
49804653,49819105,0,6827.0
49804653,1499499879,0,6827.0
49804660,49839912,0,7406.0
49804798,49766931,0,463.0
49804798,49804833,0,870.0
49804833,49804798,0,870.0
49804833,49899084,0,870.0
49804967,49847954,0,12974.0
49804992,49847971,0,19386.0
49804992,11198107411,0,19386.0
49805210,49771244,0,18804.0
49805210,49888300,0,18804.0
49805505,49752115,0,27634.0
49805505,1004809645,0,27634.0
49805673,49752363,0,1429.0
49805673,3750685708,0,1429.0
49806412,49745838,0,7593.0
49806589,49806593,0,4570.0
49806597,49806593,0,4570.0
49806597,936116307,0,4570.0
49806608,673025728,0,4570.0
49806608,1017662060,0,4570.0
49806700,49774387,0,4208.0
49806784,49806797,0,8446.0
49806784,1365013788,0,5170.0
49806797,49739335,0,11721.0
49806797,49806810,0,5170.0
49806797,49849187,0,11721.0
49806844,49806853,0,5170.0
49806862,49782380,0,5170.0
49806862,49806853,0,5170.0
49806871,49782380,0,5170.0
49806904,49788468,0,5170.0
49806904,49806922,0,5170.0
49806987,49747301,0,5170.0
49806987,49777063,0,5170.0
49807113,49807115,0,2676.0
49807115,49787931,0,2676.0
49807229,49777944,0,2676.0
49807229,49794253,0,2676.0
49807256,49774098,0,2676.0
49807256,49790041,0,2676.0
49807555,49840836,0,11315.0
49807959,49828253,0,7568.0
49808153,49808183,0,6820.0
49808153,3370911571,0,6820.0
49808183,49720271,0,17125.0
49808183,49808153,0,6820.0
49808347,3376996938,0,8831.0
49808347,3376996942,0,8831.0
49808583,49763637,0,24908.0
49808583,49843060,0,24908.0
49808604,49843060,0,5726.0
49808664,49758656,0,6900.0
49808664,49786431,0,6900.0
49808953,49848662,0,21648.0
49809177,641116283,0,10562.0
49809177,9676179707,0,14818.0
49809189,49797596,0,11474.0
49809189,49809177,0,11626.0
49809200,49780562,0,10562.0
49809222,49764794,0,10562.0
49809222,1004839834,0,30610.0
49809230,49797631,0,4066.0
49809250,49791761,0,10581.0
49809250,49878097,0,10581.0
49809273,49768464,0,17564.0
49809273,49856163,0,17564.0
49809327,49760309,0,5914.0
49809327,49859694,0,5914.0
49809439,49746417,0,6495.0
49809666,49766761,0,4725.0
49809666,49830847,0,4725.0
49809698,49791685,0,12531.0
49809698,49853085,0,27208.0
49809702,1017379708,0,22572.0
49809715,49809721,0,22572.0
49809775,49848711,0,4253.0
49809841,49793816,0,6900.0
49809866,49819134,0,6827.0
49809866,49819142,0,6827.0
49809939,1459468250,0,4008.0
49810122,49787160,0,12153.0
49810122,49792107,0,12153.0
49810179,49795949,0,9306.0
49810220,49733323,0,9240.0
49810284,3637842788,0,6752.0
49810317,657211855,0,12824.0
49810434,49777170,0,3843.0
49810634,49860372,0,7158.0
49810642,49782655,0,7491.0
49810642,49810636,0,7491.0
49810831,49793566,0,14282.0
49810840,49810831,0,18747.0
49810840,49846819,0,8664.0
49810871,49846831,0,5820.0
49810871,3012784293,0,5020.0
49810876,49810877,0,12531.0
49810893,49775563,0,12531.0
49810893,49810896,0,12531.0
49810893,49817435,0,4920.0
49811156,3661066113,0,3004.0
49811214,49820770,0,21177.0
49811242,49848261,0,8356.0
49811273,49848228,0,4198.0
49811280,49811273,0,646.0
49811287,49786302,0,646.0
49811287,49811280,0,646.0
49811453,49801986,0,646.0
49811508,49774651,0,8010.0
49811662,49827468,0,3668.0
49811662,49827508,0,3668.0
49811686,49726613,0,7347.0
49811686,49831392,0,7347.0
49811697,49820885,0,3609.0
49811797,49745746,0,2518.0
49811960,49802301,0,2193.0
49811960,49815295,0,2193.0
49811996,49800670,0,2354.0
49811996,49802339,0,2354.0
49812122,49756088,0,2612.0
49812221,49812196,0,3166.0
49812221,49832630,0,3166.0
49812253,49848330,0,2289.0
49812353,49813634,0,8025.0
49812397,49764980,0,2739.0
49812397,49824827,0,2739.0
49812410,49887850,0,2780.0
49812437,5354789676,0,6826.0
49812451,49816594,0,10886.0
49812502,49780087,0,8293.0
49812677,641107649,0,62909.0
49812698,49729731,0,2298.0
49812698,49812677,0,62909.0
49812744,642817892,0,62909.0
49812906,49812992,0,62909.0
49812906,49813125,0,54129.0
49812992,642817141,0,62909.0
49813125,49812744,0,62909.0
49813347,49793729,0,13953.0
49813347,3027616040,0,6876.0
49813347,3027616128,0,6876.0
49813365,49800299,0,13953.0
49813365,49853897,0,14818.0
49813365,3016708830,0,13953.0
49813374,49800299,0,13953.0
49813374,49813381,0,13953.0
49813374,49845895,0,1961.0
49813374,876615209,0,1961.0
49813381,49813374,0,13953.0
49813381,49813384,0,13953.0
49813393,49797015,0,7778.0
49813401,49813404,0,7778.0
49813404,49745207,0,4066.0
49813441,49809721,0,7778.0
49813443,49813441,0,7778.0
49813443,49813454,0,7778.0
49813458,11332977605,0,7090.0
49813472,49813458,0,7778.0
49813472,49813480,0,7778.0
49813480,49813472,0,7778.0
49813494,49773622,0,10009.0
49813494,49813493,0,7778.0
49813494,49813496,0,7778.0
49813496,49813494,0,7778.0
49813496,1439584653,0,6209.0
49813499,49745335,0,6435.0
49813499,49763632,0,7778.0
49813499,49772589,0,7778.0
49813502,49788673,0,7778.0
49813525,49789912,0,7778.0
49813532,49813535,0,7778.0
49813535,49752651,0,7778.0
49813577,49754681,0,7778.0
49813577,49780230,0,8025.0
49813577,1012017912,0,7396.0
49813627,49790545,0,8025.0
49813631,49797803,0,15064.0
49813631,49813634,0,20173.0
49813631,8903139402,0,32321.0
49813819,49844089,0,1429.0
49813839,3667911780,0,6707.0
49814006,49756802,0,3670.0
49814006,49798544,0,4642.0
49814074,49738943,0,16608.0
49814385,49823944,0,22778.0
49814710,49792300,0,4136.0
49814751,2765545522,0,29140.0
49814781,49817435,0,461.0
49814787,13765588194,0,9240.0
49814910,49814911,0,2703.0
49814910,641939523,0,2703.0
49814911,49814910,0,2703.0
49814911,49814912,0,2703.0
49814912,49754162,0,2703.0
49815206,49719904,0,1190.0
49815281,49800648,0,2802.0
49815281,49823141,0,21078.0
49815290,49815295,0,2193.0
49815391,49756275,0,2193.0
49815391,49815397,0,2193.0
49815397,49812133,0,2193.0
49815397,49815391,0,2193.0
49815504,49751518,0,6640.0
49815504,642816677,0,6640.0
49815553,49751580,0,28338.0
49815553,49761406,0,6640.0
49815553,49815548,0,6640.0
49815563,49761406,0,6640.0
49815565,49815563,0,6640.0
49815596,49760280,0,3092.0
49815596,49815565,0,6640.0
49815664,2896020706,0,15964.0
49815712,49847319,0,4567.0
49815712,49886287,0,4567.0
49815853,49843809,0,32676.0
49816034,49786431,0,6900.0
49816034,49851841,0,6900.0
49816143,49819186,0,6827.0
49816388,49777259,0,11670.0
49816436,49787530,0,1110.0
49816494,49797032,0,20486.0
49816494,49817467,0,20486.0
49816771,2927432298,0,28338.0
49816872,49793949,0,4008.0
49816872,1472831218,0,4008.0
49817101,49820781,0,21177.0
49817116,49786183,0,8356.0
49817116,49837965,0,8356.0
49817140,49768588,0,9240.0
49817181,49759336,0,28968.0
49817181,49855199,0,28968.0
49817387,49848673,0,10665.0
49817394,49817387,0,3060.0
49817394,49817399,0,2280.0
49817394,49875116,0,21648.0
49817399,49748054,0,2280.0
49817406,49775470,0,16423.0
49817406,49817413,0,2280.0
49817406,5446812581,0,16423.0
49817413,49817415,0,2280.0
49817415,49796975,0,11281.0
49817415,1364961090,0,2280.0
49817430,49810893,0,4920.0
49817435,3301217705,0,4920.0
49817439,2664170700,0,2433.0
49817459,49764352,0,4066.0
49817467,49770684,0,4066.0
49817467,49800109,0,20486.0
49817489,49809230,0,4066.0
49817499,49776047,0,4066.0
49817512,1443727105,0,3953.0
49817512,4630327649,0,10581.0
49817556,49788314,0,5010.0
49817556,49797150,0,3360.0
49817599,49763568,0,5010.0
49817599,49817610,0,5010.0
49817610,49817626,0,5010.0
49817638,49776151,0,9000.0
49817838,49790819,0,32083.0
49817838,49848293,0,32083.0
49818042,49863523,0,4361.0
49818042,49874047,0,4361.0
49818109,49727453,0,6931.0
49818147,49818109,0,6931.0
49818289,49740539,0,7568.0
49818289,49833580,0,7568.0
49818855,2587508256,0,6826.0
49818890,49746590,0,2739.0
49818890,3366676342,0,2739.0
49818890,3370866922,0,6826.0
49818900,49746583,0,6826.0
49818935,49791870,0,2912.0
49818956,49789907,0,5537.0
49818968,49818956,0,5537.0
49818974,3781487711,0,5537.0
49819105,2936616107,0,6827.0
49819142,49760523,0,6827.0
49819171,49816016,0,6827.0
49819186,49758746,0,6827.0
49819186,49816143,0,6827.0
49819192,49819197,0,6827.0
49819386,49838698,0,7406.0
49819456,49741073,0,12974.0
49819468,49838768,0,3075.0
49819478,49838779,0,19386.0
49819549,49741153,0,1318.0
49819703,49833682,0,15495.0
49819792,49748151,0,3004.0
49819792,3369108598,0,2739.0
49819801,49759907,0,3004.0
49819801,49819792,0,3004.0
49819825,49759907,0,3004.0
49819825,49811156,0,3004.0
49820407,1379471232,0,26626.0
49820496,49820506,0,17681.0
49820527,49731242,0,17681.0
49820527,49820506,0,17681.0
49820583,49741378,0,22778.0
49820583,701602949,0,28338.0
49820604,49820612,0,28338.0
49820612,49815553,0,28338.0
49820692,49820699,0,27634.0
49820692,1004809645,0,27634.0
49820699,49820692,0,27634.0
49820714,49735524,0,21177.0
49820714,2131533994,0,6389.0
49820727,2078113055,0,21177.0
49820743,49820727,0,21177.0
49820757,49811214,0,21177.0
49820757,49820743,0,21177.0
49820757,49848238,0,4198.0
49820781,49745094,0,21177.0
49820799,49784260,0,21177.0
49820820,49720045,0,21177.0
49820820,49761678,0,3020.0
49820820,49784260,0,21177.0
49820853,49757927,0,19993.0
49820870,49763450,0,19993.0
49820870,49786029,0,7347.0
49820870,49820872,0,30149.0
49820872,49820870,0,30149.0
49820874,49820872,0,30149.0
49820885,49786058,0,3609.0
49820885,49811697,0,3609.0
49821185,49827204,0,5134.0
49821260,49833650,0,15495.0
49821508,49874112,0,4567.0
49821610,49758419,0,15896.0
49821763,49849239,0,5981.0
49822260,49716545,0,1884.0
49822299,49766761,0,4725.0
49822299,49822260,0,1884.0
49822338,49848293,0,32083.0
49822338,49889089,0,18804.0
49822340,49789550,0,4198.0
49822340,49860612,0,3001.0
49822541,49758026,0,2780.0
49822541,49876119,0,2780.0
49822546,49758032,0,2739.0
49822775,49861644,0,3609.0
49822884,49753520,0,4652.0
49822884,49845850,0,21047.0
49822896,49822904,0,4652.0
49822904,49779857,0,4652.0
49822919,49796906,0,4652.0
49822928,4807605970,0,4652.0
49823085,49804385,0,3092.0
49823141,49747158,0,21078.0
49823141,49815281,0,21078.0
49823141,2424854392,0,3092.0
49823271,49823277,0,6280.0
49823332,49823340,0,6280.0
49823340,49752603,0,3024.0
49823340,49823347,0,6280.0
49823347,49741773,0,6280.0
49823403,49801560,0,15673.0
49823403,49833614,0,15673.0
49823438,49749855,0,9240.0
49823491,49823438,0,9240.0
49823491,49830044,0,9240.0
49823732,49773929,0,5667.0
49823732,655442813,0,16502.0
49823743,49797401,0,5667.0
49823743,49823736,0,5667.0
49823743,49850671,0,3749.0
49823761,49797401,0,5667.0
49823761,49850681,0,4385.0
49823768,49823761,0,5667.0
49823768,49823773,0,5667.0
49823768,49857798,0,9990.0
49823773,49823775,0,5667.0
49823777,49823775,0,5667.0
49823944,49814385,0,22778.0
49823944,642816826,0,22778.0
49823986,49754618,0,17031.0
49823986,49785313,0,17031.0
49823986,49789205,0,10009.0
49824054,49772627,0,24908.0
49824054,12497001319,0,24908.0
49824103,49739830,0,2588.0
49824196,49742320,0,3000.0
49824214,49847898,0,2847.0
49824264,49782369,0,5981.0
49824719,641116291,0,7490.0
49824719,647622738,0,10202.0
49824719,1381210497,0,10202.0
49824748,49824754,0,7490.0
49824748,49845777,0,11474.0
49824754,49824756,0,7490.0
49824756,49801203,0,7490.0
49824779,49797080,0,5200.0
49824827,49778213,0,2739.0
49824827,49812397,0,2739.0
49824916,49739169,0,2780.0
49824916,49887850,0,2780.0
49824929,49750216,0,2739.0
49824929,49825434,0,2739.0
49824970,49746262,0,8245.0
49824970,49773891,0,8245.0
49825108,49748223,0,29725.0
49825108,49825121,0,4396.0
49825108,49844794,0,29725.0
49825124,49825121,0,4396.0
49825124,49825128,0,4396.0
49825128,49825142,0,1952.0
49825128,49844805,0,3457.0
49825142,49748241,0,4814.0
49825190,49825030,0,25570.0
49825190,49844851,0,25570.0
49825351,49767970,0,2739.0
49825390,49746590,0,2739.0
49825405,49790311,0,2739.0
49825405,49825409,0,2739.0
49825409,49772747,0,6272.0
49825409,49801263,0,2739.0
49825409,49825405,0,2739.0
49825427,49750216,0,2739.0
49825434,49764980,0,2739.0
49825445,49825447,0,2739.0
49825447,49825445,0,2739.0
49825448,49825447,0,2739.0
49825451,49825448,0,2739.0
49825464,49822546,0,2739.0
49825490,49759926,0,2739.0
49825490,49819792,0,2739.0
49825505,49719533,0,5987.0
49825518,49825505,0,3024.0
49825523,49789884,0,3024.0
49825533,49825523,0,3024.0
49825717,3657250001,0,13073.0
49825900,49809939,0,4008.0
49825905,49825900,0,4008.0
49826421,49870398,0,2513.0
49826510,49752667,0,8782.0
49826510,49814074,0,8782.0
49826524,49826530,0,7516.0
49826524,641965169,0,7516.0
49826530,49826524,0,7516.0
49826530,49826533,0,7516.0
49826533,3637842788,0,6752.0
49826564,49798243,0,2641.0
49826576,49736008,0,2641.0
49826586,49787160,0,12153.0
49826586,49797437,0,2641.0
49826586,3872966581,0,82588.0
49826596,49826598,0,4754.0
49826596,650017980,0,3749.0
49826598,49773943,0,4754.0
49826783,49825505,0,2513.0
49827157,49829250,0,6247.0
49827157,49870944,0,6247.0
49827159,49777503,0,5134.0
49827159,49798063,0,11315.0
49827159,49807555,0,11315.0
49827204,49821185,0,5134.0
49827223,49752562,0,5134.0
49827240,49827236,0,5134.0
49827338,3369108605,0,2795.0
49827376,7236237089,0,9133.0
49827464,49811797,0,2518.0
49827464,49827468,0,3668.0
49827464,49843693,0,6112.0
49827508,49756236,0,3668.0
49827530,49787774,0,7573.0
49827531,49827530,0,10568.0
49827531,640809773,0,10568.0
49827624,49777853,0,10014.0
49827624,1381212154,0,10202.0
49827833,2765545491,0,27476.0
49828253,49807959,0,7568.0
49828253,49833602,0,7568.0
49828276,49779868,0,9000.0
49828276,49796929,0,9000.0
49828394,49749030,0,7802.0
49828394,1497928123,0,15897.0
49828677,49779839,0,5768.0
49828677,49802545,0,2394.0
49828949,49820583,0,11801.0
49829250,49845837,0,6247.0
49829439,49743856,0,7802.0
49830044,49801620,0,9240.0
49830063,49762940,0,9240.0
49830069,49830063,0,9240.0
49830109,49785819,0,9240.0
49830109,639415539,0,9240.0
49830119,49740557,0,9240.0
49830119,49830123,0,9240.0
49830127,49830123,0,9240.0
49830127,49830130,0,9240.0
49830130,49817140,0,9240.0
49830130,49830127,0,9240.0
49830228,646216885,0,9240.0
49830228,13765588195,0,9240.0
49830519,641965315,0,4022.0
49830538,49764038,0,4022.0
49830546,49830548,0,4022.0
49830548,49802559,0,4022.0
49830883,49782687,0,4725.0
49830883,49830896,0,4725.0
49830896,49780677,0,4725.0
49830896,49830883,0,4725.0
49830920,49723126,0,3716.0
49830920,49830957,0,4725.0
49830957,49830920,0,4725.0
49830968,49774272,0,6219.0
49830968,6799358586,0,6219.0
49831018,1107060283,0,6219.0
49831028,49762897,0,1595.0
49831064,49759091,0,6194.0
49831070,49831064,0,2945.0
49831070,1440867108,0,2945.0
49831085,49795931,0,1595.0
49831338,49761250,0,22616.0
49831343,49831338,0,22616.0
49831349,49775632,0,22616.0
49831349,49831352,0,22616.0
49831352,49831349,0,22616.0
49831392,49811686,0,7347.0
49831392,49820870,0,7347.0
49831408,49756489,0,9027.0
49831487,49740585,0,5427.0
49831487,49831503,0,6077.0
49831503,49831487,0,6077.0
49831519,49831503,1,6077.0
49831598,49768756,0,6077.0
49831608,49768756,0,6077.0
49831621,49831608,0,6077.0
49831621,3372235145,0,6077.0
49831789,49833580,0,7568.0
49832272,49848820,0,4336.0
49832286,638462834,0,11596.0
49832630,49763850,0,3166.0
49832630,49764802,0,1985.0
49832630,49812221,0,3166.0
49832640,49832643,0,1985.0
49832648,49832643,0,1985.0
49832651,49812253,0,2289.0
49832655,49787451,0,1985.0
49832671,49745161,0,1985.0
49832671,49786358,0,1985.0
49832844,49769178,0,24908.0
49832844,49824135,0,24908.0
49832899,49767368,0,10886.0
49832899,49777308,0,10886.0
49833236,49821069,0,10886.0
49833602,49759336,0,28968.0
49833602,49801560,0,15673.0
49833602,8496737174,0,17618.0
49833614,49823403,0,15673.0
49833650,49833651,0,15495.0
49833651,49833656,0,15495.0
49833656,49819703,0,15495.0
49833682,1469992101,0,15495.0
49834986,49743686,0,19925.0
49835974,49774400,0,13073.0
49835974,49806714,0,13073.0
49836036,647099001,0,13073.0
49836185,864941667,0,1971.0
49836253,49866407,0,10581.0
49836698,49788498,0,4567.0
49836698,49884583,0,4567.0
49836761,49848293,0,4198.0
49836837,49758271,0,7556.0
49836837,49765918,0,7556.0
49837133,49729135,0,3166.0
49837338,49723269,0,17618.0
49837434,49845919,0,52031.0
49837545,4000852257,0,27476.0
49837552,49838764,0,4207.0
49837606,49771208,0,10581.0
49837606,49836253,0,10581.0
49837617,49768440,0,7516.0
49837617,4561710231,0,7516.0
49837965,49745106,0,8356.0
49837997,49717226,0,18804.0
49838202,49741798,0,1912.0
49838202,49768029,0,1912.0
49838231,49754697,0,334.0
49838698,49767523,0,7406.0
49838698,49824196,0,3000.0
49838758,49837552,0,4207.0
49838764,49838768,0,4207.0
49838768,49838779,0,4207.0
49838768,49839158,0,3075.0
49838779,49816388,0,11670.0
49839137,49753014,0,6602.0
49839137,49783079,0,6602.0
49839137,49839140,0,3075.0
49839144,49742705,0,3075.0
49839144,49839140,0,3075.0
49839158,49838779,0,19386.0
49839411,49866843,0,3108.0
49839650,49719415,0,3360.0
49839650,49839654,0,3360.0
49839666,49779953,0,3360.0
49839825,49811287,0,3634.0
49839896,49787863,0,32676.0
49839951,49804967,0,12974.0
49840033,49804128,0,463.0
49840387,12467041977,0,5895.0
49840688,49765510,0,4615.0
49840782,1440554109,0,11315.0
49840959,49717073,0,11315.0
49840959,11355443454,0,11315.0
49841029,49775847,0,8245.0
49841029,49777628,0,8245.0
49841101,49841106,0,8245.0
49841106,49841113,0,8245.0
49841113,49841106,0,8245.0
49841191,49762862,0,5789.0
49841195,49728922,0,7556.0
49841195,11198017170,0,7431.0
49841197,49841195,0,7431.0
49841199,642701813,0,7431.0
49841257,49791989,0,7431.0
49841647,49784971,0,5946.0
49841654,13790612901,0,16423.0
49841754,3001431211,0,13673.0
49841768,645963548,0,26421.0
49841785,49723133,0,16423.0
49841785,13790270450,0,16423.0
49841801,642317837,0,2225.0
49841930,49759643,0,5987.0
49841937,49776924,0,4851.0
49842341,9457052272,0,4423.0
49842413,49798625,0,14278.0
49842413,49842417,0,6602.0
49842413,647026088,0,12974.0
49842417,49890377,0,6217.0
49842421,49783079,0,6602.0
49842421,647031903,0,6602.0
49842664,49814787,0,4511.0
49842742,49745915,0,3610.0
49842742,1447308552,0,3610.0
49842924,641116203,0,13598.0
49842924,11261031490,0,19252.0
49842930,11460035915,0,14818.0
49842936,9136825811,0,13598.0
49842936,9676234033,0,3258.0
49842949,49780016,0,20486.0
49842996,49843005,0,20486.0
49842996,4387066892,0,20486.0
49843005,49843011,0,17744.0
49843011,49843012,0,24908.0
49843017,49769178,0,24908.0
49843017,49843012,0,24908.0
49843037,12497001319,0,4395.0
49843060,49734612,0,5726.0
49843072,49749062,0,28899.0
49843072,49828453,0,28899.0
49843101,12613233303,0,8782.0
49843142,49745384,0,6272.0
49843142,2765545510,0,29140.0
49843148,2765545517,0,29140.0
49843164,2765102972,0,29140.0
49843176,3665450120,0,3644.0
49843189,49873931,0,29140.0
49843190,2765475185,0,29140.0
49843193,49745566,0,1429.0
49843193,2765475194,0,25412.0
49843195,49745571,0,258.0
49843238,49850686,0,4385.0
49843253,49878967,0,24267.0
49843643,49793007,0,11681.0
49843643,2504806041,0,11681.0
49843692,49866935,0,18408.0
49843692,49869665,0,11884.0
49843693,49739260,0,2587.0
49843714,49836758,0,2518.0
49843714,49837109,0,2518.0
49844050,49813819,0,1429.0
49844050,1017662089,0,1429.0
49844050,1239327284,0,6707.0
49844089,49745566,0,1429.0
49844089,49813819,0,1429.0
49844276,49747357,0,4182.0
49844371,49789456,0,5789.0
49844794,49844804,0,15467.0
49844805,645963446,0,3457.0
49844805,3012784293,0,5020.0
49844812,49825142,0,3222.0
49844812,49844805,0,11281.0
49844812,3012784288,0,3222.0
49844818,49844812,0,11281.0
49844821,49844818,0,11281.0
49844851,49791642,0,25570.0
49845192,49795699,0,4567.0
49845192,49850938,0,4567.0
49845486,49816883,0,6900.0
49845726,49809189,0,11474.0
49845726,647619114,0,10014.0
49845777,49787785,0,11474.0
49845777,49869068,0,10378.0
49845782,49794431,0,11474.0
49845830,49787640,0,21018.0
49845837,49799147,0,21047.0
49845837,49829250,0,6247.0
49845837,49845830,0,21018.0
49845837,1060365691,0,17476.0
49845863,9593204206,0,21047.0
49845885,49846831,0,482.0
49845885,2440761314,0,2258.0
49845895,49853914,0,3250.0
49845919,642604672,0,915.0
49846016,49804380,0,7084.0
49846128,49765380,0,8356.0
49846128,49846140,0,5493.0
49846128,5587536525,0,8356.0
49846140,49846128,0,5493.0
49846140,49846154,0,5493.0
49846154,49730129,0,5493.0
49846154,49846140,0,5493.0
49846204,49812196,0,3166.0
49846353,4000786670,0,10920.0
49846387,49796363,0,10581.0
49846387,3140059716,0,10581.0
49846816,2696812482,0,16820.0
49846819,49773539,0,8664.0
49846831,49734104,0,2465.0
49846831,49810871,0,5020.0
49846846,49845885,0,482.0
49846852,49846846,0,482.0
49846912,49777470,0,6900.0
49847215,638915929,0,11721.0
49847215,1017621632,0,11721.0
49847238,49849187,0,5981.0
49847299,49770273,0,4567.0
49847305,49766941,0,5981.0
49847305,49815687,0,5981.0
49847319,49815712,0,4567.0
49847389,49773628,0,6209.0
49847403,49773639,0,6435.0
49847427,49763618,0,17031.0
49847434,49847427,0,17031.0
49847560,49866317,0,3670.0
49847617,49771349,0,1110.0
49847621,49787536,0,2767.0
49847837,49808604,0,5726.0
49847898,49804660,0,7406.0
49847898,49857798,0,9990.0
49847954,49767441,0,12974.0
49847954,49790030,0,2847.0
49847954,49795794,0,2847.0
49847954,49804967,0,12974.0
49847959,49847971,0,2847.0
49847971,49767451,0,19386.0
49847971,49804992,0,19386.0
49847971,49847959,0,2847.0
49848228,49788195,0,4198.0
49848245,49784228,0,4198.0
49848245,49820757,0,4198.0
49848261,49784228,0,4198.0
49848270,49811752,0,4198.0
49848270,49848261,0,4198.0
49848330,49765714,0,4198.0
49848330,49812253,0,2289.0
49848482,49851562,0,5914.0
49848482,49864523,0,5914.0
49848614,49756861,0,10665.0
49848639,49837434,0,52031.0
49848639,645963556,0,10665.0
49848642,3001460943,0,10665.0
49848662,49796955,0,10665.0
49848662,49808953,0,21648.0
49848662,49817387,0,10665.0
49848662,49817394,0,21648.0
49848686,49791610,0,10665.0
49848716,49739298,0,4253.0
49848716,49848711,0,4253.0
49848820,49832272,0,4336.0
49849139,1375406091,0,12974.0
49849181,49845161,0,5981.0
49849181,49849187,0,5981.0
49849187,49806797,0,11721.0
49849205,49815687,0,5981.0
49849239,49821763,0,5981.0
49849259,49757444,0,5981.0
49849263,49849259,0,5981.0
49849263,3372235099,0,5981.0
49849276,49758503,0,5981.0
49849276,9425958830,0,5981.0
49849410,49849432,0,126410.0
49849410,642436265,0,120867.0
49849432,49792806,0,126410.0
49849432,641965104,0,9257.0
49849529,49781103,0,153024.0
49849529,642395689,0,9111.0
49849794,49849816,0,126410.0
49849823,49849857,0,126410.0
49849823,642421191,0,22604.0
49849857,49892879,0,126410.0
49849919,3000233147,0,3387.0
49850651,49842341,0,4512.0
49850651,641964881,0,22935.0
49850669,49850671,0,4385.0
49850671,49797399,0,4385.0
49850671,49857791,0,3749.0
49850681,49776463,0,9990.0
49850681,49823768,0,9990.0
49850681,49843238,0,4385.0
49850686,49798186,0,4385.0
49850691,9908447531,0,4385.0
49850735,49795928,0,6853.0
49850758,1574598092,0,22775.0
49850938,49845192,0,4567.0
49851117,49851982,0,15897.0
49851413,3667950074,0,8010.0
49851439,49790324,0,8010.0
49851445,49789342,0,6272.0
49851445,49851439,0,8010.0
49851451,1443727153,0,2513.0
49851483,49825351,0,2739.0
49851562,2896386324,0,11872.0
49851682,49781440,0,14803.0
49851719,49851723,0,2558.0
49851719,49882225,0,2304.0
49851723,49747879,0,2558.0
49851787,49745667,0,8782.0
49851817,49794133,0,19446.0
49851841,49816034,0,6900.0
49851982,50781596,0,15897.0
49852652,49744693,0,3080.0
49852652,49763157,0,3080.0
49852652,49763167,0,3239.0
49852718,49758132,0,3239.0
49852766,1484482360,0,33643.0
49852766,3874958856,0,3239.0
49852777,49772864,0,4565.0
49852910,49772747,0,6272.0
49853330,3659095236,0,15280.0
49853337,49853330,0,15280.0
49853337,3798943051,0,15280.0
49853581,5235719309,0,7556.0
49853878,49793723,0,12199.0
49853883,49773539,0,18978.0
49853897,49773543,0,15200.0
49853897,49800294,0,12199.0
49853914,49813381,0,13953.0
49853914,49853917,0,3250.0
49853914,3012829811,0,3250.0
49853917,49780097,0,3250.0
49853943,49797010,0,282.0
49854874,49803299,0,4361.0
49855199,49856721,0,28968.0
49855599,3522722795,0,23002.0
49855611,49828677,0,5768.0
49855611,3010649395,0,23877.0
49856097,49739801,0,17564.0
49856112,49856113,0,17564.0
49856163,49741287,0,17564.0
49856163,49809273,0,17564.0
49856764,49834986,0,19925.0
49856764,1456422818,0,19925.0
49857791,49838698,0,3749.0
49858017,49741088,0,19386.0
49858107,49739335,0,11721.0
49858191,49845240,0,25932.0
49858191,49858173,0,25932.0
49858191,4001481553,0,12486.0
49858507,49732114,0,3108.0
49858507,49739833,0,3108.0
49858829,49789162,0,3108.0
49858932,49779868,0,9000.0
49858932,806520748,0,9000.0
49858952,49751444,0,9000.0
49858952,49796929,0,9000.0
49859011,49784154,0,6789.0
49859011,49826676,0,6789.0
49859100,49748901,0,3610.0
49859579,49789237,0,3169.0
49859579,49801528,0,4851.0
49859632,49813502,0,3153.0
49859675,4082394068,0,5914.0
49859684,49859675,0,5914.0
49859684,49859694,0,5914.0
49859763,49785115,0,5914.0
49860013,49778259,0,1110.0
49860178,49819077,0,4208.0
49860178,49860181,0,4208.0
49860181,49860178,0,4208.0
49860391,49841647,0,5946.0
49860480,49771244,0,18804.0
49860486,12520587440,0,19222.0
49860612,7914907790,0,3001.0
49860638,49799097,0,3001.0
49860638,49853337,0,3001.0
49860792,49837176,0,3020.0
49860792,49888300,0,3020.0
49860975,49788157,0,3108.0
49861091,49861125,0,18097.0
49861137,49861165,0,18097.0
49861137,1364961112,0,18097.0
49861176,49797010,0,9221.0
49861176,6438732905,0,18097.0
49861217,49861252,0,18097.0
49861299,49861091,0,18097.0
49861310,49813384,0,15334.0
49861310,49865706,0,6738.0
49861549,49789162,0,3108.0
49861628,49822775,0,3609.0
49861644,49822775,0,3609.0
49861791,49861549,0,3108.0
49862016,49843176,0,29140.0
49863186,49803595,0,17476.0
49863186,1060365691,0,17476.0
49863346,3461396741,0,6738.0
49863387,49800319,0,10014.0
49863421,49845777,0,10378.0
49863523,49781692,0,4361.0
49863523,49818042,0,4361.0
49863558,49806700,0,4208.0
49863558,49881897,0,4208.0
49863611,49786572,0,7060.0
49863611,49842413,0,12974.0
49863611,49863614,0,12974.0
49863614,49741073,0,12974.0
49864452,49723126,0,3716.0
49864452,49745780,0,3716.0
49864523,49865423,0,5914.0
49864639,49825717,0,4208.0
49865234,49737159,0,5768.0
49865234,49796854,0,5768.0
49865423,49865391,0,5914.0
49865706,49863346,0,6738.0
49865768,4366096286,0,7568.0
49865768,4630052969,0,14818.0
49865774,9136825802,0,7568.0
49865817,3531416323,0,4876.0
49866068,4679133344,0,3630.0
49866203,49842417,0,9542.0
49866843,49739833,0,3108.0
49867524,49772531,0,8062.0
49867524,49878328,0,6435.0
49867949,49868291,0,5064.0
49868031,10605296757,0,5064.0
49868291,49867949,0,5064.0
49868291,49868295,0,5064.0
49868295,49731251,0,5064.0
49869068,647622728,0,7573.0
49869068,1379549941,0,10378.0
49869137,49779910,0,10378.0
49869665,49843693,0,2587.0
49869901,49843379,0,2612.0
49869901,49869902,0,2612.0
49869902,49812122,0,2612.0
49870137,49804374,0,6789.0
49870137,49846016,0,6789.0
49870270,49858017,0,19386.0
49870398,1443727153,0,2513.0
49870940,641054075,0,9939.0
49870944,49827157,0,6247.0
49871037,49748223,0,29725.0
49871037,1443727090,0,2766.0
49871189,49750268,0,5789.0
49871225,49797366,0,5789.0
49871679,49765709,0,3020.0
49871679,49888300,0,3020.0
49871713,49785425,0,31566.0
49871713,9111790621,0,23241.0
49871743,49800308,0,20734.0
49871743,9526260024,0,23241.0
49871840,49860975,0,3108.0
49871865,49775884,0,3108.0
49871865,49788157,0,3108.0
49872984,49860391,0,5946.0
49872984,642886863,0,5946.0
49873430,1484481646,0,3080.0
49873688,12143083687,0,20844.0
49873931,2765475179,0,29140.0
49874047,49792380,0,4361.0
49874092,49874112,0,4361.0
49874112,49747325,0,4567.0
49874112,49757503,0,4361.0
49875098,49848820,0,4336.0
49875098,911590642,0,4336.0
49875116,49877985,0,21648.0
49875208,49776772,0,1971.0
49875799,49795949,0,9306.0
49876097,49843167,0,29140.0
49876232,49753280,0,20844.0
49876232,10724747586,0,20844.0
49876468,644537718,0,6826.0
49877840,1017391864,0,19836.0
49877844,1017489190,0,5541.0
49877875,49773597,0,5541.0
49877985,49877989,0,21648.0
49877989,49776082,0,21648.0
49878016,49773070,0,25570.0
49878016,49791642,0,25570.0
49878067,49770727,0,10581.0
49878067,49866407,0,10581.0
49878097,49809250,0,10581.0
49878097,49809762,0,7516.0
49878097,49865817,0,4876.0
49878271,49772633,0,4395.0
49878271,49780840,0,4395.0
49878328,49763581,0,4851.0
49878328,49789218,0,6435.0
49879655,642045030,0,23066.0
49879655,9335956402,0,112688.0
49880435,642043942,0,63565.0
49880689,641899078,0,112688.0
49881497,49747158,0,21078.0
49881497,49784189,0,2354.0
49881497,12305015449,0,2354.0
49881897,49819077,0,4208.0
49882039,49765273,0,13024.0
49882225,49851719,0,2304.0
49882269,1243974177,0,30610.0
49882295,49809222,0,30610.0
49882315,49882303,0,30610.0
49882353,49882347,0,30610.0
49882385,49882369,0,30610.0
49882399,5533679477,0,30610.0
49883050,646216499,0,4511.0
49883189,49814006,0,3670.0
49883599,49849087,0,6890.0
49883685,49839912,0,7406.0
49884225,49772362,0,7471.0
49884234,49760367,0,18607.0
49884361,49897656,0,15964.0
49884932,49780129,0,8356.0
49884932,49789979,0,8356.0
49884991,49873649,0,8356.0
49884991,49884995,0,8356.0
49884995,49789532,0,8356.0
49885034,49786183,0,8356.0
49885034,49811242,0,8356.0
49885123,49761675,0,8356.0
49885123,49761678,0,3020.0
49885123,49785930,0,8356.0
49886257,49765828,0,7599.0
49886257,49792321,0,7599.0
49886257,49847299,0,4567.0
49886257,49850938,0,4567.0
49886287,49782406,0,4567.0
49886475,13265637013,0,26421.0
49886483,49825128,0,3457.0
49886535,49774426,0,2780.0
49887616,49765828,0,7599.0
49887616,12477168156,0,7599.0
49888275,49811666,0,3020.0
49888300,49796229,0,18804.0
49888305,49765709,0,3020.0
49888305,3798943041,0,3020.0
49888809,49888810,0,17476.0
49888946,49723515,0,9240.0
49888946,49885650,0,17655.0
49889050,49873688,0,20844.0
49889179,2616277023,0,2625.0
49889997,49809841,0,6900.0
49891625,3369093920,0,4570.0
49891625,3369093934,0,4570.0
49892134,49789013,0,16334.0
49892141,49892134,0,16334.0
49892640,49744162,0,15055.0
49892770,49733440,0,1156.0
49892793,642437008,0,120867.0
49892793,3006052174,0,36514.0
49892879,49892886,0,147295.0
49892886,49892898,0,147295.0
49892886,49896523,0,7828.0
49892898,49723005,0,30622.0
49892898,486891251,0,147295.0
49894598,3005239459,0,22352.0
49895276,4635639616,0,14818.0
49896523,49738617,0,3416.0
49896523,622721602,0,4412.0
49899084,49730806,0,870.0
50551283,49783901,0,12443.0
50696293,1520613839,0,11765.0
50824297,1472831046,0,22333.0
262251165,818295659,0,19539.0
262430493,49735030,0,68278.0
262542282,49762286,0,14326.0
262542282,49799834,0,3262.0
262550683,49728201,0,9968.0
297108981,3066628516,0,42967.0
306513250,306513257,0,28753.0
387940793,49761570,0,25727.0
387940793,49761574,0,25727.0
387940793,388401645,0,1615.0
393463842,49768346,0,2725.0
448223299,49768248,0,20555.0
448223299,49768258,0,20555.0
486888915,49849794,0,9698.0
486891251,3005325304,0,164773.0
487046296,609358011,0,32788.0
520059507,3004033608,0,32788.0
520066771,4015442034,0,22809.0
520066771,8427531414,0,23002.0
520068043,661598115,0,4147.0
520068043,4015527453,0,32788.0
520070571,520068043,0,32788.0
520072065,49732286,0,29549.0
520072065,49745618,0,35344.0
520072065,2504806041,0,29549.0
610608392,49748539,0,19312.0
610608625,3660947569,0,32408.0
622720245,49732286,0,22651.0
622720970,3005831881,0,15174.0
622721012,3005713074,0,2228.0
622721609,49849410,0,147295.0
633923743,49797543,0,4616.0
633923743,641073443,0,8432.0
633923936,49741709,0,6659.0
634011173,641110826,0,23366.0
635118613,49773537,0,11888.0
637994550,646229968,0,156221.0
638062063,1365013798,0,30486.0
638093913,49771453,0,6795.0
638150141,49751422,0,13507.0
638150141,4163822271,0,13507.0
638210713,49726196,0,10248.0
638210713,5558783200,0,37130.0
638210869,49726250,0,53154.0
638211057,638210863,0,15833.0
638211057,3007042426,0,24723.0
638452596,49839137,0,3716.0
638452596,638452556,0,3716.0
638462911,645963089,0,52031.0
638462911,1942042422,0,52031.0
638789448,49856097,0,17564.0
638898969,49771668,0,17205.0
638898969,49771748,0,17205.0
638905411,3000430293,0,16572.0
638905427,49795318,0,18337.0
638915929,49847215,0,11721.0
639298273,3657250009,0,9654.0
639381973,641899767,0,54608.0
639388319,49734492,0,11315.0
639388319,49777288,0,11315.0
639415425,5277584187,0,131070.0
639415544,646190841,0,9240.0
639446270,1574783989,0,112688.0
639446397,646190777,0,131070.0
639446410,639446418,0,131070.0
639446410,646190854,0,3678.0
639446418,49762510,0,136672.0
639446469,639446410,0,102954.0
639446469,646190624,0,14989.0
639496379,49723981,0,136672.0
639496379,646216531,0,2177.0
640613646,49731762,0,2741.0
640613646,1443726987,0,3414.0
640614344,1488078428,0,20282.0
640614764,49744137,0,15055.0
640712834,49791126,0,12824.0
640712834,640712600,0,12824.0
640732689,49743937,0,25607.0
640784730,640784706,0,7396.0
640965915,641119877,0,21047.0
640965915,4001438057,0,27375.0
641045615,641045626,0,21487.0
641045626,641087412,0,19302.0
641045928,641068134,0,17018.0
641046306,3007042409,0,4428.0
641046525,12369816176,0,42967.0
641056116,641045615,0,8558.0
641056144,641056150,0,25088.0
641056165,641056176,0,17018.0
641056165,641068246,0,25088.0
641056176,641056116,0,17789.0
641056176,641056211,0,25577.0
641056211,641056242,0,29857.0
641056242,641107725,0,37303.0
641068023,641068039,0,29857.0
641068023,641073343,0,17018.0
641068039,641045626,0,27067.0
641068134,641068246,0,17018.0
641073272,641073343,0,12193.0
641073343,641045928,0,17018.0
641073443,641073272,0,27067.0
641073443,641073478,0,1370.0
641073478,641056242,0,3160.0
641087352,5542842959,0,14011.0
641087412,49722994,0,24277.0
641087412,641087352,0,5133.0
641107649,641120840,0,1909.0
641107656,641107649,0,62909.0
641107659,641107672,0,7065.0
641107667,634784054,0,11380.0
641107667,641107671,0,7065.0
641107677,641107749,0,6577.0
641107677,2461134264,0,3717.0
641107725,641107677,0,10295.0
641107725,641107811,0,44749.0
641107784,641119865,0,9939.0
641107811,641107784,0,53829.0
641107811,1381251700,0,7357.0
641110765,641112559,0,9939.0
641110826,641107656,0,1074.0
641112572,5678291406,0,62909.0
641112578,641107784,0,21739.0
641112590,641112578,0,2029.0
641112617,641112578,0,21739.0
641116183,49813356,0,13953.0
641116185,641116188,0,18978.0
641116213,49745636,0,21913.0
641116215,49793759,0,5343.0
641116215,9983605756,0,5343.0
641116216,49842930,0,13598.0
641116224,641116239,0,23140.0
641116225,49870903,0,10014.0
641116229,641116231,0,23140.0
641116247,641116233,0,23140.0
641116259,49895276,0,10014.0
641116270,49797579,0,4616.0
641116271,49793777,0,9911.0
641116278,49797586,0,4616.0
641116283,49809168,0,10236.0
641116291,641116293,0,7490.0
641116293,49765145,0,7490.0
641119722,641119730,0,49911.0
641119865,640965915,0,37593.0
641119865,641119877,0,8295.0
641119877,49845863,0,21047.0
641120840,640809773,0,10568.0
641120840,706911255,0,10568.0
641127585,641127591,0,8432.0
641127586,49799834,0,2707.0
641127587,641127594,0,11379.0
641127591,49762331,0,3176.0
641127601,11260344012,0,8432.0
641127613,49722994,0,11893.0
641127613,3007959508,0,8432.0
641127623,49762184,0,11380.0
641899078,639446270,0,112688.0
641899078,9929957620,0,4946.0
641899748,522279711,0,54608.0
641912668,9111384818,0,42655.0
641939501,5362316449,0,39463.0
641939523,49814910,0,2703.0
641939523,641939540,0,41059.0
641964562,641964569,0,720.0
641964562,3000712327,0,15690.0
641964786,641964798,0,2847.0
641964786,3000563551,0,2799.0
641964879,49757901,0,21850.0
641964879,641968474,0,15690.0
641964881,49850651,0,21850.0
641965169,49720155,0,14124.0
641965169,49826524,0,7516.0
641965271,641965070,0,5978.0
641965296,641965187,0,5978.0
641965296,641965315,0,26065.0
641968474,3000563555,0,15690.0
642043942,49880524,0,94406.0
642044216,642044241,0,13560.0
642044241,642044965,0,16556.0
642044249,642044216,0,21612.0
642044296,49765648,0,4615.0
642045030,642044476,0,16556.0
642334066,49722409,0,12153.0
642395689,49750161,0,6785.0
642395689,49826596,0,5536.0
642421191,642436911,0,38833.0
642421214,49792806,0,17364.0
642421214,641965104,0,10106.0
642436243,3006052174,0,3677.0
642436265,641964786,0,5646.0
642436265,642436300,0,120867.0
642436911,642436300,0,35967.0
642436911,3000719033,0,2771.0
642437008,49892879,0,120867.0
642486350,49765018,0,6752.0
642559628,49754463,0,16572.0
642563700,3001019038,0,1037.0
642563716,49735022,0,18333.0
642563716,642563700,0,6362.0
642586207,49793537,0,9793.0
642586207,6697945789,0,25578.0
642586818,49728636,0,17459.0
642586818,642586839,0,50372.0
642586839,49728646,0,32791.0
642604582,13790270451,0,16423.0
642604672,49841768,0,16423.0
642604672,642604676,0,915.0
642604676,49748241,0,915.0
642685070,49818147,0,6931.0
642685931,12607592136,0,16572.0
642701813,49841197,0,7431.0
642701953,49742370,0,4286.0
642701960,49742388,0,4286.0
642816712,642816856,0,10841.0
642816801,642816850,0,22778.0
642816826,49823944,0,11801.0
642817438,1006151901,0,18322.0
642817442,49812992,0,982.0
642817892,49812906,0,62909.0
642818418,49812698,0,62909.0
642818418,49812744,0,62909.0
642858825,49731303,0,2000.0
642885424,49732235,0,32321.0
642885426,49727785,0,24838.0
642885430,49731659,0,2778.0
642886863,49872984,0,5946.0
642909941,49730831,0,19628.0
642909941,49730840,0,25167.0
642909941,49765376,0,12806.0
644467540,49767041,0,27308.0
644467540,5019442992,0,27308.0
644504210,49778679,0,13915.0
644504380,3372255996,0,24201.0
644537718,49876468,0,6272.0
644537718,1014102329,0,6826.0
644542318,806521028,0,24176.0
645963040,645964157,0,51469.0
645963446,49844804,0,11281.0
645963551,3001460941,0,11596.0
645964147,4643541070,0,30025.0
646030887,1385421390,0,13644.0
646030930,1385421390,0,13644.0
646031092,49719235,0,13644.0
646031208,5250644776,0,70091.0
646031235,646031208,0,70091.0
646031256,646031235,0,70091.0
646031404,49719230,0,70091.0
646031463,646030967,0,70091.0
646031626,1366265381,0,70091.0
646064675,646064693,0,367.0
646064675,646064731,0,35194.0
646064731,646077010,0,70982.0
646065021,646031052,0,70102.0
646065254,646065283,0,70102.0
646065283,646064675,0,70102.0
646077004,646076994,0,36437.0
646077010,646077004,0,20169.0
646077325,1458922863,0,36437.0
646190449,49780915,0,16344.0
646190449,646190530,0,18607.0
646190499,639415425,0,4423.0
646190619,646190621,0,18607.0
646190621,646190846,0,18607.0
646190639,49723519,0,9240.0
646190639,646190646,0,18607.0
646190646,49785838,0,41949.0
646190777,639415425,0,131070.0
646190777,646190619,0,9684.0
646190836,646190840,0,41949.0
646190840,639415539,0,9240.0
646190842,646190844,0,18607.0
646190844,49721760,0,17907.0
646190844,646190846,0,18607.0
646190846,49721776,0,3336.0
646190856,639446397,0,9990.0
646190856,646190449,0,18607.0
646202862,646216721,0,22775.0
646216506,646216756,0,29305.0
646216531,49729507,0,20849.0
646216604,49735074,0,3268.0
646216721,49721699,0,12039.0
646216756,646216531,0,29218.0
646216885,49738826,0,19272.0
646216885,49748847,0,10553.0
646229586,49729407,0,33643.0
646229589,646229800,0,6944.0
646229618,49728756,0,7277.0
646229744,49720010,0,3136.0
646229744,49737508,0,118471.0
646229800,646229803,0,7989.0
646229803,637994550,0,3063.0
646229968,639496379,0,156221.0
646246037,646246180,0,117303.0
646246180,646246183,0,118471.0
646246183,637994550,0,80453.0
647026051,3001434616,0,29725.0
647026051,5556599909,0,25795.0
647026143,647026289,0,19971.0
647026143,3001288930,0,25578.0
647026202,647026222,0,19971.0
647026289,49774070,0,7060.0
647030730,647030736,0,42309.0
647030731,647030730,0,42309.0
647030736,49780038,0,8293.0
647030736,647030741,0,25795.0
647030741,647030732,0,25795.0
647030743,49890377,0,25795.0
647030743,647026051,0,25795.0
647030747,49748802,0,30025.0
647031927,645964157,0,51469.0
647031927,12974478445,0,17212.0
647043625,49774851,0,3843.0
647043625,647044393,0,42309.0
647043628,647044610,0,42309.0
647043642,647043876,0,50559.0
647043651,647043776,0,50559.0
647043654,14073359321,0,50559.0
647043710,647043808,0,50559.0
647043735,12864732635,0,50559.0
647043785,647043776,0,50559.0
647043839,647043648,0,50559.0
647043839,647043864,0,50559.0
647043864,647043876,0,50559.0
647043964,647044168,0,1318.0
647044100,49775514,0,36276.0
647044100,1364971555,0,36276.0
647044168,49774864,0,1318.0
647044168,647043964,0,1865.0
647044279,1364987317,0,42309.0
647044393,49817387,0,3060.0
647044393,647044802,0,42309.0
647044670,647030731,0,42309.0
647044802,647044670,0,42309.0
647053707,49732368,0,14991.0
647053711,647053707,0,14991.0
647053755,647053766,0,18546.0
647053755,647057842,0,1089.0
647053766,647057913,0,18546.0
647053768,5853518577,0,22772.0
647053898,647053909,0,18546.0
647053898,647057856,0,2960.0
647057819,647057958,0,32167.0
647057833,647053766,0,2328.0
647057842,647079625,0,41562.0
647057856,647057833,0,41562.0
647057913,647057819,0,509.0
647057958,647058032,0,815.0
647058077,647053909,0,203.0
647058077,647057856,0,41562.0
647058091,49723707,0,2460.0
647058091,647057819,0,41562.0
647058100,647058091,0,41562.0
647069208,4001002050,0,22772.0
647069230,49732854,0,11937.0
647069422,49717981,0,8062.0
647069598,49765303,0,13024.0
647069687,49723815,0,81.0
647069744,49867524,0,6435.0
647069744,647069286,0,8450.0
647079625,4536989512,0,392.0
647079649,49720844,0,150.0
647079692,9624808826,0,41562.0
647081858,647079692,0,163.0
647084261,647087553,0,41053.0
647087539,647087541,0,41053.0
647099001,49782669,0,13073.0
647241451,4365479391,0,40032.0
647320588,49761727,0,3666.0
647320588,49802065,0,7347.0
647320588,49831352,0,22616.0
647584811,49748779,0,28644.0
647594351,49824184,0,7719.0
647594353,49742308,0,3784.0
647594353,647594354,0,6753.0
647594359,647594363,0,13856.0
647622726,49824748,0,7490.0
647628098,7814277237,0,3258.0
647628141,876615199,0,31886.0
649839158,1471746324,0,19349.0
649839456,49782697,0,3299.0
649839456,649839521,0,30102.0
649839521,649841275,0,30102.0
649839769,1484269578,0,30102.0
649839841,649839769,0,30102.0
649840206,649840226,0,6680.0
649840226,49751822,0,6680.0
649840854,6773145572,0,19349.0
649841275,649839841,0,30102.0
650017956,6356072274,0,9510.0
650017980,650017981,0,3749.0
650017981,1440554138,0,3749.0
652905775,49747325,0,4567.0
652905997,3601521522,0,14991.0
653945654,49733731,0,27438.0
653947544,49744168,0,12962.0
655247774,49762191,0,4362.0
655247774,3669554862,0,1724.0
655247774,3669554868,0,4362.0
655247775,49803715,0,4965.0
655247775,3669554865,0,11629.0
655442805,49792211,0,9990.0
655442818,49776452,0,3749.0
655442833,49773925,0,4312.0
655442833,49823732,0,16502.0
655442836,49843253,0,24267.0
655442839,655442840,0,24267.0
655442840,655442836,0,24267.0
655442842,655442844,0,24267.0
655442844,655448766,0,16670.0
655442847,655442852,0,16502.0
655442848,49750455,0,6266.0
655442855,49791954,0,9970.0
655442855,3995435800,0,24267.0
655442857,655447494,0,24267.0
655448755,49754994,0,4182.0
655448762,49789492,0,9306.0
655448766,655448767,0,7471.0
655661987,655691335,0,518.0
655662190,655662364,0,16120.0
655662190,6777089497,0,16120.0
655662337,49885288,0,13980.0
655662473,655662482,0,13980.0
655662477,655662337,0,13980.0
655662481,11198264287,0,13980.0
655662482,655662481,0,13980.0
655662483,13565725771,0,13980.0
655662484,49722454,0,13980.0
655662484,49790386,0,1463.0
655662499,655662190,0,16120.0
655662508,49764877,0,6752.0
655680330,655680518,0,18584.0
655680360,655680330,0,18584.0
655680486,655680602,0,22267.0
655680518,655680667,0,18584.0
655680602,655680623,0,22267.0
655680623,5277494819,0,22267.0
655680677,655680486,0,22267.0
655680757,4935980603,0,6883.0
655680757,5204545200,0,18584.0
655691335,49886372,0,2706.0
657211757,657211855,0,12824.0
657211757,657211859,0,12824.0
657211855,49768392,0,5526.0
657211859,640712806,0,12824.0
661597919,1364072685,0,164773.0
663508699,49786453,0,14224.0
663508771,1233276142,0,12591.0
673025728,49806608,0,4570.0
705647622,49763154,0,4597.0
705647622,705647741,0,20982.0
705647680,13650886150,0,8366.0
705647736,10689662811,0,20982.0
705647757,49744895,0,4470.0
706911253,49870944,0,37593.0
726995464,1468892563,0,8245.0
726995586,49750640,0,3670.0
747819126,49768346,0,2725.0
747819126,49768357,0,2725.0
768973159,49779980,0,17476.0
775930987,49758359,0,25565.0
783623535,49745305,0,12575.0
783623535,49813494,0,10009.0
783623535,1439584653,0,12575.0
783625728,49746439,0,7778.0
783625728,11563313321,0,1912.0
806520511,49799318,0,13507.0
806520511,1218534917,0,13507.0
806520748,49753534,0,9000.0
806520748,49858932,0,9000.0
806521182,49753534,0,4269.0
806521182,49753547,0,4269.0
818295659,3281966191,0,20504.0
818295727,818295758,0,20504.0
818298885,8867986126,0,3953.0
822984540,49745183,0,13037.0
823068170,49831408,0,1343.0
829675288,1379505588,0,22885.0
864941629,49762143,0,2725.0
864941629,49768334,0,2725.0
864941667,3657251443,0,1971.0
876615194,876615199,0,31886.0
876615194,1363151612,0,31886.0
876615209,610608392,0,31886.0
876615335,49764271,0,10408.0
876615362,49745629,0,29858.0
876615376,2629963167,0,16748.0
876652192,49749047,0,3662.0
876652349,876652192,0,15615.0
876652521,953417089,0,15897.0
900114288,49794032,0,4297.0
911590644,49759155,0,25167.0
911591836,49797942,0,16772.0
911591836,1013430031,0,16772.0
937306317,937306423,0,2725.0
937306317,3657251446,0,2725.0
937306423,49768301,0,2725.0
937306541,49768309,0,2725.0
937306541,49768314,0,2725.0
953416970,876652407,0,15897.0
953417089,1469992101,0,15495.0
958981230,645963060,0,19386.0
958991607,49809698,0,12531.0
958991607,49877840,0,19836.0
965754980,49770691,0,2600.0
965766226,9088107698,0,4368.0
965766236,965766226,0,3033.0
971094631,971094753,0,5064.0
1004264138,1004263953,0,12110.0
1004264138,1004809376,0,12110.0
1004776588,49820699,0,27634.0
1004776680,13726208131,0,8010.0
1004809376,1004264138,0,12110.0
1004809645,49753197,0,6003.0
1004809645,49820692,0,27634.0
1004809645,1004809376,0,12110.0
1004839834,49882269,0,30610.0
1006151901,49813125,0,5178.0
1006158468,49774628,0,8010.0
1009113524,49724252,0,936.0
1009113524,49775530,0,36276.0
1012017754,49790301,0,6826.0
1012017763,49818900,0,6826.0
1012017912,3370866916,0,7396.0
1013367228,49802597,0,16588.0
1013367273,49802633,0,13491.0
1013367273,49802664,0,13491.0
1013367404,49804253,0,8025.0
1013396278,3370911592,0,40737.0
1013396332,1013396337,0,33063.0
1013429968,49851445,0,6272.0
1013429968,49852910,0,6272.0
1013430031,49789362,0,16772.0
1017220740,2765545482,0,27476.0
1017391864,1017391844,0,3287.0
1017391970,1017391974,0,22572.0
1017489190,49749394,0,11286.0
1017489190,49877844,0,5541.0
1017621632,49774952,0,11721.0
1017621632,49847215,0,11721.0
1017662089,49844050,0,1429.0
1021561599,49765285,0,13024.0
1021561602,49789264,0,22059.0
1030456645,3657249997,0,14991.0
1107060284,49743817,0,6219.0
1107060284,1107060283,0,6219.0
1218534935,1218534926,0,13507.0
1233276142,663508699,0,12591.0
1239327284,2491649333,0,6707.0
1240476053,49770789,0,23681.0
1240476057,49770640,0,9004.0
1241590295,49800247,0,20460.0
1243960522,49765167,0,7815.0
1243974048,1243974324,0,30610.0
1243974109,2046464958,0,7815.0
1243974139,49797620,0,17609.0
1243974350,49780026,0,10127.0
1360061145,49789342,0,21052.0
1360061145,49789347,0,14531.0
1360061145,49851445,0,8010.0
1360061299,11347623954,0,12819.0
1362307921,706911255,0,10568.0
1363151543,49748539,0,31886.0
1363151551,647628141,0,17918.0
1363151551,9136825795,0,17918.0
1363151578,9320542359,0,31886.0
1363151612,49865774,0,7568.0
1364072693,3001694510,0,14755.0
1364961086,49748066,0,25570.0
1364961086,49775536,0,25570.0
1364961087,1364961085,0,28773.0
1364961088,49775545,0,11281.0
1364961088,1364961087,0,28773.0
1364961091,49773049,0,4920.0
1364961094,1364961090,0,4920.0
1364961095,1364961090,0,30740.0
1364961100,3998708781,0,16748.0
1364961101,1364961100,0,18078.0
1364961102,49780087,0,482.0
1364961102,1364961107,0,27257.0
1364961105,49796993,0,12531.0
1364961105,1364961115,0,27257.0
1364961107,49796993,0,2331.0
1364961115,1364961095,0,27257.0
1364971554,647043994,0,27223.0
1364987325,49791610,0,936.0
1364987325,1364971556,0,10665.0
1364989296,49741160,0,3647.0
1364989308,49860013,0,1110.0
1364989367,49770161,0,27223.0
1365013783,1365013787,0,22354.0
1365013784,49804197,0,4567.0
1365013784,1365013783,0,22354.0
1365013785,49758362,0,25565.0
1365013786,1365013785,0,22354.0
1365013787,1365013786,0,22354.0
1365013788,49806784,0,5170.0
1365013788,1365013791,0,30486.0
1365013789,4629708498,0,30486.0
1365013790,1365013789,0,25565.0
1365013791,49845161,0,5981.0
1365013791,1365013797,0,30486.0
1365013797,49844377,0,30486.0
1365013798,5966168898,0,30486.0
1365050114,1365050121,0,22354.0
1366265408,1366265378,0,70091.0
1366288772,1366288778,0,31061.0
1366288772,1366288824,0,3430.0
1366288824,49858119,0,3430.0
1367470208,1367470207,0,8987.0
1375406091,1375406094,0,14902.0
1375406094,49790041,0,2676.0
1375406095,49754499,0,14902.0
1377274943,1365050119,0,22354.0
1379443774,4618716073,0,22572.0
1379471024,49741740,0,4066.0
1379471223,1379471147,0,26626.0
1379471232,1440867110,0,26626.0
1379471556,1379496002,0,22885.0
1379495867,2456210938,0,3258.0
1379549941,1379549932,0,24176.0
1381204541,641116270,0,4616.0
1381204541,1381210497,0,10932.0
1381210497,49741703,0,6659.0
1381212154,49777677,0,9911.0
1381212154,49777853,0,13247.0
1381216023,49827624,0,10202.0
1381307995,49741673,0,6659.0
1381307995,49797543,0,3262.0
1381307996,49762264,0,1836.0
1381307996,1381307995,0,6659.0
1381307998,1381204541,0,4616.0
1381307998,1381212154,0,10202.0
1381307999,49764296,0,10932.0
1381307999,4325552563,0,5320.0
1385421390,646031463,0,13644.0
1386997331,49756177,0,8362.0
1386997331,49782010,0,36437.0
1386997331,49788812,0,27308.0
1386997334,8270190290,0,36437.0
1386997336,1386997338,0,36437.0
1386997338,1386997339,0,36437.0
1387045610,937306054,0,20555.0
1387057053,49781457,0,17734.0
1387942610,49774382,0,25167.0
1394275827,647628098,0,31886.0
1410659658,49734469,0,36437.0
1414228533,1013367482,0,13491.0
1439584653,49764453,0,6209.0
1439584653,5698252199,0,17847.0
1439840030,49798595,0,5789.0
1439840033,49751361,0,12519.0
1439840038,3900811259,0,32166.0
1440554109,49744587,0,11315.0
1440554109,49761968,0,3073.0
1440554138,1443727067,0,3749.0
1440867104,49789471,0,1595.0
1440867104,49831085,0,1595.0
1440867110,1379471024,0,26626.0
1440867114,1379505465,0,10581.0
1440867117,49773577,0,4071.0
1440867117,2670838647,0,4071.0
1440867164,49761678,0,14940.0
1443170227,49739585,0,1884.0
1443482346,49777259,0,14649.0
1443482346,1443482362,0,31061.0
1443482366,1443482419,0,31061.0
1443482370,49771689,0,17205.0
1443482373,1443482366,0,17205.0
1443482376,1443482391,0,10797.0
1443482391,646031256,0,51469.0
1443482419,7554685701,0,31061.0
1443726987,1443726988,0,3414.0
1443726989,1443726988,0,2741.0
1443726989,1443726990,0,1246.0
1443726990,1443726991,0,1246.0
1443726991,1443726990,0,1246.0
1443726991,1443727007,0,1246.0
1443726997,1443726988,0,3414.0
1443727005,49773756,0,3414.0
1443727005,1443726997,0,3414.0
1443727009,49790448,0,1246.0
1443727009,1443727007,0,1246.0
1443727011,49773756,0,3414.0
1443727011,1443727013,0,3414.0
1443727013,49756921,0,7166.0
1443727013,1443727011,0,3414.0
1443727015,1443727013,0,3414.0
1443727015,1443727020,0,3414.0
1443727020,1443727015,0,3414.0
1443727055,655680519,0,2609.0
1443727058,1443727055,0,2609.0
1443727066,1443727058,0,2609.0
1443727067,1443727068,0,3749.0
1443727068,49792145,0,3749.0
1443727088,49741703,0,2584.0
1443727088,49824719,0,2707.0
1443727090,49777650,0,2766.0
1443727092,49796970,0,2331.0
1443727093,49796975,0,2331.0
1443727094,49773040,0,2331.0
1443727105,818298885,0,3953.0
1443727116,49748094,0,2100.0
1443727117,49767498,0,3473.0
1443727118,49840033,0,11721.0
1443727118,49849187,0,11721.0
1443727118,1443727117,0,11721.0
1443727119,1443727117,0,11721.0
1443727126,1443727119,0,11721.0
1443727154,49821508,0,4567.0
1444897263,4629645129,0,42967.0
1447308552,13650509872,0,9240.0
1447308552,13650509878,0,9240.0
1447308555,49752115,0,27634.0
1447308555,49816771,0,28338.0
1447308555,12305015411,0,2354.0
1458420676,49717411,0,16772.0
1458420676,49735150,0,2739.0
1458420676,49825427,0,2739.0
1458922865,1386997334,0,36437.0
1458950705,4079385849,0,10076.0
1458951146,3243860596,0,10076.0
1458951483,1458951487,0,10076.0
1459468250,49793949,0,4008.0
1462032099,49773671,0,3414.0
1466244831,49760552,0,10823.0
1466244831,1456450079,0,10823.0
1466515795,3656193304,0,20282.0
1467726006,49763342,0,12824.0
1467726011,640712600,0,12824.0
1468892563,49798544,0,4642.0
1468892563,2999124269,0,20282.0
1468892578,49756802,0,3670.0
1468892578,2000698376,0,3670.0
1469285961,49816594,0,10886.0
1469992101,953417089,0,15897.0
1471746324,2805580901,0,19349.0
1472639198,649839280,0,19349.0
1472831067,1472831128,0,12443.0
1472831199,49793889,0,22333.0
1472831199,3381778777,0,22333.0
1472831218,649839158,0,19349.0
1473511592,49755530,0,7111.0
1475737793,49776497,0,9240.0
1479893400,646216506,0,22725.0
1479893407,1479893400,0,22725.0
1482962009,49746194,0,6680.0
1484269578,9300516161,0,18968.0
1484481494,7802243127,0,34015.0
1484481512,49765992,0,9437.0
1484481646,49873430,0,3080.0
1484481777,49852766,0,33643.0
1484482233,49769313,0,18968.0
1484482233,1484482232,0,18968.0
1484482239,49794047,0,19446.0
1484482239,1484482232,0,19446.0
1484785680,49744199,0,12962.0
1484785680,49744209,0,12962.0
1485037087,1469285961,0,10886.0
1486524123,49798763,0,10886.0
1486524123,1485037087,0,10886.0
1488078428,49716503,0,20282.0
1488176337,49732921,0,11932.0
1488176559,49735119,0,11932.0
1489216475,1489220556,0,11932.0
1489216476,1489216475,0,11932.0
1492729466,49749917,0,11934.0
1493824960,1493824959,0,1352.0
1493824966,49749851,0,1352.0
1496817413,49744068,0,15055.0
1497928123,49828394,0,7802.0
1499499879,49804653,0,6827.0
1499921551,1499921548,0,18212.0
1499921562,1499921551,0,18212.0
1499921562,1499921620,0,18212.0
1502527055,10088243535,0,16334.0
1502527107,10088243549,0,18991.0
1502527201,3369181715,0,24901.0
1502527421,49860181,0,4208.0
1506916922,49773840,0,4602.0
1506916922,1462032099,0,3414.0
1520613839,50696293,0,11765.0
1564556245,49744075,0,15055.0
1564708943,49744199,0,12962.0
1574598092,49729551,0,22775.0
1574783762,49749838,0,11315.0
1574783762,5277489314,0,3375.0
1574783781,3872958273,0,2900.0
1574783781,5277494828,0,5543.0
1574783989,2292207533,0,26862.0
1574783989,5277489271,0,97292.0
1600549262,262249791,0,19640.0
1645991534,647622728,0,7687.0
1645991534,1379549941,0,24176.0
1740763163,641116243,0,23140.0
1740764624,11261031475,0,6958.0
1747739851,49858173,0,25932.0
1804420109,49859632,0,3153.0
1804420112,49734616,0,9828.0
1805010059,647057946,0,1302.0
1929135345,49880435,0,5888.0
1942042422,49848639,0,52031.0
2000698376,49741471,0,7166.0
2000698376,1439840030,0,7166.0
2000698376,1468892578,0,3670.0
2000698376,2000698379,0,3670.0
2000698377,2000698379,0,3670.0
2019659633,49755774,0,1856.0
2019659633,49791809,0,9000.0
2019659645,49748460,0,18408.0
2019659645,2019659633,0,1856.0
2027049957,49742208,0,19777.0
2027049957,49799512,0,4109.0
2046464958,49764801,0,7815.0
2046464958,1243974109,0,7815.0
2099955610,49740162,0,7953.0
2131533994,49759002,0,6389.0
2131534030,49759000,0,6389.0
2136710693,2136710697,0,7084.0
2136710694,2136710711,0,7084.0
2136710701,2136710700,0,7084.0
2136710705,2136710702,0,7084.0
2136710709,2136710705,0,7084.0
2202288045,49730129,0,20844.0
2286013912,49793526,0,11801.0
2292207533,1574783762,0,3842.0
2292207533,5277489314,0,131070.0
2305183785,49765108,0,5265.0
2305183793,49765113,0,14452.0
2305183793,49770715,0,14452.0
2377417309,49741027,0,14166.0
2382621917,49746274,0,1284.0
2382621917,9590909203,0,1284.0
2399740768,49807113,0,6194.0
2428508011,49739603,0,12187.0
2428508041,49744691,0,15946.0
2428510053,49739609,0,1884.0
2428510056,49739633,0,14902.0
2440761314,774340109,0,7394.0
2444588205,49756006,0,11997.0
2456210941,49845726,0,11474.0
2456351013,49721277,0,5884.0
2456351034,2456351043,0,2945.0
2456351037,2456351013,0,2945.0
2456351043,49772313,0,2577.0
2456351046,2456351058,0,2945.0
2462376171,49731508,0,15948.0
2462383188,49765234,0,9968.0
2491649333,5354498641,0,14767.0
2502976209,49777586,0,7028.0
2504794158,2504806041,0,28644.0
2504794158,8325310264,0,18981.0
2504806041,2504794158,0,28644.0
2504806041,8245233135,0,12214.0
2531717397,2531717398,0,12443.0
2531717398,639549209,0,12443.0
2531717398,2531717397,0,12443.0
2616277023,49889179,0,2625.0
2616277054,49737457,0,5895.0
2616277054,2616277092,0,5895.0
2616277092,1109925312,0,5895.0
2616277092,2616277054,0,5895.0
2628817381,642586839,0,13815.0
2628824366,2628817381,0,10332.0
2628824368,11263001104,0,17923.0
2629963166,655247775,0,4965.0
2629963166,2696812482,0,4965.0
2670838647,5851387630,0,3287.0
2696812482,49810831,0,16820.0
2732992383,3657250012,0,6707.0
2765102969,3665453332,0,29140.0
2765102971,49723366,0,29140.0
2765102974,2765102972,0,29140.0
2765102976,49843171,0,29140.0
2765102976,49876097,0,29140.0
2765102978,49822649,0,29140.0
2765102984,49800092,0,29140.0
2765102985,49843177,0,29140.0
2765475173,49752540,0,29140.0
2765475177,49843183,0,29140.0
2765475187,49843191,0,29140.0
2765475194,49752363,0,1429.0
2765475195,49843195,0,25412.0
2765545457,49843103,0,27476.0
2765545462,49826390,0,27476.0
2765545472,49843112,0,27476.0
2765545489,49754714,0,27476.0
2765545489,49754724,0,663.0
2765545489,2765545486,0,27476.0
2765545510,49837894,0,838.0
2765545510,11267271743,0,27476.0
2765545520,49843151,0,29140.0
2791548484,49757896,0,2488.0
2805580901,2936616107,0,19349.0
2843194025,49738305,0,4286.0
2896016979,2896016983,0,15964.0
2896020514,49734574,0,15964.0
2896020535,49742737,0,15964.0
2896020536,49727233,0,15964.0
2896020566,49786690,0,15964.0
2896020572,2896020586,0,15964.0
2896020728,3835077728,0,15964.0
2896386314,3835077728,0,6736.0
2896386353,49775296,0,1615.0
2896386353,49851682,0,11872.0
2899430534,49748212,0,11187.0
2900167808,2900167806,0,19446.0
2911584529,49813404,0,4920.0
2911584529,49853943,0,2433.0
2921295148,49772551,0,8450.0
2921295148,2921295149,0,17031.0
2921295149,2921295150,0,17031.0
2921295153,2921295156,0,17031.0
2921295156,49789239,0,2759.0
2921295156,2921295164,0,13024.0
2921295166,49776928,0,2613.0
2921295172,49768181,0,24444.0
2921295172,49852777,0,4565.0
2921295174,1021561602,0,13024.0
2921295182,2921295181,0,13024.0
2921295183,2921295182,0,13024.0
2921295473,49851483,0,4573.0
2921295479,49825351,0,2739.0
2921295522,3370866947,0,9751.0
2921295524,2921295523,0,9751.0
2921295525,49745395,0,9751.0
2927432297,49751580,0,28338.0
2936616107,49819105,0,6827.0
2936616107,1472639198,0,19349.0
2956751419,2956751427,0,2706.0
2956751419,2956751438,0,2706.0
2956751424,262430827,0,23002.0
2974581214,1365050114,0,22354.0
2974581217,49770338,0,24201.0
2974581217,49788838,0,24201.0
2974621123,49797051,0,3963.0
2974621124,2974621123,0,3963.0
2975704779,49744867,0,2334.0
2987628345,49833236,0,5789.0
2994024590,2424854392,0,3092.0
2999124269,49716503,0,20282.0
2999124269,49731541,0,4123.0
2999157115,49770755,0,23358.0
2999157115,49770764,0,23358.0
2999157115,49793337,0,6962.0
3000138151,3000138182,0,18891.0
3000138182,622720245,0,18891.0
3000233170,5170081599,0,16120.0
3000323991,49802559,0,10114.0
3000323997,3000233153,0,16120.0
3000324000,622721609,0,77005.0
3000324140,9611883681,0,16120.0
3000430288,638905411,0,18337.0
3000430293,49794206,0,9690.0
3000563555,642436243,0,31257.0
3000712324,49716672,0,6314.0
3000712324,4951816813,0,15690.0
3000712327,641964569,0,1131.0
3000719033,641965013,0,15690.0
3001016695,49771469,0,6023.0
3001016701,3001019038,0,6011.0
3001016717,3001130394,0,6023.0
3001016717,3001375539,0,4355.0
3001016717,6541847546,0,6015.0
3001019038,49724086,0,2890.0
3001019038,49769661,0,6011.0
3001046648,3378222898,0,17923.0
3001130394,3001046648,0,6023.0
3001171736,3001166927,0,9793.0
3001171736,3001334967,0,12407.0
3001288930,49729902,0,1453.0
3001288930,647026143,0,25578.0
3001288930,3001305333,0,25578.0
3001288930,3151812441,0,10665.0
3001305032,642586207,0,25578.0
3001305032,3001305333,0,7961.0
3001334946,3001334967,0,8082.0
3001353534,3001353540,0,12407.0
3001353539,3001375539,0,3527.0
3001375539,49771475,0,1043.0
3001375539,3001016695,0,3879.0
3001375539,3001353539,0,3879.0
3001375547,3001016695,0,3879.0
3001375547,3010914572,0,11315.0
3001431211,49841754,0,13673.0
3001431211,645963548,0,13673.0
3001431544,49841754,0,13673.0
3001431544,49871037,0,29725.0
3001434616,647026051,0,29725.0
3001434616,3001431544,0,29725.0
3001434616,3151812441,0,10665.0
3001460941,49832286,0,11596.0
3001460941,645963556,0,10665.0
3001569202,49767189,0,9301.0
3001569202,3670756358,0,1871.0
3001683706,638462834,0,11596.0
3003882945,49748720,0,11707.0
3003882945,49802527,0,11707.0
3003933545,3831193898,0,42967.0
3003988396,641046522,0,53154.0
3004033608,49724179,0,32788.0
3004033609,520070571,0,5801.0
3004033609,3003932685,0,32788.0
3005239459,49894130,0,3749.0
3005325304,293571552,0,83320.0
3005643154,13731368857,0,10114.0
3005678324,49777566,0,7028.0
3005831881,49717612,0,12113.0
3005831881,49731670,0,11440.0
3005851841,486891251,0,14422.0
3005851841,3005851842,0,452.0
3005851842,49726875,0,20382.0
3006022047,49728646,0,52433.0
3006052161,641965315,0,23667.0
3006052174,642421214,0,39921.0
3006085744,49757909,0,3506.0
3006713664,655662477,0,13980.0
3007042395,638211057,0,24723.0
3007042395,13362893802,0,49223.0
3007425104,49800238,0,17335.0
3007587805,49778756,0,3952.0
3007587805,49789820,0,3952.0
3007762954,49738041,0,14326.0
3007959508,49741663,0,8432.0
3008009375,641127601,1,470.0
3010501240,622720245,0,3291.0
3010501240,5579961549,0,23002.0
3010525228,49724092,0,147295.0
3010525228,655661987,0,6415.0
3010649395,49777546,0,7028.0
3010649395,49777556,0,7028.0
3010649395,49855611,0,23877.0
3010649395,3010696905,0,23877.0
3010696885,3010698039,0,1329.0
3010698039,11262878015,0,4527.0
3010698039,13623430778,0,1329.0
3010914572,49730227,0,9982.0
3010914572,49769650,0,10938.0
3011107102,49757909,0,5449.0
3011273410,2999213638,0,1612.0
3011273410,11262878018,0,8893.0
3011273427,49748678,0,17923.0
3011273427,3011273410,0,25459.0
3011318694,49748168,0,7028.0
3011565315,3011566064,0,9383.0
3011565315,3012429749,0,9383.0
3011565329,3001569202,0,5898.0
3011565329,3011565315,0,9301.0
3012429028,49767189,0,3921.0
3012429028,49767194,0,3921.0
3012429749,3012535147,0,9383.0
3012535014,3012429028,0,9469.0
3012535014,3012429749,0,9469.0
3012535144,49767194,0,2155.0
3012535144,49772964,0,4089.0
3012535147,3012535007,0,14776.0
3012784288,49773027,0,17016.0
3012784288,49844812,0,3222.0
3012784288,774340109,0,3222.0
3012784288,3012784293,0,11018.0
3012829798,49734104,0,16748.0
3012829798,49845885,0,1961.0
3012829798,49845895,0,1961.0
3012829811,3012829798,0,16748.0
3013359740,49748733,0,4965.0
3013407820,49799633,0,7294.0
3013484875,3013484854,0,15762.0
3016605388,49799633,0,14693.0
3016605397,3016605388,0,14693.0
3016605397,3027616106,0,14776.0
3016605409,49732286,0,18057.0
3016605409,3016605397,0,14776.0
3023454834,49747251,0,6988.0
3023458022,49761793,0,5355.0
3023470035,49776728,0,5355.0
3027616040,3027616118,0,6876.0
3027616043,49745631,0,6876.0
3027616047,3027616040,0,6889.0
3027616061,49777820,0,11629.0
3027616106,49782277,0,13953.0
3027616128,49777820,0,13953.0
3027663729,49745644,0,17918.0
3027731623,3027616084,0,14776.0
3027738437,3027738436,0,4876.0
3027822532,49745618,0,35344.0
3027832454,49764249,0,6446.0
3027832454,3027822526,0,29858.0
3061294315,49738769,0,10886.0
3061294315,653945654,0,38328.0
3061294316,639381973,0,54608.0
3062846866,649839280,0,19349.0
3066628515,49843596,0,42967.0
3066628515,520070571,0,32788.0
3066628516,3066628515,0,42967.0
3219165573,3672563449,0,12654.0
3222223997,1484482232,0,19446.0
3243860596,1458950899,0,10076.0
3277475100,49743074,0,6141.0
3281938703,1379471232,0,26626.0
3281966192,818295727,0,20504.0
3281966192,8867986126,0,20504.0
3282259542,634011150,0,20480.0
3282344716,7320020927,0,805.0
3301217705,49817439,0,4920.0
3301217705,2664170700,0,4071.0
3302325145,49745186,0,15975.0
3358724761,3661066113,0,21150.0
3358724768,3358724761,0,21150.0
3358724774,3661066117,0,21150.0
3358724781,3661066118,0,21150.0
3358724781,3661066122,0,21150.0
3366676339,3366676340,0,8025.0
3366676339,3370866931,0,8025.0
3366676340,3366676341,0,8025.0
3366676343,3370866937,0,12806.0
3366676349,49801242,0,6826.0
3366676350,49813627,0,8025.0
3366676350,3667950082,0,8025.0
3366676351,49801246,0,2780.0
3366676351,3366676349,0,16772.0
3369093920,49752540,0,29140.0
3369093920,2765102989,0,29140.0
3369093930,49752520,0,4570.0
3369093934,49891625,0,4570.0
3369093934,3369093930,0,4570.0
3369107591,49802833,0,13491.0
3369107591,49802852,0,13491.0
3369108594,3369108596,0,3774.0
3369108597,3369108602,0,3774.0
3369108597,3665467713,0,3774.0
3369108598,49758032,0,2739.0
3369108598,3369108594,0,3774.0
3369108598,9257612257,0,3774.0
3369108602,3369108605,0,2795.0
3369108605,3369108602,0,2795.0
3370788194,3370788199,0,18991.0
3370788194,4000799765,0,18991.0
3370788207,3370788199,0,18991.0
3370788209,3370788207,0,18991.0
3370866916,49746670,0,7396.0
3370866922,49780235,0,6826.0
3370866930,3370866933,0,12806.0
3370866933,3370866930,0,12806.0
3370866935,3370866933,0,12806.0
3370866937,3366676343,0,12806.0
3370866937,3370912526,0,12806.0
3370866946,49731621,0,2918.0
3370866946,49790534,0,2918.0
3370866947,49731621,0,9751.0
3370866978,49738540,0,24838.0
3370866978,3665453332,0,1896.0
3370911558,3601521524,0,4954.0
3370911571,49796605,0,6678.0
3370911578,49731188,0,2513.0
3370911578,49882225,0,2513.0
3370911578,3370911558,0,4954.0
3370911583,3370911571,0,6820.0
3370911583,3370911592,0,6820.0
3370911592,49763787,0,1675.0
3370911592,3370911583,0,6820.0
3370912502,3370912495,0,12806.0
3370912502,3667966672,0,12806.0
3370912526,3667950066,0,16772.0
3370912526,13256457616,0,16772.0
3370944892,49780230,0,8025.0
3370944892,3667950081,0,8025.0
3371013728,3370866929,0,12806.0
3371013728,3667966671,0,12806.0
3372235095,4059254292,0,14991.0
3372235095,4059272474,0,6061.0
3372235095,11306741743,0,6061.0
3372235096,3372235099,0,6061.0
3372235096,4059272486,0,6061.0
3372235099,49849268,0,5981.0
3372235099,3372235096,0,6061.0
3372235101,4059272484,0,11508.0
3372235111,49757503,0,14991.0
3372235111,3372235113,0,16334.0
3372235111,3372255996,0,24201.0
3372235111,13828890638,0,14991.0
3372235116,3372235113,0,16334.0
3372235116,4059272471,0,16334.0
3372235126,3372235130,0,16334.0
3372235126,4059272471,0,16334.0
3372235130,49777077,0,11641.0
3372235130,3372235132,0,16334.0
3372235132,3372235130,0,16334.0
3372235132,4059272468,0,16334.0
3372235136,3372235135,0,16334.0
3372235139,3372235142,0,16334.0
3372235139,4059272467,0,16334.0
3372235143,3372235142,0,16334.0
3372235144,3372235143,0,16334.0
3372235145,49778756,0,16334.0
3372235145,3372235144,0,16334.0
3372255996,644504380,0,24201.0
3372255996,3375563969,0,6061.0
3372443372,3798943072,0,5216.0
3372443379,3798943072,0,5216.0
3372443381,3372443379,0,5216.0
3372448432,3372448421,0,7347.0
3373497507,3798943047,0,15280.0
3373497507,3798943051,0,15280.0
3373614193,3373611790,0,19738.0
3373614193,3373614194,0,19738.0
3373614194,49764802,0,1394.0
3373614196,3373614194,0,19738.0
3373614197,3373614196,0,17335.0
3373614197,3900798353,0,17335.0
3373614208,49846204,0,3166.0
3373614210,49860486,0,3001.0
3373614210,3373614208,0,3166.0
3373614210,3373744926,0,3166.0
3373614210,7914907788,0,3001.0
3373614232,49765714,0,4198.0
3373614232,49789550,0,4198.0
3373614259,3798943039,0,15280.0
3373614259,3900798867,0,13037.0
3373744926,49761501,0,14759.0
3373744926,49837133,0,3166.0
3373744926,49860486,0,19222.0
3373860099,49815853,0,7084.0
3375563969,49739465,0,2395.0
3375563969,3372255996,0,6061.0
3375563969,4059272474,0,6061.0
3376996926,3665019989,0,8831.0
3376996926,3665019990,0,8831.0
3376996930,3376996931,0,8831.0
3376996931,11198100602,0,8831.0
3376996942,49808347,0,8831.0
3376996942,3665019995,0,8831.0
3376996947,3376996948,0,26329.0
3376996951,3376996953,0,8831.0
3376996952,3376996968,0,26329.0
3376996953,3376996951,0,8831.0
3378110162,49773008,0,9469.0
3378110162,3669554857,0,9469.0
3378110162,9134098214,0,17966.0
3378222896,49748177,0,11187.0
3378222896,3378222898,0,6329.0
3378222897,49782255,0,14282.0
3378222897,3669554874,0,7294.0
3378222898,3001046648,0,17923.0
3378222898,3378222907,0,17923.0
3378222899,49762191,0,9469.0
3378222899,3669554876,0,7294.0
3378222899,3669554878,0,6329.0
3378222911,49725576,0,11187.0
3378222914,3669554853,0,28618.0
3378222917,3669554855,0,28618.0
3378616474,3378222896,0,6329.0
3378616474,3670756365,0,4396.0
3379821559,49734729,0,3623.0
3381778777,3381778774,0,25188.0
3390142017,5039476867,0,19971.0
3390142017,12607592136,0,19539.0
3461396741,49863346,0,6738.0
3522722795,49802527,0,15253.0
3522722795,49855611,0,23877.0
3531416324,49765083,0,4876.0
3531416324,49817489,0,4876.0
3531416325,49797044,0,10014.0
3533318591,49843596,0,5801.0
3533318591,3004033609,0,5801.0
3601521522,647058077,0,41562.0
3601521522,652905997,0,14991.0
3601521523,647043735,0,50559.0
3601521523,3601521522,0,14991.0
3608370821,49761250,0,22616.0
3608370821,49776668,0,5355.0
3656193304,3656193305,0,18373.0
3656193305,49789504,0,2741.0
3656196221,1456450079,0,10823.0
3656197330,1497928122,0,15897.0
3656199230,49794032,0,8370.0
3656199230,2531717397,0,12443.0
3657249995,911549744,0,16794.0
3657249995,5019442990,0,16794.0
3657249997,49757574,0,14991.0
3657249999,49777135,0,11641.0
3657250009,49784079,0,9654.0
3657250009,639298273,0,1675.0
3657250010,639298273,0,1675.0
3657250010,3661066122,0,1675.0
3657251443,49768334,0,2725.0
3657251443,49768340,0,2725.0
3657251444,49768307,0,2725.0
3657251445,3657251444,0,2725.0
3657251446,3657251447,0,2725.0
3657251448,49733966,0,31584.0
3657251450,12405568217,0,20555.0
3657251451,49794626,0,18804.0
3657251451,12466174907,0,18804.0
3657251453,3900798860,0,15386.0
3659095233,49822340,0,4198.0
3659095233,49848293,0,4198.0
3659095236,49822338,0,15280.0
3660947569,14073909988,0,32408.0
3661066108,3661066109,0,3774.0
3661066108,4000786674,0,3774.0
3661066113,49811156,0,3004.0
3661066113,3665450111,0,26037.0
3661066115,3358724774,0,21150.0
3661066115,3667911758,0,21150.0
3661066117,3661066118,0,21150.0
3661066122,3358724781,0,21150.0
3661066122,3657250010,0,1429.0
3661066122,3661066526,0,21150.0
3661066526,1017662183,0,4570.0
3665019983,11198107405,0,8831.0
3665019988,3665019989,0,8831.0
3665019988,10181394607,0,8831.0
3665019990,3376996926,0,8831.0
3665019991,3376996930,0,8831.0
3665019991,3665019990,0,8831.0
3665019995,11198107341,0,8831.0
3665081765,3376996947,0,26329.0
3665450111,3661066109,0,3774.0
3665450111,3661066113,0,26037.0
3665450112,49789393,0,26037.0
3665450112,3665450115,0,3644.0
3665450115,9190361341,0,3644.0
3665450117,3665450116,0,3644.0
3665450117,3665450118,0,3644.0
3665450118,3665450117,0,3644.0
3665450120,49745434,0,9751.0
3665450120,3665450118,0,3644.0
3665453332,642885426,0,2662.0
3665462749,49788128,0,4288.0
3665467713,3369107591,0,3774.0
3665480425,49778902,0,4288.0
3665480425,49788109,0,4288.0
3667911758,3358724768,0,21150.0
3667911780,49840275,0,6707.0
3667945055,1458420676,0,16772.0
3667950065,49747960,0,16772.0
3667950065,3366676351,0,16772.0
3667950066,3370912526,0,16772.0
3667950081,3370866931,0,8025.0
3667950081,3370944892,0,8025.0
3667950082,3366676341,0,8025.0
3667951404,49797973,0,3360.0
3667951405,3667951404,0,24901.0
3667966672,3370912502,0,12806.0
3667966672,3667966671,0,12806.0
3669515067,937306460,0,2725.0
3669554853,49793595,0,4396.0
3669554853,3378222917,0,28618.0
3669554855,49793549,0,15467.0
3669554855,49844794,0,15467.0
3669554855,3378110162,0,28618.0
3669554857,49793549,0,4224.0
3669554857,3669554860,0,4224.0
3669554860,3669554862,0,1724.0
3669554862,49772987,0,11629.0
3669554862,3669554865,0,11629.0
3669554865,3669554866,0,14282.0
3669554866,3669554868,0,14282.0
3669554868,3378222897,0,14282.0
3669554871,49762202,0,4362.0
3669554871,3669554868,0,4362.0
3669554871,3669554874,0,4965.0
3669554874,3013407820,0,7294.0
3669554874,3670756345,0,4965.0
3669554878,49762383,0,15467.0
3669554878,3378616474,0,6329.0
3670756345,49782255,0,6023.0
3670756345,3378616472,0,4965.0
3670756359,49767189,0,3031.0
3670756361,3670756365,0,4396.0
3670756365,49748177,0,6023.0
3670782176,49819171,0,6827.0
3670782177,3670782184,0,10008.0
3670782180,3670782179,0,7572.0
3670782180,3670782181,0,7572.0
3670782181,3670782182,0,7572.0
3670782182,3670782181,0,7572.0
3670782184,49758860,0,7572.0
3672563449,49741274,0,7516.0
3672563449,49801673,0,17564.0
3672563449,3219165573,0,12654.0
3678223274,49788221,0,36570.0
3690617654,49769464,0,34015.0
3744956563,49717954,0,8613.0
3744956563,49748155,0,13491.0
3750685703,49769885,0,1429.0
3750685708,49805673,0,1429.0
3788079770,49748901,0,10553.0
3788079770,49748926,0,10553.0
3788079770,49751675,0,6680.0
3798943039,49832678,0,1985.0
3798943039,3798943041,0,15280.0
3798943041,3798943044,0,15280.0
3798943044,3798943041,0,15280.0
3798943045,3798943044,0,15280.0
3798943045,3798943047,0,15280.0
3798943047,3798943045,0,15280.0
3798943055,49837997,0,18804.0
3798943055,12292446080,0,18804.0
3798943056,49811666,0,3020.0
3798943056,49837176,0,3020.0
3798943072,3372443372,0,5216.0
3798943074,49749154,0,20555.0
3798943074,1387045610,0,20555.0
3798943074,3372443381,0,5216.0
3831193898,49801142,0,34527.0
3834990300,4629645129,0,42967.0
3835077728,49734273,0,15964.0
3835077728,2896386314,0,6736.0
3872813016,49780915,0,10045.0
3872813016,646190490,0,15212.0
3872958273,49849744,0,153024.0
3872958273,4643951068,0,2900.0
3872966581,4643916786,0,3120.0
3874958856,49852766,0,3239.0
3895350118,49769356,0,18968.0
3900798354,3007425104,0,17335.0
3900798354,3900798353,0,17335.0
3900798860,49768213,0,13037.0
3900798861,49198976,0,13037.0
3900798861,3900798863,0,13037.0
3900798863,49745183,0,13037.0
3900798864,822984540,0,13037.0
3900798864,3900798865,0,13037.0
3900798865,3900798866,0,13037.0
3900798866,3900798867,0,13037.0
3900811259,3900811261,0,32166.0
3900811260,49755512,0,19446.0
3900811260,49779054,0,32166.0
3900811262,1484331315,0,17489.0
3995094699,49745188,0,16075.0
3998708781,49773558,0,16748.0
4000618207,1472831218,0,19349.0
4000786673,49846353,0,10920.0
4000799765,6564890907,0,18991.0
4000829364,6004244728,0,12819.0
4000857079,13929554882,0,9027.0
4001002050,49764096,0,4253.0
4001037468,958981263,0,51469.0
4001421460,49759635,0,15673.0
4001421460,49761928,0,15673.0
4001469117,49731508,0,44749.0
4001469117,641111009,0,42324.0
4001470337,49782141,0,7391.0
4001470337,633923743,0,7789.0
4001481553,49770203,0,12486.0
4001510836,3008009375,0,8432.0
4015442034,3003932685,0,42967.0
4015527453,520059507,0,32788.0
4059254292,49806950,0,5170.0
4059254292,11306741743,0,5170.0
4059272467,3372235136,0,16334.0
4059272467,3372235139,0,16334.0
4059272468,3372235135,0,16334.0
4059272471,3372235116,0,16334.0
4059272474,3375563969,0,6061.0
4059272480,3372235099,0,6061.0
4059272480,11306741743,0,6061.0
4059272486,4059272484,0,6061.0
4060172794,49759080,0,9970.0
4079385849,4079385850,0,13653.0
4082394063,49763640,0,4395.0
4082394065,4082394063,0,4395.0
4089959667,49764440,0,4982.0
4163822271,49817638,0,9000.0
4270790281,49748067,0,25570.0
4270790281,49775960,0,16423.0
4270790281,49825030,0,25570.0
4274261372,49785489,0,1615.0
4274261372,49800989,0,1730.0
4303519741,520072065,0,35344.0
4303519741,8427543420,0,35344.0
4325552566,49853897,0,12199.0
4331534193,49784950,0,5946.0
4364801748,49760408,0,3262.0
4375493987,9111384822,0,10107.0
4387066892,49765120,0,5265.0
4453817115,49848614,0,10665.0
4459063256,49759170,0,25167.0
4561710230,49878097,0,10581.0
4561710230,4561710231,0,14452.0
4597151559,49764314,0,9793.0
4629567001,641119730,0,21047.0
4629708498,1365013788,0,30486.0
4630052969,49745644,0,14818.0
4630137702,49788786,0,36437.0
4630137705,4630137704,0,13915.0
4630137706,4630137705,0,13915.0
4630137711,4630137710,0,13915.0
4630327649,49817512,0,10581.0
4630327649,11263240807,0,10581.0
4633108826,49744233,0,15495.0
4633108826,12196404399,0,15495.0
4635639616,9136839219,0,14818.0
4643541070,12974478432,0,30025.0
4643916786,5277494654,0,153024.0
4643951068,49826586,0,2641.0
4679133344,49723161,0,1574.0
4679133344,49777170,0,3843.0
4772713086,49788293,0,2430.0
4807040759,49812502,0,8293.0
4807147204,1017391842,0,3287.0
4807605970,49796897,0,17476.0
4935980603,49740448,0,6883.0
4975093911,1381210497,0,10202.0
5019442979,49753886,0,16297.0
5019442991,5019442984,0,16794.0
5020305615,3670782179,0,7572.0
5128694819,49759499,0,7080.0
5170081599,3000324160,0,16120.0
5180965369,5736733177,0,16120.0
5190243747,49761707,0,15609.0
5192159439,2462383184,0,9968.0
5204545200,655680360,0,18584.0
5235719309,49759039,0,7556.0
5235719626,49759070,0,7556.0
5235719627,5235719312,0,7556.0
5250644776,5890139488,0,70091.0
5277489271,1574783781,0,81896.0
5277489310,639446469,0,131070.0
5277489314,5277489310,0,131070.0
5277494650,1574783794,0,92160.0
5277494650,5277489310,0,41825.0
5277494654,5277494650,0,81896.0
5277494819,5277494848,0,21881.0
5277494834,3872813016,0,10045.0
5277494834,5277494817,0,10045.0
5277494893,5277494973,0,23556.0
5277494919,5277494893,0,21881.0
5277494973,1574783794,0,4178.0
5277494973,5277494893,0,23556.0
5277584187,1574783906,0,36650.0
5277584187,13733946370,0,36684.0
5277584266,5277583875,0,18607.0
5290998465,49790850,0,28753.0
5291674142,49740160,0,7953.0
5291674142,49772653,0,7341.0
5343233826,638898885,0,26329.0
5343233829,49728947,0,25269.0
5343233848,3366676344,0,16772.0
5343233848,3667950066,0,16772.0
5343399981,49843148,0,29140.0
5354789671,49860372,0,7491.0
5354789679,2587508256,0,6826.0
5356541562,49717954,0,4460.0
5362316449,641939523,0,39463.0
5380888621,49752285,0,6988.0
5380888621,49761574,0,25727.0
5445789508,49842930,0,14818.0
5446746057,49780097,0,8293.0
5446746057,11569406868,0,8293.0
5446812581,1364961085,0,16423.0
5519663699,49762184,0,11380.0
5533679479,1243973909,0,30610.0
5556599906,49771477,0,19971.0
5558783202,5558800273,0,37130.0
5558783204,641112559,0,9939.0
5558800238,5558783202,0,37130.0
5563919612,5563919685,0,26329.0
5563919617,5563919614,0,26329.0
5563919618,3665081765,0,26329.0
5563919620,3376996952,0,26329.0
5563919621,5563919667,0,26329.0
5563919638,1410659658,0,36437.0
5563919654,5564258809,0,17941.0
5563919657,5563919715,0,17941.0
5563919664,5563919621,0,26329.0
5563919715,49826840,0,14902.0
5563919715,7802345979,0,20858.0
5564258801,1484481416,0,12187.0
5564258813,49778456,0,18158.0
5581929187,49745923,0,9240.0
5581929187,49760709,0,1193.0
5609583192,49748725,0,28082.0
5637726946,4375493987,0,7312.0
5638315243,649840206,0,6680.0
5638315243,1479893407,0,22725.0
5638509770,3806991495,0,7312.0
5698252199,49745335,0,17847.0
5698252199,49772589,0,8450.0
5709916352,1564556245,0,15055.0
5851387630,49756857,0,461.0
5851387631,5993559716,0,3287.0
5863324085,5863324095,0,6724.0
5863324089,5863324085,0,7568.0
5863324090,49770517,0,7568.0
5863324091,49730969,0,6724.0
5863324095,5863324096,0,6219.0
5896031680,49858149,0,25932.0
5920737993,1458950705,0,10076.0
5920737995,4630137700,0,13915.0
5926299033,49726626,0,8356.0
5966168898,49770179,0,30486.0
5966168899,638062063,0,30486.0
5993559716,4807147204,0,3287.0
6004244728,49759844,0,12819.0
6233857032,49830723,0,449.0
6233857032,49853198,0,449.0
6356072274,13270967985,0,9510.0
6438732905,49861217,0,14657.0
6541847546,49735022,0,11315.0
6541847546,3001016701,0,6011.0
6541847546,3001016717,0,6011.0
6541847546,3001375547,0,11315.0
6564890904,1502527055,0,16334.0
6564890907,13831133489,0,4208.0
6697945789,3001484259,0,2766.0
6777089497,8709614158,0,16120.0
6823343098,3378222907,0,17923.0
7104784582,642816712,0,10841.0
7133191832,49190879,0,4658.0
7133191832,3657250007,0,10920.0
7236199254,7236237122,0,49223.0
7236199266,7236199279,0,9133.0
7236199279,49827376,0,9133.0
7236237089,11011905867,0,9133.0
7489890475,49842936,0,13598.0
7554685045,49744808,0,15946.0
7736742684,49759678,0,24444.0
7802243126,49769594,0,34015.0
7802243128,7802243127,0,4597.0
7914872272,49860554,0,3001.0
7914907790,49860612,0,3001.0
7914907792,49860554,0,3001.0
7926548936,262251166,0,20504.0
8164478896,8461692432,0,16502.0
8202850999,13265370798,0,51469.0
8245233135,3027822532,0,4876.0
8325310264,2504794158,0,17647.0
8386386294,8455863387,0,42655.0
8411842743,49798775,0,11549.0
8411842743,9300516158,0,11549.0
8427531392,3004033609,0,32788.0
8427531401,49802547,0,10114.0
8427543420,520066771,0,34596.0
8427719847,49778613,0,12554.0
8434554376,641909174,0,3787.0
8450945961,49748170,0,25459.0
8450945964,49748678,0,25829.0
8450945964,8450945961,0,25829.0
8455846792,641912668,0,42655.0
8455846801,9109467369,0,42655.0
8455863387,8455846798,0,42655.0
8455863480,10858085318,0,54608.0
8461692432,8461692431,0,24562.0
8496737168,8496737158,0,17618.0
8496737170,8496737168,0,17618.0
8530666824,8530666832,0,7572.0
8530666827,7505269058,0,7572.0
8530666832,8530666829,0,7572.0
8530666832,11275506476,0,6827.0
8530666838,8530666836,0,12591.0
8549123231,8549123230,0,25795.0
8636398137,1017391864,0,19836.0
8636981241,1017545562,0,18546.0
8639885443,49756297,0,6988.0
8709614158,655662485,0,16120.0
8867986126,49800344,0,17316.0
8891331738,49873888,0,18408.0
8891331738,2019659633,0,3759.0
8891331739,8891331738,0,18408.0
8903139403,49790545,0,2918.0
9068829825,3366676344,0,14147.0
9093791451,641912605,0,42655.0
9099950059,49739046,0,112688.0
9099950059,9099950062,0,6990.0
9099950059,11831784014,0,13560.0
9099950062,49880689,0,8441.0
9109467369,49830723,0,449.0
9109467369,8455846779,0,42655.0
9111384818,4375493987,0,10107.0
9111384818,9111384822,0,54608.0
9111384822,9093791451,0,10107.0
9111384822,9772916138,0,54608.0
9124197005,10014127921,0,1477.0
9124461219,49758513,0,5204.0
9124461219,49765092,0,5204.0
9130143744,49855599,0,21920.0
9130143744,622720970,0,2904.0
9130918495,8427531401,0,13254.0
9131079907,3378222914,0,28618.0
9131079912,3006022047,0,26109.0
9136682496,3995094699,0,16075.0
9136682512,49861274,0,18097.0
9136825802,49865774,0,7568.0
9136825813,11261031475,0,10888.0
9136839220,49774794,0,22885.0
9166612486,9526260025,0,18420.0
9166612489,9526260022,0,23241.0
9190361341,3665450116,0,3644.0
9257612257,49748151,0,859.0
9257612257,3369107591,0,3774.0
9300516161,5638315243,0,22725.0
9315321045,639446270,0,23000.0
9335956402,49879782,0,13560.0
9335956402,11831784012,0,1546.0
9389248084,9389248079,0,25607.0
9389606389,5277494654,0,3736.0
9425958830,49763735,0,5981.0
9425958830,49849276,0,5981.0
9457052272,647594363,0,6753.0
9467722657,49764314,0,9793.0
9467722657,49764318,0,9793.0
9526260027,9526260026,0,23241.0
9533966093,641939976,0,42655.0
9579235933,49741187,0,10429.0
9579235933,10806883913,0,10429.0
9587901828,646031092,0,13644.0
9590992031,49727438,0,7556.0
9590992031,49732042,0,1452.0
9591171716,49742418,0,1036.0
9591171716,11198005518,0,1036.0
9591272171,642701953,0,2676.0
9592803565,49810179,0,9306.0
9592908689,49875799,0,9306.0
9593204206,641119730,0,21047.0
9630558235,9768681890,0,12187.0
9642651666,49825124,0,26421.0
9647428770,49780329,0,7090.0
9647671192,49732688,0,13507.0
9655135480,49749394,0,5080.0
9660139029,49738093,0,24176.0
9676179707,49895276,0,14818.0
9676179712,49845726,0,10014.0
9722529581,9722529582,0,22354.0
9722581484,9722547319,0,16794.0
9723903189,49773369,0,19446.0
9723923036,49755544,0,7111.0
9723923058,49755584,0,7111.0
9751817126,49770290,0,22354.0
9751817171,49777601,0,4136.0
9752208331,49797275,0,8245.0
9768681893,49777899,0,2847.0
9768681897,9768681898,0,12187.0
9772916138,641899002,0,1496.0
9908447530,49772313,0,4385.0
9983605755,49774425,0,13247.0
10014085266,3007042395,0,39690.0
10014085302,49729003,0,5750.0
10014085302,10014085266,0,34075.0
10014127921,13359942007,0,31267.0
10014632178,49750710,0,6724.0
10020947573,49716938,0,2663.0
10020947573,49716962,0,2663.0
10020947582,49716962,0,10886.0
10020947582,49832998,0,10886.0
10181394607,3665019983,0,8831.0
10181394607,3665019988,0,8831.0
10289480222,49825124,0,26421.0
10605296757,49868031,0,5064.0
10607849116,5507179701,0,37593.0
10689662811,705647622,0,20982.0
10689662816,13650886150,0,20982.0
10724747584,10724747586,0,20844.0
10724747586,10724747584,0,20844.0
10806883913,49732416,0,10429.0
10858085320,641899824,0,83648.0
10992264214,2462383188,0,9968.0
11012156688,3657251453,0,17734.0
11065795777,49863421,0,10378.0
11076193230,1379495867,0,3258.0
11186195793,49740930,0,25412.0
11198005518,49739565,0,1884.0
11198005518,49787936,0,1036.0
11198017164,49742454,0,4597.0
11198017167,49762870,0,7556.0
11198107341,3665019995,0,8831.0
11198107405,3665019983,0,8831.0
11198107405,11198107411,0,8831.0
11198264290,655680824,0,18584.0
11198264290,11198264287,0,19543.0
11198264296,655680757,0,18584.0
11198264296,655680824,0,18584.0
11198265615,9768681893,0,12187.0
11198265632,49831064,0,6194.0
11198440879,49719425,0,17681.0
11198440879,49820496,0,17681.0
11198575968,1017489190,0,5541.0
11230125801,49737885,0,6854.0
11260344012,11260344021,0,7620.0
11261031471,3027665439,0,22885.0
11261031471,11261031472,0,14818.0
11261031472,4635639617,0,14818.0
11261031475,5445789508,0,14818.0
11261031490,49764289,0,19252.0
11261031490,4325552565,0,9793.0
11262878014,49748623,0,7725.0
11262878014,3545790065,0,1612.0
11262878015,3010698039,0,4527.0
11262878015,11262878014,0,1612.0
11262878018,49764070,0,9242.0
11263001095,3010914572,0,10938.0
11267614265,49789237,0,24444.0
11267636464,49823283,0,6280.0
11267636468,49741775,0,6280.0
11275506478,11275506476,0,6827.0
11275506481,49760523,0,6827.0
11306741743,49747301,0,5170.0
11332977605,49745247,0,12575.0
11332977605,49745273,0,12575.0
11332977605,49813458,0,7090.0
11332977605,11332977616,0,7090.0
11332977609,49764397,0,4982.0
11332977616,11332977605,0,7090.0
11355443454,49726929,0,11315.0
11368228083,49749265,0,9247.0
11368228085,49744162,0,15055.0
11368228085,11368228087,0,15055.0
11368228087,653947551,0,9247.0
11460035915,49764309,0,14818.0
11563313320,49789747,0,8782.0
11569332801,646030887,0,13644.0
11569332801,3376996953,0,13644.0
11608869607,262173355,0,9939.0
11608896680,49741076,0,3161.0
11608896680,49819468,0,3075.0
11608939093,49819456,0,12974.0
11608939093,49838758,0,4207.0
11691404897,49732884,0,11937.0
11831784012,49879782,0,1553.0
11831784022,11831784024,0,24198.0
12094214391,49787219,0,9240.0
12094305895,49759318,0,9240.0
12094323504,5863324089,0,6724.0
12128376033,49865768,0,14818.0
12143083687,10759641447,0,20844.0
12169187729,49750826,0,6749.0
12179423002,49794608,0,8356.0
12179423002,49860465,0,8356.0
12216257833,49745076,0,646.0
12216257833,49805172,0,646.0
12282134927,49747702,0,9027.0
12305015411,49804397,0,2354.0
12305015449,49802339,0,2354.0
12405568221,13929554879,0,20555.0
12437955921,647084242,0,3100.0
12466174908,4629833264,0,20555.0
12467041977,49808183,0,17125.0
12477168156,49887616,0,7599.0
12497001318,965725392,0,6209.0
12520587440,49860486,0,19222.0
12520587443,5380888621,0,25727.0
12520587445,49777425,0,17784.0
12520587445,49800684,0,17784.0
12520639500,12520639501,0,13706.0
12520639501,11186195793,0,25412.0
12552600615,49869137,0,7298.0
12607592136,642559628,0,16572.0
12613233303,49843101,0,8782.0
12687209032,12687209031,0,20844.0
12864633721,7676315863,0,4253.0
12864633721,12864732631,0,4253.0
12864732632,647043710,0,50559.0
12879827243,937306054,0,20555.0
12879876803,2896386353,0,11872.0
12879876804,2896386314,0,11872.0
12974478437,12974478434,0,19386.0
13001964548,49761339,0,3666.0
13146473411,49858149,0,25932.0
13179482138,49773485,0,2588.0
13181373685,49741798,0,1912.0
13181373691,49789284,0,22059.0
13195943100,633969379,0,10581.0
13256237912,49745682,0,9494.0
13256237913,49745658,0,9828.0
13256237916,49745667,0,9828.0
13256237934,49723598,0,8782.0
13256237934,49752667,0,8782.0
13256450867,49772703,0,6495.0
13256450884,49754658,0,8010.0
13256450897,49772913,0,6495.0
13256450900,13256457603,0,4573.0
13256457603,49746521,0,6495.0
13256457616,3369181714,0,24901.0
13259893924,49793526,0,11801.0
13259893924,3219165573,0,11801.0
13259914865,49745296,0,12575.0
13265370798,8202850999,0,51469.0
13265370798,13265370799,0,20115.0
13265370799,5448413564,0,51469.0
13265637004,13265637003,0,6753.0
13265637012,49748231,0,11187.0
13265637012,49886483,0,26421.0
13265637012,3006022047,0,34707.0
13265637012,13265637013,0,26421.0
13359942007,3007114624,0,26952.0
13362893802,7236199263,0,49223.0
13431097737,49780210,0,19543.0
13519914025,657210928,0,9240.0
13519914027,49830069,0,9240.0
13565725771,655662473,0,13980.0
13610567873,13610567869,0,27476.0
13610567875,4000852257,0,27476.0
13650509861,1475724283,0,10553.0
13650886150,49742444,0,12323.0
13686935904,49773012,0,30588.0
13687163070,49718049,0,4386.0
13687163070,49747596,0,55917.0
13689436323,297108981,0,42967.0
13699194719,49771354,0,2767.0
13731450592,49789208,0,6209.0
13733853857,1574783762,0,23556.0
13733853857,5277494973,0,23556.0
13733946370,5277489271,0,39958.0
13733946370,13733853857,0,3107.0
13743706757,13743706760,0,27476.0
13765366376,49746286,0,1284.0
13765366376,49789487,0,1663.0
13790270473,49722744,0,16423.0
13790555997,49723133,0,16423.0
13790555997,49780046,0,8293.0
13790612903,13790555997,0,16423.0
13790997734,49776427,0,7431.0
13809741702,49734716,0,13644.0
13809741702,49742534,0,13644.0
13828890638,49739465,0,14991.0
13909781579,8530666838,0,12591.0
13912131640,13912131639,0,117303.0
13918296300,3370912495,0,12806.0
14073359321,49851016,0,50559.0
