osmid,lon,lat,geoid,pop_density_km2
49184747,-77.0981828,38.95104929999997,11001001003,2947.0
49190879,-77.01724200000001,38.977332999999994,11001001702,3606.2
49198976,-77.09760820000001,38.95149859999999,11001001003,2947.0
49715918,-77.009047,38.953451999999984,11001009508,4063.9
49715932,-77.0135154,38.953323100000006,11001002102,6947.2
49715936,-77.0159372,38.95324479999999,11001002102,6947.2
49715946,-77.0176445,38.953198000000015,11001002102,6947.2
49715951,-77.0197174,38.9531399,11001002102,6947.2
49715966,-77.022154,38.95307150000001,11001002101,9894.6
49715970,-77.0238746,38.953017199999984,11001002101,9894.6
49715974,-77.0254044,38.95296759999999,11001002101,9894.6
49715981,-77.0275645,38.9529006,11001002101,9894.6
49715998,-77.0334259,38.952913499999994,11001002002,4834.6
49715999,-77.034747,38.9529164,11001002002,4834.6
49716007,-77.0360537,38.95291929999999,11001002002,4834.6
49716063,-76.9865534,38.91962549999999,11001009102,2396.3
49716066,-76.9862612,38.9200037,11001009102,2396.3
49716082,-76.9854247,38.9210864,11001009102,2396.3
49716093,-76.984546,38.921373,11001009102,2396.3
49716098,-76.983805,38.92201800000001,11001009102,2396.3
49716102,-76.9830497,38.922685800000004,11001009102,2396.3
49716129,-76.932224,38.88899399999998,11001009904,8522.7
49716137,-76.929914,38.888690000000004,11001009904,8522.7
49716152,-76.927659,38.88838899999999,11001009905,7374.0
49716159,-76.926868,38.888338999999995,11001009905,7374.0
49716160,-76.9223466,38.8876712,11001009903,5619.8
49716175,-76.9212233,38.88748249999999,11001009903,5619.8
49716191,-77.04271800000001,38.985555999999974,11001001600,1895.6
49716214,-77.0445735,38.98639810000001,11001001600,1895.6
49716219,-77.0452271,38.986889999999995,11001001600,1895.6
49716224,-77.046609,38.987906,11001001600,1895.6
49716503,-77.0083736,38.8328949,11001009807,3203.8
49716541,-77.007675,38.830215,11001009810,4650.4
49716545,-77.0076787,38.8292059,11001009807,3203.8
49716549,-77.0076757,38.827801,11001009810,4650.4
49716575,-77.007336,38.826063000000005,11001009807,3203.8
49716589,-77.006747,38.82514400000001,11001009807,3203.8
49716602,-77.0060052,38.82409719999999,11001010900,631.3
49716610,-77.0056254,38.82374179999999,11001010900,631.3
49716672,-77.009061,38.885061699999994,11001006500,5005.4
49716675,-77.0090695,38.884165800000005,11001980000,1.5
49716680,-77.0090568,38.88384629999998,11001006500,5005.4
49716751,-77.0090664,38.86902169999999,11001006400,3185.1
49716868,-77.0093561,38.867263400000006,11001006400,3185.1
49716879,-76.942549,38.86949499999999,11001009902,2118.3
49716887,-76.94255000000001,38.868018999999975,11001009902,2118.3
49716899,-77.0477199,38.9096436,11001005502,9897.5
49716912,-77.04255,38.925475000000006,11001003902,6388.3
49716928,-77.0447201,38.92400890000001,11001003902,6388.3
49716932,-76.984587,38.857861,11001007407,5597.7
49716936,-76.985191,38.857355000000005,11001007407,5597.7
49716938,-76.985402,38.857187999999994,11001007407,5597.7
49716962,-76.986995,38.856190000000005,11001007407,5597.7
49717014,-76.9926757,38.85561410000001,11001007406,7783.6
49717030,-76.995934,38.85672000000002,11001007401,1034.1
49717073,-76.996075,38.856067,11001007401,1034.1
49717226,-77.081729,38.952929999999995,11001001004,2689.9
49717245,-77.0766241,38.96671269999998,11001001100,2689.0
49717262,-77.0767032,38.9674297,11001001401,4218.2
49717288,-76.9932509,38.85791549999999,11001007406,7783.6
49717370,-77.0487972,38.9085711,11001005502,9897.5
49717383,-76.950089,38.889909999999986,11001009603,6946.7
49717396,-76.968962,38.872935000000005,11001007709,2756.0
49717397,-77.021469,38.958543,11001002101,9894.6
49717411,-77.0207311,38.9585939,11001002101,9894.6
49717416,-77.0201769,38.958739500000014,11001001901,5955.3
49717477,-77.0466515,38.9023974,11001010700,1848.6
49717490,-77.0007416,38.864941899999984,11001007401,1034.1
49717595,-76.9382421,38.87246319999999,11001009902,2118.3
49717599,-76.9387866,38.87194119999999,11001009902,2118.3
49717600,-77.052253,38.9562689,11001001301,1375.9
49717606,-77.052505,38.956236000000004,11001001301,1375.9
49717612,-77.0239902,38.8828735,11001010202,2108.3
49717801,-77.0206749,38.8823528,11001010202,2108.3
49717859,-77.02117,38.95915150000001,11001001901,5955.3
49717871,-77.0224453,38.95955910000001,11001001901,5955.3
49717919,-76.9374929,38.908108900000016,11001009601,1058.9
49717954,-77.0162904,38.975015400000025,11001001702,3606.2
49717965,-76.9930271,38.890940699999994,11001008100,10966.3
49717969,-76.9926491,38.89078799999998,11001008100,10966.3
49717971,-77.0198662,38.92800780000001,11001003200,9225.6
49717975,-77.0193258,38.9280494,11001003200,9225.6
49717981,-77.0188082,38.92813069999999,11001003200,9225.6
49718001,-77.082954,38.9068064,11001000802,1329.8
49718011,-77.0820037,38.90707210000001,11001000802,1329.8
49718038,-77.00104040000001,38.826786299999995,11001009811,9038.1
49718049,-77.0319594,38.876672299999996,11001980000,1.5
49718144,-77.110097,38.934548,11001000904,1547.9
49718391,-77.0496393,38.943369399999995,11001002600,1190.1
49718409,-76.996182,38.879731,11001007000,5602.7
49718410,-77.005103,38.9612713,11001009505,4265.8
49718413,-77.005567,38.96154899999999,11001009505,4265.8
49718509,-77.0192977,38.928314300000004,11001003200,9225.6
49718701,-77.0260898,38.96843530000001,11001001901,5955.3
49718707,-76.998319,38.945420999999996,11001009504,2939.8
49718716,-76.998377,38.9462712,11001009504,2939.8
49718775,-76.991658,38.844127,11001007304,3529.8
49718776,-76.99375800000001,38.877525000000006,11001007203,8603.6
49718798,-76.936094,38.873461999999996,11001009902,2118.3
49718816,-76.969373,38.861222999999995,11001007502,7711.5
49718864,-76.99278,38.859561,11001007407,5597.7
49718877,-76.992781,38.85911800000001,11001007407,5597.7
49718911,-76.9819388,38.90074219999999,11001008904,8515.5
49718928,-76.9828882,38.900739099999996,11001008903,12001.8
49719230,-76.978524,38.91717409999999,11001008803,3829.0
49719235,-76.9785285,38.91728129999999,11001009102,2396.3
49719266,-76.9778037,38.9172962,11001011100,819.3
49719320,-77.005892,38.88323299999998,11001006500,5005.4
49719321,-77.0058137,38.883291699999994,11001006500,5005.4
49719415,-77.0570287,38.90524450000001,11001000102,1374.8
49719416,-77.0460848,38.916996499999996,11001004001,14523.2
49719422,-77.0464535,38.916863500000005,11001004001,14523.2
49719425,-77.0467448,38.91677549999999,11001004100,2968.9
49719428,-77.030264,38.96021900000002,11001002001,4706.6
49719434,-77.030024,38.95998999999999,11001002002,4834.6
49719435,-77.0053405,38.8832462,11001006500,5005.4
49719436,-77.00589000000001,38.88329400000001,11001006500,5005.4
49719438,-77.006361,38.883344999999984,11001006500,5005.4
49719440,-77.0787332,38.9496874,11001001100,2689.0
49719533,-77.019251,38.93679169999999,11001003200,9225.6
49719539,-77.019685,38.93725000000001,11001003200,9225.6
49719562,-77.0267322,38.88299339999998,11001010202,2108.3
49719706,-77.0348169,38.9367188,11001002801,22554.6
49719725,-77.0341197,38.9370312,11001002801,22554.6
49719895,-77.0408793,38.917214200000004,11001003801,10167.0
49719902,-77.0407638,38.91701090000001,11001004201,15764.6
49719904,-77.043587,38.96050799999998,11001001301,1375.9
49719921,-77.043076,38.960376000000004,11001001301,1375.9
49720010,-76.951948,38.895636,11001009604,3359.8
49720045,-77.0702023,38.95566819999999,11001001100,2689.0
49720056,-77.0706457,38.95576189999999,11001001100,2689.0
49720114,-77.0816723,38.9069217,11001000802,1329.8
49720124,-77.0813411,38.90720429999999,11001000802,1329.8
49720155,-77.0093361,38.8818408,11001010500,5126.6
49720215,-77.07066,38.905005,11001000202,3259.9
49720239,-76.997736,38.94032899999999,11001009511,1982.2
49720271,-76.999001,38.940734,11001009511,1982.2
49720292,-76.998093,38.941191999999994,11001009510,5690.3
49720491,-77.0938,38.92212899999999,11001000804,1291.7
49720530,-77.09309700000001,38.92170399999999,11001000804,1291.7
49720554,-77.093259,38.92222399999999,11001000804,1291.7
49720590,-77.01364620000001,38.886040999999985,11001010500,5126.6
49720612,-76.9919949,38.848022900000004,11001010400,1682.2
49720844,-77.0067258,38.936556300000014,11001002302,762.9
49721137,-76.961033,38.91571699999999,11001011100,819.3
49721251,-76.9848917,38.88686840000002,11001006900,7310.4
49721252,-76.9846673,38.886909799999984,11001006900,7310.4
49721268,-76.9842461,38.88733839999999,11001006700,9175.4
49721277,-76.9836601,38.8876109,11001006700,9175.4
49721281,-77.001738,38.892016999999996,11001008200,8289.3
49721292,-77.0020381,38.89208399999999,11001008200,8289.3
49721610,-77.0031615,38.93005619999999,11001002302,762.9
49721699,-76.9615948,38.889550199999995,11001007708,2793.7
49721760,-76.9725645,38.8746381,11001007709,2756.0
49721776,-76.9726388,38.8748762,11001007709,2756.0
49722130,-76.9235161,38.886099799999975,11001009905,7374.0
49722137,-76.9231065,38.88645190000001,11001009905,7374.0
49722409,-76.994969,38.87713200000001,11001007203,8603.6
49722419,-76.96698640000001,38.9209022,11001011100,819.3
49722433,-76.9663981,38.921056000000014,11001011100,819.3
49722447,-77.0128786,38.87540490000001,11001006400,3185.1
49722454,-77.0125776,38.8764001,11001006400,3185.1
49722458,-76.93167580000001,38.89954699999999,11001007804,4831.5
49722469,-76.9306659,38.899697599999975,11001007804,4831.5
49722480,-76.9295916,38.899705999999995,11001007804,4831.5
49722494,-76.9279381,38.8997415,11001007804,4831.5
49722499,-76.967768,38.874610999999994,11001007709,2756.0
49722505,-76.968338,38.874658999999994,11001007709,2756.0
49722667,-76.990404,38.865843,11001007503,4736.7
49722737,-77.0147297,38.89834260000002,11001005900,3743.4
49722743,-77.0676558,38.946263800000004,11001001200,3864.4
49722744,-77.0151644,38.90646269999999,11001004600,6991.7
49722745,-77.015164,38.907236,11001004600,6991.7
49722787,-77.0270369,38.914097899999994,11001004402,9111.1
49722994,-77.0449248,38.895439499999995,11001010800,7151.8
49723005,-77.0251162,38.8827569,11001010202,2108.3
49723017,-77.0262094,38.91558629999999,11001004402,9111.1
49723044,-76.999222,38.847805,11001010400,1682.2
49723047,-76.9989313,38.848105399999994,11001010400,1682.2
49723081,-76.9996619,38.8432464,11001010400,1682.2
49723087,-76.9995132,38.8430653,11001009804,5044.7
49723126,-77.0143161,38.81805580000001,11001010900,631.3
49723133,-77.016154,38.90924699999999,11001004801,8673.1
49723134,-77.004937,38.91058100000001,11001008702,7239.5
49723161,-77.00203300000001,38.91260200000001,11001008702,7239.5
49723217,-76.9782776,38.91795719999998,11001009102,2396.3
49723252,-76.944715,38.90233799999999,11001009601,1058.9
49723261,-77.0312686,38.962803499999985,11001001804,9021.2
49723264,-77.0312351,38.962924599999994,11001001804,9021.2
49723267,-76.958268,38.8688818,11001009901,1002.4
49723269,-76.958516,38.86856659999999,11001009901,1002.4
49723276,-77.0613798,38.923623599999985,11001000400,1112.8
49723280,-76.993003,38.935458999999994,11001009504,2939.8
49723285,-76.994158,38.934495000000005,11001009504,2939.8
49723302,-76.979048,38.92896400000001,11001009400,3137.6
49723309,-76.978994,38.92022799999999,11001011100,819.3
49723322,-77.0813498,38.96208430000002,11001001100,2689.0
49723324,-77.0820232,38.96208469999999,11001001100,2689.0
49723335,-76.9848975,38.9199825,11001009102,2396.3
49723348,-77.046763,38.98787200000001,11001001600,1895.6
49723358,-77.046684,38.988125000000004,11001001600,1895.6
49723359,-76.996212,38.94258299999999,11001009504,2939.8
49723365,-76.99714,38.94254599999999,11001009504,2939.8
49723366,-77.03632370000001,38.96542490000001,11001001803,3248.9
49723515,-77.072014,38.92752669999999,11001000400,1112.8
49723516,-77.0720232,38.927777799999994,11001000400,1112.8
49723519,-76.972227,38.87273369999999,11001007601,3937.9
49723528,-77.0618235,38.934651,11001000600,3028.9
49723529,-77.062073,38.935072,11001000600,3028.9
49723532,-77.0106612,38.86948610000001,11001006400,3185.1
49723539,-77.05098780000002,38.9335096,11001001304,5698.4
49723544,-77.0346297,38.951877399999994,11001002002,4834.6
49723592,-77.0352,38.953935999999985,11001002002,4834.6
49723598,-77.0329974,38.9429295,11001002501,5263.1
49723601,-77.0327604,38.9429288,11001002501,5263.1
49723707,-77.00805400000002,38.93203599999999,11001002302,762.9
49723815,-77.0194384,38.92879179999999,11001003200,9225.6
49723816,-77.0193718,38.928565299999995,11001003200,9225.6
49723977,-77.007754,38.961988000000005,11001009505,4265.8
49723981,-76.961939,38.88756699999999,11001007708,2793.7
49724031,-77.028562,38.96639999999998,11001001804,9021.2
49724042,-77.028488,38.9661403,11001001804,9021.2
49724086,-77.0115909,38.89357859999999,11001005900,3743.4
49724092,-77.022787,38.8823121,11001010202,2108.3
49724179,-77.0312388,38.88298019999999,11001010202,2108.3
49724252,-77.01434,38.915569,11001003301,7973.8
49724253,-77.014374,38.91588599999999,11001003301,7973.8
49724259,-76.9709361,38.86867960000001,11001007601,3937.9
49724268,-76.99303,38.84245800000001,11001007304,3529.8
49724285,-76.952216,38.865256,11001007603,3490.4
49724289,-76.9521998,38.865971399999985,11001009902,2118.3
49724333,-76.974206,38.849308,11001007403,8399.0
49724366,-77.0140866,38.893882399999995,11001005900,3743.4
49724384,-77.0188255,38.932706999999986,11001003200,9225.6
49724395,-77.000546,38.874896899999996,11001007201,2605.7
49724678,-76.93696,38.906074499999995,11001007806,3516.7
49724749,-76.985506,38.879017,11001007100,4634.0
49724750,-76.9855066,38.879121,11001007100,4634.0
49724752,-76.943539,38.881751,11001009907,4495.5
49724754,-76.943791,38.881609999999995,11001009907,4495.5
49725530,-77.0114405,38.968221199999995,11001001702,3606.2
49725576,-77.0161926,38.89980199999999,11001005900,3743.4
49725844,-76.958227,38.910607999999996,11001011100,819.3
49725862,-76.9650733,38.9159707,11001011100,819.3
49725881,-76.9651986,38.91496639999999,11001011100,819.3
49726164,-77.0002929,38.86925029999998,11001007401,1034.1
49726196,-77.0547399,38.89216900000001,11001980000,1.5
49726250,-77.0521879,38.8903817,11001980000,1.5
49726311,-77.0010877,38.952978000000016,11001009508,4063.9
49726318,-77.065902,38.936288000000005,11001000600,3028.9
49726338,-77.066386,38.937025000000006,11001000600,3028.9
49726341,-76.9883157,38.879277099999996,11001007100,4634.0
49726342,-76.988084,38.87927699999999,11001007100,4634.0
49726390,-77.0722968,38.91835040000001,11001000300,5428.2
49726402,-77.072937,38.918147,11001000300,5428.2
49726407,-77.0787591,38.91884149999999,11001000300,5428.2
49726410,-77.078774,38.91917379999998,11001000300,5428.2
49726414,-77.094522,38.92282299999999,11001000804,1291.7
49726417,-77.094327,38.9227649,11001000804,1291.7
49726419,-77.094156,38.92271399999999,11001000804,1291.7
49726425,-77.094173,38.923035000000006,11001000804,1291.7
49726427,-77.092917,38.92329699999999,11001000804,1291.7
49726439,-77.092749,38.923083,11001000804,1291.7
49726460,-77.092112,38.92285599999999,11001000804,1291.7
49726464,-77.0936425,38.92366819999998,11001000804,1291.7
49726534,-77.0943239,38.92367510000001,11001000804,1291.7
49726535,-77.083774,38.95270999999999,11001001004,2689.9
49726536,-77.083779,38.953314999999996,11001001004,2689.9
49726537,-77.0820129,38.952109700000015,11001001004,2689.9
49726541,-77.083044,38.95210839999999,11001001004,2689.9
49726558,-77.0728677,38.97053849999999,11001001401,4218.2
49726613,-77.0800975,38.9610364,11001001100,2689.0
49726626,-77.0802627,38.96153459999999,11001001100,2689.0
49726646,-77.093048,38.921362999999985,11001000804,1291.7
49726658,-77.092075,38.921462999999996,11001000804,1291.7
49726683,-77.092104,38.922084,11001000804,1291.7
49726701,-77.090884,38.92210900000002,11001000804,1291.7
49726708,-77.0943364,38.92238650000001,11001000804,1291.7
49726740,-77.0565937,38.9197137,11001000501,3599.2
49726760,-77.0588531,38.920924,11001000400,1112.8
49726875,-77.0311702,38.88306699999999,11001010202,2108.3
49726882,-77.0301713,38.88288060000001,11001010202,2108.3
49726889,-77.0284351,38.882807199999995,11001010202,2108.3
49726893,-77.059424,38.92162000000002,11001000400,1112.8
49726929,-76.995958,38.84951299999999,11001010400,1682.2
49726946,-77.0729723,38.91924009999998,11001000300,5428.2
49727208,-77.091845,38.922412,11001000804,1291.7
49727217,-77.092254,38.922352000000004,11001000804,1291.7
49727230,-77.092566,38.92215399999999,11001000804,1291.7
49727233,-77.0999196,38.922947499999985,11001000902,981.5
49727240,-77.099138,38.92260699999999,11001000902,981.5
49727435,-76.973822,38.88892709999998,11001006804,1061.0
49727438,-76.9738285,38.889156799999995,11001006804,1061.0
49727447,-76.9738299,38.890212799999986,11001006804,1061.0
49727452,-76.9738415,38.89056019999998,11001006804,1061.0
49727453,-76.9738453,38.8909541,11001008002,5676.3
49727484,-77.0858655,38.9071579,11001000802,1329.8
49727496,-77.0850283,38.906971600000006,11001000802,1329.8
49727509,-77.0840597,38.9066413,11001000802,1329.8
49727513,-77.07334660000001,38.917001,11001000300,5428.2
49727521,-77.0728902,38.9169996,11001000300,5428.2
49727528,-77.072538,38.91701099999999,11001000300,5428.2
49727596,-76.9957783,38.8359909,11001009801,4724.2
49727637,-77.0014253,38.86523739999999,11001007401,1034.1
49727708,-77.0454869,38.960546000000015,11001001500,1189.4
49727748,-77.0445373,38.96147500000001,11001001500,1189.4
49727773,-77.043519,38.960966,11001001301,1375.9
49727785,-77.0441513,38.961021599999995,11001001301,1375.9
49727929,-77.0462961,38.9165696,11001004001,14523.2
49727936,-76.966884,38.91010500000001,11001011100,819.3
49728152,-77.0499632,38.8866802,11001980000,1.5
49728175,-77.049533,38.90964109999999,11001005503,7766.2
49728201,-77.0530461,38.89934679999999,11001005602,14421.3
49728611,-77.0559091,38.90374800000002,11001005601,13442.9
49728636,-77.0151815,38.894810099999994,11001005900,3743.4
49728646,-77.0141826,38.8907986,11001980000,1.5
49728731,-77.0111762,38.81535029999998,11001010900,631.3
49728756,-76.95157,38.895980999999985,11001009602,4023.6
49728813,-77.0317976,38.8849798,11001010202,2108.3
49728817,-77.03186110000001,38.8854562,11001010202,2108.3
49728828,-76.9901477,38.87463340000001,11001007100,4634.0
49728843,-76.9901331,38.873669500000005,11001007100,4634.0
49728879,-76.9962972,38.86293499999999,11001007401,1034.1
49728917,-76.996263,38.8632159,11001007401,1034.1
49728922,-76.9769344,38.8897523,11001006804,1061.0
49728947,-76.9790703,38.90665749999999,11001008903,12001.8
49728949,-76.982947,38.900650399999996,11001008904,8515.5
49729003,-77.0522808,38.88997749999999,11001980000,1.5
49729135,-77.078035,38.943162,11001001002,3763.3
49729179,-77.0102431,38.9072462,11001004600,6991.7
49729182,-77.0084546,38.907231599999996,11001010601,8577.0
49729205,-77.0663653,38.92432,11001000400,1112.8
49729400,-77.03183860000001,38.97581419999999,11001010300,4005.6
49729407,-76.9574863,38.8965631,11001009604,3359.8
49729507,-76.9707062,38.8909761,11001006804,1061.0
49729551,-76.9705694,38.8887652,11001006804,1061.0
49729557,-76.949958,38.89768899999999,11001009602,4023.6
49729677,-77.0494689,38.90273489999999,11001010700,1848.6
49729679,-77.0405079,38.9058651,11001010700,1848.6
49729688,-76.97140200000001,38.895726,11001006804,1061.0
49729701,-76.971791,38.896094999999995,11001007903,7498.4
49729711,-77.013315,38.942133999999996,11001002302,762.9
49729731,-77.0517182,38.9093292,11001000101,5760.5
49729752,-77.0524429,38.90966180000001,11001000101,5760.5
49729772,-76.9854259,38.910382199999994,11001008804,3005.2
49729792,-76.9584914,38.900386499999996,11001009602,4023.6
49729820,-77.0461622,38.914747900000016,11001004002,16899.8
49729831,-77.0458009,38.91461069999999,11001004202,12585.1
49729874,-77.0278986,38.89048320000001,11001980000,1.5
49729890,-77.0276543,38.8920917,11001980000,1.5
49729902,-77.012182,38.899658099999996,11001004702,10650.0
49729915,-77.0484579,38.9340003,11001002704,9978.6
49729919,-77.0487734,38.93413940000001,11001002704,9978.6
49729932,-77.04970910000002,38.93417710000001,11001001304,5698.4
49729946,-77.0501673,38.93400139999999,11001001304,5698.4
49729981,-77.0502305,38.93410260000001,11001001304,5698.4
49730006,-77.0270342,38.88427959999999,11001010202,2108.3
49730008,-77.0270385,38.88351399999999,11001010202,2108.3
49730129,-77.077029,38.943162,11001001002,3763.3
49730227,-77.008741,38.894795399999985,11001980000,1.5
49730229,-77.0082001,38.8403467,11001010400,1682.2
49730251,-77.0083681,38.83800130000001,11001010400,1682.2
49730297,-76.990183,38.902739000000004,11001008410,9721.9
49730313,-76.9802036,38.90798649999999,11001008804,3005.2
49730319,-77.0485797,38.8962365,11001010800,7151.8
49730351,-77.0080005,38.89710850000001,11001010603,5518.9
49730422,-77.0533298,38.8994043,11001005602,14421.3
49730684,-76.970744,38.908143,11001011100,819.3
49730741,-76.9889291,38.88579699999999,11001006700,9175.4
49730747,-76.989276,38.8860401,11001006700,9175.4
49730798,-76.993892,38.93402999999999,11001009301,3055.1
49730806,-76.9936912,38.932415199999994,11001009301,3055.1
49730820,-76.9888892,38.866846800000005,11001007503,4736.7
49730831,-77.009048,38.95729599999999,11001009505,4265.8
49730840,-77.0085528,38.95752819999999,11001009505,4265.8
49730863,-77.0334212,38.96209520000001,11001001804,9021.2
49730878,-77.035463,38.9622284,11001002001,4706.6
49730888,-76.9814818,38.8790244,11001006804,1061.0
49730919,-77.0020387,38.887603199999994,11001006600,7540.5
49730947,-76.9981602,38.862216300000014,11001007401,1034.1
49730969,-76.9608514,38.87827289999998,11001009901,1002.4
49731088,-76.948803,38.87617389999998,11001009901,1002.4
49731126,-76.9938114,38.92195370000002,11001009102,2396.3
49731187,-76.9562472,38.918750100000004,11001011100,819.3
49731188,-77.0092075,38.94572,11001002202,4615.4
49731194,-77.00889,38.94605589999999,11001002202,4615.4
49731206,-77.0086553,38.94651689999999,11001009510,5690.3
49731215,-77.053044,38.95939599999999,11001001301,1375.9
49731221,-77.0532728,38.95938599999999,11001001301,1375.9
49731236,-77.04889,38.918668300000014,11001004100,2968.9
49731242,-77.0490242,38.91926899999998,11001004001,14523.2
49731251,-77.056296,38.95374100000001,11001001301,1375.9
49731254,-77.0576412,38.9265722,11001000502,5930.0
49731261,-77.0571053,38.92612469999999,11001000502,5930.0
49731284,-77.0168645,38.82838509999999,11001009807,3203.8
49731303,-77.051211,38.933979,11001001304,5698.4
49731325,-77.0691524,38.90390440000001,11001000202,3259.9
49731467,-77.070977,38.95700099999999,11001001100,2689.0
49731469,-77.071276,38.957022,11001001100,2689.0
49731508,-77.0541627,38.8995846,11001005602,14421.3
49731509,-77.0166118,38.910525,11001004600,6991.7
49731514,-77.0172952,38.9103917,11001004801,8673.1
49731515,-77.0628529,38.968991999999986,11001001500,1189.4
49731531,-77.063878,38.969448,11001001500,1189.4
49731541,-77.0088457,38.832800899999995,11001009807,3203.8
49731544,-77.00295850000002,38.925289799999995,11001009204,10984.5
49731559,-77.0068559,38.9419354,11001009511,1982.2
49731575,-77.0077777,38.94233769999999,11001009510,5690.3
49731579,-77.0079893,38.9423733,11001009511,1982.2
49731603,-77.0531166,38.96140230000001,11001001301,1375.9
49731617,-77.052822,38.961178,11001001301,1375.9
49731621,-77.0334241,38.956506000000005,11001002001,4706.6
49731654,-77.036389,38.96241,11001002001,4706.6
49731659,-77.03691,38.962520999999995,11001002001,4706.6
49731666,-77.038312,38.96271999999998,11001002001,4706.6
49731670,-77.0242124,38.8828793,11001010202,2108.3
49731699,-77.0241675,38.8848436,11001010202,2108.3
49731712,-77.0570189,38.920248599999994,11001000400,1112.8
49731736,-77.058786,38.921445,11001000400,1112.8
49731745,-77.01236510000001,38.898891,11001004702,10650.0
49731754,-76.9311864,38.87648190000001,11001007707,5155.6
49731757,-76.9312296,38.876332100000006,11001007707,5155.6
49731762,-76.999424,38.82454800000001,11001009811,9038.1
49731838,-76.954801,38.895775,11001009604,3359.8
49732017,-76.9760636,38.8876059,11001006804,1061.0
49732026,-76.9743308,38.887775600000005,11001006804,1061.0
49732042,-76.9740562,38.888564299999985,11001006804,1061.0
49732053,-77.0581191,38.90524109999999,11001000102,1374.8
49732057,-77.0339644,38.87518969999999,11001980000,1.5
49732075,-77.0296063,38.878652800000005,11001980000,1.5
49732114,-77.0637277,38.9721934,11001001500,1189.4
49732126,-77.0521955,38.9337645,11001000501,3599.2
49732128,-77.003308,38.94055000000001,11001009511,1982.2
49732129,-77.00320200000002,38.940740999999996,11001009511,1982.2
49732176,-76.9949394,38.8474842,11001010400,1682.2
49732177,-76.9960231,38.84749880000001,11001010400,1682.2
49732193,-77.0270393,38.91112079999999,11001004901,12437.4
49732211,-77.026631,38.910765,11001004901,12437.4
49732230,-77.0286347,38.9617378,11001001804,9021.2
49732235,-77.0285524,38.96138800000001,11001001804,9021.2
49732241,-77.042739,38.982014000000014,11001001500,1189.4
49732272,-76.9977336,38.9325234,11001009201,4856.1
49732286,-77.0281349,38.89209230000001,11001980000,1.5
49732288,-77.0013035,38.931812,11001002302,762.9
49732319,-76.9451429,38.90358629999999,11001009601,1058.9
49732323,-76.94514200000002,38.90370689999998,11001009601,1058.9
49732327,-77.051416,38.902649100000005,11001005601,13442.9
49732352,-76.9887481,38.891608399999996,11001008002,5676.3
49732363,-76.9883139,38.89158210000001,11001008002,5676.3
49732368,-77.0026726,38.93032589999999,11001009201,4856.1
49732411,-77.000559,38.93139399999998,11001009201,4856.1
49732416,-77.0005681,38.9306922,11001009201,4856.1
49732422,-77.036922,38.92627469999999,11001003802,17411.3
49732428,-77.036475,38.926275299999986,11001003702,23552.5
49732524,-77.0536591,38.95047879999999,11001001301,1375.9
49732688,-77.0845028,38.9123841,11001000802,1329.8
49732698,-77.084897,38.912025,11001000802,1329.8
49732805,-77.007828,38.9517846,11001009510,5690.3
49732854,-77.0166765,38.927496699999985,11001002302,762.9
49732884,-77.0188641,38.927969999999995,11001003400,3776.1
49732906,-77.0852188,38.91295449999999,11001000802,1329.8
49732907,-77.0852202,38.9128616,11001000802,1329.8
49732919,-77.0855576,38.912673600000005,11001000802,1329.8
49732921,-77.0175888,38.82086939999999,11001010900,631.3
49732924,-76.9457356,38.90209999999999,11001009602,4023.6
49733218,-77.0086945,38.930532799999995,11001002302,762.9
49733323,-76.958677,38.88197900000001,11001009901,1002.4
49733427,-77.015181,38.88403100000001,11001010500,5126.6
49733440,-77.0136739,38.88366179999999,11001010500,5126.6
49733709,-77.0304439,38.880752199999996,11001980000,1.5
49733719,-76.9732132,38.85116439999999,11001007404,5208.7
49733721,-76.9729956,38.8507948,11001007403,8399.0
49733731,-76.9715909,38.849725599999985,11001007403,8399.0
49733859,-76.958088,38.91398999999999,11001011100,819.3
49733874,-76.957311,38.91464299999999,11001011100,819.3
49733957,-76.96064,38.916582999999996,11001011100,819.3
49733966,-77.0772763,38.96723220000001,11001001100,2689.0
49733995,-77.0101226,38.867274400000014,11001006400,3185.1
49734005,-77.0136747,38.863817099999984,11001006400,3185.1
49734010,-77.0136716,38.86464449999999,11001006400,3185.1
49734077,-77.015216,38.8935571,11001005900,3743.4
49734087,-77.0397579,38.8883181,11001980000,1.5
49734101,-76.9506858,38.89307399999997,11001009603,6946.7
49734102,-76.9505503,38.89325879999999,11001009603,6946.7
49734104,-77.0270376,38.90417150000002,11001004902,12760.9
49734107,-77.0276385,38.9041609,11001005004,25869.4
49734108,-77.0478144,38.914101900000006,11001004100,2968.9
49734109,-77.0481405,38.914101800000005,11001004100,2968.9
49734111,-77.0322018,38.9059437,11001005203,33336.9
49734130,-77.0345514,38.906683999999984,11001005203,33336.9
49734134,-76.9191519,38.897147600000004,11001007807,4738.9
49734137,-76.9762404,38.89894699999998,11001007903,7498.4
49734140,-76.983645,38.895395999999984,11001007901,10937.8
49734142,-76.983644,38.895463,11001007901,10937.8
49734195,-76.971341,38.89159300000001,11001006804,1061.0
49734249,-76.97364,38.89143899999999,11001006804,1061.0
49734273,-77.1119482,38.938809500000005,11001000904,1547.9
49734296,-76.925149,38.89709199999998,11001007807,4738.9
49734310,-76.935824,38.90877429999998,11001009601,1058.9
49734314,-76.935474,38.90904200000001,11001009601,1058.9
49734318,-76.929338,38.891885199999976,11001007804,4831.5
49734321,-76.9292765,38.89213450000001,11001007804,4831.5
49734368,-76.962448,38.92593,11001009000,2522.4
49734407,-76.9350068,38.90730840000001,11001007806,3516.7
49734413,-77.0006335,38.83531130000001,11001009803,5408.0
49734414,-77.0007652,38.835811799999995,11001009803,5408.0
49734469,-76.9636709,38.92410699999999,11001011100,819.3
49734473,-76.9637039,38.92344519999999,11001011100,819.3
49734492,-76.993827,38.86145500000001,11001007407,5597.7
49734496,-77.004695,38.960246,11001009505,4265.8
49734511,-77.005141,38.96064099999999,11001009505,4265.8
49734543,-77.053349,38.934191000000006,11001001304,5698.4
49734559,-76.961453,38.88023399999999,11001007709,2756.0
49734570,-76.961449,38.880627,11001007709,2756.0
49734573,-77.0985555,38.91899790000001,11001000804,1291.7
49734574,-77.0985645,38.919161,11001000804,1291.7
49734577,-77.0347627,38.95121849999999,11001002002,4834.6
49734583,-77.0354396,38.9518729,11001002002,4834.6
49734594,-77.04485,38.992076999999995,11001001600,1895.6
49734596,-77.044861,38.992278999999996,11001001600,1895.6
49734598,-77.0462994,38.92233319999999,11001004001,14523.2
49734600,-77.04657300000001,38.922336599999994,11001004001,14523.2
49734611,-77.0434946,38.927997899999994,11001002702,11473.8
49734612,-77.0387795,38.9325374,11001002703,14110.8
49734615,-77.0327183,38.931346,11001002802,21556.7
49734616,-77.0327182,38.9312488,11001002802,21556.7
49734618,-77.0327195,38.93348,11001002900,15329.2
49734619,-77.0327203,38.93366069999998,11001002900,15329.2
49734621,-77.0327219,38.937608999999995,11001002504,10048.5
49734622,-77.0327221,38.937899999999985,11001002504,10048.5
49734626,-76.9721716,38.93831290000001,11001009400,3137.6
49734628,-76.971884,38.938313,11001009400,3137.6
49734630,-76.9815832,38.938308600000006,11001009503,2415.2
49734631,-76.998085,38.94627129999999,11001009504,2939.8
49734633,-76.998085,38.946809999999985,11001009509,5046.4
49734677,-76.993888,38.941391999999986,11001009504,2939.8
49734682,-76.994572,38.94258099999999,11001009504,2939.8
49734692,-76.995733,38.943763,11001009504,2939.8
49734708,-76.936666,38.90969580000001,11001009601,1058.9
49734716,-76.979006,38.919894,11001009102,2396.3
49734728,-76.9786239,38.9194632,11001009102,2396.3
49734729,-76.99353,38.903728,11001008410,9721.9
49734737,-76.992631,38.90379730000001,11001008802,9828.6
49734758,-76.9402734,38.9063752,11001009601,1058.9
49734759,-76.940278,38.90603349999999,11001009601,1058.9
49734774,-76.95359100000002,38.86334299999999,11001007603,3490.4
49734789,-76.9725433,38.860585,11001007502,7711.5
49734791,-76.988652,38.86188099999998,11001007503,4736.7
49734797,-77.0186683,38.9320521,11001003200,9225.6
49734802,-77.0020378,38.87490020000001,11001007201,2605.7
49734850,-77.0547705,38.91021119999998,11001000101,5760.5
49734854,-77.0551602,38.9102045,11001000101,5760.5
49734877,-77.00185900000001,38.843509999999995,11001010400,1682.2
49734879,-77.001826,38.843409,11001010400,1682.2
49735019,-76.9900256,38.86027399999999,11001007407,5597.7
49735020,-76.9898387,38.86045010000001,11001007407,5597.7
49735021,-76.98963940000002,38.8606249,11001007407,5597.7
49735022,-77.0136733,38.894792,11001005900,3743.4
49735030,-77.0140297,38.89044369999999,11001980000,1.5
49735031,-76.9506215,38.88872210000001,11001007703,7008.9
49735074,-76.95077800000001,38.88965099999999,11001007703,7008.9
49735119,-77.0173762,38.82431500000001,11001007301,467.5
49735120,-77.0177042,38.82431549999999,11001007301,467.5
49735124,-76.9857916,38.93725810000003,11001009503,2415.2
49735125,-76.9861701,38.93724909999999,11001009503,2415.2
49735128,-77.016044,38.95549099999999,11001002102,6947.2
49735130,-77.0160222,38.955211500000004,11001002102,6947.2
49735138,-77.019219,38.9575406,11001002102,6947.2
49735150,-77.0199348,38.957791500000006,11001002102,6947.2
49735154,-77.0136606,38.958390300000005,11001002102,6947.2
49735161,-77.013672,38.9587331,11001002102,6947.2
49735267,-77.007499,38.962462000000016,11001009505,4265.8
49735269,-77.0072746,38.9627005,11001009505,4265.8
49735286,-76.9936377,38.8644887,11001007401,1034.1
49735318,-77.04205,38.987552999999984,11001001600,1895.6
49735322,-77.042394,38.987584000000005,11001001600,1895.6
49735404,-77.011473,38.89892829999999,11001004702,10650.0
49735478,-77.0005323,38.860941499999996,11001007401,1034.1
49735507,-77.0730013,38.93626930000001,11001000600,3028.9
49735514,-77.0738999,38.9339415,11001001002,3763.3
49735518,-77.0759992,38.9373925,11001001002,3763.3
49735522,-77.0763238,38.937325399999985,11001001002,3763.3
49735524,-77.0635636,38.944258700000006,11001001200,3864.4
49735527,-77.064646,38.944315,11001001200,3864.4
49735528,-77.0911593,38.92304749999999,11001000804,1291.7
49735535,-77.090793,38.92304100000001,11001000804,1291.7
49735537,-77.092471,38.923266000000005,11001000804,1291.7
49735538,-77.091958,38.92317299999999,11001000804,1291.7
49735564,-77.091115,38.92384,11001000804,1291.7
49735574,-77.091362,38.923569,11001000804,1291.7
49735597,-77.058495,38.921966999999995,11001000400,1112.8
49735598,-77.058436,38.92210099999999,11001000400,1112.8
49735600,-77.059229,38.922183999999994,11001000400,1112.8
49735831,-77.0257789,38.88150960000001,11001010202,2108.3
49735888,-77.0835672,38.92952789999999,11001000804,1291.7
49735897,-77.083798,38.929294999999996,11001000804,1291.7
49735900,-77.0912875,38.94126290000001,11001000903,3449.3
49735904,-76.96311010000001,38.88064049999998,11001007709,2756.0
49735907,-76.9622897,38.8806283,11001007709,2756.0
49736008,-76.99376120000001,38.87930990000002,11001007000,5602.7
49736276,-77.083604,38.91433599999999,11001000802,1329.8
49736280,-77.083265,38.91446800000001,11001000802,1329.8
49736283,-77.092919,38.922394000000004,11001000804,1291.7
49736290,-77.093108,38.92247499999999,11001000804,1291.7
49736316,-77.093977,38.922396000000006,11001000804,1291.7
49736712,-77.0281147,38.88498829999999,11001010202,2108.3
49736716,-77.0524742,38.934486400000004,11001001304,5698.4
49736795,-77.0414704,38.976603399999995,11001001500,1189.4
49736865,-77.0161156,38.8225339,11001010900,631.3
49737105,-77.042289,38.98724999999999,11001001600,1895.6
49737130,-77.0188599,38.81351209999998,11001010900,631.3
49737159,-77.0199033,38.883245,11001010202,2108.3
49737457,-77.0028418,38.93997430000001,11001009511,1982.2
49737471,-77.003804,38.940740000000005,11001009511,1982.2
49737482,-77.0048996,38.91830900000001,11001009203,5714.0
49737508,-76.9499754,38.89733280000001,11001009602,4023.6
49737722,-77.0514173,38.9024153,11001005601,13442.9
49737731,-77.050763,38.902336800000015,11001005601,13442.9
49737885,-77.0087326,38.911857899999994,11001008701,6841.9
49737931,-77.0694274,38.9236184,11001000400,1112.8
49737946,-77.0090471,38.95620579999999,11001009505,4265.8
49737972,-77.0098582,38.9557685,11001002102,6947.2
49738041,-77.0501513,38.892374200000006,11001980000,1.5
49738066,-77.0118511,38.8354121,11001009807,3203.8
49738093,-77.0497251,38.902093900000004,11001005501,10678.0
49738129,-77.00351,38.895641,11001008301,10123.6
49738294,-76.9870069,38.898676,11001008402,9326.9
49738304,-76.987503,38.89892099999999,11001008402,9326.9
49738305,-76.9855057,38.8919978,11001008002,5676.3
49738311,-76.9882987,38.89256429999998,11001008002,5676.3
49738488,-76.972699,38.859929999999984,11001007502,7711.5
49738510,-76.97315,38.859467,11001007502,7711.5
49738540,-77.0359133,38.96252969999998,11001001803,3248.9
49738582,-77.0363899,38.96275609999999,11001001803,3248.9
49738617,-77.01983520000002,38.88301309999999,11001010202,2108.3
49738698,-77.0094678,38.884169099999994,11001980000,1.5
49738746,-76.993967,38.85871920000001,11001007401,1034.1
49738769,-76.98318240000002,38.85308589999999,11001007404,5208.7
49738815,-76.9732135,38.85302329999999,11001007408,11076.8
49738826,-76.9524217,38.89057179999999,11001009603,6946.7
49738914,-77.0426124,38.981813900000006,11001001500,1189.4
49738932,-76.996205,38.92511869999999,11001009204,10984.5
49738943,-77.03506670000002,38.9401972,11001002504,10048.5
49739046,-77.0073166,38.84509129999999,11001010400,1682.2
49739134,-77.087689,38.92455299999998,11001000804,1291.7
49739135,-77.0875008,38.924713600000004,11001000804,1291.7
49739137,-77.0158712,38.82840409999999,11001009807,3203.8
49739164,-77.016916,38.95873590000001,11001002102,6947.2
49739169,-77.0161594,38.958991,11001001902,2521.5
49739172,-77.0132595,38.83363670000001,11001009807,3203.8
49739260,-77.073168,38.9198653,11001000300,5428.2
49739277,-77.012163,38.91038000000001,11001004600,6991.7
49739283,-77.0151812,38.910381,11001004600,6991.7
49739286,-76.993295,38.843851400000005,11001007304,3529.8
49739298,-77.0121532,38.920235799999986,11001003301,7973.8
49739302,-77.013547,38.92023800000001,11001003301,7973.8
49739307,-77.0148745,38.92024,11001003301,7973.8
49739319,-76.98563,38.951179,11001009503,2415.2
49739331,-76.985749,38.92506899999999,11001009301,3055.1
49739335,-76.9857985,38.9257027,11001009301,3055.1
49739338,-76.9858868,38.92677830000001,11001009301,3055.1
49739347,-76.9859701,38.92783489999999,11001009301,3055.1
49739350,-76.9860495,38.92882830000001,11001009301,3055.1
49739355,-76.9861282,38.9298117,11001009301,3055.1
49739360,-76.9862072,38.9307999,11001009301,3055.1
49739365,-76.986286,38.931786,11001009301,3055.1
49739399,-76.9863648,38.932771,11001009301,3055.1
49739410,-76.9864436,38.93375679999999,11001009301,3055.1
49739423,-76.9864798,38.934744699999996,11001009301,3055.1
49739424,-76.98630800000001,38.936170000000004,11001009503,2415.2
49739436,-76.9860477,38.938314900000016,11001009503,2415.2
49739443,-76.985963,38.93897499999999,11001009503,2415.2
49739448,-76.985881,38.93965500000001,11001009503,2415.2
49739465,-76.985646,38.942560000000014,11001009503,2415.2
49739469,-76.98567,38.942861,11001009503,2415.2
49739481,-76.983158,38.919181600000016,11001009102,2396.3
49739487,-76.983187,38.919985000000004,11001009102,2396.3
49739513,-76.983873,38.92091,11001009102,2396.3
49739533,-76.9859457,38.922330699999996,11001009102,2396.3
49739554,-76.9853138,38.92423849999997,11001009102,2396.3
49739559,-76.9855001,38.88981069999999,11001006700,9175.4
49739564,-76.9855009,38.89093609999998,11001008002,5676.3
49739565,-76.9855006,38.89147429999999,11001008002,5676.3
49739577,-76.9854996,38.893573700000005,11001008002,5676.3
49739585,-76.985504,38.89478099999999,11001008001,9474.4
49739593,-76.985508,38.8961134,11001008001,9474.4
49739596,-76.985508,38.896722000000004,11001008001,9474.4
49739598,-76.985505,38.89733199999999,11001008001,9474.4
49739600,-76.9855024,38.8989098,11001008001,9474.4
49739603,-76.9855028,38.89928800000001,11001008402,9326.9
49739609,-76.985504,38.90020169999999,11001008402,9326.9
49739633,-76.9856599,38.900826299999984,11001008410,9721.9
49739655,-76.9220229,38.8864185,11001009905,7374.0
49739683,-77.0649116,38.9354439,11001000600,3028.9
49739695,-77.0663895,38.93513899999999,11001000600,3028.9
49739703,-77.091959,38.92482499999998,11001000804,1291.7
49739758,-77.093454,38.92444399999998,11001000804,1291.7
49739764,-76.990049,38.93517700000001,11001009504,2939.8
49739770,-76.989876,38.936172899999995,11001009504,2939.8
49739774,-76.987467,38.84211200000001,11001007304,3529.8
49739787,-77.0396654,38.92631989999999,11001003901,22609.1
49739795,-77.0403981,38.926619599999995,11001003901,22609.1
49739799,-77.0409801,38.92679069999998,11001003901,22609.1
49739801,-77.03842660000001,38.9253714,11001003802,17411.3
49739815,-77.0395387,38.92607749999999,11001003901,22609.1
49739819,-77.041214,38.92686,11001003901,22609.1
49739830,-77.04188700000002,38.927229000000004,11001003902,6388.3
49739833,-77.0648,38.973698899999995,11001001500,1189.4
49739840,-77.0630698,38.97505690000001,11001001500,1189.4
49739844,-77.06203320000002,38.9758584,11001001500,1189.4
49739847,-77.0607453,38.97687309999998,11001001500,1189.4
49739861,-77.05961040000001,38.9777935,11001001500,1189.4
49739903,-76.9984621,38.895455999999996,11001008301,10123.6
49739904,-76.996164,38.895456999999986,11001008302,11005.6
49739937,-76.9177727,38.89793939999999,11001007807,4738.9
49740074,-77.0447432,38.9246743,11001003902,6388.3
49740082,-77.0446548,38.92486959999999,11001003902,6388.3
49740100,-77.044603,38.925151,11001003902,6388.3
49740160,-77.0454798,38.9311941,11001002702,11473.8
49740162,-77.0455936,38.931318100000006,11001002702,11473.8
49740210,-77.0437354,38.92885429999999,11001002702,11473.8
49740244,-77.0420404,38.923091500000005,11001003802,17411.3
49740250,-76.9991425,38.950049299999996,11001009509,5046.4
49740284,-76.99064200000001,38.86537200000002,11001007503,4736.7
49740329,-77.0035364,38.879279999999994,11001007203,8603.6
49740342,-77.034078,38.989720999999975,11001001600,1895.6
49740351,-77.034706,38.989046,11001001600,1895.6
49740362,-77.035359,38.988345,11001001600,1895.6
49740384,-77.0362842,38.988219100000016,11001001600,1895.6
49740398,-76.957542,38.8746002,11001009901,1002.4
49740404,-76.956544,38.874601700000014,11001009901,1002.4
49740422,-76.953736,38.8746058,11001009901,1002.4
49740435,-76.9528852,38.874609299999996,11001009901,1002.4
49740439,-77.0082209,38.87464090000001,11001007201,2605.7
49740442,-77.007465,38.87464079999999,11001007201,2605.7
49740448,-77.0059052,38.87464279999999,11001007201,2605.7
49740477,-77.0037334,38.8749138,11001007201,2605.7
49740516,-76.96642,38.8746096,11001007709,2756.0
49740522,-76.96476900000002,38.8746079,11001009901,1002.4
49740531,-76.962325,38.8746053,11001009901,1002.4
49740539,-76.961037,38.874604,11001009901,1002.4
49740543,-76.969386,38.875451999999996,11001007709,2756.0
49740557,-76.968074,38.87479299999998,11001007709,2756.0
49740561,-76.98315990000002,38.947066,11001009503,2415.2
49740574,-76.980743,38.94706899999999,11001009503,2415.2
49740585,-76.979952,38.947666,11001009503,2415.2
49740589,-76.99705000000002,38.94728799999999,11001009509,5046.4
49740597,-76.9949538,38.947292000000004,11001009509,5046.4
49740610,-76.9926464,38.94729639999999,11001009509,5046.4
49740620,-76.99024300000002,38.947300999999996,11001009509,5046.4
49740630,-76.989169,38.947303,11001009503,2415.2
49740634,-77.008692,38.948169,11001009510,5690.3
49740649,-77.006233,38.948278,11001009510,5690.3
49740653,-77.098739,38.926396000000004,11001000902,981.5
49740699,-77.098064,38.92565099999999,11001000902,981.5
49740703,-77.086543,38.92430199999997,11001000804,1291.7
49740750,-77.0899373,38.92510559999999,11001000804,1291.7
49740888,-77.094885,38.92507500000001,11001000804,1291.7
49740930,-77.0363247,38.99067320000001,11001001600,1895.6
49740966,-77.0394576,38.9893173,11001001600,1895.6
49740996,-77.039984,38.98892699999998,11001001600,1895.6
49741014,-77.000571,38.88981669999999,11001008200,8289.3
49741020,-77.0005769,38.890942400000014,11001008200,8289.3
49741023,-77.000575,38.89201750000001,11001008200,8289.3
49741027,-77.0005747,38.89306959999998,11001008200,8289.3
49741031,-77.00057750000002,38.893597899999996,11001008301,10123.6
49741033,-77.000579,38.8939347,11001008301,10123.6
49741037,-77.0005755,38.894116100000005,11001008301,10123.6
49741038,-77.0005693,38.89480060000001,11001008301,10123.6
49741041,-77.0005686,38.896128800000014,11001008301,10123.6
49741043,-77.000573,38.8973439,11001008301,10123.6
49741052,-77.0005753,38.8989216,11001008301,10123.6
49741058,-77.0005703,38.90021110000001,11001008301,10123.6
49741069,-77.0005658,38.9013304,11001010602,13400.1
49741073,-77.0005703,38.902514899999986,11001010602,13400.1
49741076,-77.0005673,38.90372699999999,11001010602,13400.1
49741088,-77.0004835,38.90716299999999,11001008803,3829.0
49741095,-76.99999280000002,38.9078613,11001008803,3829.0
49741104,-76.9991328,38.909102800000014,11001008803,3829.0
49741107,-76.998071,38.910609,11001008803,3829.0
49741149,-77.000567,38.91482400000001,11001008702,7239.5
49741153,-77.0005731,38.9156106,11001008702,7239.5
49741155,-77.000569,38.91627999999997,11001008702,7239.5
49741156,-77.0005689,38.917001700000014,11001008702,7239.5
49741157,-77.000568,38.91810759999999,11001008702,7239.5
49741160,-77.000568,38.91917699999999,11001008702,7239.5
49741163,-77.0005692,38.91979699999998,11001009204,10984.5
49741165,-77.000571,38.920228,11001009204,10984.5
49741170,-77.000569,38.921295,11001009204,10984.5
49741173,-77.0005686,38.92236989999998,11001009204,10984.5
49741174,-77.000569,38.92298499999999,11001009204,10984.5
49741178,-77.00057,38.923439,11001009204,10984.5
49741179,-77.00057,38.924511,11001009204,10984.5
49741182,-77.00057,38.92559099999999,11001009204,10984.5
49741187,-77.000569,38.926618,11001009201,4856.1
49741203,-77.000982,38.931215,11001009201,4856.1
49741210,-76.999511,38.95581399999998,11001009508,4063.9
49741238,-77.000246,38.957357,11001009507,5540.9
49741253,-76.999842,38.95798,11001009507,5540.9
49741274,-77.04198020000001,38.920590499999996,11001003802,17411.3
49741287,-77.0439332,38.92059530000001,11001004002,16899.8
49741337,-77.0567731,38.916629500000006,11001004100,2968.9
49741341,-77.0455424,38.92066019999997,11001004001,14523.2
49741349,-77.04685230000001,38.9205468,11001004001,14523.2
49741362,-77.0480339,38.9204607,11001004001,14523.2
49741378,-77.04906290000001,38.91933189999999,11001004100,2968.9
49741388,-76.9575087,38.89278100000001,11001009604,3359.8
49741390,-76.9575074,38.893560999999984,11001009604,3359.8
49741393,-76.9575063,38.894165,11001009604,3359.8
49741398,-76.9575053,38.894769,11001009604,3359.8
49741404,-76.9575038,38.89563400000001,11001009604,3359.8
49741428,-76.976255,38.851407,11001007404,5208.7
49741463,-76.97746880000001,38.85155599999999,11001007404,5208.7
49741467,-76.9773293,38.8515727,11001007404,5208.7
49741471,-77.003537,38.83096709999999,11001009810,4650.4
49741543,-77.0022147,38.8238965,11001009810,4650.4
49741573,-77.016158,38.940000000000005,11001002301,7776.5
49741581,-77.016215,38.941069,11001002301,7776.5
49741584,-76.971235,38.91189599999999,11001011100,819.3
49741594,-76.97105000000002,38.911511999999995,11001011100,819.3
49741628,-76.970565,38.90874899999999,11001011100,819.3
49741647,-77.0466727,38.8921073,11001980000,1.5
49741652,-77.0466705,38.89351610000001,11001980000,1.5
49741663,-77.0466916,38.895260599999986,11001980000,1.5
49741673,-77.0466867,38.8960245,11001010800,7151.8
49741695,-77.046659,38.89958,11001010800,7151.8
49741703,-77.0466537,38.900696499999995,11001010800,7151.8
49741709,-77.0466515,38.9025282,11001010700,1848.6
49741710,-77.0466524,38.90373429999998,11001010700,1848.6
49741715,-77.046642,38.9056237,11001010700,1848.6
49741717,-77.0466407,38.906225000000006,11001010700,1848.6
49741724,-77.0466383,38.90724349999998,11001005501,10678.0
49741725,-77.0466368,38.9079079,11001005502,9897.5
49741728,-77.0466352,38.90857210000001,11001005502,9897.5
49741730,-77.0466327,38.90964720000001,11001005502,9897.5
49741733,-77.0466301,38.9107564,11001005502,9897.5
49741735,-77.0466302,38.9111415,11001005502,9897.5
49741737,-77.0466316,38.91187519999998,11001005502,9897.5
49741740,-77.0466304,38.912609599999996,11001005502,9897.5
49741751,-77.0123923,38.943321799999985,11001002302,762.9
49741760,-77.01403000000002,38.943276,11001002301,7776.5
49741766,-77.015454,38.943235999999985,11001002301,7776.5
49741771,-77.0171708,38.943183599999976,11001002301,7776.5
49741773,-77.0185453,38.94314309999999,11001002301,7776.5
49741775,-77.0199605,38.94310080000001,11001002400,6713.4
49741778,-77.0216729,38.943047000000014,11001002400,6713.4
49741782,-77.0233946,38.942992899999986,11001002400,6713.4
49741798,-77.0263146,38.9429684,11001002501,5263.1
49741801,-77.034521,38.942935999999996,11001002501,5263.1
49741807,-77.036378,38.94293259999999,11001002501,5263.1
49741810,-77.038815,38.942938999999996,11001002600,1190.1
49741817,-77.041272,38.942938999999996,11001002600,1190.1
49741820,-77.0430935,38.94295099999998,11001002600,1190.1
49741823,-76.972546,38.92642999999998,11001011100,819.3
49741825,-76.971901,38.926705,11001011100,819.3
49741828,-76.971152,38.9270257,11001011100,819.3
49741829,-76.9530613,38.90009489999999,11001009602,4023.6
49741856,-76.9512003,38.8986529,11001009602,4023.6
49741996,-77.0868001,38.906727,11001000802,1329.8
49742208,-77.1071277,38.92480869999998,11001000902,981.5
49742265,-77.1117657,38.930330299999994,11001000902,981.5
49742293,-77.005905,38.8920216,11001008200,8289.3
49742300,-77.0035193,38.8920484,11001008200,8289.3
49742308,-77.0020382,38.892012,11001008200,8289.3
49742316,-76.9995109,38.892016099999985,11001008200,8289.3
49742320,-76.9984557,38.892014599999996,11001008200,8289.3
49742331,-76.9961665,38.892018300000004,11001008200,8289.3
49742335,-76.9956474,38.8920116,11001008302,11005.6
49742338,-76.9949627,38.89200760000001,11001008100,10966.3
49742344,-76.9937566,38.89200749999999,11001008100,10966.3
49742352,-76.992647,38.89200850000001,11001008100,10966.3
49742360,-76.99152610000002,38.8920073,11001008100,10966.3
49742366,-76.99024180000002,38.89200839999999,11001008002,5676.3
49742370,-76.989256,38.892007899999996,11001008002,5676.3
49742388,-76.9864758,38.8920054,11001008002,5676.3
49742418,-76.9847403,38.892022600000004,11001008002,5676.3
49742428,-76.9836504,38.892021699999994,11001008002,5676.3
49742434,-76.9822167,38.89201969999999,11001008002,5676.3
49742444,-76.9807658,38.892017299999985,11001008002,5676.3
49742446,-76.9798769,38.892014,11001008002,5676.3
49742454,-76.977246,38.89201289999998,11001008002,5676.3
49742460,-76.9762237,38.892014,11001008002,5676.3
49742470,-76.997375,38.84807299999999,11001010400,1682.2
49742473,-76.996006,38.84804499999999,11001010400,1682.2
49742530,-77.007542,38.9213077,11001009203,5714.0
49742534,-76.9808575,38.92118249999997,11001009102,2396.3
49742545,-76.978995,38.921290400000004,11001011100,819.3
49742547,-76.978097,38.92129040000001,11001011100,819.3
49742555,-76.976222,38.921290299999995,11001011100,819.3
49742559,-76.975406,38.92129019999999,11001011100,819.3
49742585,-76.987867,38.9210913,11001009102,2396.3
49742616,-77.00422,38.92130900000001,11001009203,5714.0
49742623,-77.003501,38.92129899999999,11001009203,5714.0
49742628,-77.00203,38.921297999999986,11001009203,5714.0
49742636,-76.99241660000001,38.922399199999994,11001009102,2396.3
49742701,-77.0013,38.903726999999996,11001010602,13400.1
49742705,-77.0012979,38.90565230000001,11001010602,13400.1
49742711,-77.0985611,38.919973000000006,11001000804,1291.7
49742713,-77.0985697,38.92024629999999,11001000804,1291.7
49742737,-77.0994709,38.922033200000016,11001000902,981.5
49742738,-77.0997046,38.922262499999995,11001000902,981.5
49742755,-77.1004054,38.92354499999999,11001000902,981.5
49742771,-77.1014591,38.9249278,11001000902,981.5
49742782,-77.10289100000001,38.92626429999999,11001000902,981.5
49742791,-77.104118,38.92732689999999,11001000902,981.5
49742799,-77.1057696,38.92884,11001000902,981.5
49742826,-77.1069277,38.929991599999994,11001000902,981.5
49742839,-77.1069897,38.93023779999999,11001000902,981.5
49742885,-77.1079887,38.93155870000001,11001000902,981.5
49742907,-77.1089944,38.93240449999999,11001000902,981.5
49742909,-77.1091494,38.9325536,11001000902,981.5
49742923,-77.1107024,38.9343414,11001000902,981.5
49742925,-77.11082520000001,38.93450919999999,11001000902,981.5
49743050,-77.0802228,38.9060494,11001000802,1329.8
49743064,-77.0805701,38.90625369999997,11001000802,1329.8
49743069,-77.0809149,38.9065784,11001000802,1329.8
49743074,-77.0840505,38.90798579999999,11001000802,1329.8
49743089,-77.0863125,38.908884099999995,11001000802,1329.8
49743092,-77.0869768,38.90910789999999,11001000802,1329.8
49743125,-77.0888021,38.9101623,11001000802,1329.8
49743165,-77.091133,38.91271199999999,11001000802,1329.8
49743214,-77.093066,38.91482400000001,11001000802,1329.8
49743216,-77.0930105,38.91505329999998,11001000802,1329.8
49743223,-77.0945827,38.915552099999985,11001000802,1329.8
49743224,-77.0950593,38.91585549999999,11001000804,1291.7
49743231,-77.0961733,38.916920600000005,11001000804,1291.7
49743242,-77.0977113,38.91796519999999,11001000804,1291.7
49743356,-76.976219,38.904366,11001008903,12001.8
49743367,-76.97537,38.905619999999985,11001008903,12001.8
49743415,-77.0639258,38.90398369999999,11001000202,3259.9
49743435,-76.980865,38.92909199999999,11001009301,3055.1
49743444,-77.006908,38.839831,11001010400,1682.2
49743457,-77.0067185,38.840393399999996,11001010400,1682.2
49743470,-77.002045,38.84401999999999,11001010400,1682.2
49743477,-77.000659,38.84401299999999,11001010400,1682.2
49743486,-76.998525,38.84398199999999,11001010400,1682.2
49743490,-76.998458,38.843942999999975,11001010400,1682.2
49743495,-77.087246,38.91058100000001,11001000802,1329.8
49743511,-77.08609,38.91137499999999,11001000802,1329.8
49743543,-77.088174,38.91140099999999,11001000802,1329.8
49743546,-77.088275,38.911612,11001000802,1329.8
49743548,-77.0885164,38.9118416,11001000802,1329.8
49743552,-76.9996742,38.923394900000005,11001009204,10984.5
49743561,-76.998431,38.923986999999975,11001009204,10984.5
49743563,-76.9973544,38.92450069999997,11001009204,10984.5
49743578,-76.9956438,38.92538120000001,11001009204,10984.5
49743621,-76.995455,38.92384999999999,11001009204,10984.5
49743646,-76.95564,38.863972999999994,11001007603,3490.4
49743659,-76.955213,38.864197000000004,11001007603,3490.4
49743669,-76.953736,38.86471999999999,11001007603,3490.4
49743686,-76.951324,38.86559399999999,11001007603,3490.4
49743717,-76.949807,38.867043,11001009902,2118.3
49743760,-76.948113,38.86888499999999,11001009902,2118.3
49743812,-76.94496,38.87048399999999,11001009902,2118.3
49743817,-76.943521,38.87077299999999,11001009902,2118.3
49743824,-76.942,38.87107799999999,11001009902,2118.3
49743825,-76.941605,38.87115799999999,11001009902,2118.3
49743847,-76.939117,38.871786,11001009902,2118.3
49743851,-76.9382264,38.87222370000002,11001009902,2118.3
49743856,-76.93748,38.87257599999998,11001009902,2118.3
49743874,-76.99845,38.84310899999999,11001009804,5044.7
49743877,-76.997676,38.843146,11001009804,5044.7
49743887,-76.995913,38.84340799999998,11001009804,5044.7
49743889,-76.995332,38.843501,11001009804,5044.7
49743892,-76.994704,38.843606,11001009804,5044.7
49743894,-76.994226,38.84368799999999,11001007304,3529.8
49743895,-76.993504,38.84381599999998,11001007304,3529.8
49743898,-76.992427,38.843996,11001007304,3529.8
49743902,-76.990594,38.844311999999995,11001007304,3529.8
49743937,-76.9864717,38.8451733,11001007304,3529.8
49743941,-76.985093,38.845532,11001007304,3529.8
49743947,-76.984426,38.845717,11001007304,3529.8
49743951,-76.983433,38.84599999999999,11001007304,3529.8
49743955,-76.98280100000001,38.846177999999995,11001007304,3529.8
49743972,-76.980308,38.846911399999996,11001007403,8399.0
49743990,-76.979165,38.84745100000001,11001007403,8399.0
49743994,-76.979023,38.847547,11001007403,8399.0
49744012,-76.978136,38.84838800000001,11001007403,8399.0
49744030,-76.97745,38.84933899999999,11001007403,8399.0
49744068,-76.97519110000002,38.85072950000001,11001007404,5208.7
49744075,-76.9742105,38.850984,11001007403,8399.0
49744095,-76.9722195,38.8513039,11001007408,11076.8
49744115,-76.970599,38.852138,11001007408,11076.8
49744137,-76.970048,38.85272399999999,11001007408,11076.8
49744156,-76.969976,38.85444800000001,11001007502,7711.5
49744160,-76.9699772,38.8550109,11001007502,7711.5
49744162,-76.9699696,38.85578219999999,11001007502,7711.5
49744168,-76.968195,38.858906000000005,11001007603,3490.4
49744173,-76.9677993,38.85935939999998,11001007604,2729.6
49744185,-76.967015,38.8599374,11001007604,2729.6
49744199,-76.9647874,38.8607158,11001007603,3490.4
49744209,-76.962325,38.861623400000006,11001007604,2729.6
49744222,-76.9614904,38.861727,11001007603,3490.4
49744225,-76.960495,38.86180500000001,11001007603,3490.4
49744226,-76.960172,38.86182999999999,11001007603,3490.4
49744233,-76.959002,38.86192940000001,11001007603,3490.4
49744244,-76.95749100000002,38.862243,11001007603,3490.4
49744252,-76.9569739,38.862495,11001007604,2729.6
49744267,-76.937752,38.87272900000001,11001009902,2118.3
49744292,-76.936975,38.873927999999985,11001009902,2118.3
49744314,-76.936778,38.87489400000002,11001007707,5155.6
49744350,-76.9371479,38.87648309999999,11001007707,5155.6
49744361,-76.938576,38.878659999999996,11001007707,5155.6
49744382,-76.939058,38.87942900000001,11001007707,5155.6
49744407,-76.939257,38.880198,11001007707,5155.6
49744450,-76.939269,38.881764000000004,11001009907,4495.5
49744462,-76.939359,38.882232,11001009907,4495.5
49744475,-76.939555,38.883189000000016,11001009907,4495.5
49744535,-77.064899,38.942401099999984,11001001200,3864.4
49744559,-77.066374,38.941571100000004,11001001200,3864.4
49744564,-77.005885,38.882603,11001006500,5005.4
49744571,-77.003518,38.882602,11001006500,5005.4
49744587,-76.989507,38.86545200000002,11001007503,4736.7
49744591,-76.952218,38.864292000000006,11001007603,3490.4
49744598,-76.950345,38.864284000000005,11001007603,3490.4
49744602,-76.989382,38.86573100000001,11001007503,4736.7
49744604,-76.9875595,38.86540209999999,11001007503,4736.7
49744620,-76.9836972,38.864705199999996,11001007503,4736.7
49744624,-76.982427,38.86447450000001,11001007503,4736.7
49744632,-76.980059,38.864044,11001007504,3684.5
49744641,-76.979022,38.86403599999999,11001007504,3684.5
49744664,-77.0035167,38.89358330000002,11001008200,8289.3
49744667,-77.0020369,38.893589000000006,11001008200,8289.3
49744672,-76.9995108,38.89309469999998,11001008301,10123.6
49744676,-76.9984607,38.893073099999995,11001008200,8289.3
49744684,-77.0000607,38.894082100000006,11001008301,10123.6
49744686,-76.9995123,38.89408129999999,11001008301,10123.6
49744688,-76.9987484,38.894080900000006,11001008301,10123.6
49744691,-76.9984492,38.8940911,11001008302,11005.6
49744693,-76.9751544,38.89334790000001,11001007903,7498.4
49744808,-76.9984715,38.89358579999998,11001008301,10123.6
49744814,-76.9961709,38.89358040000001,11001008302,11005.6
49744817,-76.9949646,38.893580500000006,11001008100,10966.3
49744825,-76.9937574,38.8935795,11001008100,10966.3
49744832,-76.9926458,38.893577500000006,11001008100,10966.3
49744836,-76.991533,38.89357539999999,11001008100,10966.3
49744841,-76.990241,38.89357600000002,11001008002,5676.3
49744842,-76.9892594,38.893574300000004,11001008002,5676.3
49744848,-76.9883072,38.89357499999999,11001008002,5676.3
49744850,-76.9871054,38.8935755,11001008002,5676.3
49744854,-76.9864713,38.89357499999999,11001008002,5676.3
49744858,-76.9845699,38.89357470000001,11001008002,5676.3
49744867,-76.9836571,38.89347779999999,11001008002,5676.3
49744895,-76.98221550000001,38.89330169999999,11001008002,5676.3
49744946,-76.973075,38.92718699999998,11001011100,819.3
49744950,-76.973464,38.92773379999999,11001011100,819.3
49744963,-76.9748039,38.9296607,11001011100,819.3
49744973,-77.058474,38.953543000000025,11001001301,1375.9
49745049,-77.060129,38.953375,11001001301,1375.9
49745062,-77.0609803,38.95331110000001,11001001301,1375.9
49745072,-77.0621204,38.953309000000004,11001001301,1375.9
49745076,-77.062535,38.953309000000004,11001001301,1375.9
49745082,-77.0651697,38.953309699999984,11001001301,1375.9
49745094,-77.0688291,38.9533017,11001001200,3864.4
49745098,-77.0698317,38.9533073,11001001200,3864.4
49745106,-77.0719137,38.953297299999996,11001001100,2689.0
49745117,-77.0795769,38.95331410000001,11001001100,2689.0
49745122,-77.080307,38.953314999999996,11001001100,2689.0
49745129,-77.0819338,38.95332229999999,11001001100,2689.0
49745137,-77.084992,38.95331600000001,11001001004,2689.9
49745143,-77.086203,38.95331899999999,11001001004,2689.9
49745161,-77.090608,38.953314999999996,11001001003,2947.0
49745166,-77.0926188,38.95331699999999,11001001003,2947.0
49745170,-77.0943413,38.95332099999999,11001001003,2947.0
49745183,-77.095481,38.95316299999999,11001001003,2947.0
49745186,-77.031954,38.907251300000006,11001005203,33336.9
49745188,-77.0319499,38.9088454,11001005003,18761.8
49745193,-77.0319521,38.909664099999986,11001005001,10271.4
49745195,-77.0319548,38.9103942,11001005001,10271.4
49745200,-77.0319524,38.91113959999999,11001005001,10271.4
49745204,-77.0319533,38.9118745,11001005202,12072.2
49745207,-77.031953,38.912610099999995,11001005001,10271.4
49745208,-77.0319529,38.91335399999999,11001005001,10271.4
49745214,-77.0319547,38.91410090000001,11001005202,12072.2
49745225,-77.0319521,38.91484229999999,11001004402,9111.1
49745232,-77.0319563,38.9155878,11001004402,9111.1
49745235,-77.0319523,38.91629240000002,11001004402,9111.1
49745240,-77.0319527,38.91700849999999,11001004401,13723.8
49745243,-77.0319541,38.918115099999994,11001004401,13723.8
49745247,-77.0319524,38.91919900000001,11001004401,13723.8
49745273,-77.03184,38.92060099999998,11001003600,14725.8
49745282,-77.031873,38.92108600000002,11001003600,14725.8
49745284,-77.03193,38.921659999999996,11001003600,14725.8
49745287,-77.03201,38.922428,11001003600,14725.8
49745289,-77.032038,38.92268599999999,11001003600,14725.8
49745292,-77.0321361,38.923681599999995,11001003600,14725.8
49745296,-77.03222,38.924541,11001003600,14725.8
49745297,-77.032242,38.92475600000001,11001003600,14725.8
49745301,-77.032316,38.925502,11001003600,14725.8
49745305,-77.032339,38.92574199999999,11001003600,14725.8
49745335,-77.0327185,38.930219499999986,11001002802,21556.7
49745365,-77.0334385,38.95001740000001,11001002002,4834.6
49745370,-77.033427,38.95080200000002,11001002002,4834.6
49745374,-77.0334264,38.95188169999999,11001002002,4834.6
49745377,-77.0334253,38.954100099999984,11001002002,4834.6
49745381,-77.0334248,38.955147999999994,11001002002,4834.6
49745384,-77.0334242,38.95621299999999,11001002001,4706.6
49745388,-77.0333905,38.958352399999995,11001002001,4706.6
49745390,-77.0333825,38.9592824,11001002001,4706.6
49745393,-77.033387,38.959621000000006,11001002001,4706.6
49745395,-77.0333951,38.9602252,11001002001,4706.6
49745397,-77.0334016,38.9610196,11001002001,4706.6
49745399,-77.0333948,38.961603199999985,11001002001,4706.6
49745405,-77.0334206,38.96324039999999,11001001803,3248.9
49745407,-77.0334202,38.964013999999985,11001001803,3248.9
49745413,-77.0334195,38.965431599999995,11001001804,9021.2
49745415,-77.03341910000002,38.966141400000005,11001001804,9021.2
49745417,-77.0334188,38.96685060000001,11001001804,9021.2
49745418,-77.0334184,38.967565999999984,11001001804,9021.2
49745420,-77.033418,38.968273999999994,11001001804,9021.2
49745421,-77.0334177,38.96898200000001,11001001804,9021.2
49745431,-77.0334168,38.970722,11001001804,9021.2
49745434,-77.0334164,38.971505000000015,11001001804,9021.2
49745451,-77.0327197,38.93385499999999,11001002900,15329.2
49745453,-77.0327199,38.93412099999998,11001002900,15329.2
49745455,-77.0327202,38.934568,11001002900,15329.2
49745457,-77.0327204,38.93493700000001,11001002900,15329.2
49745459,-77.0327206,38.935295999999994,11001002900,15329.2
49745461,-77.0327207,38.935591999999986,11001002900,15329.2
49745465,-77.0327211,38.93626399999998,11001002900,15329.2
49745468,-77.0327216,38.93707799999999,11001002900,15329.2
49745476,-77.033933,38.9738255,11001010300,4005.6
49745519,-77.033419,38.97581000000001,11001010300,4005.6
49745539,-77.033413,38.978688000000005,11001001600,1895.6
49745542,-77.033412,38.9793936,11001001600,1895.6
49745556,-77.033412,38.98134999999999,11001001600,1895.6
49745559,-77.0334111,38.98229199999999,11001001600,1895.6
49745560,-77.033411,38.983216999999996,11001001600,1895.6
49745562,-77.033412,38.984146,11001001600,1895.6
49745566,-77.033411,38.98509200000001,11001001600,1895.6
49745571,-77.03341,38.98585800000001,11001001600,1895.6
49745574,-77.0334141,38.98642780000001,11001001600,1895.6
49745582,-77.0326314,38.98705290000001,11001001600,1895.6
49745588,-77.0318497,38.987519899999995,11001001600,1895.6
49745618,-77.0319581,38.89463069999999,11001980000,1.5
49745628,-77.0319525,38.89736,11001005802,2837.0
49745629,-77.0319545,38.89832340000001,11001005802,2837.0
49745631,-77.0319501,38.89944409999999,11001010100,4591.0
49745632,-77.0319567,38.90022590000002,11001010100,4591.0
49745636,-77.0319504,38.901337799999986,11001010100,4591.0
49745640,-77.0319522,38.9025328,11001010100,4591.0
49745644,-77.0319559,38.903743500000004,11001010100,4591.0
49745650,-77.0327225,38.938677999999996,11001002504,10048.5
49745651,-77.0327232,38.9397415,11001002504,10048.5
49745652,-77.0327238,38.940805999999995,11001002504,10048.5
49745658,-77.0327244,38.941867,11001002504,10048.5
49745667,-77.032726,38.94327499999999,11001002501,5263.1
49745669,-77.0327327,38.94400650000001,11001002501,5263.1
49745673,-77.032726,38.945061999999986,11001002501,5263.1
49745676,-77.032725,38.94612399999998,11001002501,5263.1
49745677,-77.032726,38.947194000000025,11001002501,5263.1
49745680,-77.032724,38.948261400000014,11001002501,5263.1
49745682,-77.0327213,38.94900090000001,11001002002,4834.6
49745689,-77.0327229,38.93186849999999,11001002900,15329.2
49745691,-77.0327189,38.93248199999999,11001002900,15329.2
49745693,-77.03272,38.933170799999985,11001002900,15329.2
49745696,-76.9731869,38.87152699999999,11001007601,3937.9
49745699,-76.971941,38.87152699999999,11001007601,3937.9
49745701,-76.970937,38.871522999999996,11001007604,2729.6
49745709,-76.9689693,38.871526999999986,11001007604,2729.6
49745714,-77.006728,38.82779529999999,11001009810,4650.4
49745717,-77.0058756,38.82779550000001,11001009810,4650.4
49745721,-77.077915,38.919172799999984,11001000300,5428.2
49745728,-77.0779123,38.920681,11001000300,5428.2
49745746,-77.077909,38.922549,11001000300,5428.2
49745780,-77.018137,38.81603800000001,11001010900,631.3
49745838,-76.95359100000002,38.86261400000001,11001007603,3490.4
49745841,-76.951328,38.88801499999999,11001007703,7008.9
49745858,-76.95259,38.887025999999985,11001007703,7008.9
49745915,-76.951446,38.88336799999997,11001009901,1002.4
49745918,-76.969697,38.860747,11001007502,7711.5
49745923,-76.973228,38.872221,11001007601,3937.9
49745934,-76.9731918,38.87075140000001,11001007601,3937.9
49745938,-76.9731885,38.87019299999999,11001007601,3937.9
49745943,-76.9731838,38.869487199999995,11001007601,3937.9
49745945,-76.973535,38.86825230000001,11001007601,3937.9
49745995,-76.9723455,38.8500131,11001007403,8399.0
49746034,-76.970885,38.84801800000001,11001007409,8248.9
49746114,-76.973202,38.8540918,11001007408,11076.8
49746119,-76.939728,38.878663,11001007707,5155.6
49746130,-76.9383179,38.876484100000006,11001007707,5155.6
49746174,-76.937919,38.874425999999985,11001009902,2118.3
49746176,-76.9423591,38.884885299999986,11001007703,7008.9
49746194,-76.941581,38.88345799999999,11001009907,4495.5
49746196,-76.941538,38.882591000000005,11001009907,4495.5
49746228,-76.94053110000002,38.88176499999999,11001009907,4495.5
49746230,-76.9405338,38.88108,11001009907,4495.5
49746233,-76.940537,38.880265,11001007707,5155.6
49746242,-76.941199,38.879720999999996,11001007707,5155.6
49746243,-76.941507,38.88569999999999,11001007703,7008.9
49746253,-77.0054661,38.84222759999999,11001010400,1682.2
49746259,-77.004546,38.84181999999999,11001010400,1682.2
49746262,-77.0034993,38.8413442,11001009804,5044.7
49746264,-77.003503,38.920761,11001009203,5714.0
49746266,-77.002029,38.92076200000002,11001009203,5714.0
49746267,-76.9897734,38.889249400000004,11001008002,5676.3
49746274,-76.9872769,38.88623549999998,11001006700,9175.4
49746276,-76.986552,38.8853616,11001006900,7310.4
49746280,-76.9855024,38.88410739999999,11001006900,7310.4
49746286,-76.98446430000001,38.8828461,11001006900,7310.4
49746295,-76.983654,38.88187550000001,11001006802,8083.4
49746301,-76.9831726,38.8812885,11001006802,8083.4
49746304,-76.982315,38.88025400000001,11001006802,8083.4
49746417,-77.02259070000001,38.9473137,11001002201,7799.9
49746420,-77.0235997,38.947276099999996,11001002201,7799.9
49746423,-77.0253357,38.9472288,11001002201,7799.9
49746428,-77.026784,38.94718999999999,11001002201,7799.9
49746439,-77.029703,38.94718700000001,11001002002,4834.6
49746444,-77.034517,38.94719099999999,11001002501,5263.1
49746449,-77.035586,38.94719200000002,11001002501,5263.1
49746496,-77.03881400000002,38.946885300000005,11001002600,1190.1
49746507,-77.016511,38.94749299999999,11001002202,4615.4
49746512,-77.0173788,38.947466300000016,11001002202,4615.4
49746516,-77.0194492,38.947402200000006,11001002202,4615.4
49746521,-77.0211758,38.9473507,11001002201,7799.9
49746526,-77.0348409,38.95080959999998,11001002002,4834.6
49746547,-77.01239000000001,38.950828000000016,11001002202,4615.4
49746560,-77.0158335,38.95113379999999,11001002202,4615.4
49746567,-77.017535,38.95108290000001,11001002202,4615.4
49746583,-77.0191259,38.95103340000001,11001002202,4615.4
49746590,-77.0196183,38.95102059999998,11001002202,4615.4
49746639,-77.0220534,38.95094769999999,11001002201,7799.9
49746647,-77.0229199,38.950921799999996,11001002201,7799.9
49746651,-77.023773,38.95089630000001,11001002201,7799.9
49746655,-77.0241043,38.950887599999994,11001002201,7799.9
49746659,-77.0255063,38.950844399999994,11001002201,7799.9
49746668,-77.027284,38.95080200000002,11001002201,7799.9
49746670,-77.0280376,38.95080479999999,11001002002,4834.6
49746693,-76.9883049,38.894195200000006,11001008001,9474.4
49746697,-76.98660460000002,38.89418910000001,11001008001,9474.4
49746706,-76.9529712,38.86631459999999,11001009902,2118.3
49746854,-76.9486776,38.8728908,11001009902,2118.3
49747042,-77.0845711,38.9268946,11001000804,1291.7
49747070,-77.086214,38.92669999999999,11001000804,1291.7
49747079,-77.0099023,38.8746439,11001006400,3185.1
49747084,-77.0106533,38.8746432,11001006400,3185.1
49747089,-77.0114033,38.87464310000001,11001006400,3185.1
49747094,-77.0121787,38.87465039999999,11001006400,3185.1
49747116,-77.0175576,38.874655999999995,11001011002,1747.9
49747131,-77.065261,38.932543,11001000600,3028.9
49747135,-77.066384,38.9325435,11001000600,3028.9
49747146,-77.068634,38.9325444,11001000600,3028.9
49747150,-77.070882,38.932545299999994,11001000600,3028.9
49747158,-77.072541,38.932545999999995,11001000600,3028.9
49747163,-77.0981233,38.93288849999998,11001000904,1547.9
49747185,-77.0993627,38.93244320000001,11001000904,1547.9
49747232,-77.1027274,38.932299599999986,11001000904,1547.9
49747241,-77.1045267,38.93226080000001,11001000904,1547.9
49747251,-77.085236,38.932444,11001000804,1291.7
49747261,-77.08621600000001,38.93242029999998,11001000804,1291.7
49747273,-77.088638,38.93241599999999,11001000804,1291.7
49747281,-77.091063,38.93241499999999,11001000804,1291.7
49747282,-76.993496,38.941796000000004,11001009504,2939.8
49747285,-76.992638,38.941796000000004,11001009504,2939.8
49747291,-76.990236,38.941796000000004,11001009504,2939.8
49747297,-76.9892695,38.941796000000004,11001009504,2939.8
49747301,-76.9883089,38.94179700000001,11001009504,2939.8
49747305,-76.987681,38.941795000000006,11001009503,2415.2
49747308,-76.98725,38.94179399999999,11001009503,2415.2
49747311,-76.9867479,38.9417993,11001009503,2415.2
49747325,-76.9802766,38.94178859999999,11001009400,3137.6
49747329,-76.9783183,38.94178889999999,11001009400,3137.6
49747331,-76.9772938,38.941789400000005,11001009400,3137.6
49747338,-76.9762276,38.9417898,11001009400,3137.6
49747341,-76.975196,38.94179030000001,11001009400,3137.6
49747346,-76.97418,38.94179069999999,11001009400,3137.6
49747348,-76.97360500000002,38.94179099999999,11001009400,3137.6
49747351,-76.99152930000001,38.87840180000001,11001007100,4634.0
49747357,-76.990248,38.878407399999986,11001007100,4634.0
49747365,-76.9883153,38.878407599999996,11001007100,4634.0
49747376,-76.9855122,38.87840560000001,11001007100,4634.0
49747387,-76.9836562,38.87840490000001,11001007100,4634.0
49747409,-76.965778,38.878584999999994,11001007709,2756.0
49747421,-76.964764,38.87837199999997,11001007709,2756.0
49747428,-76.963114,38.878374999999984,11001007709,2756.0
49747443,-76.9620779,38.87828950000001,11001007709,2756.0
49747457,-77.0074626,38.87841310000001,11001007202,28604.4
49747466,-77.0058941,38.878412999999995,11001007202,28604.4
49747467,-77.00484600000001,38.878414800000016,11001007203,8603.6
49747475,-77.0035219,38.87840520000001,11001007203,8603.6
49747480,-77.0029535,38.87840529999999,11001007203,8603.6
49747486,-77.0020423,38.87840890000001,11001007203,8603.6
49747494,-76.99951740000002,38.87841219999998,11001007203,8603.6
49747510,-76.9855092,38.8805719,11001006900,7310.4
49747512,-76.985807,38.8805686,11001006900,7310.4
49747596,-77.0317709,38.879697499999985,11001980000,1.5
49747603,-77.079883,38.964002,11001001100,2689.0
49747620,-77.0791974,38.9648998,11001001100,2689.0
49747639,-77.0784,38.96582100000001,11001001100,2689.0
49747655,-77.077842,38.96649199999999,11001001100,2689.0
49747663,-77.080604,38.959025999999994,11001001100,2689.0
49747702,-77.0815284,38.961037499999996,11001001100,2689.0
49747790,-77.079494,38.95595499999999,11001001100,2689.0
49747828,-77.0169332,38.93826220000001,11001002302,762.9
49747841,-77.0169593,38.9389031,11001002301,7776.5
49747844,-77.01697760000002,38.93951439999999,11001002301,7776.5
49747851,-77.0170077,38.93997539999999,11001002301,7776.5
49747854,-77.017062,38.9410434,11001002301,7776.5
49747865,-77.0171164,38.942113500000005,11001002301,7776.5
49747879,-77.017225,38.944250200000006,11001002301,7776.5
49747882,-77.0172797,38.94532419999998,11001002301,7776.5
49747884,-77.0173026,38.94574969999999,11001002301,7776.5
49747886,-77.0173305,38.9463952,11001002301,7776.5
49747895,-77.0174267,38.94852809999998,11001002202,4615.4
49747902,-77.0174643,38.9492728,11001002202,4615.4
49747916,-77.01759,38.9521506,11001002202,4615.4
49747944,-77.0177046,38.9543675,11001002102,6947.2
49747949,-77.0177596,38.955440100000004,11001002102,6947.2
49747955,-77.0178146,38.956507099999996,11001002102,6947.2
49747960,-77.017874,38.95765999999999,11001002102,6947.2
49748048,-77.0161708,38.910537299999994,11001004600,6991.7
49748050,-77.0161714,38.91113539999999,11001004600,6991.7
49748054,-77.0161716,38.912603499999996,11001004600,6991.7
49748056,-77.0161698,38.91328009999998,11001004600,6991.7
49748066,-77.0161641,38.91382929999999,11001004600,6991.7
49748067,-77.017175,38.91425929999998,11001004600,6991.7
49748071,-77.0173487,38.9159124,11001003400,3776.1
49748075,-77.0174813,38.91675399999998,11001003400,3776.1
49748079,-77.017557,38.91735299999999,11001003400,3776.1
49748081,-77.017635,38.917854999999996,11001003400,3776.1
49748084,-77.017716,38.918375,11001003400,3776.1
49748091,-77.017872,38.9193681,11001003400,3776.1
49748094,-77.018027,38.920361,11001003400,3776.1
49748097,-77.018182,38.92136099999999,11001003400,3776.1
49748106,-77.018347,38.92273499999999,11001003400,3776.1
49748151,-77.018032,38.97360599999999,11001001702,3606.2
49748155,-77.018057,38.974577399999994,11001001702,3606.2
49748168,-77.0175598,38.8906023,11001980000,1.5
49748170,-77.01743730000001,38.8921637,11001005900,3743.4
49748172,-77.0161917,38.89481319999999,11001005900,3743.4
49748177,-77.0161796,38.896138600000015,11001005900,3743.4
49748184,-77.0161824,38.898331799999994,11001005900,3743.4
49748212,-77.0161866,38.9013319,11001004702,10650.0
49748223,-77.016176,38.90251899999999,11001004702,10650.0
49748231,-77.0161856,38.903729600000005,11001004703,27395.0
49748241,-77.016174,38.905653599999994,11001004802,10299.1
49748245,-77.0161777,38.906452599999994,11001004802,10299.1
49748250,-77.016175,38.90723619999997,11001004802,10299.1
49748256,-77.016173,38.9085715,11001004802,10299.1
49748273,-77.0663818,38.92618830000001,11001000400,1112.8
49748281,-77.0663868,38.92753089999999,11001000400,1112.8
49748287,-77.06639410000001,38.92901830000001,11001000400,1112.8
49748292,-77.0663975,38.92998029999999,11001000502,5930.0
49748296,-77.0664,38.930265,11001000502,5930.0
49748302,-77.06639,38.931467,11001000502,5930.0
49748307,-77.0663899,38.933487600000014,11001000600,3028.9
49748309,-77.066389,38.93465,11001000600,3028.9
49748318,-77.0663906,38.936288000000005,11001000600,3028.9
49748328,-77.066387,38.937334999999976,11001000600,3028.9
49748338,-77.066389,38.938151,11001000600,3028.9
49748353,-77.066455,38.93858600000001,11001000600,3028.9
49748359,-77.0676767,38.95469749999998,11001001301,1375.9
49748372,-77.0672741,38.955487500000004,11001001301,1375.9
49748383,-77.066793,38.956081,11001001301,1375.9
49748387,-77.0656563,38.95742950000001,11001001301,1375.9
49748395,-77.06783640000002,38.905073500000015,11001000202,3259.9
49748399,-77.0678282,38.905929299999976,11001000202,3259.9
49748406,-77.0678076,38.906774099999964,11001000202,3259.9
49748409,-77.0678276,38.907767099999994,11001000202,3259.9
49748413,-77.0678337,38.90875429999999,11001000202,3259.9
49748418,-77.0678504,38.90974919999999,11001000202,3259.9
49748424,-77.0678646,38.9107318,11001000202,3259.9
49748431,-77.0678804,38.91172670000001,11001000202,3259.9
49748438,-77.0678925,38.91271849999998,11001000202,3259.9
49748441,-77.0679046,38.9137008,11001000202,3259.9
49748460,-77.0677966,38.9157603,11001000202,3259.9
49748539,-77.032165,38.9059589,11001005203,33336.9
49748623,-77.0121647,38.89208770000001,11001980000,1.5
49748625,-77.0133284,38.8920881,11001980000,1.5
49748627,-77.0136361,38.892091099999995,11001005900,3743.4
49748678,-77.0152183,38.89209279999999,11001980000,1.5
49748690,-77.0185524,38.892467200000006,11001005900,3743.4
49748694,-77.0189161,38.89215360000001,11001980000,1.5
49748716,-77.0199063,38.89207940000001,11001980000,1.5
49748720,-77.02191480000002,38.892082200000004,11001980000,1.5
49748725,-77.0239648,38.89208419999999,11001980000,1.5
49748733,-77.0260427,38.8920884,11001980000,1.5
49748775,-77.0407039,38.892107200000005,11001980000,1.5
49748779,-77.0434704,38.892107699999976,11001980000,1.5
49748784,-77.0480564,38.8921078,11001980000,1.5
49748788,-77.0488575,38.8921081,11001980000,1.5
49748801,-77.0076947,38.91035219999999,11001008701,6841.9
49748802,-77.0077689,38.91024969999999,11001008701,6841.9
49748819,-76.9191485,38.895817900000004,11001007808,4346.3
49748821,-76.9191567,38.8965909,11001007807,4738.9
49748832,-76.920087,38.891011999999996,11001007808,4346.3
49748842,-76.919094,38.893736000000004,11001007808,4346.3
49748847,-76.95214,38.88882400000001,11001007703,7008.9
49748853,-76.9514934,38.888179799999996,11001007703,7008.9
49748862,-76.9496561,38.886405299999986,11001007703,7008.9
49748873,-76.948186,38.88488799999998,11001007703,7008.9
49748883,-76.947256,38.88376300000001,11001007703,7008.9
49748901,-76.946677,38.88283,11001009901,1002.4
49748926,-76.944864,38.87909299999999,11001009902,2118.3
49749006,-76.938814,38.87489999999999,11001009902,2118.3
49749030,-76.93585,38.87333199999999,11001009902,2118.3
49749041,-76.929316,38.880674,11001007707,5155.6
49749047,-76.926958,38.880953999999996,11001007707,5155.6
49749057,-77.035368,38.93454799999999,11001002801,22554.6
49749059,-77.03622,38.934875000000005,11001002801,22554.6
49749062,-77.0364529,38.934966,11001002801,22554.6
49749077,-77.0379516,38.9358705,11001002703,14110.8
49749085,-77.033233,38.934141999999994,11001002801,22554.6
49749097,-77.035298,38.934656,11001002801,22554.6
49749098,-77.030869,38.93385600000001,11001002900,15329.2
49749106,-77.0379715,38.9002199,11001010700,1848.6
49749108,-77.0612766,38.966715099999995,11001001500,1189.4
49749121,-77.06388,38.96671599999998,11001001500,1189.4
49749122,-77.0663784,38.96671700000002,11001001500,1189.4
49749154,-77.0781595,38.9667024,11001001100,2689.0
49749157,-77.057183,38.968030999999996,11001001500,1189.4
49749163,-77.060074,38.966472,11001001500,1189.4
49749165,-77.0726584,38.96672960000001,11001001401,4218.2
49749182,-77.068816,38.966727,11001001401,4218.2
49749194,-77.0710287,38.966714300000014,11001001401,4218.2
49749203,-76.97096600000002,38.873304,11001007601,3937.9
49749214,-76.970937,38.872271000000005,11001007604,2729.6
49749220,-76.9709437,38.870753699999995,11001007601,3937.9
49749230,-76.97094,38.8694882,11001007604,2729.6
49749265,-76.969979,38.859242,11001007502,7711.5
49749281,-76.969258,38.84829099999998,11001007409,8248.9
49749339,-77.10232800000001,38.942657,11001000904,1547.9
49749356,-77.1028683,38.9426555,11001000904,1547.9
49749366,-77.015582,38.973848,11001001702,3606.2
49749374,-77.0148435,38.9748838,11001001702,3606.2
49749379,-77.0220592,38.920970099999984,11001003400,3776.1
49749383,-77.0241134,38.9207964,11001003500,11775.4
49749394,-77.02521440000001,38.9206709,11001003500,11775.4
49749416,-77.012153,38.92130759999999,11001003301,7973.8
49749446,-77.014935,38.92066799999998,11001003301,7973.8
49749470,-77.0219209,38.9199968,11001003400,3776.1
49749478,-77.020224,38.93180099999999,11001003200,9225.6
49749479,-76.9617655,38.924177499999985,11001009000,2522.4
49749497,-76.9622503,38.92478319999999,11001009000,2522.4
49749572,-76.962327,38.925750000000015,11001009000,2522.4
49749637,-76.960837,38.927084,11001009000,2522.4
49749658,-76.9614841,38.9281075,11001009000,2522.4
49749672,-77.0609615,38.9749839,11001001500,1189.4
49749680,-77.0611825,38.975185599999996,11001001500,1189.4
49749703,-77.065821,38.975901000000015,11001001500,1189.4
49749706,-77.056471,38.97554099999999,11001001500,1189.4
49749724,-77.0574133,38.9760167,11001001500,1189.4
49749748,-77.0588587,38.97616200000002,11001001500,1189.4
49749754,-76.9631391,38.86366499999999,11001007604,2729.6
49749755,-76.9623138,38.863666099999996,11001007604,2729.6
49749760,-76.9614848,38.86366499999999,11001007604,2729.6
49749768,-76.920369,38.88836700000002,11001009903,5619.8
49749795,-76.919817,38.88601400000001,11001009905,7374.0
49749800,-77.1062877,38.9266118,11001000902,981.5
49749809,-77.1074354,38.927799900000004,11001000902,981.5
49749813,-76.990805,38.869374,11001007401,1034.1
49749838,-76.9886202,38.8674344,11001007601,3937.9
49749851,-76.9851344,38.866783099999985,11001007503,4736.7
49749855,-76.9843583,38.86663949999999,11001007503,4736.7
49749860,-76.9831829,38.86642759999999,11001007605,8359.2
49749862,-76.982227,38.866247,11001007504,3684.5
49749865,-76.981916,38.86619099999999,11001007504,3684.5
49749871,-76.98079,38.86598699999999,11001007504,3684.5
49749873,-76.979547,38.865761999999975,11001007504,3684.5
49749881,-76.979014,38.86566499999999,11001007504,3684.5
49749910,-76.977244,38.86505500000001,11001007504,3684.5
49749917,-76.976642,38.86476600000001,11001007504,3684.5
49749935,-76.97282,38.86307999999999,11001007502,7711.5
49749954,-76.970984,38.86227099999998,11001007502,7711.5
49750009,-76.968147,38.860218,11001007604,2729.6
49750121,-77.0020474,38.880205,11001007203,8603.6
49750127,-77.0005737,38.87977669999999,11001007203,8603.6
49750161,-76.9961867,38.87858919999999,11001007203,8603.6
49750169,-76.99497360000001,38.8782423,11001007203,8603.6
49750197,-77.0241715,38.959218999999976,11001002101,9894.6
49750206,-77.0258973,38.959167299999976,11001002101,9894.6
49750216,-77.0199053,38.95944920000001,11001001901,5955.3
49750219,-77.002666,38.840678000000004,11001009803,5408.0
49750251,-77.002812,38.837983,11001009803,5408.0
49750261,-77.00281580000001,38.83611,11001009803,5408.0
49750268,-77.0028179,38.83505799999999,11001009803,5408.0
49750283,-77.002827,38.833942,11001009803,5408.0
49750289,-77.00286,38.83383970000001,11001009803,5408.0
49750332,-77.0035265,38.877531,11001007203,8603.6
49750338,-77.0037126,38.87379060000001,11001007201,2605.7
49750369,-77.005672,38.84878799999999,11001010400,1682.2
49750374,-77.005559,38.847833999999985,11001010400,1682.2
49750377,-77.005449,38.846879,11001010400,1682.2
49750448,-77.0033052,38.8450975,11001010400,1682.2
49750455,-77.0035137,38.88981319999999,11001006600,7540.5
49750467,-77.0035181,38.886046,11001006500,5005.4
49750470,-77.0035175,38.8850715,11001006500,5005.4
49750488,-77.003512,38.881962000000016,11001006500,5005.4
49750494,-77.052781,38.97555799999999,11001001500,1189.4
49750506,-77.053358,38.97570799999999,11001001500,1189.4
49750630,-77.0469173,38.9212223,11001004001,14523.2
49750636,-77.0457898,38.92119179999999,11001004001,14523.2
49750640,-77.0058978,38.837157,11001009803,5408.0
49750678,-77.001056,38.836130999999995,11001009803,5408.0
49750691,-76.961452,38.88364020000001,11001007708,2793.7
49750696,-76.961453,38.882838200000016,11001007708,2793.7
49750699,-76.961443,38.882395999999986,11001007708,2793.7
49750710,-76.9614637,38.8786102,11001007709,2756.0
49750713,-76.961479,38.86563200000002,11001007604,2729.6
49750717,-76.9614821,38.864577,11001007604,2729.6
49750721,-76.9614871,38.86288199999999,11001007604,2729.6
49750729,-76.961494,38.8604942,11001007603,3490.4
49750734,-76.9614972,38.8594208,11001007603,3490.4
49750737,-76.9615003,38.858354200000015,11001007603,3490.4
49750741,-76.9615034,38.8572842,11001007603,3490.4
49750743,-76.9615059,38.85645399999999,11001007603,3490.4
49750745,-76.961509,38.855388,11001007603,3490.4
49750770,-77.0121844,38.86464229999999,11001006400,3185.1
49750783,-76.997046,38.94821799999998,11001009509,5046.4
49750794,-76.995807,38.948239000000015,11001009509,5046.4
49750801,-76.9949546,38.948263999999995,11001009509,5046.4
49750803,-76.9926468,38.94826350000002,11001009509,5046.4
49750816,-76.9905382,38.948263100000005,11001009509,5046.4
49750819,-77.0394724,38.89355120000001,11001010800,7151.8
49750826,-77.04174110000001,38.89353529999999,11001010800,7151.8
49750861,-77.0501395,38.89353589999999,11001980000,1.5
49751175,-77.067813,38.92470769999998,11001000400,1112.8
49751189,-77.069865,38.92470000000001,11001000400,1112.8
49751193,-77.070886,38.92469899999998,11001000400,1112.8
49751203,-77.073188,38.924696000000004,11001000400,1112.8
49751207,-77.078474,38.92465399999999,11001000702,10484.3
49751213,-77.078883,38.924699,11001000702,10484.3
49751220,-77.08031,38.924701,11001000702,10484.3
49751227,-77.0815547,38.9247072,11001000702,10484.3
49751229,-77.0862087,38.92548070000001,11001000804,1291.7
49751267,-77.090041,38.925955,11001000804,1291.7
49751274,-76.990271,38.86028100000001,11001007407,5597.7
49751277,-76.989466,38.85977199999999,11001007407,5597.7
49751279,-76.988727,38.859306,11001007407,5597.7
49751284,-76.987869,38.85876099999999,11001007407,5597.7
49751288,-76.98747700000001,38.858507,11001007407,5597.7
49751291,-76.98661100000001,38.857955,11001007407,5597.7
49751297,-76.985974,38.85754900000001,11001007407,5597.7
49751308,-76.992579,38.860701000000006,11001007407,5597.7
49751316,-76.99102700000002,38.85966299999999,11001007407,5597.7
49751361,-76.99600920000002,38.8630341,11001007401,1034.1
49751377,-76.92525,38.893522999999995,11001007808,4346.3
49751419,-76.924864,38.89455899999999,11001007808,4346.3
49751422,-77.0726855,38.9125986,11001000202,3259.9
49751444,-77.0692154,38.911869599999996,11001000202,3259.9
49751453,-77.086212,38.928874,11001000804,1291.7
49751456,-77.087426,38.928870999999994,11001000804,1291.7
49751462,-77.088637,38.92887199999999,11001000804,1291.7
49751468,-77.0907105,38.928874700000016,11001000804,1291.7
49751474,-77.083196,38.928874700000016,11001000804,1291.7
49751483,-77.0847967,38.928874,11001000804,1291.7
49751487,-77.085006,38.928874,11001000804,1291.7
49751498,-77.061591,38.92827,11001000502,5930.0
49751512,-77.063247,38.9282718,11001000502,5930.0
49751518,-77.0523793,38.9277414,11001000501,3599.2
49751580,-77.0547135,38.929043899999996,11001000501,3599.2
49751586,-76.9560711,38.867587900000004,11001009901,1002.4
49751597,-76.954902,38.868163999999986,11001009901,1002.4
49751638,-76.952356,38.870083,11001009901,1002.4
49751659,-76.952376,38.872188000000016,11001009901,1002.4
49751675,-76.944848,38.88113800000001,11001009907,4495.5
49751677,-76.96897,38.86796900000002,11001007604,2729.6
49751681,-76.9677794,38.86765909999999,11001007604,2729.6
49751716,-76.942977,38.882112,11001009907,4495.5
49751721,-76.94252,38.882476,11001009907,4495.5
49751728,-76.941736,38.883261999999995,11001009907,4495.5
49751758,-76.940608,38.885697,11001009907,4495.5
49751772,-76.940555,38.886543999999994,11001009907,4495.5
49751799,-76.940274,38.88760200000001,11001009906,6392.1
49751822,-76.939654,38.88845600000001,11001009906,6392.1
49751881,-77.0087053,38.82780069999999,11001009807,3203.8
49751887,-77.012587,38.82779949999998,11001009807,3203.8
49751889,-77.0105008,38.9699834,11001001702,3606.2
49751895,-77.010511,38.971615000000014,11001001702,3606.2
49752034,-76.937368,38.87865699999999,11001007707,5155.6
49752056,-76.9360579,38.87648219999998,11001007707,5155.6
49752086,-76.935754,38.8748855,11001007707,5155.6
49752115,-77.05767830000002,38.93413640000001,11001000600,3028.9
49752183,-77.064843,38.934647000000005,11001000600,3028.9
49752190,-77.067516,38.93464299999998,11001000600,3028.9
49752193,-77.068638,38.93464099999999,11001000600,3028.9
49752196,-77.070883,38.93463799999999,11001000600,3028.9
49752200,-77.072505,38.93463599999999,11001000600,3028.9
49752223,-77.073973,38.935089999999995,11001001002,3763.3
49752232,-77.0746695,38.93543960000001,11001001002,3763.3
49752263,-77.0771851,38.93569649999999,11001001002,3763.3
49752277,-77.1117395,38.934104899999994,11001000902,981.5
49752282,-77.1127478,38.933644999999984,11001000902,981.5
49752285,-77.0864761,38.934618,11001000803,8181.8
49752305,-77.0362667,38.987392,11001001600,1895.6
49752307,-77.0363744,38.9873982,11001001600,1895.6
49752363,-77.039031,38.986091,11001001600,1895.6
49752366,-77.0121558,38.916283700000015,11001003301,7973.8
49752377,-77.01442,38.916279,11001003301,7973.8
49752386,-76.945915,38.90459499999999,11001009601,1058.9
49752400,-76.943405,38.904652399999996,11001009601,1058.9
49752407,-76.9417329,38.90465420000001,11001009601,1058.9
49752408,-76.94141840000002,38.904665699999974,11001009601,1058.9
49752411,-77.038356,38.991859,11001001600,1895.6
49752488,-76.941877,38.90561869999998,11001009601,1058.9
49752491,-76.941874,38.90637600000001,11001009601,1058.9
49752499,-76.941876,38.90721400000001,11001009601,1058.9
49752504,-77.027873,38.978687,11001001600,1895.6
49752512,-77.02969390000001,38.978687099999995,11001001600,1895.6
49752520,-77.03227,38.97868900000001,11001001600,1895.6
49752532,-77.035325,38.97869,11001001600,1895.6
49752540,-77.03630120000001,38.97868859999999,11001001600,1895.6
49752546,-76.98483000000002,38.86052700000001,11001007504,3684.5
49752562,-76.986375,38.859112,11001007407,5597.7
49752579,-77.013684,38.94221600000001,11001002301,7776.5
49752584,-77.015408,38.942164,11001002301,7776.5
49752599,-77.0185913,38.9420704,11001002301,7776.5
49752603,-77.0191992,38.942054,11001002301,7776.5
49752606,-77.0200019,38.94203559999997,11001002400,6713.4
49752612,-77.021622,38.941982,11001002400,6713.4
49752621,-77.0233436,38.9419281,11001002400,6713.4
49752628,-77.02506410000001,38.9418829,11001002400,6713.4
49752632,-77.025514,38.941873,11001002400,6713.4
49752640,-77.025938,38.941867,11001002503,9959.7
49752651,-77.029704,38.941865,11001002503,9959.7
49752667,-77.0339518,38.941870099999996,11001002504,10048.5
49752671,-77.0363878,38.94187279999999,11001002504,10048.5
49752677,-77.038557,38.941874,11001002600,1190.1
49752679,-77.041275,38.94187899999998,11001002600,1190.1
49752709,-77.043615,38.94143599999999,11001002600,1190.1
49752748,-77.045598,38.94074700000001,11001002600,1190.1
49752767,-77.04672210000001,38.9407814,11001002600,1190.1
49752773,-77.047115,38.940845,11001002600,1190.1
49752775,-77.047665,38.940968,11001002600,1190.1
49752784,-77.02817,38.968272,11001001804,9021.2
49752790,-77.0296861,38.968272100000014,11001001804,9021.2
49752803,-77.021163,38.967935999999995,11001001901,5955.3
49752811,-77.0224471,38.96793390000002,11001001901,5955.3
49752816,-77.024207,38.967932000000005,11001001901,5955.3
49752833,-77.0106506,38.8784203,11001010500,5126.6
49752837,-77.01165300000001,38.8784289,11001010500,5126.6
49752841,-77.0132772,38.87838940000001,11001010500,5126.6
49752851,-77.0151994,38.878414,11001010500,5126.6
49752864,-77.0198965,38.87841599999999,11001010201,16847.2
49752905,-77.053556,38.97059699999999,11001001500,1189.4
49752913,-77.0543818,38.97056750000001,11001001500,1189.4
49753005,-77.0091022,38.90468560000001,11001004704,7960.1
49753014,-77.0058875,38.90470460000001,11001010603,5518.9
49753017,-76.9499402,38.901696199999996,11001009602,4023.6
49753025,-76.9487368,38.9007625,11001009602,4023.6
49753031,-76.9480935,38.90026149999999,11001009602,4023.6
49753035,-76.9393982,38.876485,11001007707,5155.6
49753058,-76.9350889,38.87648140000001,11001007707,5155.6
49753063,-76.9340579,38.8764805,11001007707,5155.6
49753197,-77.061068,38.937155999999995,11001000600,3028.9
49753268,-77.068636,38.937333500000015,11001000600,3028.9
49753270,-77.070886,38.937331999999984,11001000600,3028.9
49753272,-77.072112,38.937331,11001000600,3028.9
49753274,-77.072418,38.93733000000001,11001000600,3028.9
49753280,-77.073793,38.93728699999999,11001001002,3763.3
49753288,-77.0744633,38.93697549999999,11001001002,3763.3
49753294,-77.075093,38.93680059999999,11001001002,3763.3
49753308,-77.075776,38.93701799999998,11001001002,3763.3
49753336,-77.0778337,38.93789499999998,11001001002,3763.3
49753502,-77.0309054,38.9096674,11001005001,10271.4
49753507,-77.0308998,38.9111412,11001005001,10271.4
49753516,-77.0652153,38.9059877,11001000202,3259.9
49753520,-77.0660917,38.90596810000002,11001000202,3259.9
49753524,-77.0671127,38.90594430000001,11001000202,3259.9
49753534,-77.0689796,38.90590509999998,11001000202,3259.9
49753547,-77.0715278,38.9058513,11001000202,3259.9
49753628,-76.96162,38.910018999999984,11001011100,819.3
49753649,-76.987913,38.906012000000004,11001008802,9828.6
49753665,-76.9851221,38.9048381,11001008802,9828.6
49753799,-76.9376381,38.890087399999985,11001007803,5016.5
49753804,-76.93679,38.890142999999995,11001007803,5016.5
49753806,-76.935843,38.890216,11001007803,5016.5
49753810,-76.9348771,38.89028630000001,11001007804,4831.5
49753817,-76.933899,38.890364,11001007804,4831.5
49753824,-76.932913,38.890433,11001007804,4831.5
49753848,-76.931912,38.89036739999999,11001007804,4831.5
49753855,-76.9648906,38.9288668,11001011100,819.3
49753860,-76.9653986,38.92929690000002,11001011100,819.3
49753865,-76.9662922,38.93005500000001,11001011100,819.3
49753874,-76.9673577,38.930963899999995,11001011100,819.3
49753881,-76.9685042,38.9319317,11001011100,819.3
49753886,-76.96914560000002,38.93248900000001,11001011100,819.3
49753892,-76.9627461,38.927068399999996,11001009000,2522.4
49753896,-76.963924,38.928059,11001011100,819.3
49753897,-76.964104,38.92821099999998,11001011100,819.3
49753909,-76.976587,38.866522,11001007605,8359.2
49753919,-76.9756275,38.8660385,11001007605,8359.2
49753936,-76.940978,38.892275,11001009603,6946.7
49753941,-76.9870564,38.868843999999996,11001007601,3937.9
49753945,-76.985123,38.868850599999995,11001007601,3937.9
49753952,-76.9822244,38.86885140000002,11001007601,3937.9
49753955,-76.980787,38.86885250000002,11001007601,3937.9
49753965,-76.9720553,38.86887200000002,11001007601,3937.9
49753973,-76.971686,38.869176,11001007601,3937.9
49753984,-76.9773566,38.868866300000015,11001007601,3937.9
49753990,-76.974963,38.8688689,11001007601,3937.9
49754013,-76.9807595,38.886651099999995,11001006801,9279.8
49754020,-76.9789991,38.88665279999999,11001006801,9279.8
49754024,-76.9789984,38.886849,11001006801,9279.8
49754031,-76.9772485,38.88685980000001,11001006804,1061.0
49754035,-77.0175603,38.88440109999999,11001010202,2108.3
49754040,-77.0191907,38.88484669999998,11001010202,2108.3
49754042,-77.0199096,38.88504549999999,11001010202,2108.3
49754051,-77.0219107,38.88560029999999,11001010202,2108.3
49754058,-77.0175584,38.884681,11001010500,5126.6
49754099,-77.0121189,38.8319621,11001009807,3203.8
49754108,-77.0131096,38.8306426,11001009807,3203.8
49754143,-77.0139122,38.82852419999999,11001009807,3203.8
49754162,-77.0136687,38.87204229999998,11001006400,3185.1
49754166,-77.0136665,38.87074839999999,11001006400,3185.1
49754177,-77.013667,38.86947699999999,11001006400,3185.1
49754185,-77.0136698,38.86729789999999,11001006400,3185.1
49754207,-76.990397,38.86380600000002,11001007503,4736.7
49754212,-76.9896657,38.8630029,11001007503,4736.7
49754216,-76.989195,38.862491,11001007503,4736.7
49754235,-77.064427,38.959805,11001001402,3896.7
49754242,-77.065737,38.959789999999984,11001001402,3896.7
49754246,-77.0679618,38.9596987,11001001402,3896.7
49754270,-77.0701004,38.9596895,11001001402,3896.7
49754279,-77.0725377,38.95968679999999,11001001100,2689.0
49754297,-77.074595,38.95968499999999,11001001100,2689.0
49754311,-77.077143,38.95968499999999,11001001100,2689.0
49754321,-77.0791363,38.95968259999998,11001001100,2689.0
49754457,-77.0071753,38.89479669999999,11001980000,1.5
49754463,-77.0067891,38.8958592,11001980000,1.5
49754466,-77.068743,38.943788000000005,11001001200,3864.4
49754485,-77.068632,38.94478,11001001200,3864.4
49754494,-77.068587,38.945345999999994,11001001200,3864.4
49754499,-76.9874083,38.9015712,11001008410,9721.9
49754505,-76.98678500000001,38.90245199999998,11001008802,9828.6
49754509,-76.9861447,38.903380999999996,11001008802,9828.6
49754516,-76.9855059,38.90429549999998,11001008802,9828.6
49754519,-76.98495,38.905085,11001008802,9828.6
49754525,-76.984393,38.90587999999999,11001008802,9828.6
49754527,-76.983947,38.906521,11001008804,3005.2
49754531,-76.983507,38.907146999999995,11001008804,3005.2
49754539,-76.983061,38.907782,11001008804,3005.2
49754545,-76.982602,38.90844499999999,11001008804,3005.2
49754553,-76.98218980000001,38.90903399999999,11001008804,3005.2
49754597,-77.0204141,38.927002699999996,11001003400,3776.1
49754610,-77.0228992,38.9267696,11001003500,11775.4
49754612,-77.0228804,38.92663979999999,11001003500,11775.4
49754618,-77.025862,38.926361,11001003500,11775.4
49754633,-77.01571,38.94857800000001,11001002202,4615.4
49754637,-77.0165678,38.94855230000001,11001002202,4615.4
49754643,-77.0194989,38.948464599999994,11001002202,4615.4
49754649,-77.021061,38.94842840000002,11001002201,7799.9
49754653,-77.0219329,38.9484028,11001002201,7799.9
49754658,-77.0225416,38.94838490000002,11001002201,7799.9
49754661,-77.0236512,38.94835230000001,11001002201,7799.9
49754667,-77.0253863,38.948301399999984,11001002201,7799.9
49754673,-77.026933,38.948256000000015,11001002201,7799.9
49754681,-77.029701,38.948258599999996,11001002002,4834.6
49754685,-77.03015,38.948259,11001002002,4834.6
49754697,-77.0316846,38.94824950000001,11001002002,4834.6
49754706,-77.03451,38.948263100000005,11001002501,5263.1
49754709,-77.035386,38.948263899999986,11001002501,5263.1
49754714,-77.036366,38.948269499999995,11001002002,4834.6
49754724,-77.038812,38.948267000000016,11001002600,1190.1
49754737,-77.0392295,38.94826730000001,11001002600,1190.1
49754744,-77.0390758,38.9926163,11001001600,1895.6
49754759,-77.040001,38.991981,11001001600,1895.6
49754813,-77.040568,38.990644999999994,11001001600,1895.6
49754814,-77.0406519,38.9904894,11001001600,1895.6
49754858,-77.043025,38.988825000000006,11001001600,1895.6
49754862,-77.0208739,38.914093400000006,11001004801,8673.1
49754870,-77.0208774,38.9155861,11001004801,8673.1
49754874,-77.085963,38.912859999999995,11001000802,1329.8
49754911,-77.087431,38.912516,11001000802,1329.8
49754960,-76.987496,38.90792400000001,11001008804,3005.2
49754961,-76.986781,38.907616999999995,11001008804,3005.2
49754988,-76.984994,38.906136999999994,11001008802,9828.6
49754993,-76.98366220000001,38.8791217,11001007100,4634.0
49754994,-76.987456,38.879536,11001007100,4634.0
49755008,-76.9164047,38.89242740000001,11001007808,4346.3
49755016,-76.916403,38.894476000000004,11001007808,4346.3
49755025,-76.9164035,38.89581619999999,11001007808,4346.3
49755034,-76.9164044,38.89715019999999,11001007807,4738.9
49755047,-76.979643,38.845732,11001007409,8248.9
49755049,-76.978464,38.84610500000001,11001007409,8248.9
49755064,-76.977053,38.846472999999996,11001007409,8248.9
49755084,-76.975846,38.846630999999995,11001007409,8248.9
49755110,-76.973866,38.846968000000004,11001007409,8248.9
49755118,-76.972852,38.847391,11001007409,8248.9
49755154,-76.970084,38.848158,11001007409,8248.9
49755206,-77.0042103,38.84040700000001,11001009803,5408.0
49755288,-77.000572,38.84187899999999,11001009804,5044.7
49755293,-76.999514,38.84187899999999,11001009804,5044.7
49755295,-76.998448,38.841877999999994,11001009804,5044.7
49755306,-76.99397,38.842259000000006,11001007304,3529.8
49755317,-76.992173,38.842605,11001007304,3529.8
49755322,-76.991402,38.842737,11001007304,3529.8
49755330,-76.990334,38.842917,11001007304,3529.8
49755335,-76.989512,38.84306099999999,11001007304,3529.8
49755341,-76.988506,38.84323599999998,11001007304,3529.8
49755352,-76.985207,38.84414000000002,11001007304,3529.8
49755357,-76.984653,38.84428800000001,11001007304,3529.8
49755362,-76.983313,38.84462899999999,11001007304,3529.8
49755364,-76.982788,38.84475999999999,11001007304,3529.8
49755415,-76.931813,38.8907844,11001007804,4831.5
49755423,-76.9315511,38.8918878,11001007804,4831.5
49755426,-76.9314248,38.89243110000001,11001007804,4831.5
49755432,-77.06051580000002,38.95077789999999,11001001301,1375.9
49755465,-77.0598341,38.95185919999999,11001001301,1375.9
49755469,-77.0582926,38.92502569999998,11001000502,5930.0
49755476,-77.058266,38.92627599999999,11001000502,5930.0
49755479,-77.055468,38.972832399999994,11001001500,1189.4
49755489,-77.055473,38.973409999999994,11001001500,1189.4
49755512,-76.94103,38.902930399999995,11001007809,5855.7
49755514,-76.940358,38.90287599999999,11001007809,5855.7
49755515,-76.93917400000001,38.90278500000001,11001007809,5855.7
49755528,-76.937828,38.90274499999999,11001007809,5855.7
49755530,-76.937592,38.902747999999995,11001007809,5855.7
49755537,-76.9365911,38.90276969999999,11001007809,5855.7
49755544,-76.9356314,38.9028097,11001007809,5855.7
49755550,-76.9346957,38.90284349999999,11001007809,5855.7
49755556,-76.9337644,38.90289150000001,11001007809,5855.7
49755563,-76.9327089,38.902930099999985,11001007809,5855.7
49755572,-76.9316743,38.90303239999999,11001007809,5855.7
49755584,-76.930673,38.90333,11001007809,5855.7
49755600,-76.9300201,38.90347499999999,11001007809,5855.7
49755603,-76.9296343,38.9035098,11001007809,5855.7
49755611,-76.92925340000001,38.9035482,11001007806,3516.7
49755616,-76.92859400000002,38.903512,11001007809,5855.7
49755641,-76.926281,38.903543999999975,11001007809,5855.7
49755648,-76.925842,38.90360400000001,11001007809,5855.7
49755649,-76.92494190000001,38.9037571,11001007809,5855.7
49755762,-77.070225,38.915461799999996,11001000300,5428.2
49755774,-77.0702354,38.91657260000001,11001000300,5428.2
49755787,-77.069847,38.926181,11001000400,1112.8
49755790,-77.0811371,38.9068625,11001000802,1329.8
49755795,-77.0812725,38.907049100000016,11001000802,1329.8
49755803,-77.0823971,38.908633,11001000802,1329.8
49755819,-77.0831227,38.90961789999999,11001000802,1329.8
49755831,-77.083888,38.91065499999999,11001000802,1329.8
49755836,-77.0846371,38.911665299999996,11001000802,1329.8
49755848,-77.0850451,38.91222540000001,11001000802,1329.8
49755851,-77.0851179,38.912501599999985,11001000802,1329.8
49755852,-77.0851018,38.9127027,11001000802,1329.8
49755858,-77.085224,38.912984,11001000802,1329.8
49755881,-77.0858935,38.913868,11001000802,1329.8
49755969,-77.088705,38.91644,11001000802,1329.8
49756006,-77.088746,38.919166,11001000802,1329.8
49756050,-77.0895642,38.92258079999999,11001000804,1291.7
49756073,-77.090114,38.92655,11001000804,1291.7
49756088,-77.090254,38.92752899999999,11001000804,1291.7
49756123,-77.090757,38.929044,11001000804,1291.7
49756149,-77.0910542,38.9302757,11001000804,1291.7
49756155,-77.091065,38.931346999999995,11001000804,1291.7
49756170,-77.0910669,38.93320829999998,11001000903,3449.3
49756177,-76.968952,38.92588500000001,11001011100,819.3
49756196,-76.969,38.927718999999996,11001011100,819.3
49756201,-76.963905,38.86844499999998,11001007604,2729.6
49756236,-77.0812789,38.926079999999985,11001000703,11907.9
49756253,-77.0818173,38.9264763,11001000804,1291.7
49756259,-77.08261700000001,38.92786399999999,11001000804,1291.7
49756263,-77.08380250000002,38.92993489999999,11001000804,1291.7
49756275,-77.0839972,38.93028369999998,11001000804,1291.7
49756279,-77.084624,38.931379,11001000804,1291.7
49756281,-77.0849161,38.931889999999996,11001000804,1291.7
49756284,-77.0850855,38.9321855,11001000804,1291.7
49756297,-77.0858301,38.93349009999999,11001000804,1291.7
49756356,-77.0376765,38.9613803,11001002001,4706.6
49756368,-77.038098,38.960977,11001002001,4706.6
49756373,-77.0448837,38.911876399999976,11001005502,9897.5
49756381,-77.064361,38.93770700000002,11001000600,3028.9
49756456,-77.065426,38.938602,11001000600,3028.9
49756474,-77.0308039,38.89462549999999,11001980000,1.5
49756482,-77.082892,38.959031,11001001100,2689.0
49756489,-77.082896,38.9610313,11001001100,2689.0
49756492,-77.0035132,38.898918399999985,11001010603,5518.9
49756497,-77.002037,38.89892319999997,11001008301,10123.6
49756506,-76.999509,38.898922999999996,11001008301,10123.6
49756512,-76.9984524,38.898920199999985,11001008301,10123.6
49756517,-76.9961686,38.8989218,11001008302,11005.6
49756526,-76.9949597,38.89891899999999,11001008402,9326.9
49756530,-76.9943523,38.8989194,11001008402,9326.9
49756532,-76.9937559,38.898920199999985,11001008402,9326.9
49756538,-76.9926454,38.89891610000001,11001008402,9326.9
49756542,-76.9915282,38.89891939999999,11001008402,9326.9
49756545,-76.9902433,38.898919800000016,11001008402,9326.9
49756549,-76.9882938,38.898915299999985,11001008402,9326.9
49756558,-76.9865831,38.89884839999999,11001008402,9326.9
49756566,-76.98457000000002,38.898907,11001008001,9474.4
49756572,-76.9836408,38.898855000000005,11001007901,10937.8
49756578,-77.0071943,38.89890259999999,11001010603,5518.9
49756606,-77.03881600000001,38.934398,11001002703,14110.8
49756611,-77.0381716,38.93534480000001,11001002703,14110.8
49756643,-77.0393199,38.9263024,11001003901,22609.1
49756730,-77.0058884,38.89587850000001,11001980000,1.5
49756752,-77.097681,38.91525300000001,11001000804,1291.7
49756798,-77.0956423,38.91587500000003,11001000804,1291.7
49756802,-77.005885,38.83304300000002,11001009803,5408.0
49756830,-76.994636,38.833017999999996,11001009801,4724.2
49756846,-76.9918262,38.833063099999976,11001009801,4724.2
49756850,-77.0239694,38.914840600000005,11001004402,9111.1
49756857,-77.0259899,38.91483770000001,11001004402,9111.1
49756861,-77.0121682,38.9047,11001004704,7960.1
49756881,-77.0020381,38.88981570000001,11001006600,7540.5
49756887,-77.0020385,38.8886925,11001980000,1.5
49756892,-77.0020412,38.886959899999994,11001006500,5005.4
49756894,-77.0020407,38.8860412,11001006500,5005.4
49756897,-77.0020437,38.885081500000005,11001006500,5005.4
49756905,-77.0020433,38.8842808,11001006500,5005.4
49756914,-77.0020355,38.8823043,11001007000,5602.7
49756917,-77.0020488,38.88127329999999,11001006500,5005.4
49756921,-77.00203,38.8309641,11001009811,9038.1
49756984,-77.002139,38.826515,11001009810,4650.4
49757055,-77.0020427,38.8792855,11001007203,8603.6
49757061,-77.0020544,38.8775323,11001007203,8603.6
49757359,-76.9964191,38.933078,11001009511,1982.2
49757367,-76.99536,38.933492,11001009201,4856.1
49757401,-76.992936,38.93527400000001,11001009504,2939.8
49757411,-76.9926469,38.935627999999994,11001009504,2939.8
49757415,-76.992397,38.93617499999999,11001009504,2939.8
49757431,-76.9919168,38.93728810000001,11001009504,2939.8
49757442,-76.9907675,38.938308999999975,11001009504,2939.8
49757444,-76.990234,38.938765000000004,11001009504,2939.8
49757453,-76.9892254,38.939654000000004,11001009504,2939.8
49757467,-76.987499,38.94114799999999,11001009503,2415.2
49757471,-76.987197,38.94141,11001009503,2415.2
49757503,-76.982182,38.942552,11001009503,2415.2
49757526,-76.980572,38.942986000000005,11001009503,2415.2
49757535,-76.980235,38.94341000000001,11001009400,3137.6
49757541,-76.97962,38.9442355,11001009400,3137.6
49757545,-76.97885400000001,38.945252,11001009400,3137.6
49757548,-76.978688,38.94547399999998,11001009400,3137.6
49757574,-76.978048,38.94617899999998,11001009400,3137.6
49757600,-76.934871,38.8918901,11001007804,4831.5
49757603,-76.934871,38.8928725,11001007804,4831.5
49757604,-76.9348714,38.8935856,11001007804,4831.5
49757606,-76.9348716,38.89427120000001,11001007804,4831.5
49757608,-76.9348718,38.89500130000001,11001007804,4831.5
49757610,-76.934872,38.89573099999999,11001007804,4831.5
49757706,-76.935665,38.897182,11001007803,5016.5
49757711,-76.935405,38.903624,11001007806,3516.7
49757719,-76.935412,38.90466310000001,11001007806,3516.7
49757723,-76.93563,38.90148580000002,11001007809,5855.7
49757862,-76.931095,38.88328200000001,11001009904,8522.7
49757871,-76.928843,38.88298000000001,11001009905,7374.0
49757879,-76.926588,38.882674,11001009905,7374.0
49757892,-76.9243443,38.88237819999999,11001009905,7374.0
49757896,-77.01520180000001,38.888188500000005,11001980000,1.5
49757901,-77.0151979,38.887564899999994,11001010500,5126.6
49757909,-77.0152003,38.8860439,11001010500,5126.6
49757927,-77.0714001,38.95772770000001,11001001100,2689.0
49757944,-77.074595,38.957690799999995,11001001100,2689.0
49757950,-77.0755476,38.957696899999995,11001001100,2689.0
49757961,-77.07714,38.957688,11001001100,2689.0
49757977,-77.011669,38.97139500000001,11001001702,3606.2
49757980,-77.012629,38.971216000000005,11001001702,3606.2
49757982,-77.012849,38.971173,11001001702,3606.2
49758013,-77.0157436,38.97127700000002,11001001702,3606.2
49758026,-77.016151,38.97127400000001,11001001702,3606.2
49758032,-77.0198944,38.97127510000001,11001001702,3606.2
49758036,-77.02141650000002,38.971276,11001001702,3606.2
49758043,-77.022446,38.97127500000001,11001001702,3606.2
49758045,-77.023328,38.97127500000001,11001001702,3606.2
49758058,-77.0363189,38.9707226,11001001803,3248.9
49758129,-77.027872,38.98145299999998,11001001600,1895.6
49758132,-76.97396,38.894978000000016,11001006804,1061.0
49758147,-76.973696,38.896108000000005,11001007903,7498.4
49758181,-76.935352,38.88055900000001,11001007707,5155.6
49758185,-76.933528,38.878654000000004,11001007707,5155.6
49758237,-76.932629,38.87865299999999,11001007707,5155.6
49758241,-76.983648,38.89611200000003,11001007901,10937.8
49758244,-76.983644,38.89666700000001,11001007901,10937.8
49758250,-76.983647,38.89732600000001,11001007901,10937.8
49758252,-76.983653,38.897691999999985,11001007901,10937.8
49758271,-76.9836601,38.889811699999996,11001008002,5676.3
49758282,-76.9836575,38.89093619999999,11001008002,5676.3
49758287,-76.9836566,38.891477899999984,11001008002,5676.3
49758293,-76.9836511,38.89246180000001,11001008002,5676.3
49758306,-76.983648,38.894783,11001007901,10937.8
49758311,-76.98205,38.91917899999998,11001009102,2396.3
49758319,-76.982092,38.920136000000014,11001009102,2396.3
49758359,-76.9837589,38.9253571,11001009102,2396.3
49758362,-76.983815,38.92546099999999,11001009102,2396.3
49758367,-76.9838489,38.9255314,11001009301,3055.1
49758370,-76.983868,38.925797,11001009301,3055.1
49758375,-76.9839552,38.926871,11001009301,3055.1
49758382,-76.9840403,38.92793199999999,11001009301,3055.1
49758383,-76.9841205,38.9289264,11001009301,3055.1
49758386,-76.9841997,38.929907600000014,11001009301,3055.1
49758390,-76.9842795,38.93089609999999,11001009301,3055.1
49758392,-76.98435900000001,38.9318819,11001009301,3055.1
49758395,-76.98443860000002,38.9328683,11001009301,3055.1
49758399,-76.9845181,38.93385269999999,11001009301,3055.1
49758401,-76.98459770000001,38.93483879999999,11001009301,3055.1
49758406,-76.984649,38.93547499999998,11001009503,2415.2
49758419,-77.005946,38.941313999999984,11001009511,1982.2
49758425,-77.014817,38.97165900000001,11001001702,3606.2
49758445,-77.0127958,38.89387519999998,11001005900,3743.4
49758447,-77.0105319,38.89360889999999,11001980000,1.5
49758454,-77.01119330000002,38.8935788,11001005900,3743.4
49758476,-77.0170863,38.89480900000001,11001005900,3743.4
49758493,-76.992635,38.94233100000002,11001009504,2939.8
49758503,-76.990237,38.942332,11001009504,2939.8
49758504,-77.00587,38.942167,11001009510,5690.3
49758509,-77.00438,38.942164,11001009510,5690.3
49758513,-77.0388546,38.9145473,11001004201,15764.6
49758528,-77.0416615,38.9148396,11001004201,15764.6
49758532,-77.0434256,38.91483719999999,11001004202,12585.1
49758541,-77.03452700000001,38.9148386,11001004300,18536.3
49758546,-77.0365136,38.9148413,11001004201,15764.6
49758552,-77.0384759,38.914947799999986,11001004201,15764.6
49758554,-76.9902446,38.8868139,11001006700,9175.4
49758559,-76.9883146,38.88681149999999,11001006700,9175.4
49758562,-77.100985,38.92597099999999,11001000902,981.5
49758634,-77.10045,38.928368,11001000902,981.5
49758645,-77.100123,38.928768,11001000902,981.5
49758656,-76.9391794,38.90148739999999,11001007809,5855.7
49758660,-76.937589,38.90148669999999,11001007809,5855.7
49758666,-76.9365789,38.90148629999999,11001007809,5855.7
49758672,-76.934696,38.901485399999984,11001007809,5855.7
49758675,-76.9337683,38.901485,11001007809,5855.7
49758677,-76.9327124,38.901484499999995,11001007809,5855.7
49758684,-76.9316801,38.901484,11001007809,5855.7
49758696,-76.93076000000002,38.90154199999999,11001007809,5855.7
49758722,-76.927615,38.90183499999999,11001007809,5855.7
49758726,-76.92664,38.901834,11001007809,5855.7
49758738,-76.925628,38.90183799999999,11001007809,5855.7
49758746,-76.9244825,38.901648600000016,11001007809,5855.7
49758776,-76.9221589,38.900975999999986,11001007807,4738.9
49758841,-76.945087,38.90156079999999,11001009602,4023.6
49758843,-76.921153,38.90018999999999,11001007807,4738.9
49758860,-76.9189678,38.89836879999999,11001007807,4738.9
49758919,-76.9871074,38.858859899999985,11001007407,5597.7
49759000,-77.0677093,38.9430167,11001001200,3864.4
49759002,-77.06770980000002,38.94310079999999,11001001200,3864.4
49759039,-76.9765625,38.890027800000006,11001008002,5676.3
49759070,-76.9740714,38.88945100000001,11001006804,1061.0
49759074,-76.9738302,38.88939309999999,11001006804,1061.0
49759080,-76.9915272,38.88924899999998,11001008002,5676.3
49759085,-76.9902414,38.8892493,11001008002,5676.3
49759090,-76.98890360000001,38.88924960000001,11001008002,5676.3
49759091,-76.9883153,38.8892506,11001006700,9175.4
49759112,-77.0462801,38.91599040000001,11001004002,16899.8
49759124,-77.0485623,38.91516309999999,11001004100,2968.9
49759133,-77.0084482,38.957660700000005,11001009505,4265.8
49759135,-77.0082748,38.95789269999998,11001009505,4265.8
49759140,-77.0076601,38.958726499999976,11001009505,4265.8
49759155,-77.0057725,38.9612727,11001009505,4265.8
49759164,-77.0052228,38.96201179999999,11001009505,4265.8
49759170,-77.0047125,38.96269819999999,11001009505,4265.8
49759178,-77.0029398,38.9650822,11001009505,4265.8
49759273,-76.963133,38.86563299999999,11001007604,2729.6
49759276,-76.9631363,38.86457200000001,11001007604,2729.6
49759285,-76.9631415,38.862885,11001007604,2729.6
49759294,-76.963107,38.88023399999998,11001007709,2756.0
49759299,-76.963117,38.87876300000001,11001007709,2756.0
49759318,-76.9629484,38.877363399999986,11001007709,2756.0
49759320,-76.9625623,38.85728919999999,11001007603,3490.4
49759322,-76.9625302,38.85641319999999,11001007603,3490.4
49759326,-76.9624925,38.855382799999994,11001007603,3490.4
49759333,-76.96259,38.871149,11001009901,1002.4
49759336,-76.963089,38.87039899999998,11001007604,2729.6
49759338,-77.030525,38.985454999999995,11001001600,1895.6
49759381,-76.967771,38.872935000000005,11001007709,2756.0
49759384,-76.966422,38.872933,11001007709,2756.0
49759391,-76.964768,38.872935000000005,11001009901,1002.4
49759427,-76.9607351,38.872150999999995,11001009901,1002.4
49759499,-77.0058961,38.872983,11001007201,2605.7
49759500,-77.0047586,38.87298509999999,11001007201,2605.7
49759502,-76.95148,38.873248999999994,11001009901,1002.4
49759518,-76.9497213,38.87331970000002,11001009901,1002.4
49759543,-76.96756750000002,38.86554980000001,11001007604,2729.6
49759627,-76.964799,38.865632000000005,11001007604,2729.6
49759633,-76.962303,38.86562870000001,11001007604,2729.6
49759634,-76.96048000000002,38.865630999999986,11001007604,2729.6
49759635,-76.959693,38.86563000000001,11001007604,2729.6
49759643,-77.0191922,38.93424419999998,11001003200,9225.6
49759650,-77.020799,38.933983999999995,11001003200,9225.6
49759656,-77.021909,38.93380199999999,11001003200,9225.6
49759660,-77.0220625,38.93395359999999,11001003200,9225.6
49759674,-77.023916,38.933798999999986,11001003200,9225.6
49759678,-77.0238995,38.933653699999994,11001003100,11890.5
49759734,-76.944022,38.879466,11001007707,5155.6
49759766,-77.028931,38.96270269999998,11001001804,9021.2
49759769,-77.035767,38.946127999999995,11001002501,5263.1
49759788,-77.035275,38.94900600000001,11001002002,4834.6
49759798,-77.0351073,38.949737999999996,11001002002,4834.6
49759823,-77.0296813,38.965068099999996,11001001804,9021.2
49759828,-77.028749,38.96614040000001,11001001804,9021.2
49759844,-77.027477,38.96753499999999,11001001901,5955.3
49759867,-77.0260058,38.968625900000006,11001001901,5955.3
49759881,-77.025364,38.969931100000004,11001001901,5955.3
49759886,-77.0247596,38.9706977,11001001702,3606.2
49759907,-77.022766,38.97360900000001,11001001702,3606.2
49759916,-77.02209200000001,38.974353999999984,11001001702,3606.2
49759918,-77.021768,38.974815,11001001702,3606.2
49759921,-77.021469,38.97523799999999,11001001702,3606.2
49759926,-77.021065,38.97580599999999,11001001702,3606.2
49759930,-77.020544,38.976527999999995,11001001702,3606.2
49759949,-77.0196725,38.9776237,11001001702,3606.2
49759974,-76.999252,38.83205900000001,11001009802,10526.8
49759988,-76.994637,38.83199,11001009802,10526.8
49760029,-76.9913696,38.832704,11001009802,10526.8
49760054,-77.00343830000001,38.8321186,11001009803,5408.0
49760126,-77.0532246,38.933484199999995,11001001304,5698.4
49760266,-77.0604696,38.93029260000001,11001000502,5930.0
49760268,-77.061027,38.9302441,11001000502,5930.0
49760280,-77.06224,38.93010399999999,11001000502,5930.0
49760283,-77.062737,38.93030099999999,11001000502,5930.0
49760297,-77.063257,38.930267,11001000502,5930.0
49760309,-77.045406,38.9331777,11001002702,11473.8
49760312,-77.0465196,38.93275,11001002702,11473.8
49760329,-76.9816819,38.8786585,11001007100,4634.0
49760333,-76.981576,38.87883480000001,11001007100,4634.0
49760346,-76.9812755,38.87917029999999,11001006802,8083.4
49760348,-76.9810516,38.87921630000001,11001006802,8083.4
49760355,-76.98075640000002,38.87925509999999,11001006804,1061.0
49760367,-76.9849674,38.88023119999998,11001006900,7310.4
49760376,-76.9848957,38.880464700000005,11001006900,7310.4
49760380,-76.9849905,38.88057319999999,11001006900,7310.4
49760402,-76.9340687,38.896209,11001007804,4831.5
49760408,-76.933251,38.896209,11001007804,4831.5
49760413,-76.9321255,38.89623539999999,11001007804,4831.5
49760432,-76.92987,38.896236,11001007804,4831.5
49760465,-76.928326,38.895921,11001007804,4831.5
49760487,-76.927924,38.894979,11001007804,4831.5
49760523,-76.926339,38.896435999999994,11001007808,4346.3
49760543,-76.967919,38.857960000000006,11001007502,7711.5
49760550,-76.967356,38.85706799999999,11001007502,7711.5
49760552,-76.967265,38.856933999999995,11001007502,7711.5
49760649,-76.9773563,38.87303539999999,11001007601,3937.9
49760669,-76.975936,38.87206299999999,11001007601,3937.9
49760709,-76.9740511,38.87075219999999,11001007601,3937.9
49760719,-76.972153,38.86948689999999,11001007601,3937.9
49760727,-76.9706805,38.868258,11001007604,2729.6
49760742,-76.970237,38.867279999999994,11001007604,2729.6
49760758,-76.9701932,38.86638580000001,11001007604,2729.6
49760803,-76.9707851,38.8642293,11001007605,8359.2
49760879,-77.106544,38.928349999999995,11001000902,981.5
49760895,-77.108009,38.927442999999975,11001000902,981.5
49760904,-77.108815,38.92694,11001000902,981.5
49760907,-76.99202400000001,38.95593599999997,11001009508,4063.9
49760915,-76.99024500000002,38.895435000000006,11001008001,9474.4
49760920,-76.98831,38.89543800000001,11001008001,9474.4
49760923,-76.9394725,38.90351849999999,11001007806,3516.7
49760941,-76.9364437,38.90370829999996,11001007806,3516.7
49760955,-76.934599,38.90362300000001,11001007806,3516.7
49760958,-76.9337655,38.903624999999984,11001007806,3516.7
49761120,-77.058066,38.95671200000001,11001001301,1375.9
49761250,-77.056201,38.961013,11001001301,1375.9
49761256,-77.0561913,38.963106,11001001500,1189.4
49761291,-77.055992,38.96749599999999,11001001500,1189.4
49761339,-77.056241,38.969563499999985,11001001500,1189.4
49761355,-77.055803,38.906880599999994,11001000101,5760.5
49761364,-77.05581970000001,38.907714299999995,11001000101,5760.5
49761370,-77.0558363,38.9085467,11001000101,5760.5
49761375,-77.0558272,38.908989,11001000101,5760.5
49761382,-77.0556164,38.9093745,11001000101,5760.5
49761391,-77.0549495,38.910590099999986,11001000102,1374.8
49761393,-77.05529,38.93351359999998,11001001304,5698.4
49761399,-77.0553455,38.92589490000002,11001000502,5930.0
49761401,-77.0553276,38.9267977,11001000502,5930.0
49761406,-77.0553344,38.92833909999998,11001000502,5930.0
49761407,-76.94524,38.88492099999997,11001007703,7008.9
49761412,-76.945199,38.883764,11001007703,7008.9
49761416,-76.927604,38.88865200000001,11001009905,7374.0
49761419,-76.9278061,38.887711599999996,11001009905,7374.0
49761421,-76.927952,38.887041000000025,11001009905,7374.0
49761425,-76.928105,38.88635799999998,11001009905,7374.0
49761426,-76.9282534,38.8856853,11001009905,7374.0
49761428,-76.928403,38.88500799999999,11001009905,7374.0
49761430,-76.928548,38.884334,11001009905,7374.0
49761434,-76.928696,38.883656,11001009905,7374.0
49761439,-76.92899,38.882304,11001009905,7374.0
49761441,-76.92914,38.881627999999985,11001009905,7374.0
49761447,-76.929886,38.87945099999999,11001007707,5155.6
49761449,-76.93001,38.878543,11001007707,5155.6
49761501,-77.0803961,38.94436559999999,11001001002,3763.3
49761506,-77.080039,38.944784500000004,11001001002,3763.3
49761531,-77.093308,38.9326054,11001000903,3449.3
49761570,-77.0905536,38.933497399999986,11001000804,1291.7
49761574,-77.08864200000001,38.934930699999995,11001000804,1291.7
49761612,-77.0783859,38.9467605,11001001100,2689.0
49761620,-77.0780607,38.94709999999999,11001001200,3864.4
49761626,-77.0776932,38.94752459999998,11001001200,3864.4
49761630,-77.07736800000002,38.947904499999986,11001001200,3864.4
49761633,-77.0770741,38.94824799999999,11001001200,3864.4
49761641,-77.0758418,38.94969460000001,11001001200,3864.4
49761649,-77.0749469,38.9507335,11001001200,3864.4
49761656,-77.0746538,38.95107589999999,11001001200,3864.4
49761658,-77.074357,38.9514246,11001001200,3864.4
49761664,-77.0737413,38.9521395,11001001200,3864.4
49761668,-77.07360580000001,38.95230050000001,11001001100,2689.0
49761675,-77.0722546,38.9538793,11001001100,2689.0
49761678,-77.0715702,38.9546927,11001001100,2689.0
49761684,-77.0704112,38.95603309999999,11001001100,2689.0
49761698,-77.068432,38.95836199999999,11001001402,3896.7
49761700,-77.0678574,38.959031,11001001402,3896.7
49761707,-77.0675564,38.959394899999985,11001001402,3896.7
49761727,-77.0643789,38.96309869999999,11001001401,4218.2
49761729,-77.063881,38.96366799999999,11001001402,3896.7
49761735,-77.063603,38.96399199999999,11001001402,3896.7
49761744,-77.062969,38.964734999999976,11001001402,3896.7
49761746,-77.062826,38.964904,11001001402,3896.7
49761753,-77.062218,38.965610999999996,11001001402,3896.7
49761754,-77.062046,38.96581299999999,11001001402,3896.7
49761767,-77.060875,38.967061,11001001500,1189.4
49761776,-77.0581391,38.968540199999985,11001001500,1189.4
49761780,-77.0575013,38.96888289999999,11001001500,1189.4
49761786,-77.0551259,38.97017100000002,11001001500,1189.4
49761793,-77.0534898,38.971045199999985,11001001500,1189.4
49761823,-76.962284,38.88023399999998,11001007709,2756.0
49761840,-76.96259,38.87854599999999,11001007709,2756.0
49761843,-76.973971,38.85835800000001,11001007502,7711.5
49761847,-76.9735421,38.858077,11001007502,7711.5
49761855,-76.9717604,38.85690809999997,11001007502,7711.5
49761915,-76.9938617,38.83004879999999,11001009700,7952.0
49761919,-76.964785,38.862888999999996,11001007604,2729.6
49761921,-76.963529,38.862888,11001007604,2729.6
49761924,-76.9623181,38.8628842,11001007604,2729.6
49761925,-76.96049000000001,38.86287900000001,11001007604,2729.6
49761928,-76.9591854,38.86289409999998,11001007604,2729.6
49761968,-76.98781,38.86454499999998,11001007503,4736.7
49761978,-76.986852,38.86436999999999,11001007503,4736.7
49761986,-76.9858857,38.864204099999995,11001007503,4736.7
49761997,-76.983954,38.86384999999999,11001007503,4736.7
49762002,-76.98268,38.86361730000001,11001007504,3684.5
49762020,-76.978325,38.86172299999998,11001007504,3684.5
49762027,-76.967352,38.863264,11001007604,2729.6
49762043,-76.952221,38.86305099999999,11001007603,3490.4
49762095,-77.056025,38.977122,11001001500,1189.4
49762103,-77.057208,38.977464,11001001500,1189.4
49762108,-77.0581401,38.9777269,11001001500,1189.4
49762143,-77.0639009,38.97783179999999,11001001500,1189.4
49762151,-76.949839,38.871522000000006,11001009901,1002.4
49762182,-76.941255,38.86897699999998,11001009902,2118.3
49762184,-77.0521109,38.89816729999999,11001005602,14421.3
49762191,-77.0219193,38.89845820000001,11001005802,2837.0
49762202,-77.0270432,38.898323699999985,11001005802,2837.0
49762207,-77.02810940000002,38.898322099999994,11001005802,2837.0
49762210,-77.029622,38.898321300000006,11001005802,2837.0
49762221,-77.0336257,38.8983204,11001005802,2837.0
49762225,-77.0394601,38.89833630000001,11001980000,1.5
49762238,-77.0417065,38.89834849999998,11001010800,7151.8
49762243,-77.043472,38.898347099999995,11001010800,7151.8
49762251,-77.0449027,38.8983415,11001010800,7151.8
49762264,-77.0488582,38.89834119999999,11001010800,7151.8
49762286,-77.0501339,38.89835050000001,11001010800,7151.8
49762331,-77.05144070000001,38.89834079999999,11001005602,14421.3
49762355,-77.01204560000001,38.8989458,11001004702,10650.0
49762379,-77.0189292,38.89832220000001,11001005900,3743.4
49762383,-77.019908,38.898318700000004,11001005801,7641.9
49762403,-77.007198,38.94285899999999,11001009510,5690.3
49762411,-77.007113,38.943581999999985,11001009510,5690.3
49762510,-76.9563752,38.89138109999999,11001009604,3359.8
49762563,-76.9462177,38.9002511,11001009602,4023.6
49762602,-76.9415035,38.90422419999999,11001009601,1058.9
49762625,-76.9390799,38.9065554,11001009601,1058.9
49762645,-76.9366896,38.90925970000001,11001009601,1058.9
49762657,-76.95822800000002,38.89040899999999,11001009604,3359.8
49762659,-76.957554,38.89109499999999,11001009604,3359.8
49762661,-76.956982,38.891678,11001009604,3359.8
49762670,-76.955154,38.893533999999974,11001009604,3359.8
49762699,-76.9400706,38.90562849999999,11001009601,1058.9
49762845,-76.97788,38.844876000000006,11001007409,8248.9
49762862,-76.977491,38.843599,11001007409,8248.9
49762870,-76.9789967,38.88980580000002,11001006801,9279.8
49762871,-76.9789978,38.88867770000001,11001006801,9279.8
49762880,-76.9789971,38.887596400000014,11001006801,9279.8
49762885,-76.97899990000002,38.8861478,11001006801,9279.8
49762894,-76.9790007,38.88535750000001,11001006801,9279.8
49762897,-76.9790006,38.8852358,11001006802,8083.4
49762905,-76.9790013,38.8841085,11001006802,8083.4
49762910,-76.9790024,38.882980300000014,11001006804,1061.0
49762918,-76.9789985,38.872936800000026,11001007601,3937.9
49762927,-76.9790012,38.87202799999999,11001007601,3937.9
49762932,-76.9790056,38.87074849999999,11001007601,3937.9
49762937,-76.97900750000001,38.869486499999994,11001007601,3937.9
49762940,-76.9790062,38.86934389999999,11001007601,3937.9
49762957,-76.9790085,38.86824150000002,11001007601,3937.9
49762961,-76.9790106,38.86727080000001,11001007605,8359.2
49762970,-76.9790122,38.86652000000001,11001007605,8359.2
49762978,-76.978998,38.864696999999985,11001007504,3684.5
49762994,-76.979013,38.862991,11001007504,3684.5
49762999,-76.979025,38.85730499999999,11001007407,5597.7
49763004,-76.979024,38.856074999999976,11001007407,5597.7
49763014,-76.979022,38.85516299999999,11001007407,5597.7
49763018,-76.97902480000002,38.8546666,11001007407,5597.7
49763044,-77.0058893,38.89479819999998,11001980000,1.5
49763049,-77.003511,38.894786999999994,11001008200,8289.3
49763056,-77.0025074,38.8948019,11001008200,8289.3
49763064,-77.0020378,38.8948012,11001008301,10123.6
49763072,-76.9995113,38.89480259999998,11001008301,10123.6
49763073,-76.9984584,38.8948023,11001008301,10123.6
49763104,-76.994962,38.894783,11001008100,10966.3
49763109,-76.993756,38.894784999999985,11001008100,10966.3
49763115,-76.992645,38.894785,11001008100,10966.3
49763119,-76.99153,38.894783,11001008100,10966.3
49763122,-76.990244,38.89478399999998,11001008001,9474.4
49763125,-76.988311,38.894785,11001008001,9474.4
49763130,-76.986097,38.894782,11001008001,9474.4
49763132,-76.98457000000002,38.894782,11001008001,9474.4
49763138,-76.982212,38.89477899999999,11001007901,10937.8
49763143,-76.9807674,38.89478640000001,11001007901,10937.8
49763147,-76.979871,38.89477899999999,11001007901,10937.8
49763149,-76.9789968,38.8947832,11001007901,10937.8
49763150,-76.9781254,38.89478489999998,11001007901,10937.8
49763154,-76.977259,38.89477699999999,11001007903,7498.4
49763155,-76.976218,38.894777999999995,11001007903,7498.4
49763157,-76.974982,38.89477899999999,11001007903,7498.4
49763167,-76.974408,38.894730000000024,11001006804,1061.0
49763283,-77.0728686,38.91651519999999,11001000300,5428.2
49763285,-76.9926556,38.8337153,11001009801,4724.2
49763342,-76.9908169,38.83434200000001,11001009801,4724.2
49763351,-76.990528,38.834596999999995,11001009700,7952.0
49763357,-76.988508,38.83538199999999,11001009700,7952.0
49763397,-77.078522,38.94731299999998,11001001100,2689.0
49763401,-77.0785362,38.94790989999999,11001001100,2689.0
49763423,-77.068631,38.960328999999994,11001001402,3896.7
49763436,-77.0704325,38.96031959999998,11001001402,3896.7
49763450,-77.0729035,38.96031680000001,11001001100,2689.0
49763454,-77.074594,38.960316000000006,11001001100,2689.0
49763463,-77.077145,38.960315999999985,11001001100,2689.0
49763467,-77.057176,38.964498000000006,11001001402,3896.7
49763476,-77.0586185,38.9636155,11001001402,3896.7
49763483,-77.060128,38.962691999999976,11001001402,3896.7
49763488,-77.0608033,38.90931559999998,11001000102,1374.8
49763489,-77.0608081,38.90977079999999,11001000102,1374.8
49763499,-77.009132,38.834038100000015,11001009807,3203.8
49763550,-77.0609258,38.911709499999986,11001000102,1374.8
49763554,-77.0609271,38.91191780000002,11001000102,1374.8
49763568,-77.0609445,38.912838300000004,11001000102,1374.8
49763571,-77.018509,38.931501,11001002302,762.9
49763581,-77.0200761,38.93124749999998,11001003200,9225.6
49763587,-77.0213618,38.93103949999999,11001003200,9225.6
49763606,-77.02354,38.93119299999998,11001003200,9225.6
49763609,-77.023521,38.931057999999986,11001003200,9225.6
49763618,-77.0265646,38.9307836,11001003100,11890.5
49763628,-77.02799,38.93069400000001,11001003100,11890.5
49763632,-77.029708,38.930696999999995,11001003000,16784.0
49763637,-77.0364644,38.93045000000001,11001002702,11473.8
49763640,-77.038311,38.93115299999999,11001002702,11473.8
49763644,-77.038851,38.93138100000001,11001002702,11473.8
49763653,-77.041298,38.931450000000005,11001002702,11473.8
49763659,-77.044185,38.93145499999998,11001002702,11473.8
49763662,-77.0448521,38.931457099999996,11001002702,11473.8
49763666,-77.0454096,38.93146049999999,11001002702,11473.8
49763729,-77.05808,38.97123899999999,11001001500,1189.4
49763735,-76.990239,38.94525999999999,11001009504,2939.8
49763742,-76.988593,38.94525200000001,11001009503,2415.2
49763757,-76.9816766,38.94525299999998,11001009503,2415.2
49763775,-76.977282,38.9452639,11001009400,3137.6
49763777,-76.977064,38.94541199999998,11001009400,3137.6
49763787,-77.006004,38.94688,11001009510,5690.3
49763799,-76.997051,38.94556099999999,11001009504,2939.8
49763805,-77.093251,38.920243,11001000804,1291.7
49763813,-77.093249,38.921168999999985,11001000804,1291.7
49763816,-77.092611,38.939372999999996,11001000903,3449.3
49763823,-77.0926115,38.940319999999986,11001000903,3449.3
49763827,-77.0926121,38.941265099999995,11001000903,3449.3
49763843,-77.0926126,38.94221600000001,11001000903,3449.3
49763850,-77.0926131,38.9431646,11001001004,2689.9
49763855,-77.0926136,38.943961,11001001003,2947.0
49763860,-77.092614,38.94478600000001,11001001003,2947.0
49763865,-77.0926145,38.945542599999996,11001001003,2947.0
49763868,-77.0926149,38.946286,11001001003,2947.0
49763869,-77.0926153,38.947102799999996,11001001003,2947.0
49763873,-77.0926158,38.947908999999996,11001001003,2947.0
49763879,-77.0926163,38.94879799999998,11001001003,2947.0
49763885,-77.0926168,38.94969300000001,11001001003,2947.0
49763886,-77.0926175,38.9510492,11001001003,2947.0
49763891,-77.0926182,38.952118,11001001003,2947.0
49763901,-77.0926118,38.95471479999998,11001001003,2947.0
49763921,-77.090745,38.91434,11001000802,1329.8
49763957,-77.0910471,38.91520009999998,11001000802,1329.8
49763997,-77.0151486,38.87205410000002,11001011001,18125.8
49764011,-77.0151895,38.883245800000005,11001010500,5126.6
49764038,-77.0152036,38.8792915,11001010201,16847.2
49764050,-77.01520180000001,38.87752900000001,11001010500,5126.6
49764070,-77.0152043,38.88883439999998,11001980000,1.5
49764096,-77.0121425,38.9262899,11001002302,762.9
49764163,-77.0173914,38.92813699999999,11001002302,762.9
49764249,-77.0336193,38.89641259999999,11001005802,2837.0
49764251,-77.0336236,38.8973575,11001005802,2837.0
49764271,-77.0336382,38.9002503,11001010100,4591.0
49764289,-77.03363090000002,38.90253379999999,11001010100,4591.0
49764296,-77.034593,38.9013345,11001010100,4591.0
49764309,-77.0345773,38.9037448,11001010100,4591.0
49764314,-77.0345693,38.905648,11001010100,4591.0
49764318,-77.0345597,38.90657160000001,11001005203,33336.9
49764321,-77.0345494,38.907247599999984,11001005203,33336.9
49764326,-77.0345473,38.90794009999998,11001005203,33336.9
49764330,-77.0345458,38.90871179999999,11001005203,33336.9
49764337,-77.03454510000002,38.90965739999998,11001005202,12072.2
49764341,-77.0345412,38.9103942,11001005202,12072.2
49764343,-77.0345397,38.91114090000002,11001005202,12072.2
49764348,-77.0345378,38.9118817,11001005202,12072.2
49764352,-77.0345344,38.91260819999998,11001005202,12072.2
49764359,-77.0345311,38.914099799999995,11001005202,12072.2
49764365,-77.0345271,38.91558920000001,11001004300,18536.3
49764371,-77.0345222,38.91629449999999,11001004300,18536.3
49764374,-77.0345228,38.9170106,11001004300,18536.3
49764380,-77.0345107,38.918116199999986,11001004300,18536.3
49764397,-77.0347892,38.92059179999999,11001003701,12700.9
49764440,-77.035309,38.92337549999999,11001003701,12700.9
49764445,-77.03539,38.924799,11001003702,23552.5
49764447,-77.035424,38.925318999999995,11001003702,23552.5
49764451,-77.035484,38.926325000000006,11001003702,23552.5
49764453,-77.035525,38.92705000000001,11001002802,21556.7
49764461,-77.0361867,38.928680299999996,11001002802,21556.7
49764467,-77.0364641,38.929174100000004,11001002802,21556.7
49764487,-77.0345244,38.94400619999999,11001002501,5263.1
49764493,-77.034515,38.94506100000002,11001002501,5263.1
49764496,-77.034517,38.946127000000004,11001002501,5263.1
49764509,-77.034521,38.94900359999999,11001002002,4834.6
49764512,-77.0345234,38.9497381,11001002002,4834.6
49764529,-77.0743096,38.95234889999999,11001001100,2689.0
49764563,-76.9762271,38.928431100000005,11001011100,819.3
49764576,-76.9512011,38.8711034,11001009901,1002.4
49764587,-76.951224,38.870785999999995,11001009901,1002.4
49764605,-76.951371,38.87003,11001009901,1002.4
49764609,-76.950637,38.87020000000001,11001009901,1002.4
49764754,-76.9532859,38.866447400000006,11001009901,1002.4
49764782,-76.952223,38.862124,11001007603,3490.4
49764785,-77.0457573,38.90857259999998,11001005502,9897.5
49764791,-77.0457609,38.9096504,11001005502,9897.5
49764794,-77.0434465,38.90790519999999,11001010700,1848.6
49764801,-77.0448588,38.90813250000001,11001010700,1848.6
49764802,-77.090614,38.94187899999999,11001001004,2689.9
49764812,-77.090752,38.94124899999999,11001000903,3449.3
49764813,-77.0907193,38.94122260000001,11001000903,3449.3
49764814,-77.0905899,38.941131200000015,11001000903,3449.3
49764858,-77.0074638,38.8775337,11001007202,28604.4
49764863,-77.0066995,38.8775323,11001007202,28604.4
49764867,-77.0058953,38.877533799999995,11001007202,28604.4
49764877,-77.0045281,38.877533799999995,11001007203,8603.6
49764884,-77.002955,38.877530000000014,11001007203,8603.6
49764893,-76.999522,38.87752499999999,11001007203,8603.6
49764899,-76.996187,38.87753,11001007203,8603.6
49764904,-76.99497,38.877531999999995,11001007203,8603.6
49764911,-76.99376000000001,38.87690199999999,11001007203,8603.6
49764921,-76.992652,38.877228999999986,11001007203,8603.6
49764953,-76.9855152,38.877520099999984,11001007100,4634.0
49764980,-77.019903,38.96200549999999,11001001901,5955.3
49764985,-77.022446,38.962005799999986,11001001901,5955.3
49764997,-77.024022,38.962701,11001001901,5955.3
49765006,-76.941175,38.87066799999999,11001009902,2118.3
49765008,-77.0087767,38.88364109999999,11001006500,5005.4
49765018,-77.006947,38.88420799999999,11001006500,5005.4
49765040,-77.0099,38.87296380000001,11001006400,3185.1
49765045,-77.010651,38.87295999999999,11001006400,3185.1
49765051,-77.012172,38.87296200000001,11001006400,3185.1
49765058,-77.013368,38.872977000000006,11001006400,3185.1
49765062,-77.01755950000002,38.87342209999998,11001011002,1747.9
49765073,-77.01755830000002,38.87297819999999,11001011001,18125.8
49765081,-77.0420506,38.911139399999996,11001004202,12585.1
49765083,-77.04165710000001,38.9115621,11001004202,12585.1
49765085,-77.0413586,38.911877399999995,11001004202,12585.1
49765088,-77.0406688,38.91261079999999,11001004202,12585.1
49765092,-77.0399748,38.91335480000001,11001004202,12585.1
49765108,-77.0378907,38.9155884,11001004201,15764.6
49765113,-77.0365036,38.91701199999999,11001004201,15764.6
49765120,-77.0354853,38.918114599999996,11001004300,18536.3
49765126,-77.0275666,38.93205900000001,11001003100,11890.5
49765138,-77.0269899,38.93275700000002,11001002900,15329.2
49765145,-77.048815,38.90373910000001,11001010700,1848.6
49765155,-77.0475326,38.90528659999999,11001005501,10678.0
49765161,-77.0470084,38.90585779999999,11001005501,10678.0
49765167,-77.0456995,38.9072482,11001005501,10678.0
49765234,-77.0514247,38.901125699999994,11001005601,13442.9
49765245,-77.0548514,38.8973698,11001005602,14421.3
49765273,-77.0268798,38.93292379999999,11001002900,15329.2
49765283,-77.0260444,38.9340572,11001003100,11890.5
49765285,-77.0252603,38.9351207,11001002900,15329.2
49765290,-77.023267,38.93764019999999,11001002400,6713.4
49765297,-77.022464,38.93873479999999,11001002400,6713.4
49765303,-77.0208093,38.9409411,11001002400,6713.4
49765314,-77.0188347,38.9435653,11001002301,7776.5
49765318,-77.0184487,38.94422230000001,11001002301,7776.5
49765322,-77.017633,38.94531849999999,11001002301,7776.5
49765363,-77.0100531,38.955504600000005,11001002102,6947.2
49765376,-77.0093,38.95658679999999,11001002102,6947.2
49765380,-77.0697957,38.94397919999998,11001001200,3864.4
49765393,-77.072412,38.94397099999998,11001001200,3864.4
49765400,-77.074607,38.943971999999995,11001001200,3864.4
49765407,-77.077037,38.94397299999999,11001001200,3864.4
49765428,-77.080319,38.943974000000004,11001001002,3763.3
49765510,-77.0165754,38.830107500000004,11001007301,467.5
49765549,-77.0173703,38.82733860000001,11001009807,3203.8
49765648,-77.0096278,38.83881769999999,11001007301,467.5
49765709,-77.0849939,38.954706200000004,11001001004,2689.9
49765714,-77.084995,38.9479042,11001001004,2689.9
49765717,-77.084997,38.948423,11001001004,2689.9
49765718,-77.08499600000002,38.94969100000001,11001001004,2689.9
49765725,-77.08499600000002,38.95105459999999,11001001004,2689.9
49765730,-76.982211,38.895466000000006,11001007901,10937.8
49765735,-76.9807682,38.8954706,11001007901,10937.8
49765793,-77.0457948,38.9427839,11001002600,1190.1
49765797,-77.0747245,38.929748599999996,11001000704,7234.1
49765816,-76.9807616,38.92238,11001009102,2396.3
49765824,-76.980758,38.923442,11001009102,2396.3
49765827,-76.9807543,38.9245022,11001009102,2396.3
49765828,-76.9807506,38.92558400000003,11001009102,2396.3
49765834,-76.9807464,38.92680110000001,11001009102,2396.3
49765835,-76.9807221,38.9270192,11001009301,3055.1
49765839,-76.9807802,38.9280948,11001009301,3055.1
49765842,-76.9807888,38.92819589999999,11001009301,3055.1
49765851,-76.980943,38.93006960000001,11001009301,3055.1
49765855,-76.9810222,38.931058699999994,11001009301,3055.1
49765859,-76.9811,38.93204499999999,11001009301,3055.1
49765866,-76.981176,38.933033099999996,11001009301,3055.1
49765867,-76.9812529,38.93401529999999,11001009301,3055.1
49765868,-76.9813281,38.935002399999995,11001009301,3055.1
49765870,-76.981386,38.935679000000015,11001009503,2415.2
49765876,-76.9816848,38.9442373,11001009503,2415.2
49765880,-76.981678,38.94616600000001,11001009503,2415.2
49765884,-76.97707,38.915829999999985,11001008804,3005.2
49765918,-76.980761,38.889805400000014,11001006801,9279.8
49765922,-76.9807649,38.890925200000005,11001008002,5676.3
49765949,-76.98078010000002,38.89611250000001,11001007901,10937.8
49765968,-76.98076200000001,38.896667000000015,11001007901,10937.8
49765974,-76.980106,38.89674900000001,11001007901,10937.8
49765986,-76.979937,38.89718500000001,11001007901,10937.8
49765988,-76.97980400000002,38.897644,11001007901,10937.8
49765989,-76.97967,38.89811199999999,11001007901,10937.8
49765992,-76.979494,38.898723,11001007901,10937.8
49765997,-76.9792672,38.899477299999994,11001007901,10937.8
49766002,-76.979068,38.900211,11001008904,8515.5
49766009,-76.9789927,38.9008311,11001008904,8515.5
49766018,-76.978994,38.90194509999999,11001008903,12001.8
49766019,-76.978993,38.90250600000001,11001008903,12001.8
49766022,-76.978991,38.90372129999999,11001008903,12001.8
49766026,-76.97899,38.90437099999998,11001008903,12001.8
49766029,-76.978989,38.90496999999999,11001008903,12001.8
49766030,-76.978988,38.905629,11001008903,12001.8
49766054,-76.9585712,38.91385889999999,11001011100,819.3
49766077,-76.960777,38.914161999999976,11001011100,819.3
49766132,-76.964883,38.91288999999999,11001011100,819.3
49766151,-77.04422900000002,38.93806599999999,11001002600,1190.1
49766187,-77.043933,38.938885,11001002600,1190.1
49766213,-77.043611,38.939758999999995,11001002600,1190.1
49766215,-77.043616,38.94082000000001,11001002600,1190.1
49766265,-77.04127,38.94480099999999,11001002600,1190.1
49766267,-77.040948,38.945074,11001002600,1190.1
49766292,-76.9327129,38.8997313,11001007804,4831.5
49766324,-76.93271140000002,38.90466359999999,11001007806,3516.7
49766330,-76.932711,38.90607169999999,11001007806,3516.7
49766337,-76.934069,38.8948984,11001007804,4831.5
49766356,-76.933891,38.891889299999995,11001007804,4831.5
49766358,-77.015067,38.96728689999998,11001001902,2521.5
49766364,-77.015072,38.96863089999999,11001001902,2521.5
49766365,-77.01490000000001,38.9613139,11001001902,2521.5
49766369,-77.01490000000001,38.962697799999994,11001001902,2521.5
49766620,-77.0086111,38.94737899999999,11001009510,5690.3
49766633,-77.008864,38.950498999999986,11001009510,5690.3
49766638,-77.008905,38.95104,11001009510,5690.3
49766643,-77.009007,38.952407,11001009510,5690.3
49766668,-77.0090467,38.955699000000024,11001009505,4265.8
49766672,-77.0090474,38.956587000000006,11001002102,6947.2
49766674,-77.0090483,38.95765999999998,11001009505,4265.8
49766682,-77.0090493,38.958728999999984,11001002102,6947.2
49766687,-77.00905,38.959445999999986,11001009505,4265.8
49766695,-77.05747,38.96311100000001,11001001402,3896.7
49766721,-77.01700410000001,38.91328339999999,11001004600,6991.7
49766729,-77.0090616,38.829896899999994,11001009807,3203.8
49766755,-77.0101593,38.8295588,11001009807,3203.8
49766761,-77.0122186,38.8295652,11001009807,3203.8
49766814,-76.979805,38.864904799999984,11001007504,3684.5
49766816,-76.9801149,38.86386859999998,11001007504,3684.5
49766931,-76.993744,38.928436999999995,11001009301,3055.1
49766937,-76.9924521,38.9285027,11001009301,3055.1
49766941,-76.99068260000001,38.928594800000006,11001009301,3055.1
49766950,-76.9883685,38.9287104,11001009301,3055.1
49766981,-76.9823997,38.929013999999995,11001009301,3055.1
49767010,-76.979285,38.92895099999999,11001009400,3137.6
49767025,-76.9762191,38.928983999999964,11001011100,819.3
49767032,-76.972148,38.92916000000001,11001011100,819.3
49767034,-76.9711535,38.9291647,11001011100,819.3
49767035,-76.9701447,38.9291695,11001011100,819.3
49767041,-76.9693601,38.929173199999994,11001011100,819.3
49767044,-76.996176,38.928412,11001009201,4856.1
49767048,-76.9949391,38.92841599999998,11001009201,4856.1
49767076,-77.0474213,38.89563850000002,11001980000,1.5
49767123,-77.0394729,38.89434409999998,11001010800,7151.8
49767131,-77.0417278,38.8943484,11001010800,7151.8
49767189,-77.0199135,38.894801699999995,11001005801,7641.9
49767194,-77.0229628,38.8948021,11001005802,2837.0
49767196,-77.0239708,38.89480340000001,11001005802,2837.0
49767269,-76.989559,38.903638000000015,11001008802,9828.6
49767277,-76.98892,38.904559000000006,11001008802,9828.6
49767288,-76.988278,38.905478300000006,11001008802,9828.6
49767293,-76.9875587,38.906514800000004,11001008802,9828.6
49767295,-76.987167,38.90706300000001,11001008802,9828.6
49767315,-76.986285,38.90832799999998,11001008804,3005.2
49767317,-76.9858387,38.90896539999999,11001008804,3005.2
49767321,-76.985376,38.909631999999995,11001008804,3005.2
49767325,-76.98498,38.91021869999998,11001008804,3005.2
49767354,-76.989255,38.8564746,11001007406,7783.6
49767368,-76.987199,38.857299999999995,11001007406,7783.6
49767372,-76.990901,38.861242000000004,11001007407,5597.7
49767384,-76.9961752,38.890945499999994,11001008200,8289.3
49767391,-76.99618080000002,38.8922285,11001008302,11005.6
49767417,-76.996169,38.896117,11001008302,11005.6
49767420,-76.996168,38.896721,11001008302,11005.6
49767423,-76.99617,38.897333,11001008302,11005.6
49767426,-76.996169,38.898134,11001008302,11005.6
49767439,-76.996167,38.90132799999999,11001010602,13400.1
49767441,-76.9961653,38.90251979999999,11001010602,13400.1
49767443,-76.996165,38.903729,11001010602,13400.1
49767448,-76.996163,38.90439700000001,11001010602,13400.1
49767450,-76.996164,38.90496799999998,11001010602,13400.1
49767451,-76.9961241,38.905284399999985,11001010602,13400.1
49767457,-76.994472,38.95308400000001,11001009508,4063.9
49767479,-76.995994,38.95439799999998,11001009508,4063.9
49767498,-76.996174,38.92650499999999,11001009201,4856.1
49767506,-76.9961736,38.9274283,11001009201,4856.1
49767512,-76.996176,38.929409,11001009201,4856.1
49767514,-76.996177,38.93040100000001,11001009201,4856.1
49767516,-76.9961785,38.9313829,11001009201,4856.1
49767517,-76.9961731,38.9323715,11001009201,4856.1
49767523,-76.9961747,38.889812600000006,11001006600,7540.5
49767547,-76.996982,38.944460999999976,11001009504,2939.8
49767574,-76.99705000000002,38.9462716,11001009504,2939.8
49767589,-76.997047,38.948828000000006,11001009509,5046.4
49767623,-76.995289,38.939305,11001009504,2939.8
49767652,-76.9822267,38.87131739999999,11001007601,3937.9
49767662,-76.980786,38.87203800000002,11001007601,3937.9
49767667,-76.978734,38.87307000000001,11001007601,3937.9
49767707,-76.976361,38.873985999999995,11001007601,3937.9
49767731,-76.975094,38.874241999999995,11001007601,3937.9
49767789,-76.9707781,38.8749346,11001007709,2756.0
49767848,-76.968288,38.876226,11001007709,2756.0
49767856,-76.967679,38.87678700000001,11001007709,2756.0
49767876,-76.9670653,38.87736570000001,11001007709,2756.0
49767894,-76.96638,38.877969,11001007709,2756.0
49767908,-76.965482,38.878939,11001007709,2756.0
49767949,-77.015562,38.945373,11001002301,7776.5
49767970,-77.0193493,38.9452643,11001002301,7776.5
49767978,-77.0205689,38.94522729999999,11001002400,6713.4
49767991,-77.0217784,38.945190999999994,11001002400,6713.4
49768000,-77.0234979,38.94515009999999,11001002400,6713.4
49768011,-77.0252186,38.94508609999999,11001002400,6713.4
49768018,-77.026337,38.945060000000005,11001002400,6713.4
49768029,-77.0284635,38.945062699999994,11001002501,5263.1
49768036,-77.029703,38.945061999999986,11001002501,5263.1
49768048,-77.0317,38.94506100000002,11001002501,5263.1
49768061,-77.0363729,38.945061999999986,11001002501,5263.1
49768071,-77.03881400000002,38.945068,11001002600,1190.1
49768080,-77.041267,38.945075,11001002600,1190.1
49768085,-77.0429044,38.9451409,11001002600,1190.1
49768086,-77.062684,38.93856,11001000600,3028.9
49768161,-77.0192557,38.936586700000014,11001003200,9225.6
49768166,-77.021268,38.936331,11001003200,9225.6
49768181,-77.0242032,38.93576160000003,11001003200,9225.6
49768186,-77.027196,38.936982999999984,11001002503,9959.7
49768203,-77.02971,38.936836,11001002503,9959.7
49768213,-77.0997,38.949867000000005,11001001003,2947.0
49768215,-77.098838,38.950542,11001001003,2947.0
49768246,-77.090522,38.95703800000001,11001001004,2689.9
49768248,-77.0888791,38.95833230000001,11001001004,2689.9
49768258,-77.0875781,38.959348399999975,11001001004,2689.9
49768301,-77.0742385,38.96976360000001,11001001401,4218.2
49768307,-77.0712535,38.972097699999985,11001001500,1189.4
49768309,-77.0703964,38.97276329999999,11001001500,1189.4
49768314,-77.0695848,38.973396700000016,11001001500,1189.4
49768325,-77.0660139,38.97618299999999,11001001500,1189.4
49768328,-77.0651245,38.976876999999995,11001001500,1189.4
49768334,-77.0621368,38.9792082,11001001500,1189.4
49768340,-77.0597343,38.98110570000001,11001001500,1189.4
49768341,-77.0584995,38.9820612,11001001500,1189.4
49768346,-77.0565958,38.983551899999995,11001001500,1189.4
49768357,-77.0550327,38.984766199999996,11001001500,1189.4
49768368,-76.9948893,38.829192299999995,11001009811,9038.1
49768388,-76.99275,38.83090900000001,11001009700,7952.0
49768392,-76.9909141,38.832345899999986,11001009700,7952.0
49768403,-76.9873407,38.912890199999985,11001008803,3829.0
49768408,-76.9869725,38.91302289999998,11001008803,3829.0
49768409,-76.9860793,38.91334820000001,11001008803,3829.0
49768412,-76.9851876,38.913672999999996,11001008803,3829.0
49768414,-76.9842923,38.91399899999999,11001008803,3829.0
49768415,-77.050621,38.917014299999984,11001004100,2968.9
49768419,-77.0526052,38.917014099999996,11001004100,2968.9
49768435,-77.0550031,38.9170635,11001004100,2968.9
49768440,-77.0416478,38.91874329999999,11001003801,10167.0
49768453,-77.0446402,38.91870769999999,11001004002,16899.8
49768464,-77.0451863,38.91841740000002,11001004002,16899.8
49768478,-77.045712,38.91821629999998,11001004001,14523.2
49768495,-77.0492903,38.9171071,11001004100,2968.9
49768506,-77.05061970000001,38.916710399999985,11001004100,2968.9
49768510,-76.963704,38.920417,11001011100,819.3
49768565,-76.96477900000001,38.877538000000015,11001007709,2756.0
49768588,-76.963517,38.87706399999999,11001009901,1002.4
49768632,-76.961205,38.875970999999986,11001009901,1002.4
49768662,-76.998052,38.858225,11001007401,1034.1
49768670,-76.9915211,38.89037019999998,11001008002,5676.3
49768681,-76.9915348,38.892811499999986,11001008100,10966.3
49768691,-76.991532,38.89611809999999,11001008100,10966.3
49768693,-76.9915197,38.8968398,11001008402,9326.9
49768698,-76.991527,38.897330999999994,11001008402,9326.9
49768706,-76.991526,38.900200999999996,11001008402,9326.9
49768708,-76.991527,38.901320000000005,11001008410,9721.9
49768710,-76.991527,38.90251200000001,11001008410,9721.9
49768712,-76.9915193,38.90332479999999,11001008802,9828.6
49768713,-76.991562,38.953622999999986,11001009508,4063.9
49768722,-76.991558,38.954526,11001009508,4063.9
49768739,-76.991668,38.95547799999999,11001009508,4063.9
49768750,-76.9916858,38.9502713,11001009509,5046.4
49768756,-76.9916877,38.9524014,11001009509,5046.4
49768763,-76.956523,38.857505,11001007603,3490.4
49768775,-77.039305,38.939754,11001002600,1190.1
49768838,-77.04096,38.939754,11001002600,1190.1
49768887,-76.9992242,38.8618046,11001007401,1034.1
49768899,-76.988673,38.91355199999999,11001008803,3829.0
49768925,-76.991889,38.84103300000002,11001007304,3529.8
49768986,-76.9915356,38.83917,11001007304,3529.8
49769028,-76.974204,38.84601399999999,11001007409,8248.9
49769043,-76.97422300000001,38.84541699999999,11001007409,8248.9
49769075,-76.9738688,38.84391509999999,11001007409,8248.9
49769081,-76.975218,38.851642999999996,11001007404,5208.7
49769126,-76.967946,38.85131100000001,11001007408,11076.8
49769136,-76.976257,38.851642999999996,11001007404,5208.7
49769159,-76.9844042,38.844915199999996,11001007304,3529.8
49769165,-76.983314,38.84517199999999,11001007304,3529.8
49769171,-77.034071,38.923490999999984,11001003701,12700.9
49769178,-77.0364827,38.92325919999999,11001003702,23552.5
49769180,-77.0377664,38.92320809999999,11001003802,17411.3
49769182,-77.0389963,38.92316459999999,11001003802,17411.3
49769186,-77.0402254,38.923121100000024,11001003802,17411.3
49769187,-77.0413851,38.9230801,11001003802,17411.3
49769193,-77.0225246,38.9241857,11001003400,3776.1
49769201,-77.0244835,38.92400409999999,11001003500,11775.4
49769205,-77.0255022,38.923911199999985,11001003500,11775.4
49769209,-77.027038,38.92376700000002,11001003500,11775.4
49769213,-77.028038,38.92376299999999,11001003600,14725.8
49769215,-77.029711,38.92376500000001,11001003600,14725.8
49769223,-77.008427,38.95167199999999,11001009510,5690.3
49769241,-77.0106518,38.87753870000001,11001010500,5126.6
49769243,-77.0135993,38.87749690000001,11001010500,5126.6
49769313,-76.946639,38.89402199999999,11001009603,6946.7
49769356,-76.9426096,38.8929349,11001009603,6946.7
49769366,-76.9402035,38.891958700000025,11001009603,6946.7
49769383,-76.939206,38.89152700000001,11001009603,6946.7
49769407,-76.938076,38.890638,11001009603,6946.7
49769434,-76.9602946,38.89699319999998,11001009604,3359.8
49769464,-76.9754685,38.89880610000001,11001007903,7498.4
49769485,-76.9721526,38.89821429999999,11001007903,7498.4
49769494,-76.9712326,38.8980614,11001007903,7498.4
49769500,-76.9703904,38.897911700000016,11001007903,7498.4
49769515,-76.9694892,38.89776970000002,11001007903,7498.4
49769580,-76.9814639,38.8998692,11001007901,10937.8
49769594,-76.9775071,38.89916420000001,11001007901,10937.8
49769610,-77.014571,38.917637,11001003301,7973.8
49769616,-77.015958,38.91750600000002,11001003400,3776.1
49769630,-77.018782,38.91723100000001,11001003400,3776.1
49769650,-77.0106543,38.89396159999999,11001980000,1.5
49769661,-77.0121663,38.8928656,11001980000,1.5
49769686,-77.042485,38.992388999999996,11001001600,1895.6
49769688,-77.043692,38.992868000000016,11001001600,1895.6
49769703,-76.986508,38.89733300000002,11001008001,9474.4
49769804,-77.0671719,38.9244298,11001000400,1112.8
49769885,-77.0419839,38.9865253,11001001600,1895.6
49769913,-77.0425003,38.9878298,11001001600,1895.6
49769917,-77.042654,38.98811599999999,11001001600,1895.6
49769941,-77.04354,38.990117,11001001600,1895.6
49770054,-77.04190830000002,38.994505,11001001600,1895.6
49770161,-77.0071178,38.9175463,11001009203,5714.0
49770175,-77.0035116,38.918792100000005,11001009203,5714.0
49770176,-77.00203100000002,38.91929400000001,11001009203,5714.0
49770179,-76.9995285,38.92018409999999,11001009204,10984.5
49770203,-76.9901565,38.9230894,11001009102,2396.3
49770204,-76.9898922,38.923166899999984,11001009102,2396.3
49770214,-76.9880728,38.923718,11001009102,2396.3
49770245,-76.9831026,38.9256734,11001009102,2396.3
49770252,-76.9819721,38.926214699999996,11001009102,2396.3
49770273,-76.9790619,38.92761689999998,11001011100,819.3
49770275,-76.9787401,38.92775879999999,11001011100,819.3
49770282,-76.9784236,38.92790899999998,11001011100,819.3
49770290,-76.9780587,38.92817079999999,11001011100,819.3
49770315,-76.9740781,38.9300179,11001011100,819.3
49770323,-76.9736348,38.930225499999985,11001011100,819.3
49770338,-76.9715988,38.9313129,11001009400,3137.6
49770342,-76.9712547,38.93138369999999,11001011100,819.3
49770348,-76.9708485,38.93168749999998,11001009400,3137.6
49770361,-76.9679876,38.93295599999998,11001011100,819.3
49770409,-76.9585953,38.9300825,11001009000,2522.4
49770414,-76.95777,38.92933200000001,11001009000,2522.4
49770423,-76.998077,38.90864700000001,11001008803,3829.0
49770481,-76.976101,38.865435999999995,11001007605,8359.2
49770517,-76.961304,38.876786,11001009901,1002.4
49770521,-77.037801,38.981004000000006,11001001600,1895.6
49770569,-77.0383034,38.9824323,11001001600,1895.6
49770576,-77.038322,38.983203999999986,11001001600,1895.6
49770578,-77.0384313,38.983327599999996,11001001600,1895.6
49770614,-77.038812,38.920097999999996,11001003801,10167.0
49770627,-77.0388863,38.92135339999999,11001003801,10167.0
49770633,-77.039082,38.924671000000004,11001003802,17411.3
49770639,-77.0391742,38.924946899999995,11001003901,22609.1
49770640,-77.038522,38.90133269999999,11001010700,1848.6
49770646,-77.0385188,38.902530799999994,11001010700,1848.6
49770651,-77.0385125,38.90476429999999,11001010700,1848.6
49770656,-77.0385045,38.90656469999999,11001010700,1848.6
49770657,-77.0384977,38.90724830000002,11001010700,1848.6
49770661,-77.038491,38.907931899999994,11001005303,14832.3
49770666,-77.0384833,38.908702199999986,11001005303,14832.3
49770670,-77.0384891,38.90965159999998,11001005303,14832.3
49770672,-77.0385233,38.91038920000002,11001005303,14832.3
49770676,-77.0385218,38.91113949999999,11001005302,21654.1
49770680,-77.0385216,38.9118793,11001005302,21654.1
49770684,-77.038494,38.91261000000001,11001005302,21654.1
49770689,-77.0384854,38.9133551,11001005302,21654.1
49770691,-77.0384858,38.9140973,11001005302,21654.1
49770703,-77.0384726,38.91559039999999,11001004201,15764.6
49770708,-77.03848970000001,38.916292099999986,11001004201,15764.6
49770715,-77.0384834,38.917013299999994,11001004201,15764.6
49770719,-77.0384825,38.917568700000004,11001004201,15764.6
49770724,-77.0384787,38.918112399999984,11001004201,15764.6
49770727,-77.0384808,38.918530099999984,11001003801,10167.0
49770755,-77.0394673,38.896416399999985,11001010800,7151.8
49770764,-77.0394649,38.89736109999999,11001980000,1.5
49770782,-77.0394543,38.90022270000001,11001010700,1848.6
49770789,-77.0394467,38.901334000000006,11001010700,1848.6
49770799,-77.039386,38.90253,11001010700,1848.6
49770801,-77.038869,38.92879899999999,11001002702,11473.8
49770805,-77.03885300000002,38.929688000000006,11001002702,11473.8
49770809,-77.038852,38.930572999999995,11001002702,11473.8
49770824,-77.0388047,38.93350909999997,11001002703,14110.8
49770833,-77.038818,38.93418499999998,11001002703,14110.8
49770899,-77.0386248,38.93722,11001002600,1190.1
49770920,-77.038288,38.94081119999999,11001002600,1190.1
49770938,-77.038819,38.944005400000016,11001002600,1190.1
49770946,-77.038812,38.946131999999984,11001002600,1190.1
49770968,-77.0388491,38.94857989999999,11001002600,1190.1
49770978,-77.03944,38.949017,11001002600,1190.1
49770980,-77.0400312,38.94945609999999,11001002600,1190.1
49771006,-77.033974,38.92261799999999,11001003701,12700.9
49771023,-77.095728,38.943163000000006,11001000903,3449.3
49771030,-77.0957298,38.944263199999995,11001000903,3449.3
49771040,-77.0966196,38.9175119,11001000804,1291.7
49771050,-77.095999,38.918107799999994,11001000804,1291.7
49771074,-76.9651072,38.92344750000001,11001011100,819.3
49771077,-76.9650978,38.9245653,11001011100,819.3
49771080,-76.9613195,38.924205799999996,11001009000,2522.4
49771082,-76.9612935,38.924793300000005,11001009000,2522.4
49771085,-76.9667536,38.934097599999994,11001009400,3137.6
49771098,-76.9665964,38.935076300000006,11001009400,3137.6
49771109,-76.9664001,38.920528600000004,11001011100,819.3
49771118,-76.9660154,38.935075799999986,11001009400,3137.6
49771123,-76.965886,38.936165,11001009400,3137.6
49771127,-76.932507,38.887709000000015,11001009904,8522.7
49771143,-76.930209,38.88734099999999,11001009904,8522.7
49771172,-76.925704,38.88673300000001,11001009905,7374.0
49771194,-76.923972,38.886649999999996,11001009905,7374.0
49771201,-76.936881,38.88823299999999,11001009906,6392.1
49771208,-77.0405939,38.91756920000001,11001003801,10167.0
49771227,-77.074592,38.957021,11001001100,2689.0
49771231,-77.077141,38.957021999999995,11001001100,2689.0
49771239,-77.082023,38.95702299999999,11001001100,2689.0
49771244,-77.083817,38.95702399999999,11001001004,2689.9
49771250,-77.088631,38.957038699999984,11001001004,2689.9
49771257,-77.063772,38.956864999999986,11001001301,1375.9
49771275,-77.0628807,38.9569785,11001001301,1375.9
49771282,-77.074594,38.956260999999984,11001001100,2689.0
49771286,-77.077143,38.956259,11001001100,2689.0
49771291,-77.008108,38.91407800000001,11001008701,6841.9
49771319,-76.972165,38.914075,11001011100,819.3
49771349,-77.0035011,38.91407559999998,11001008702,7239.5
49771354,-77.002036,38.914080999999996,11001008702,7239.5
49771404,-77.0091716,38.96497480000001,11001001702,3606.2
49771433,-77.0090521,38.966425500000014,11001001702,3606.2
49771437,-77.0090531,38.96734849999997,11001001702,3606.2
49771441,-77.00904780000002,38.96822419999997,11001009505,4265.8
49771442,-77.00904860000001,38.9691012,11001001702,3606.2
49771451,-77.0090392,38.96997980000001,11001001702,3606.2
49771453,-77.0084621,38.97039299999997,11001009505,4265.8
49771469,-77.0090627,38.896154200000005,11001005900,3743.4
49771475,-77.0090705,38.89733579999999,11001005900,3743.4
49771477,-77.0090957,38.8975315,11001004702,10650.0
49771663,-76.9875222,38.911077200000015,11001008803,3829.0
49771668,-76.987216,38.9109794,11001008803,3829.0
49771689,-76.990235,38.9124074,11001008803,3829.0
49771748,-76.9862644,38.910665299999984,11001008803,3829.0
49771796,-76.9816997,38.90877769999998,11001008804,3005.2
49771800,-76.980297,38.90803520000003,11001008804,3005.2
49772078,-76.9762505,38.853765,11001007404,5208.7
49772296,-76.9855027,38.8886802,11001006700,9175.4
49772313,-76.9855023,38.8876009,11001006700,9175.4
49772315,-76.9855018,38.88670489999999,11001006900,7310.4
49772320,-76.9855035,38.88536259999999,11001006900,7310.4
49772340,-76.9855017,38.8828468,11001006900,7310.4
49772349,-76.9855062,38.881271700000006,11001006900,7310.4
49772362,-76.9855074,38.88006560000001,11001007100,4634.0
49772369,-76.985123,38.869331,11001007601,3937.9
49772372,-76.985125,38.86823150000001,11001007601,3937.9
49772380,-76.98512,38.867585,11001007601,3937.9
49772394,-76.9854589,38.865924199999995,11001007503,4736.7
49772408,-76.986331,38.86269,11001007503,4736.7
49772427,-76.964231,38.93212599999999,11001011100,819.3
49772434,-76.963959,38.932871999999975,11001011100,819.3
49772443,-76.963972,38.9340979,11001011100,819.3
49772531,-77.0180474,38.92962299999999,11001002302,762.9
49772535,-77.0195978,38.92937249999999,11001003200,9225.6
49772551,-77.023229,38.929041,11001003200,9225.6
49772565,-77.0262745,38.9288178,11001003100,11890.5
49772573,-77.02751,38.928705,11001003100,11890.5
49772589,-77.029708,38.92863500000001,11001003000,16784.0
49772615,-77.034638,38.92868400000002,11001002802,21556.7
49772627,-77.0364689,38.928687,11001002802,21556.7
49772633,-77.037351,38.928732999999994,11001002702,11473.8
49772649,-77.041306,38.92881599999997,11001002702,11473.8
49772653,-77.042158,38.928816999999995,11001002702,11473.8
49772703,-77.0219081,38.94787939999999,11001002201,7799.9
49772708,-77.0219676,38.9491361,11001002201,7799.9
49772729,-77.0221038,38.952011999999996,11001002201,7799.9
49772739,-77.0222091,38.9542355,11001002101,9894.6
49772744,-77.0222598,38.95530649999999,11001002101,9894.6
49772747,-77.0223104,38.95637589999999,11001002101,9894.6
49772753,-77.0223612,38.95744729999999,11001002101,9894.6
49772763,-77.0224118,38.95851710000001,11001002101,9894.6
49772772,-77.0224419,38.95915310000001,11001002101,9894.6
49772790,-77.022446,38.960158699999994,11001001901,5955.3
49772796,-77.022447,38.9613132,11001001901,5955.3
49772805,-77.022447,38.9627005,11001001901,5955.3
49772807,-77.022446,38.963238,11001001901,5955.3
49772811,-77.022448,38.9637768,11001001901,5955.3
49772815,-77.022446,38.964364,11001001901,5955.3
49772820,-77.0224468,38.96495420000002,11001001901,5955.3
49772822,-77.022447,38.965543000000004,11001001901,5955.3
49772825,-77.022448,38.9661391,11001001901,5955.3
49772829,-77.022446,38.96670929999999,11001001901,5955.3
49772831,-77.022445,38.967286,11001001901,5955.3
49772839,-77.022446,38.968634999999985,11001001901,5955.3
49772847,-77.02245,38.9699298,11001001901,5955.3
49772857,-77.022944,38.97581000000001,11001010300,4005.6
49772861,-77.022942,38.977287000000004,11001010300,4005.6
49772863,-77.022943,38.97830299999999,11001010300,4005.6
49772864,-77.021372,38.93702699999999,11001003200,9225.6
49772870,-77.021409,38.9376975,11001002400,6713.4
49772874,-77.021464,38.93876800000001,11001002400,6713.4
49772891,-77.0215697,38.940909,11001002400,6713.4
49772902,-77.021725,38.94412100000001,11001002400,6713.4
49772909,-77.0218306,38.946261,11001002400,6713.4
49772913,-77.0218558,38.94677910000001,11001002201,7799.9
49772964,-77.0219178,38.896137100000004,11001005801,7641.9
49772987,-77.0219128,38.8998189,11001005801,7641.9
49773008,-77.02191360000002,38.902530899999995,11001004703,27395.0
49773012,-77.0219151,38.90295749999999,11001004802,10299.1
49773027,-77.0219174,38.90723799999999,11001004802,10299.1
49773031,-77.0219171,38.90857100000001,11001004902,12760.9
49773036,-77.02191680000001,38.90963880000001,11001004801,8673.1
49773040,-77.0219188,38.91113889999999,11001004801,8673.1
49773046,-77.0219209,38.91240349999998,11001004901,12437.4
49773049,-77.0219206,38.91260380000002,11001004901,12437.4
49773055,-77.0219211,38.91409449999999,11001004901,12437.4
49773062,-77.0219208,38.91558469999998,11001004801,8673.1
49773070,-77.0219109,38.91627799999999,11001003500,11775.4
49773077,-77.023506,38.9793943,11001010300,4005.6
49773089,-77.023507,38.981536999999996,11001010300,4005.6
49773093,-76.996662,38.84007700000001,11001009804,5044.7
49773104,-76.996064,38.84027899999999,11001009804,5044.7
49773151,-76.996041,38.841222000000016,11001009804,5044.7
49773157,-76.9947989,38.9374123,11001009504,2939.8
49773205,-76.993592,38.93707799999999,11001009504,2939.8
49773369,-76.946583,38.898381,11001007803,5016.5
49773386,-76.9426012,38.89837270000001,11001007803,5016.5
49773398,-76.9391901,38.89837000000001,11001007803,5016.5
49773437,-76.9306737,38.89837630000001,11001007804,4831.5
49773454,-76.9514287,38.901376,11001009602,4023.6
49773461,-76.9508809,38.90095399999999,11001009602,4023.6
49773469,-76.950299,38.900492,11001009602,4023.6
49773477,-76.927467,38.9046645,11001007806,3516.7
49773484,-76.927469,38.90606830000001,11001007806,3516.7
49773485,-77.03915,38.92718000000001,11001003901,22609.1
49773519,-77.041051,38.925192,11001003901,22609.1
49773526,-77.0270391,38.896136499999976,11001005802,2837.0
49773532,-77.0270379,38.899821,11001005802,2837.0
49773535,-77.02703240000001,38.9011722,11001010100,4591.0
49773537,-77.0270365,38.90135370000001,11001010100,4591.0
49773539,-77.0270334,38.90252709999999,11001010100,4591.0
49773543,-77.0270399,38.9037469,11001010100,4591.0
49773544,-77.0270393,38.903957600000005,11001004902,12760.9
49773557,-77.0270388,38.90858289999999,11001005004,25869.4
49773558,-77.0270416,38.90964630000001,11001005004,25869.4
49773560,-77.0270428,38.91062119999999,11001005001,10271.4
49773577,-77.0270397,38.91558720000001,11001004402,9111.1
49773581,-77.0270396,38.917006599999986,11001004402,9111.1
49773590,-77.0270373,38.918114100000004,11001004401,13723.8
49773595,-77.0270362,38.919197399999995,11001004401,13723.8
49773597,-77.0270388,38.9207729,11001003600,14725.8
49773599,-77.027036,38.922428,11001003500,11775.4
49773609,-77.027039,38.924765,11001003500,11775.4
49773611,-77.02704,38.92575499999999,11001003500,11775.4
49773622,-77.027046,38.926748999999994,11001003500,11775.4
49773628,-77.0272737,38.9277331,11001003100,11890.5
49773639,-77.027744,38.929674999999996,11001003100,11890.5
49773647,-77.02826,38.93182100000001,11001003100,11890.5
49773653,-77.0284931,38.9327913,11001002900,15329.2
49773663,-77.0284965,38.93456929999999,11001002900,15329.2
49773669,-77.0284991,38.93596430000001,11001002900,15329.2
49773671,-77.000573,38.840393000000006,11001009804,5044.7
49773679,-76.999513,38.84039200000001,11001009804,5044.7
49773756,-77.000567,38.82920499999999,11001009811,9038.1
49773816,-77.00246500000002,38.83800300000001,11001009803,5408.0
49773840,-77.000759,38.83629100000001,11001009804,5044.7
49773891,-77.0005789,38.84293749999999,11001009804,5044.7
49773893,-77.002221,38.848619000000014,11001010400,1682.2
49773909,-77.00287,38.84799600000001,11001010400,1682.2
49773913,-77.003465,38.847398,11001010400,1682.2
49773915,-77.004085,38.846769,11001010400,1682.2
49773918,-77.0005699,38.88868670000001,11001006600,7540.5
49773921,-77.0005676,38.88760459999999,11001006600,7540.5
49773923,-77.0005681,38.88658629999999,11001006500,5005.4
49773925,-77.0005681,38.886044999999996,11001006500,5005.4
49773929,-77.0005701,38.885612800000004,11001006500,5005.4
49773931,-77.0005703,38.88427819999999,11001006500,5005.4
49773936,-77.0005716,38.88322879999999,11001006500,5005.4
49773938,-77.0005713,38.88270399999998,11001007000,5602.7
49773941,-77.0005686,38.881279600000006,11001007000,5602.7
49773943,-77.000571,38.88046880000001,11001007000,5602.7
49773967,-77.0720125,38.92362249999998,11001000400,1112.8
49773972,-77.072011,38.924698,11001000400,1112.8
49773979,-77.072008,38.92618149999998,11001000400,1112.8
49774070,-77.002041,38.900211,11001010602,13400.1
49774079,-76.9995063,38.900208699999986,11001008301,10123.6
49774081,-76.9984507,38.9002082,11001008301,10123.6
49774087,-76.994961,38.900203000000005,11001008402,9326.9
49774088,-76.993757,38.90020199999999,11001008402,9326.9
49774091,-76.992645,38.90020179999999,11001008402,9326.9
49774093,-76.99024,38.90020179999999,11001008402,9326.9
49774098,-76.988308,38.90020169999999,11001008402,9326.9
49774120,-77.0766478,38.96760989999997,11001001401,4218.2
49774161,-76.95723,38.87226299999999,11001009901,1002.4
49774218,-76.956561,38.870322,11001009901,1002.4
49774222,-76.9582746,38.8654872,11001007604,2729.6
49774240,-76.957567,38.8604884,11001007603,3490.4
49774243,-76.957576,38.85941820000001,11001007603,3490.4
49774272,-76.957498,38.87648959999999,11001009901,1002.4
49774284,-76.957541,38.875676,11001009901,1002.4
49774320,-76.957513,38.887589999999996,11001007708,2793.7
49774323,-76.957511,38.88679400000001,11001007708,2793.7
49774327,-76.957512,38.886011499999995,11001007708,2793.7
49774334,-76.95752,38.88521099999998,11001007708,2793.7
49774341,-76.957518,38.88442,11001007708,2793.7
49774356,-76.9792091,38.93965759999999,11001009400,3137.6
49774360,-76.9792077,38.94072739999999,11001009400,3137.6
49774362,-76.978104,38.92022899999996,11001011100,819.3
49774369,-76.977173,38.90562500000002,11001008903,12001.8
49774377,-76.977176,38.906654399999994,11001011100,819.3
49774382,-77.00391,38.96376840000001,11001009505,4265.8
49774387,-77.002764,38.963767999999995,11001009505,4265.8
49774400,-77.0000054,38.96378039999998,11001009505,4265.8
49774412,-77.0623816,38.911486,11001000102,1374.8
49774425,-77.0350983,38.90024249999999,11001010100,4591.0
49774426,-77.0161589,38.95836700000002,11001002102,6947.2
49774427,-77.0171,38.958369,11001002102,6947.2
49774447,-77.094339,38.941267999999994,11001000903,3449.3
49774451,-77.096765,38.941266000000006,11001000903,3449.3
49774480,-77.098931,38.94126,11001000904,1547.9
49774508,-77.100709,38.94066799999999,11001000904,1547.9
49774533,-77.1014342,38.93972600000002,11001000904,1547.9
49774556,-77.101831,38.938207000000006,11001000904,1547.9
49774561,-77.1022676,38.9376637,11001000904,1547.9
49774580,-77.0694703,38.94141679999997,11001000600,3028.9
49774596,-77.07076,38.941290999999985,11001000600,3028.9
49774628,-77.0524183,38.94046749999999,11001001304,5698.4
49774649,-77.0541202,38.9408704,11001001303,3953.0
49774651,-77.05494810000002,38.94071340000001,11001001303,3953.0
49774685,-77.0577051,38.941013500000004,11001001303,3953.0
49774687,-77.0586365,38.9410145,11001001303,3953.0
49774695,-77.0616741,38.941014299999985,11001001303,3953.0
49774702,-77.062817,38.9409269,11001001200,3864.4
49774723,-77.0641451,38.94057589999997,11001000600,3028.9
49774761,-77.0671305,38.94066799999999,11001001200,3864.4
49774774,-77.0171,38.9587361,11001002102,6947.2
49774784,-77.0171,38.960164,11001001902,2521.5
49774788,-77.017102,38.961313699999984,11001001902,2521.5
49774794,-77.0405191,38.90476230000003,11001010700,1848.6
49774799,-77.088083,38.94396200000001,11001001004,2689.9
49774800,-77.088635,38.943962999999975,11001001004,2689.9
49774809,-77.090611,38.943964,11001001003,2947.0
49774830,-77.086207,38.943965999999996,11001001004,2689.9
49774834,-76.9747921,38.92772899999999,11001011100,819.3
49774851,-77.00853500000001,38.91259199999999,11001008701,6841.9
49774857,-77.008318,38.91334600000001,11001008701,6841.9
49774859,-77.007895,38.91482499999999,11001008701,6841.9
49774864,-77.0076799,38.9155658,11001008701,6841.9
49774871,-77.00747,38.91628099999999,11001008701,6841.9
49774875,-77.007267,38.91699299999999,11001008701,6841.9
49774877,-77.007157,38.91739,11001008701,6841.9
49774881,-77.006948,38.918106499999986,11001009203,5714.0
49774928,-77.0038917,38.92237470000002,11001009203,5714.0
49774932,-77.0035481,38.92344630000001,11001009204,10984.5
49774952,-77.002444,38.92559399999998,11001009204,10984.5
49774966,-77.0526031,38.917959499999995,11001004100,2968.9
49775043,-77.052859,38.917959299999985,11001004100,2968.9
49775070,-77.0525462,38.97709509999999,11001001500,1189.4
49775167,-77.0569758,38.97876010000001,11001001500,1189.4
49775217,-77.100552,38.935622000000016,11001000903,3449.3
49775253,-77.103204,38.937129000000006,11001000904,1547.9
49775296,-77.103006,38.938302,11001000904,1547.9
49775299,-77.0999666,38.93568119999999,11001000903,3449.3
49775316,-77.0992157,38.93481860000002,11001000903,3449.3
49775344,-76.975447,38.85631399999999,11001007408,11076.8
49775348,-77.082655,38.91267699999999,11001000802,1329.8
49775360,-77.082888,38.913123000000006,11001000802,1329.8
49775405,-77.084709,38.914532,11001000802,1329.8
49775426,-77.0797601,38.921918000000005,11001000300,5428.2
49775440,-77.080794,38.921679,11001000300,5428.2
49775446,-77.082006,38.921524000000005,11001000300,5428.2
49775447,-77.074311,38.921861,11001000300,5428.2
49775459,-77.075224,38.921724999999995,11001000300,5428.2
49775461,-77.0760552,38.92172459999999,11001000300,5428.2
49775466,-77.0770524,38.92172500000001,11001000300,5428.2
49775470,-77.01710540000002,38.9118891,11001004801,8673.1
49775483,-77.0189371,38.9118725,11001004801,8673.1
49775489,-77.0369717,38.90723809999999,11001010700,1848.6
49775492,-77.0376706,38.9068586,11001010700,1848.6
49775504,-77.0410545,38.90568460000001,11001010700,1848.6
49775514,-77.0121538,38.915780899999994,11001003302,10949.2
49775530,-77.0142762,38.91505069999999,11001003302,10949.2
49775534,-77.0157395,38.9145531,11001003400,3776.1
49775536,-77.0168946,38.91414149999999,11001003400,3776.1
49775537,-77.0178019,38.9138249,11001004801,8673.1
49775539,-77.0189326,38.913441299999974,11001004801,8673.1
49775545,-77.0199005,38.913107600000025,11001004801,8673.1
49775557,-77.0229456,38.912047400000006,11001004901,12437.4
49775563,-77.0239682,38.9116926,11001004901,12437.4
49775569,-77.0259853,38.9109903,11001004901,12437.4
49775581,-77.0280937,38.91025559999999,11001005004,25869.4
49775608,-77.0354219,38.90763529999999,11001005202,12072.2
49775612,-76.997525,38.825547,11001009811,9038.1
49775621,-76.923964,38.89148999999997,11001007808,4346.3
49775627,-76.923397,38.893045999999984,11001007808,4346.3
49775629,-76.922762,38.894815,11001007808,4346.3
49775632,-77.060965,38.961015999999994,11001001402,3896.7
49775667,-77.0617347,38.9630715,11001001402,3896.7
49775680,-77.063109,38.964904,11001001401,4218.2
49775690,-77.062121,38.95506499999998,11001001301,1375.9
49775714,-76.9150393,38.892147,11001007808,4346.3
49775719,-76.9150301,38.89288339999998,11001007808,4346.3
49775726,-76.9150463,38.89447299999999,11001007808,4346.3
49775736,-76.9150432,38.89581499999999,11001007808,4346.3
49775764,-76.9157145,38.8909559,11001007808,4346.3
49775781,-76.997333,38.858935,11001007401,1034.1
49775807,-76.9956309,38.8581733,11001007401,1034.1
49775847,-76.99655,38.84621099999999,11001010400,1682.2
49775866,-77.063001,38.96760999999999,11001001500,1189.4
49775872,-77.063003,38.968297,11001001500,1189.4
49775877,-77.063005,38.96899209999999,11001001500,1189.4
49775884,-77.063225,38.97149199999999,11001001500,1189.4
49775898,-77.0614877,38.97283630000001,11001001500,1189.4
49775908,-77.0605759,38.9735499,11001001500,1189.4
49775937,-77.0628585,38.925500099999994,11001000400,1112.8
49775960,-77.0178953,38.91409149999999,11001004801,8673.1
49775965,-77.01893,38.91409519999998,11001004801,8673.1
49775968,-77.0199028,38.9140933,11001004801,8673.1
49775975,-77.0229455,38.91409689999999,11001004402,9111.1
49775980,-77.0239672,38.914095,11001004402,9111.1
49775986,-77.0259923,38.91409479999999,11001004402,9111.1
49775993,-77.0280902,38.9140987,11001005001,10271.4
49775998,-77.0296234,38.9141012,11001004402,9111.1
49776008,-77.0332533,38.91410090000001,11001004300,18536.3
49776015,-77.0365115,38.914102,11001004201,15764.6
49776031,-77.0416563,38.9141022,11001004201,15764.6
49776036,-77.0434284,38.91410019999999,11001004202,12585.1
49776047,-77.0459329,38.914095599999996,11001005502,9897.5
49776068,-77.012157,38.91408499999999,11001003302,10949.2
49776074,-77.014167,38.914084,11001003302,10949.2
49776082,-77.015774,38.91397199999998,11001003400,3776.1
49776112,-77.0672211,38.91472919999999,11001000202,3259.9
49776118,-77.0487903,38.91358749999999,11001004100,2968.9
49776128,-77.050622,38.91409989999999,11001004100,2968.9
49776137,-77.052603,38.914098499999994,11001004100,2968.9
49776145,-77.0533149,38.914099099999994,11001004100,2968.9
49776151,-77.0693269,38.9145712,11001000202,3259.9
49776158,-77.0711515,38.91453,11001000300,5428.2
49776167,-77.0727821,38.9144866,11001000300,5428.2
49776173,-77.0741946,38.9144489,11001000300,5428.2
49776178,-77.07561470000002,38.9144129,11001000300,5428.2
49776216,-76.9489059,38.8868833,11001007703,7008.9
49776219,-76.935916,38.88598099999999,11001009907,4495.5
49776228,-76.932943,38.885616999999996,11001009904,8522.7
49776234,-76.930651,38.88530499999999,11001009904,8522.7
49776244,-76.926146,38.884706,11001009905,7374.0
49776262,-76.923897,38.88440299999999,11001009905,7374.0
49776352,-76.946518,38.886354,11001007703,7008.9
49776370,-76.945036,38.886508,11001007703,7008.9
49776398,-76.93616,38.88654900000001,11001009907,4495.5
49776402,-76.9902407,38.885441700000015,11001006900,7310.4
49776408,-76.9883128,38.8853616,11001006900,7310.4
49776416,-76.9836619,38.8853616,11001006900,7310.4
49776420,-76.9822151,38.885360299999995,11001006802,8083.4
49776425,-76.9807586,38.8853587,11001006802,8083.4
49776426,-76.9793031,38.88536120000001,11001006802,8083.4
49776427,-76.9772509,38.88535860000002,11001006804,1061.0
49776452,-76.9984562,38.88604140000001,11001006600,7540.5
49776461,-76.9961774,38.8860395,11001006600,7540.5
49776463,-76.9949654,38.8860377,11001006700,9175.4
49776468,-76.993761,38.886039399999994,11001006700,9175.4
49776469,-76.9926492,38.8860429,11001006700,9175.4
49776471,-76.9915289,38.8860438,11001006700,9175.4
49776474,-76.9902433,38.886040599999994,11001006700,9175.4
49776487,-76.9883126,38.88596129999999,11001006900,7310.4
49776497,-76.9558007,38.88599939999999,11001007703,7008.9
49776570,-76.98953,38.94942599999998,11001009503,2415.2
49776606,-76.989277,38.942862,11001009504,2939.8
49776668,-77.0544153,38.9659086,11001001500,1189.4
49776679,-77.0541071,38.967348999999984,11001001500,1189.4
49776705,-77.0536891,38.96975279999999,11001001500,1189.4
49776728,-77.053219,38.972830999999985,11001001500,1189.4
49776736,-77.0529835,38.9742438,11001001500,1189.4
49776738,-77.0529664,38.97434949999999,11001001500,1189.4
49776761,-77.05232,38.978432999999995,11001001500,1189.4
49776772,-77.0521572,38.979649,11001001500,1189.4
49776780,-77.0522192,38.98054329999999,11001001500,1189.4
49776793,-77.0523694,38.9813589,11001001500,1189.4
49776883,-77.0715471,38.91873390000001,11001000300,5428.2
49776916,-77.0714365,38.92012809999998,11001000300,5428.2
49776919,-77.0192315,38.93586049999999,11001003200,9225.6
49776924,-77.0211595,38.93561579999999,11001003200,9225.6
49776928,-77.02413,38.93523299999999,11001003200,9225.6
49776943,-77.025893,38.935259200000004,11001002900,15329.2
49776952,-77.0066515,38.90977269999999,11001010601,8577.0
49776985,-77.0318681,38.88597800000001,11001010202,2108.3
49777010,-76.998021,38.824226,11001009811,9038.1
49777013,-76.99024,38.899553,11001008402,9326.9
49777019,-76.988305,38.899549999999984,11001008402,9326.9
49777022,-77.0687491,38.916962399999996,11001000202,3259.9
49777039,-77.0673149,38.91782820000001,11001000102,1374.8
49777047,-77.0680992,38.91864579999999,11001000400,1112.8
49777058,-76.987963,38.9428616,11001009503,2415.2
49777063,-76.98833620000002,38.94424959999999,11001009504,2939.8
49777077,-76.988895,38.946273900000016,11001009503,2415.2
49777099,-76.9895282,38.95027679999999,11001009503,2415.2
49777101,-76.989528,38.950955999999984,11001009503,2415.2
49777104,-76.989528,38.951634999999996,11001009503,2415.2
49777129,-76.989257,38.95240900000001,11001009503,2415.2
49777135,-76.988396,38.953238,11001009503,2415.2
49777167,-77.004788,38.91111599999999,11001008702,7239.5
49777169,-77.00458,38.911861,11001008702,7239.5
49777170,-77.0043812,38.912596099999995,11001008701,6841.9
49777174,-77.030867,38.93576769999999,11001002900,15329.2
49777245,-76.9970451,38.910175399999986,11001008803,3829.0
49777259,-76.9958156,38.90965439999999,11001008803,3829.0
49777277,-76.996283,38.85997600000001,11001007401,1034.1
49777288,-76.9952087,38.85930690000001,11001007401,1034.1
49777308,-76.991867,38.85843519999999,11001007406,7783.6
49777350,-77.0857425,38.93827339999999,11001001004,2689.9
49777356,-77.0858588,38.9382932,11001001004,2689.9
49777378,-77.08638320000001,38.93793279999999,11001000903,3449.3
49777393,-77.0862585,38.9376653,11001000903,3449.3
49777416,-77.0855517,38.9381709,11001000903,3449.3
49777425,-77.0854341,38.93788399999999,11001001002,3763.3
49777443,-77.0858855,38.93754409999998,11001000903,3449.3
49777448,-77.0860734,38.937571300000016,11001000903,3449.3
49777451,-77.102806,38.930278,11001000904,1547.9
49777458,-77.102818,38.93152499999999,11001000904,1547.9
49777460,-76.942605,38.89678210000002,11001007803,5016.5
49777470,-76.9391939,38.8967867,11001007803,5016.5
49777474,-76.9377526,38.8967887,11001007803,5016.5
49777503,-76.990452,38.86255,11001007407,5597.7
49777509,-76.991343,38.862063,11001007407,5597.7
49777511,-76.9687765,38.9286137,11001011100,819.3
49777521,-77.0175797,38.8763969,11001011002,1747.9
49777546,-77.0175564,38.888806800000005,11001980000,1.5
49777556,-77.0175568,38.88603999999998,11001010500,5126.6
49777560,-77.0175554,38.8850796,11001010500,5126.6
49777564,-77.0175615,38.883935199999996,11001010202,2108.3
49777566,-77.0175589,38.8832468,11001010500,5126.6
49777586,-77.0175567,38.87929289999998,11001010201,16847.2
49777601,-76.972981,38.91996,11001011100,819.3
49777625,-76.9998131,38.84509640000002,11001010400,1682.2
49777626,-76.9981976,38.8450963,11001010400,1682.2
49777628,-76.997389,38.845089,11001010400,1682.2
49777631,-76.99592,38.845089,11001010400,1682.2
49777636,-76.994704,38.845091999999994,11001010400,1682.2
49777650,-77.0151859,38.9002504,11001004702,10650.0
49777677,-77.04347,38.899582200000005,11001010800,7151.8
49777682,-77.0448946,38.899583699999994,11001010800,7151.8
49777696,-77.0488427,38.89957969999997,11001010800,7151.8
49777712,-77.0501283,38.89958429999998,11001010800,7151.8
49777724,-77.0514336,38.899580500000006,11001005602,14421.3
49777749,-77.0533108,38.89966549999999,11001005602,14421.3
49777792,-77.01893100000001,38.899816499999986,11001005900,3743.4
49777795,-77.0199114,38.89981830000001,11001005801,7641.9
49777815,-77.0281061,38.8998214,11001005802,2837.0
49777820,-77.0296245,38.89982,11001005802,2837.0
49777843,-77.0365997,38.9002331,11001010700,1848.6
49777853,-77.0417016,38.900223000000004,11001010700,1848.6
49777871,-77.00351,38.896117999999994,11001008301,10123.6
49777882,-77.002036,38.896121,11001008301,10123.6
49777889,-76.99951,38.89612120000001,11001008301,10123.6
49777892,-76.9984574,38.8961238,11001008301,10123.6
49777899,-76.994962,38.896117,11001008402,9326.9
49777908,-76.993753,38.89614120000001,11001008402,9326.9
49777919,-76.992643,38.89611899999998,11001008100,10966.3
49777932,-76.990244,38.8961171,11001008001,9474.4
49777944,-76.988309,38.8961156,11001008001,9474.4
49777955,-76.984996,38.896113,11001008001,9474.4
49777969,-76.982214,38.896117,11001007901,10937.8
49777981,-76.978989,38.896113,11001007901,10937.8
49777983,-76.97837500000001,38.89611099999998,11001007901,10937.8
49777990,-76.977257,38.896116000000006,11001007903,7498.4
49777993,-76.97622,38.896112999999986,11001007903,7498.4
49777997,-76.975113,38.89611099999998,11001007903,7498.4
49778002,-76.974601,38.896114000000004,11001007903,7498.4
49778012,-76.972752,38.89610999999999,11001007903,7498.4
49778050,-77.017011,38.921469999999985,11001003400,3776.1
49778066,-77.020878,38.92110900000001,11001003400,3776.1
49778073,-77.039629,38.98730099999999,11001001600,1895.6
49778174,-77.0128504,38.96378190000002,11001001902,2521.5
49778198,-77.0161638,38.96378020000001,11001001902,2521.5
49778213,-77.0199013,38.963778399999995,11001001901,5955.3
49778223,-77.023335,38.96377639999999,11001001901,5955.3
49778226,-77.024203,38.963775899999995,11001001901,5955.3
49778229,-77.0259637,38.96377499999997,11001001901,5955.3
49778238,-77.027804,38.963773999999994,11001001901,5955.3
49778245,-77.029737,38.963772999999996,11001001804,9021.2
49778253,-77.00509,38.917557,11001008701,6841.9
49778259,-77.0035045,38.917554800000005,11001008702,7239.5
49778262,-77.095549,38.94969200000001,11001001003,2947.0
49778270,-77.0955513,38.95104719999998,11001001003,2947.0
49778274,-77.0955526,38.95212169999999,11001001003,2947.0
49778278,-77.097951,38.92792100000001,11001000902,981.5
49778291,-77.100657,38.92566100000001,11001000902,981.5
49778302,-77.1013534,38.925028999999995,11001000902,981.5
49778315,-77.10235,38.92441999999999,11001000902,981.5
49778332,-76.997313,38.82609099999999,11001009811,9038.1
49778335,-77.070887,38.935544000000014,11001000600,3028.9
49778342,-77.0729032,38.93554089999999,11001001002,3763.3
49778356,-77.09556600000002,38.91917800000002,11001000804,1291.7
49778382,-77.095524,38.92274999999999,11001000804,1291.7
49778426,-76.9822595,38.901714299999995,11001008903,12001.8
49778437,-76.9816462,38.90266909999999,11001008903,12001.8
49778454,-76.9809887,38.9037453,11001008903,12001.8
49778456,-76.9808412,38.9039688,11001008903,12001.8
49778464,-76.9805501,38.90440939999998,11001008903,12001.8
49778480,-76.9801812,38.904986799999996,11001008903,12001.8
49778487,-76.9799542,38.905344799999995,11001008903,12001.8
49778492,-76.9797532,38.9056448,11001008903,12001.8
49778607,-76.9714873,38.9185377,11001011100,819.3
49778611,-76.9707991,38.919384300000026,11001011100,819.3
49778613,-76.9702458,38.91999539999999,11001011100,819.3
49778624,-76.9689401,38.9215914,11001011100,819.3
49778633,-76.9683051,38.92237909999999,11001011100,819.3
49778641,-76.9679402,38.922766800000005,11001011100,819.3
49778650,-76.9672354,38.9234479,11001011100,819.3
49778654,-76.9665179,38.924019799999996,11001011100,819.3
49778669,-76.9650669,38.92519519999998,11001009000,2522.4
49778679,-76.9644157,38.92571840000001,11001009000,2522.4
49778690,-76.9616826,38.92793230000001,11001009000,2522.4
49778706,-76.9583392,38.930260900000015,11001009000,2522.4
49778722,-77.0210292,38.9066175,11001004802,10299.1
49778756,-76.996818,38.952634,11001009508,4063.9
49778789,-76.99351,38.95337200000001,11001009508,4063.9
49778836,-76.989435,38.953442999999986,11001009508,4063.9
49778882,-76.98580370000002,38.952689200000016,11001009508,4063.9
49778902,-76.9732012,38.90431170000001,11001008903,12001.8
49778922,-76.9751837,38.9223726,11001011100,819.3
49778932,-76.9753325,38.92237109999999,11001011100,819.3
49778937,-77.035645,38.934118,11001002801,22554.6
49778964,-77.034951,38.93561299999999,11001002801,22554.6
49778979,-76.9347491,38.91096049999999,11001009601,1058.9
49778991,-76.9362425,38.909502199999984,11001009601,1058.9
49779011,-76.9381579,38.9073561,11001009601,1058.9
49779045,-76.9420507,38.90360630000001,11001009601,1058.9
49779054,-76.9435443,38.90236939999999,11001009601,1058.9
49779069,-76.9431611,38.903396199999996,11001009601,1058.9
49779086,-76.941636,38.90450710000001,11001009601,1058.9
49779105,-76.9403014,38.90561609999998,11001009601,1058.9
49779108,-76.940043,38.90590999999999,11001009601,1058.9
49779120,-76.938188,38.90798999999999,11001009601,1058.9
49779152,-76.9352916,38.911250700000004,11001009601,1058.9
49779214,-76.981795,38.862617,11001007504,3684.5
49779307,-77.03057800000002,38.98649000000001,11001001600,1895.6
49779377,-77.0363245,38.9899335,11001001600,1895.6
49779381,-77.0363291,38.989666,11001001600,1895.6
49779407,-77.066037,38.95861800000001,11001001301,1375.9
49779719,-76.9484598,38.898873099999996,11001009602,4023.6
49779721,-76.9474701,38.899656100000016,11001009602,4023.6
49779734,-76.9467842,38.9002058,11001009602,4023.6
49779759,-76.954804,38.894763,11001009604,3359.8
49779761,-76.9548104,38.89530279999998,11001009604,3359.8
49779772,-76.953736,38.89068099999998,11001009603,6946.7
49779778,-76.9520663,38.89260269999998,11001009603,6946.7
49779784,-76.951417,38.89335,11001009603,6946.7
49779786,-77.0281225,38.8859972,11001010202,2108.3
49779791,-77.0296177,38.8859771,11001010202,2108.3
49779839,-77.0199125,38.8860465,11001010202,2108.3
49779846,-77.0641126,38.90886359999998,11001000202,3259.9
49779857,-77.0660924,38.908795299999994,11001000202,3259.9
49779868,-77.0690845,38.90872369999999,11001000202,3259.9
49779877,-77.070385,38.90869359999999,11001000202,3259.9
49779896,-77.044864,38.9096514,11001005502,9897.5
49779907,-77.048798,38.909641,11001005502,9897.5
49779910,-77.0493381,38.90964019999999,11001005503,7766.2
49779939,-77.0547606,38.9093857,11001000101,5760.5
49779953,-77.0571115,38.9093568,11001000101,5760.5
49779957,-77.0581848,38.90934729999999,11001000102,1374.8
49779960,-77.0592327,38.90933580000001,11001000102,1374.8
49779968,-77.0614426,38.9093064,11001000102,1374.8
49779973,-77.0633581,38.909277900000006,11001000102,1374.8
49779980,-77.0642966,38.9092118,11001000202,3259.9
49779984,-77.0796944,38.90865600000001,11001000802,1329.8
49779986,-77.080215,38.908654,11001000802,1329.8
49779994,-77.0307376,38.90966780000001,11001005001,10271.4
49780016,-77.0365235,38.90965280000001,11001005202,12072.2
49780026,-77.0416679,38.909653799999994,11001005303,14832.3
49780038,-77.012163,38.909637399999994,11001004600,6991.7
49780046,-77.0151815,38.909637800000006,11001004600,6991.7
49780058,-77.01893100000001,38.9096384,11001004801,8673.1
49780060,-77.0199011,38.90963849999999,11001004801,8673.1
49780064,-77.0209243,38.909638699999995,11001004801,8673.1
49780074,-77.0229364,38.909639,11001004901,12437.4
49780078,-77.0239748,38.90963909999999,11001004901,12437.4
49780087,-77.0259808,38.90964790000002,11001004901,12437.4
49780097,-77.0280906,38.90964260000001,11001005004,25869.4
49780129,-77.0676573,38.940457999999985,11001000600,3028.9
49780193,-77.0704413,38.93985309999999,11001000600,3028.9
49780198,-77.0236864,38.94908609999999,11001002201,7799.9
49780210,-77.0270361,38.94899989999999,11001002201,7799.9
49780230,-77.029701,38.94898799999999,11001002002,4834.6
49780235,-77.0205401,38.94912970000002,11001002201,7799.9
49780299,-77.0324758,38.949001499999994,11001002002,4834.6
49780311,-77.0157461,38.94932409999999,11001002202,4615.4
49780318,-77.0195338,38.9492112,11001002202,4615.4
49780323,-77.0288313,38.91919789999999,11001004401,13723.8
49780329,-77.0288284,38.9206653,11001004401,13723.8
49780365,-76.92425,38.88675000000001,11001009905,7374.0
49780489,-77.057895,38.91913,11001000501,3599.2
49780533,-77.0547353,38.9208903,11001000501,3599.2
49780558,-77.0416837,38.906783100000006,11001010700,1848.6
49780562,-77.0434498,38.906465799999985,11001010700,1848.6
49780579,-76.971373,38.859745000000004,11001007502,7711.5
49780603,-77.0077989,38.82516179999999,11001009807,3203.8
49780677,-77.0122347,38.8243919,11001009807,3203.8
49780684,-77.0372101,38.92030299999998,11001003801,10167.0
49780840,-77.03816100000002,38.93076899999999,11001002702,11473.8
49780847,-77.041302,38.93057099999999,11001002702,11473.8
49780852,-77.0434051,38.930575100000006,11001002702,11473.8
49780856,-76.975004,38.872615,11001007601,3937.9
49780862,-76.973494,38.87342000000002,11001007601,3937.9
49780915,-76.9915166,38.8780972,11001007100,4634.0
49781103,-76.9977509,38.8792733,11001007203,8603.6
49781276,-76.943234,38.86910900000001,11001009902,2118.3
49781282,-76.9431855,38.8685352,11001009902,2118.3
49781284,-76.95526,38.869299,11001009901,1002.4
49781296,-76.9557296,38.8689275,11001009901,1002.4
49781334,-77.0107051,38.962315600000004,11001001902,2521.5
49781363,-77.0113611,38.9626966,11001001902,2521.5
49781377,-77.0136452,38.964352299999995,11001001902,2521.5
49781382,-77.0144863,38.9649548,11001001902,2521.5
49781395,-77.0161783,38.96613839999999,11001001902,2521.5
49781398,-76.921823,38.89123000000001,11001007808,4346.3
49781410,-76.920788,38.89411100000001,11001007808,4346.3
49781414,-76.920517,38.89471899999997,11001007808,4346.3
49781417,-76.9205186,38.895812500000005,11001007808,4346.3
49781421,-76.9205205,38.897146299999996,11001007807,4738.9
49781440,-77.1010602,38.9485627,11001000904,1547.9
49781443,-77.1008813,38.9485671,11001000904,1547.9
49781457,-77.1005286,38.948827099999995,11001000904,1547.9
49781470,-77.0296959,38.98378869999999,11001001600,1895.6
49781479,-77.032044,38.984017,11001001600,1895.6
49781491,-77.036293,38.9841489,11001001600,1895.6
49781492,-77.0363986,38.984163599999995,11001001600,1895.6
49781539,-76.972164,38.92343799999998,11001011100,819.3
49781544,-76.9721668,38.92450819999999,11001011100,819.3
49781548,-76.972168,38.925581300000005,11001011100,819.3
49781553,-76.972986,38.895269,11001006804,1061.0
49781599,-76.972163,38.91259399999998,11001011100,819.3
49781606,-76.972165,38.913348999999975,11001011100,819.3
49781618,-76.972162,38.91445399999999,11001011100,819.3
49781628,-76.972165,38.91556099999999,11001011100,819.3
49781633,-76.972144,38.927586,11001011100,819.3
49781641,-76.9721501,38.92820040000001,11001011100,819.3
49781644,-76.9721497,38.929807,11001011100,819.3
49781669,-76.9721582,38.933107699999994,11001009400,3137.6
49781673,-76.9721607,38.93409580000001,11001009400,3137.6
49781678,-76.9721633,38.9350809,11001009400,3137.6
49781683,-76.9721661,38.93616970000001,11001009400,3137.6
49781686,-76.9721688,38.93723399999998,11001009400,3137.6
49781692,-76.9721721,38.938509,11001009400,3137.6
49781706,-77.008268,38.820775,11001010900,631.3
49781739,-77.009772,38.820555,11001010900,631.3
49781749,-76.965688,38.852405999999995,11001007408,11076.8
49781856,-76.96797900000001,38.85629299999999,11001007502,7711.5
49781877,-76.967199,38.85512099999998,11001007502,7711.5
49781888,-77.0708855,38.923619499999994,11001000400,1112.8
49781894,-77.0731855,38.92361749999999,11001000400,1112.8
49781906,-76.9651312,38.9199488,11001011100,819.3
49781943,-76.9660102,38.92099569999999,11001011100,819.3
49781952,-76.9661584,38.9211503,11001011100,819.3
49781978,-76.966534,38.922366,11001011100,819.3
49781984,-76.966539,38.9234479,11001011100,819.3
49781989,-76.966535,38.92451200000002,11001011100,819.3
49781993,-76.966535,38.92558,11001011100,819.3
49782010,-76.9664024,38.926364599999985,11001011100,819.3
49782021,-76.966225,38.92619479999998,11001011100,819.3
49782029,-76.96550600000002,38.92675999999999,11001011100,819.3
49782040,-77.0417107,38.89598869999999,11001010800,7151.8
49782077,-77.0481646,38.89601559999998,11001980000,1.5
49782082,-77.0501351,38.89603569999998,11001005602,14421.3
49782130,-77.0417128,38.89540439999999,11001010800,7151.8
49782141,-77.0434713,38.895408399999965,11001010800,7151.8
49782241,-77.0199053,38.89613250000001,11001005801,7641.9
49782255,-77.0239698,38.89614039999999,11001005802,2837.0
49782277,-77.0296145,38.89613609999998,11001005802,2837.0
49782349,-76.9949711,38.932374100000004,11001009201,4856.1
49782363,-76.992621,38.932459,11001009301,3055.1
49782369,-76.9909991,38.9325369,11001009301,3055.1
49782380,-76.9886808,38.93265399999999,11001009301,3055.1
49782400,-76.9827201,38.9329551,11001009301,3055.1
49782406,-76.9796064,38.9331124,11001009400,3137.6
49782410,-76.9762241,38.93311620000002,11001009400,3137.6
49782413,-76.9741682,38.933105399999995,11001009400,3137.6
49782415,-76.9734606,38.93310449999999,11001009400,3137.6
49782418,-76.97047570000001,38.9331118,11001009400,3137.6
49782422,-76.970134,38.933112600000015,11001009400,3137.6
49782441,-76.967687,38.932866,11001011100,819.3
49782444,-76.965172,38.93286599999998,11001011100,819.3
49782460,-76.9627136,38.932888699999985,11001011100,819.3
49782485,-77.0553051,38.96746850000001,11001001500,1189.4
49782513,-77.0568471,38.96716869999998,11001001500,1189.4
49782523,-77.0569444,38.967084099999994,11001001500,1189.4
49782553,-77.059129,38.965880000000006,11001001402,3896.7
49782560,-77.062375,38.96581,11001001401,4218.2
49782565,-77.063884,38.96580899999999,11001001401,4218.2
49782567,-77.0663784,38.96581399999999,11001001401,4218.2
49782571,-77.06841,38.96581,11001001401,4218.2
49782583,-77.070474,38.965787999999996,11001001401,4218.2
49782585,-77.0762827,38.96612309999999,11001001100,2689.0
49782587,-77.077144,38.96581399999999,11001001100,2689.0
49782592,-77.07186,38.9658227,11001001401,4218.2
49782599,-77.0760942,38.96579759999999,11001001100,2689.0
49782613,-76.998006,38.951265,11001009509,5046.4
49782655,-77.007006,38.967346199999994,11001009505,4265.8
49782669,-77.0044528,38.9672567,11001009505,4265.8
49782678,-77.008705,38.826996,11001009807,3203.8
49782687,-77.012587,38.827009499999996,11001009807,3203.8
49782697,-76.931158,38.89001799999999,11001007804,4831.5
49782722,-76.9295584,38.889271199999996,11001009903,5619.8
49782773,-76.92555,38.88747399999999,11001009905,7374.0
49782800,-76.923494,38.88650999999999,11001009905,7374.0
49782827,-76.920938,38.886271,11001009905,7374.0
49782924,-77.0402925,38.94736249999999,11001002600,1190.1
49782933,-77.0366972,38.95041820000002,11001002600,1190.1
49782966,-77.085607,38.910777,11001000802,1329.8
49782974,-77.0864685,38.910219899999994,11001000802,1329.8
49782978,-77.086616,38.9100144,11001000802,1329.8
49783003,-76.9796034,38.946179300000004,11001009503,2415.2
49783006,-76.99912,38.94627100000001,11001009504,2939.8
49783017,-76.994953,38.946272199999996,11001009504,2939.8
49783029,-76.9926459,38.94627239999999,11001009504,2939.8
49783034,-76.990239,38.9462735,11001009504,2939.8
49783068,-77.00610900000001,38.94748899999999,11001009510,5690.3
49783079,-77.005884,38.90644699999999,11001010601,8577.0
49783089,-76.9902487,38.938307800000004,11001009504,2939.8
49783099,-76.988312,38.938311999999996,11001009503,2415.2
49783115,-76.9808268,38.93830439999999,11001009503,2415.2
49783121,-76.9800068,38.9383054,11001009400,3137.6
49783130,-76.9788887,38.9383084,11001009400,3137.6
49783135,-76.9783117,38.93831600000001,11001009400,3137.6
49783144,-76.9772709,38.9383143,11001009400,3137.6
49783147,-76.9762188,38.9383127,11001009400,3137.6
49783155,-76.9752011,38.9383116,11001009400,3137.6
49783159,-76.9741753,38.9383091,11001009400,3137.6
49783186,-76.97114200000001,38.93789399999998,11001009400,3137.6
49783207,-76.97014,38.93778700000001,11001009400,3137.6
49783242,-76.9944035,38.939432299999986,11001009504,2939.8
49783246,-76.993911,38.939275999999985,11001009504,2939.8
49783251,-76.992996,38.938997000000015,11001009504,2939.8
49783266,-76.968141,38.90813,11001011100,819.3
49783268,-76.968419,38.90813099999998,11001011100,819.3
49783273,-76.9698609,38.908129499999994,11001011100,819.3
49783588,-76.971661,38.91189599999999,11001011100,819.3
49783679,-77.007089,38.963153000000005,11001009505,4265.8
49783703,-77.004816,38.96551099999998,11001009505,4265.8
49783870,-76.9295894,38.89839780000001,11001007804,4831.5
49783881,-76.929593,38.900042099999986,11001007809,5855.7
49783889,-76.9285919,38.90466430000001,11001007806,3516.7
49783893,-76.9285894,38.90606899999999,11001007806,3516.7
49783901,-76.9285873,38.9072091,11001007806,3516.7
49783925,-76.930058,38.890781399999995,11001007804,4831.5
49783931,-76.930055,38.8918859,11001007804,4831.5
49783937,-76.9300479,38.8922369,11001007804,4831.5
49783946,-76.92998800000001,38.893563,11001007804,4831.5
49783998,-76.929784,38.89578499999998,11001007804,4831.5
49784013,-76.929887,38.897039,11001007804,4831.5
49784078,-76.940676,38.878223999999996,11001007707,5155.6
49784079,-77.022429,38.98048699999999,11001010300,4005.6
49784107,-77.0223638,38.97993189999998,11001010300,4005.6
49784110,-77.101223,38.92312799999999,11001000902,981.5
49784130,-77.0239696,38.9029574,11001004902,12760.9
49784136,-77.0703434,38.90771070000001,11001000202,3259.9
49784141,-77.070884,38.92254500000001,11001000400,1112.8
49784148,-77.070885,38.926181199999995,11001000400,1112.8
49784150,-77.070885,38.926942999999994,11001000400,1112.8
49784154,-77.070879,38.927525,11001000400,1112.8
49784158,-77.0711142,38.9136226,11001000300,5428.2
49784169,-77.0711917,38.91543540000001,11001000300,5428.2
49784173,-77.071212,38.91588689999999,11001000300,5428.2
49784189,-77.070879,38.93348979999999,11001000600,3028.9
49784202,-77.070882,38.93628799999999,11001000600,3028.9
49784218,-77.0698492,38.94627800000001,11001001200,3864.4
49784223,-77.0698484,38.947088099999995,11001001200,3864.4
49784228,-77.0698477,38.947901400000006,11001001200,3864.4
49784230,-77.0698469,38.948792000000005,11001001200,3864.4
49784232,-77.0698461,38.9496848,11001001200,3864.4
49784237,-77.0698452,38.95072940000001,11001001200,3864.4
49784240,-77.0698446,38.951416,11001001200,3864.4
49784243,-77.069844,38.95210120000001,11001001200,3864.4
49784254,-77.06959610000001,38.95398510000001,11001001200,3864.4
49784260,-77.0694332,38.9543331,11001001200,3864.4
49784269,-77.0692222,38.954689,11001001301,1375.9
49784285,-77.068982,38.955497,11001001301,1375.9
49784518,-77.0418064,38.960667700000016,11001002600,1190.1
49784521,-77.042196,38.96081210000001,11001002001,4706.6
49784820,-77.0423402,38.982289300000005,11001001500,1189.4
49784950,-77.042799,38.98490399999998,11001001600,1895.6
49784971,-77.0426622,38.9863189,11001001600,1895.6
49784983,-77.0476346,38.9353698,11001002600,1190.1
49785115,-77.051231,38.93949099999999,11001002600,1190.1
49785289,-77.0230226,38.92762089999999,11001003100,11890.5
49785313,-77.026015,38.92734279999999,11001003100,11890.5
49785326,-77.0205897,38.927991699999986,11001003200,9225.6
49785338,-77.023063,38.92789719999998,11001003100,11890.5
49785340,-77.000596,38.84380099999999,11001010400,1682.2
49785388,-77.005247,38.84088599999999,11001010400,1682.2
49785399,-77.005941,38.83997300000001,11001010400,1682.2
49785425,-77.0354369,38.906871200000005,11001005202,12072.2
49785433,-77.035394,38.9072514,11001005202,12072.2
49785446,-77.090091,38.93451499999999,11001000903,3449.3
49785489,-77.094289,38.933348,11001000903,3449.3
49785631,-77.099765,38.935708000000005,11001000903,3449.3
49785667,-77.1007185,38.936667499999984,11001000904,1547.9
49785798,-77.00509,38.9155628,11001008701,6841.9
49785800,-77.00509,38.916279999999986,11001008701,6841.9
49785802,-77.005091,38.91699499999999,11001008701,6841.9
49785819,-76.969027,38.87431299999999,11001007709,2756.0
49785838,-76.968969,38.872781,11001007604,2729.6
49785850,-76.9689709,38.8707526,11001007604,2729.6
49785854,-76.9689697,38.8694866,11001007604,2729.6
49785924,-77.0732662,38.954693200000015,11001001100,2689.0
49785930,-77.072945,38.95506499999998,11001001100,2689.0
49785947,-77.071107,38.95722299999999,11001001100,2689.0
49785973,-77.07018400000001,38.95838,11001001402,3896.7
49785993,-77.0699942,38.959030899999995,11001001402,3896.7
49786029,-77.07083100000001,38.961013,11001001402,3896.7
49786045,-77.071205,38.962076999999994,11001001401,4218.2
49786047,-77.07134700000002,38.963094999999996,11001001401,4218.2
49786051,-77.071474,38.963999000000015,11001001401,4218.2
49786058,-77.07159490000001,38.964915299999994,11001001401,4218.2
49786131,-77.0743229,38.9674909,11001001401,4218.2
49786139,-77.07489940000002,38.9676103,11001001401,4218.2
49786160,-77.065171,38.950725600000005,11001001301,1375.9
49786167,-77.0673264,38.950726800000005,11001001200,3864.4
49786183,-77.071709,38.950730899999996,11001001200,3864.4
49786207,-77.074601,38.950733199999995,11001001200,3864.4
49786238,-77.07874,38.95072900000001,11001001100,2689.0
49786302,-77.057675,38.950457500000006,11001001301,1375.9
49786349,-77.086207,38.9510538,11001001004,2689.9
49786351,-77.088634,38.9510521,11001001004,2689.9
49786358,-77.090609,38.951050699999996,11001001003,2947.0
49786369,-77.0943415,38.951048,11001001003,2947.0
49786378,-77.0967622,38.95104630000001,11001001003,2947.0
49786388,-77.0579884,38.950783,11001001301,1375.9
49786431,-76.9391833,38.90055999999999,11001007804,4831.5
49786440,-76.93741110000002,38.8998386,11001007809,5855.7
49786446,-76.936556,38.89953100000001,11001007804,4831.5
49786453,-76.9357376,38.8993276,11001007804,4831.5
49786472,-76.9350804,38.8991502,11001007804,4831.5
49786480,-76.933831,38.8989256,11001007804,4831.5
49786523,-76.9274523,38.89839539999998,11001007804,4831.5
49786572,-77.0035844,38.90185179999999,11001010603,5518.9
49786576,-77.002038,38.90185300000001,11001010602,13400.1
49786622,-76.9979599,38.84430799999999,11001010400,1682.2
49786637,-76.9959166,38.844263,11001010400,1682.2
49786649,-76.9968836,38.8343035,11001009801,4724.2
49786661,-77.103603,38.928988,11001000904,1547.9
49786690,-77.1048934,38.92823800000001,11001000904,1547.9
49786709,-76.9623088,38.86457059999999,11001007604,2729.6
49786941,-77.064022,38.91211749999999,11001000102,1374.8
49787110,-76.9853698,38.8812706,11001006900,7310.4
49787118,-76.9836476,38.8812725,11001006802,8083.4
49787128,-76.9822216,38.881271,11001006802,8083.4
49787131,-76.980757,38.881263999999994,11001006802,8083.4
49787141,-76.999511,38.881271700000006,11001007000,5602.7
49787155,-76.996181,38.8812697,11001007000,5602.7
49787160,-76.99498730000002,38.8812689,11001007000,5602.7
49787167,-76.99375800000001,38.881268199999994,11001007000,5602.7
49787175,-76.9926446,38.8812675,11001007000,5602.7
49787176,-76.9915332,38.881275600000016,11001007100,4634.0
49787179,-76.9902476,38.881274100000006,11001007100,4634.0
49787195,-76.964487,38.88023399999999,11001007709,2756.0
49787198,-76.963937,38.88023399999998,11001007709,2756.0
49787219,-76.9599647,38.8802089,11001007709,2756.0
49787261,-76.94329,38.880118,11001007707,5155.6
49787287,-76.942491,38.880494999999975,11001007707,5155.6
49787339,-76.936264,38.880208999999994,11001007707,5155.6
49787350,-76.93304,38.88149100000001,11001007707,5155.6
49787376,-76.931913,38.881347,11001007707,5155.6
49787442,-77.086207,38.950369,11001001004,2689.9
49787445,-77.088634,38.95036499999999,11001001004,2689.9
49787451,-77.090605,38.950366,11001001003,2947.0
49787453,-77.043704,38.92111280000001,11001004002,16899.8
49787467,-77.045858,38.9213549,11001004001,14523.2
49787483,-77.021487,38.92492,11001003400,3776.1
49787486,-77.02261440000001,38.92480579999999,11001003500,11775.4
49787487,-77.022666,38.92516179999999,11001003500,11775.4
49787492,-77.0256541,38.924889,11001003500,11775.4
49787504,-77.029711,38.924755,11001003600,14725.8
49787530,-77.00350700000001,38.91556869999998,11001008702,7239.5
49787536,-77.0020451,38.915571299999996,11001008702,7239.5
49787578,-76.971311,38.915561299999986,11001011100,819.3
49787582,-77.060292,38.92280199999999,11001000400,1112.8
49787614,-77.062846,38.924096,11001000400,1112.8
49787616,-77.0601338,38.902575799999994,11001000102,1374.8
49787640,-77.0601722,38.90521410000001,11001000102,1374.8
49787645,-76.982173,38.90513999999999,11001008804,3005.2
49787648,-76.98137,38.90483600000002,11001008804,3005.2
49787671,-76.982276,38.904979999999995,11001008804,3005.2
49787740,-77.0514272,38.90070039999999,11001005601,13442.9
49787770,-77.0514153,38.90299009999999,11001005501,10678.0
49787774,-77.0514093,38.90373480000001,11001005501,10678.0
49787785,-77.051409,38.9052542,11001005501,10678.0
49787793,-77.051407,38.90725,11001005501,10678.0
49787863,-77.0526001,38.92348389999999,11001000501,3599.2
49787884,-77.0525396,38.92463639999999,11001000501,3599.2
49787890,-77.0523527,38.92497639999999,11001000501,3599.2
49787894,-77.0526486,38.91361280000001,11001004100,2968.9
49787906,-77.0526016,38.91483819999999,11001004100,2968.9
49787910,-77.0526029,38.91558160000001,11001004100,2968.9
49787913,-77.0526018,38.91629780000001,11001004100,2968.9
49787926,-76.9889129,38.890369000000014,11001008002,5676.3
49787931,-76.9883015,38.89063269999999,11001008002,5676.3
49787936,-76.9873358,38.8909937,11001008002,5676.3
49788024,-76.9937492,38.8959326,11001008402,9326.9
49788029,-76.9926406,38.896383700000015,11001008402,9326.9
49788042,-76.990504,38.897253,11001008402,9326.9
49788043,-76.9902444,38.897358699999984,11001008402,9326.9
49788050,-76.9883032,38.8981486,11001008402,9326.9
49788093,-76.9808844,38.90117499999999,11001008903,12001.8
49788100,-76.9780735,38.90232919999999,11001008903,12001.8
49788104,-76.9776323,38.90251119999999,11001008903,12001.8
49788109,-76.9762239,38.90307980000001,11001008903,12001.8
49788128,-76.9724735,38.9046066,11001008903,12001.8
49788157,-77.061989,38.969766,11001001500,1189.4
49788162,-77.060069,38.97125969999999,11001001500,1189.4
49788170,-77.05805,38.97283409999999,11001001500,1189.4
49788190,-77.057565,38.97346499999999,11001001500,1189.4
49788195,-77.06164,38.94789279999999,11001001303,3953.0
49788203,-77.0616371,38.949679,11001001301,1375.9
49788211,-77.0616339,38.951683,11001001301,1375.9
49788212,-77.0616336,38.95185789999999,11001001301,1375.9
49788216,-77.06160600000001,38.952808000000005,11001001301,1375.9
49788221,-77.05953770000002,38.918652800000004,11001000400,1112.8
49788237,-77.059307,38.920162000000005,11001000400,1112.8
49788264,-77.0591638,38.90522589999999,11001000102,1374.8
49788269,-77.0591749,38.90607909999999,11001000102,1374.8
49788272,-77.0591858,38.90684750000001,11001000102,1374.8
49788279,-77.0592043,38.90767220000001,11001000102,1374.8
49788282,-77.0592209,38.90849690000001,11001000102,1374.8
49788293,-77.0592624,38.91052919999999,11001000102,1374.8
49788305,-77.0592741,38.91130000000001,11001000102,1374.8
49788308,-77.0592866,38.911935000000014,11001000102,1374.8
49788314,-77.0592906,38.912553900000006,11001000102,1374.8
49788317,-77.059751,38.961017999999996,11001001402,3896.7
49788362,-77.060689,38.96353899999999,11001001402,3896.7
49788373,-77.061694,38.964905799999975,11001001402,3896.7
49788381,-77.061072,38.934915000000004,11001000600,3028.9
49788384,-77.061079,38.93581999999999,11001000600,3028.9
49788397,-77.0605502,38.921991,11001000400,1112.8
49788424,-77.0602008,38.9238054,11001000400,1112.8
49788438,-77.060985,38.954629999999995,11001001301,1375.9
49788441,-76.993064,38.93440999999998,11001009301,3055.1
49788448,-76.992793,38.93442900000002,11001009301,3055.1
49788457,-76.9911576,38.934510799999984,11001009301,3055.1
49788468,-76.98884090000001,38.934626699999995,11001009301,3055.1
49788487,-76.9828718,38.934925200000016,11001009301,3055.1
49788498,-76.9797747,38.9350816,11001009301,3055.1
49788509,-76.9762139,38.9350843,11001009400,3137.6
49788511,-76.9755243,38.93508360000002,11001009400,3137.6
49788516,-76.9741709,38.9350825,11001009400,3137.6
49788526,-76.9701365,38.93507919999999,11001009400,3137.6
49788532,-76.9681604,38.93507759999998,11001009400,3137.6
49788601,-77.063882,38.96399799999999,11001001401,4218.2
49788603,-77.0663782,38.963997000000006,11001001401,4218.2
49788604,-77.0676043,38.96400349999998,11001001401,4218.2
49788608,-77.070111,38.963999999999984,11001001401,4218.2
49788610,-77.075049,38.96399900000001,11001001100,2689.0
49788613,-77.077145,38.964,11001001100,2689.0
49788635,-76.93312,38.88821299999999,11001009906,6392.1
49788660,-77.02766,38.93289099999998,11001002900,15329.2
49788673,-77.029718,38.93236399999999,11001002900,15329.2
49788678,-77.030869,38.931973000000006,11001002900,15329.2
49788695,-77.0364589,38.9326137,11001002802,21556.7
49788702,-77.038265,38.93330600000001,11001002703,14110.8
49788708,-77.041291,38.93328600000002,11001002703,14110.8
49788716,-77.044187,38.93329100000002,11001002703,14110.8
49788744,-76.9605931,38.92202979999999,11001011100,819.3
49788751,-76.9611089,38.92237759999999,11001011100,819.3
49788763,-76.9627382,38.923476600000015,11001011100,819.3
49788786,-76.9656183,38.9255803,11001011100,819.3
49788812,-76.9679016,38.92777479999999,11001011100,819.3
49788838,-76.9724502,38.932136000000014,11001009400,3137.6
49788848,-76.9741758,38.93379020000001,11001009400,3137.6
49788849,-76.9744982,38.93409489999999,11001009400,3137.6
49788859,-76.9762155,38.9357564,11001009400,3137.6
49788868,-76.9776177,38.937089899999975,11001009400,3137.6
49788871,-76.9777492,38.9372159,11001009400,3137.6
49788888,-76.9784182,38.9378573,11001009400,3137.6
49789013,-76.999529,38.954718,11001009508,4063.9
49789018,-77.000275,38.955294,11001009508,4063.9
49789039,-77.006272,38.95872399999999,11001009505,4265.8
49789074,-77.0079406,38.9602859,11001009505,4265.8
49789128,-76.9726044,38.8548448,11001007408,11076.8
49789153,-76.973501,38.85409240000001,11001007408,11076.8
49789157,-77.05706,38.96606700000002,11001001500,1189.4
49789162,-77.0582787,38.9652902,11001001402,3896.7
49789166,-77.0218993,38.917768399999986,11001003500,11775.4
49789168,-77.0218996,38.9190038,11001003400,3776.1
49789180,-77.0222592,38.922348099999994,11001003400,3776.1
49789192,-77.0227549,38.9257748,11001003500,11775.4
49789196,-77.0228084,38.9261438,11001003500,11775.4
49789205,-77.0229654,38.927225900000025,11001003500,11775.4
49789208,-77.0230955,38.928123000000014,11001003200,9225.6
49789218,-77.0233709,38.93003100000001,11001003200,9225.6
49789219,-77.023454,38.930598,11001003200,9225.6
49789229,-77.0236077,38.9320545,11001003200,9225.6
49789237,-77.0237694,38.932810399999994,11001003200,9225.6
49789239,-77.0238045,38.933016599999995,11001003100,11890.5
49789246,-77.0239736,38.934184800000004,11001003200,9225.6
49789251,-77.0240215,38.934506,11001003200,9225.6
49789264,-77.0245001,38.93760989999999,11001002503,9959.7
49789269,-77.02469,38.93868399999999,11001002400,6713.4
49789275,-77.024964,38.939744,11001002400,6713.4
49789277,-77.02524,38.94081099999999,11001002400,6713.4
49789284,-77.025622,38.94229299999999,11001002400,6713.4
49789291,-77.026063,38.94399599999999,11001002400,6713.4
49789305,-77.0266,38.946124999999995,11001002400,6713.4
49789329,-77.027427,38.95187169999998,11001002201,7799.9
49789333,-77.0277308,38.9540937,11001002101,9894.6
49789337,-77.027881,38.955147999999994,11001002101,9894.6
49789342,-77.028029,38.95621599999998,11001002101,9894.6
49789347,-77.028175,38.95727999999999,11001002101,9894.6
49789356,-77.028235,38.95835100000002,11001002101,9894.6
49789362,-77.028031,38.961014,11001002101,9894.6
49789369,-77.027889,38.96270239999998,11001001901,5955.3
49789376,-77.0277097,38.9649538,11001001901,5955.3
49789379,-77.027603,38.96614009999998,11001001901,5955.3
49789381,-77.027501,38.967287999999996,11001001901,5955.3
49789385,-77.02737800000001,38.968630000000005,11001001901,5955.3
49789387,-77.027348,38.96897899999999,11001001901,5955.3
49789390,-77.0272661,38.9699298,11001001901,5955.3
49789393,-77.027118,38.971472999999996,11001010300,4005.6
49789451,-76.982994,38.842226,11001007304,3529.8
49789456,-76.98257,38.841622,11001007304,3529.8
49789458,-76.983442,38.865559999999995,11001007503,4736.7
49789467,-76.9836604,38.8886771,11001006700,9175.4
49789471,-76.9836597,38.887168700000004,11001006700,9175.4
49789482,-76.9836632,38.88410919999999,11001006900,7310.4
49789487,-76.9836663,38.88284560000001,11001006900,7310.4
49789492,-76.9836461,38.8810969,11001006802,8083.4
49789496,-76.9836639,38.87969230000002,11001006900,7310.4
49789498,-76.9836645,38.87946789999999,11001007100,4634.0
49789503,-76.984458,38.861487,11001007503,4736.7
49789504,-76.999688,38.82392200000001,11001009811,9038.1
49789520,-77.066911,38.947091699999994,11001001200,3864.4
49789532,-77.072347,38.94708899999999,11001001200,3864.4
49789541,-77.0770313,38.947096599999995,11001001200,3864.4
49789550,-77.0826167,38.9479068,11001001004,2689.9
49789579,-77.086211,38.94709300000002,11001001004,2689.9
49789583,-77.088629,38.94709899999998,11001001004,2689.9
49789584,-77.09061,38.94709799999999,11001001003,2947.0
49789593,-77.096768,38.94710200000001,11001001003,2947.0
49789603,-77.0106322,38.952360999999996,11001002202,4615.4
49789613,-77.013683,38.967287999999996,11001001902,2521.5
49789620,-77.016188,38.9672913,11001001902,2521.5
49789624,-77.0281323,38.9674589,11001001804,9021.2
49789628,-77.0296868,38.967569899999994,11001001804,9021.2
49789642,-77.0355924,38.967569499999996,11001001803,3248.9
49789647,-77.03632290000002,38.9677914,11001001803,3248.9
49789648,-77.0364273,38.96779099999999,11001001803,3248.9
49789653,-77.037713,38.967789999999994,11001001803,3248.9
49789658,-77.0198981,38.96728809999999,11001001901,5955.3
49789663,-77.021164,38.96728699999999,11001001901,5955.3
49789673,-77.024209,38.967287999999996,11001001901,5955.3
49789674,-77.0259704,38.967289400000006,11001001901,5955.3
49789704,-77.0193994,38.946335299999994,11001002301,7776.5
49789710,-77.0212274,38.94627870000001,11001002400,6713.4
49789716,-77.022699,38.94623299999999,11001002400,6713.4
49789719,-77.0235486,38.94620810000001,11001002400,6713.4
49789724,-77.0252857,38.9461687,11001002201,7799.9
49789747,-77.031281,38.946126,11001002501,5263.1
49789764,-77.069218,38.96761999999999,11001001401,4218.2
49789766,-77.071895,38.967611,11001001401,4218.2
49789776,-77.061172,38.967623999999994,11001001500,1189.4
49789792,-77.063876,38.96760999999999,11001001500,1189.4
49789794,-77.0663785,38.96760999999999,11001001500,1189.4
49789800,-77.006715,38.962275,11001009505,4265.8
49789820,-77.0046314,38.955729399999996,11001009505,4265.8
49789878,-77.0166015,38.9389168,11001002301,7776.5
49789884,-77.019045,38.93884099999999,11001002301,7776.5
49789898,-77.02319,38.93872,11001002400,6713.4
49789905,-77.027196,38.93868100000001,11001002503,9959.7
49789907,-77.028301,38.938677,11001002503,9959.7
49789912,-77.029704,38.93867600000001,11001002503,9959.7
49789919,-77.041593,38.938850999999985,11001002600,1190.1
49789927,-77.0552898,38.94438510000001,11001001303,3953.0
49789967,-77.058634,38.94205180000001,11001001303,3953.0
49789978,-77.062263,38.942016,11001001200,3864.4
49789979,-77.0688671,38.94219410000002,11001000600,3028.9
49789983,-77.072411,38.94221600000001,11001000600,3028.9
49789985,-77.074605,38.94221600000001,11001000600,3028.9
49789999,-77.094337,38.94221600000001,11001000903,3449.3
49790002,-77.096762,38.9422158,11001000903,3449.3
49790004,-77.098678,38.9422156,11001000904,1547.9
49790007,-77.10104,38.9422154,11001000904,1547.9
49790009,-77.1021106,38.94221529999999,11001000904,1547.9
49790021,-77.087791,38.94223259999998,11001001004,2689.9
49790022,-77.0035839,38.90132549999997,11001010603,5518.9
49790024,-77.002036,38.901327,11001010602,13400.1
49790025,-76.999509,38.90132400000001,11001010602,13400.1
49790029,-76.998446,38.90132400000001,11001010602,13400.1
49790030,-76.994961,38.901326000000005,11001008410,9721.9
49790033,-76.993755,38.90132400000001,11001008410,9721.9
49790034,-76.992643,38.901322,11001008410,9721.9
49790039,-76.990244,38.901317999999996,11001008410,9721.9
49790041,-76.9883117,38.90131989999999,11001008410,9721.9
49790047,-76.9774964,38.90144020000002,11001008904,8515.5
49790050,-76.9762149,38.90196190000001,11001008904,8515.5
49790053,-76.9751888,38.90237970000001,11001008904,8515.5
49790064,-76.9718887,38.9037231,11001008904,8515.5
49790081,-76.97053200000002,38.90344999999998,11001008904,8515.5
49790082,-76.988303,38.93898199999999,11001009503,2415.2
49790088,-77.098479,38.94486100000001,11001000904,1547.9
49790094,-77.09852120000001,38.94544710000002,11001000904,1547.9
49790097,-77.098523,38.94628899999999,11001000904,1547.9
49790110,-77.0992203,38.94300799999999,11001000904,1547.9
49790148,-77.097442,38.943989,11001000904,1547.9
49790150,-77.0861588,38.9340666,11001000804,1291.7
49790220,-77.0818336,38.93494979999999,11001001002,3763.3
49790232,-76.9701352,38.925580699999976,11001011100,819.3
49790240,-76.9701409,38.927718999999975,11001011100,819.3
49790249,-76.9701353,38.934096600000004,11001009400,3137.6
49790253,-76.9701379,38.936169,11001009400,3137.6
49790282,-76.9702004,38.90324960000001,11001011100,819.3
49790290,-77.0115612,38.95455249999999,11001002102,6947.2
49790294,-77.0135713,38.954495900000005,11001002102,6947.2
49790298,-77.0159922,38.954419300000005,11001002102,6947.2
49790301,-77.0166338,38.9543882,11001002102,6947.2
49790311,-77.0197719,38.95430689999999,11001002102,6947.2
49790319,-77.0239308,38.9541913,11001002101,9894.6
49790322,-77.0256462,38.95414729999999,11001002101,9894.6
49790324,-77.0261326,38.95413269999999,11001002101,9894.6
49790344,-77.0350586,38.954102,11001002002,4834.6
49790351,-77.0126483,38.8801317,11001010500,5126.6
49790353,-77.0129532,38.879286999999984,11001010500,5126.6
49790386,-77.013179,38.87341500000003,11001006400,3185.1
49790389,-77.07364320000002,38.92068929999999,11001000300,5428.2
49790395,-77.0746307,38.92068780000001,11001000300,5428.2
49790399,-77.0754689,38.920687,11001000300,5428.2
49790401,-77.076034,38.92068559999999,11001000300,5428.2
49790404,-77.077053,38.920683999999994,11001000300,5428.2
49790409,-77.078774,38.920682,11001000300,5428.2
49790412,-77.0797623,38.920682,11001000300,5428.2
49790448,-76.998503,38.83096289999999,11001009802,10526.8
49790453,-76.994637,38.83096159999999,11001009802,10526.8
49790478,-77.0429401,38.9467236,11001002600,1190.1
49790493,-77.0414565,38.94820529999999,11001002600,1190.1
49790509,-77.0364029,38.95255809999998,11001002001,4706.6
49790534,-77.031475,38.958350999999986,11001002002,4834.6
49790538,-77.0307189,38.959239799999985,11001002002,4834.6
49790545,-77.0296916,38.96020279999998,11001002002,4834.6
49790568,-76.9191117,38.8908929,11001007808,4346.3
49790576,-76.918625,38.8929008,11001007808,4346.3
49790819,-77.07888540000002,38.9464996,11001001004,2689.9
49790834,-77.079101,38.94628860000002,11001001004,2689.9
49790836,-77.0791163,38.94614630000001,11001001004,2689.9
49790846,-77.0785,38.945810299999984,11001001002,3763.3
49790850,-77.0784107,38.94646949999999,11001001200,3864.4
49790881,-77.0786336,38.9460493,11001001004,2689.9
49790914,-76.95886,38.87567440000001,11001009901,1002.4
49790932,-76.971594,38.922035,11001011100,819.3
49790937,-76.971149,38.936169299999996,11001009400,3137.6
49790968,-77.04154500000001,38.92614400000001,11001003901,22609.1
49790988,-77.0430637,38.92654319999998,11001003902,6388.3
49791004,-77.011612,38.9594451,11001002102,6947.2
49791025,-77.0029576,38.87927610000001,11001007203,8603.6
49791083,-77.1035691,38.9365522,11001000904,1547.9
49791109,-76.99366600000002,38.840599999999995,11001007304,3529.8
49791120,-76.993602,38.839876,11001007304,3529.8
49791126,-76.9935536,38.83881159999999,11001007304,3529.8
49791557,-77.019906,38.881286700000004,11001010202,2108.3
49791573,-77.0239296,38.8812792,11001010202,2108.3
49791583,-77.0241229,38.88134080000001,11001010202,2108.3
49791610,-77.0121557,38.915532399999975,11001003302,10949.2
49791626,-77.0159712,38.915932399999996,11001003400,3776.1
49791636,-77.018554,38.91579469999999,11001003400,3776.1
49791640,-77.0200132,38.91565440000001,11001003400,3776.1
49791642,-77.0206634,38.91574670000001,11001004801,8673.1
49791685,-77.0239705,38.915585800000024,11001004402,9111.1
49791702,-77.02808570000002,38.915587400000014,11001004402,9111.1
49791711,-77.0296233,38.9155875,11001004402,9111.1
49791736,-77.0365095,38.9155899,11001004300,18536.3
49791750,-77.0434248,38.9155885,11001004202,12585.1
49791761,-77.0440666,38.9155659,11001004002,16899.8
49791806,-77.015507,38.915916900000006,11001003400,3776.1
49791809,-77.0693632,38.91547990000001,11001000202,3259.9
49791826,-77.0728182,38.915390299999984,11001000300,5428.2
49791829,-77.0742297,38.9153526,11001000300,5428.2
49791840,-77.0756533,38.915318199999994,11001000300,5428.2
49791858,-77.0272,38.93561900000001,11001002900,15329.2
49791870,-77.029725,38.93628499999999,11001002900,15329.2
49791878,-77.030864,38.93659499999999,11001002900,15329.2
49791888,-77.033721,38.937345,11001002801,22554.6
49791914,-77.0364466,38.93742699999998,11001002801,22554.6
49791920,-76.995808,38.94882599999998,11001009509,5046.4
49791947,-76.99376000000001,38.88410939999999,11001007000,5602.7
49791951,-76.9926494,38.88410900000001,11001006900,7310.4
49791954,-76.9915315,38.88411180000001,11001006900,7310.4
49791957,-76.99024620000002,38.88410939999999,11001006900,7310.4
49791961,-76.9883143,38.88411169999999,11001006900,7310.4
49791973,-76.9822221,38.884110199999995,11001006802,8083.4
49791979,-76.9807606,38.88410859999999,11001006802,8083.4
49791989,-76.9772512,38.88410669999998,11001006804,1061.0
49792002,-76.930948,38.88395599999997,11001009904,8522.7
49792024,-76.926443,38.88335199999998,11001009905,7374.0
49792038,-76.9242,38.883045,11001009905,7374.0
49792078,-76.9598,38.884423,11001007708,2793.7
49792095,-76.9569671,38.8843833,11001007708,2793.7
49792099,-76.996176,38.8837664,11001007000,5602.7
49792107,-76.99497600000001,38.883755199999996,11001007000,5602.7
49792119,-77.007256,38.88506799999999,11001006500,5005.4
49792123,-77.0058851,38.8850796,11001006500,5005.4
49792143,-76.9995117,38.884279199999995,11001006500,5005.4
49792145,-76.998458,38.88427909999999,11001006500,5005.4
49792151,-76.996177,38.88427569999999,11001007000,5602.7
49792154,-76.950877,38.884568,11001007703,7008.9
49792211,-76.9949653,38.88460569999998,11001007000,5602.7
49792220,-76.9937644,38.884606399999996,11001006700,9175.4
49792236,-77.016728,38.973967,11001001702,3606.2
49792245,-77.0065387,38.91111700000002,11001008701,6841.9
49792270,-77.018934,38.90644600000001,11001004802,10299.1
49792278,-76.9762181,38.9215862,11001011100,819.3
49792291,-76.9757051,38.923022499999995,11001011100,819.3
49792300,-76.97534460000001,38.92338219999999,11001011100,819.3
49792303,-76.9761545,38.9245157,11001011100,819.3
49792321,-76.9762289,38.9255825,11001011100,819.3
49792331,-76.9762337,38.927726400000005,11001011100,819.3
49792345,-76.9762265,38.93015040000001,11001009400,3137.6
49792347,-76.9762257,38.93114619999998,11001009400,3137.6
49792349,-76.9762264,38.932136000000014,11001009400,3137.6
49792357,-76.9762262,38.93409810000001,11001009400,3137.6
49792364,-76.9762184,38.93617389999999,11001009400,3137.6
49792366,-76.9762166,38.937221599999994,11001009400,3137.6
49792377,-76.976222,38.939653699999994,11001009400,3137.6
49792380,-76.9762267,38.940342,11001009400,3137.6
49792383,-76.976228,38.9407283,11001009400,3137.6
49792391,-76.9762282,38.94286300000001,11001009400,3137.6
49792406,-76.975882,38.944493,11001009400,3137.6
49792438,-76.97607,38.89667899999999,11001007903,7498.4
49792444,-76.975848,38.897435999999985,11001007903,7498.4
49792446,-76.9756108,38.898246699999994,11001007903,7498.4
49792482,-76.9391087,38.9085492,11001009601,1058.9
49792806,-77.0069984,38.880977900000005,11001007202,28604.4
49792903,-77.0072147,38.96828039999998,11001009505,4265.8
49792908,-77.006643,38.96782699999999,11001009505,4265.8
49792943,-77.0198986,38.966711100000005,11001001901,5955.3
49792957,-77.024208,38.9667082,11001001901,5955.3
49792958,-77.0259693,38.966707800000016,11001001901,5955.3
49792963,-77.029684,38.9668501,11001001804,9021.2
49792973,-77.0363234,38.9668987,11001001803,3248.9
49792980,-76.933875,38.875661999999984,11001007707,5155.6
49792990,-77.0830429,38.91082979999999,11001000802,1329.8
49792992,-77.0830448,38.9115569,11001000802,1329.8
49793004,-77.0650649,38.912603299999994,11001000102,1374.8
49793007,-77.0330001,38.8888613,11001980000,1.5
49793126,-76.9556415,38.92437449999999,11001009000,2522.4
49793137,-76.9549171,38.92398710000001,11001009000,2522.4
49793211,-76.9859263,38.900940199999994,11001008410,9721.9
49793217,-76.985306,38.901824,11001008802,9828.6
49793218,-76.984666,38.90273899999998,11001008802,9828.6
49793226,-76.98405,38.9036785,11001008802,9828.6
49793234,-76.983517,38.90447000000001,11001008802,9828.6
49793311,-77.011886,38.823582,11001009807,3203.8
49793337,-77.0400945,38.8964172,11001010800,7151.8
49793398,-77.024458,38.97881700000001,11001010300,4005.6
49793411,-77.025711,38.978726999999985,11001010300,4005.6
49793521,-77.0446942,38.92234119999999,11001004001,14523.2
49793526,-77.0446955,38.9232443,11001004001,14523.2
49793537,-77.0133134,38.90134129999999,11001004702,10650.0
49793546,-77.01892900000001,38.9008659,11001005900,3743.4
49793549,-77.0199078,38.900876299999986,11001005801,7641.9
49793566,-77.023979,38.900880099999995,11001005802,2837.0
49793595,-77.01893020000001,38.9013449,11001004702,10650.0
49793670,-77.0501185,38.9006994,11001010800,7151.8
49793690,-77.0533106,38.9007032,11001005602,14421.3
49793723,-77.0281006,38.90133989999999,11001010100,4591.0
49793729,-77.0296248,38.901337799999986,11001010100,4591.0
49793759,-77.0366047,38.901321999999986,11001010700,1848.6
49793773,-77.041702,38.90133949999999,11001010700,1848.6
49793777,-77.0434632,38.901328299999975,11001010700,1848.6
49793792,-76.922263,38.89279200000001,11001007808,4346.3
49793799,-76.9426103,38.89457879999999,11001007803,5016.5
49793816,-76.9391999,38.894140500000006,11001007803,5016.5
49793843,-76.9329063,38.893333000000005,11001007804,4831.5
49793879,-76.9136659,38.8928905,11001007808,4346.3
49793884,-76.912295,38.8928865,11001007808,4346.3
49793889,-76.9109287,38.892887999999985,11001007808,4346.3
49793892,-76.927336,38.893669,11001007808,4346.3
49793903,-76.925292,38.893405999999985,11001007808,4346.3
49793906,-76.960215,38.89359299999999,11001009604,3359.8
49793923,-76.959385,38.89356,11001009604,3359.8
49793930,-76.956585,38.893561,11001009604,3359.8
49793936,-76.955705,38.89356300000002,11001009604,3359.8
49793949,-76.917778,38.89290299999998,11001007808,4346.3
49793970,-76.9523591,38.89064609999999,11001009603,6946.7
49793979,-76.9518934,38.89142749999999,11001009603,6946.7
49793983,-76.9514987,38.89196569999999,11001009603,6946.7
49793990,-76.9512614,38.89228920000001,11001009603,6946.7
49793999,-76.93652260000002,38.90607429999999,11001007806,3516.7
49794032,-76.9325422,38.9092316,11001007806,3516.7
49794047,-76.9501273,38.89383550000002,11001009603,6946.7
49794131,-76.9463175,38.898945299999994,11001007803,5016.5
49794133,-76.9452369,38.899818700000004,11001007803,5016.5
49794135,-76.944296,38.9005755,11001007803,5016.5
49794206,-77.00350900000001,38.89733699999999,11001008301,10123.6
49794213,-77.002038,38.89733499999999,11001008301,10123.6
49794216,-76.9995107,38.897340799999995,11001008301,10123.6
49794220,-76.9984534,38.89734190000001,11001008301,10123.6
49794227,-76.994965,38.897333,11001008402,9326.9
49794228,-76.994346,38.89733199999999,11001008402,9326.9
49794233,-76.993761,38.897333,11001008402,9326.9
49794237,-76.992644,38.897333999999994,11001008402,9326.9
49794253,-76.988306,38.897333,11001008001,9474.4
49794262,-76.98457400000001,38.897333999999994,11001008001,9474.4
49794264,-76.983966,38.897329,11001008001,9474.4
49794274,-76.982214,38.89666399999999,11001007901,10937.8
49794286,-76.9807306,38.8968149,11001007901,10937.8
49794318,-76.987471,38.862929000000015,11001007503,4736.7
49794324,-76.969098,38.853035000000006,11001007502,7711.5
49794394,-77.0547433,38.9015,11001005601,13442.9
49794431,-77.0547495,38.905253,11001005503,7766.2
49794445,-77.0549338,38.969762099999976,11001001500,1189.4
49794470,-77.0089564,38.83155790000001,11001009807,3203.8
49794479,-77.0099396,38.83165109999998,11001009807,3203.8
49794485,-77.0110068,38.83175580000001,11001009807,3203.8
49794588,-77.072154,38.959025999999994,11001001100,2689.0
49794601,-77.074592,38.959030899999995,11001001100,2689.0
49794607,-77.077145,38.95902699999999,11001001100,2689.0
49794608,-77.07815400000001,38.959025000000004,11001001100,2689.0
49794613,-77.082022,38.95902800000001,11001001100,2689.0
49794626,-77.084846,38.959041,11001001004,2689.9
49794630,-77.0861836,38.95902800000001,11001001004,2689.9
49794658,-77.056962,38.958407,11001001402,3896.7
49794659,-77.057473,38.958406000000004,11001001402,3896.7
49794679,-76.937337,38.913308,11001009601,1058.9
49794690,-76.938069,38.913132999999995,11001009601,1058.9
49794705,-76.939743,38.912516999999994,11001009601,1058.9
49794751,-76.94137700000002,38.911293,11001009601,1058.9
49794806,-76.943431,38.906765,11001009601,1058.9
49794837,-76.94285,38.907245,11001009601,1058.9
49794869,-76.941937,38.909617,11001009601,1058.9
49794917,-76.96123,38.89199899999999,11001009604,3359.8
49794966,-76.959734,38.894179999999984,11001009604,3359.8
49794984,-76.959524,38.894771999999996,11001009604,3359.8
49795130,-76.9497365,38.9026957,11001009602,4023.6
49795134,-77.00463300000001,38.84906000000001,11001010400,1682.2
49795152,-77.000468,38.846541,11001010400,1682.2
49795263,-77.00351,38.89520699999999,11001008200,8289.3
49795273,-77.002036,38.8946102,11001008200,8289.3
49795318,-77.003828,38.895336000000015,11001980000,1.5
49795355,-76.9980229,38.89297620000001,11001008302,11005.6
49795377,-76.9949596,38.891730599999995,11001008100,10966.3
49795383,-76.993759,38.89124090000001,11001008100,10966.3
49795418,-76.9329122,38.890784000000004,11001007804,4831.5
49795420,-76.9329096,38.891888400000006,11001007804,4831.5
49795422,-76.9329079,38.89262969999999,11001007804,4831.5
49795424,-76.9329047,38.89401999999999,11001007804,4831.5
49795427,-76.932903,38.89474900000001,11001007804,4831.5
49795559,-76.9316789,38.8997605,11001007804,4831.5
49795567,-76.9316872,38.904663699999965,11001007806,3516.7
49795577,-76.9316733,38.90607099999998,11001007806,3516.7
49795581,-76.9316703,38.90720269999999,11001007806,3516.7
49795595,-76.9316958,38.90853309999999,11001007806,3516.7
49795659,-77.003505,38.9223676,11001009203,5714.0
49795666,-77.002034,38.922366999999994,11001009203,5714.0
49795692,-76.963702,38.922369,11001011100,819.3
49795699,-76.9789965,38.922366,11001011100,819.3
49795711,-76.977013,38.922366,11001011100,819.3
49795721,-76.9746649,38.92237160000002,11001011100,819.3
49795723,-76.9741765,38.922376699999994,11001011100,819.3
49795743,-76.98378800000002,38.92423699999999,11001009102,2396.3
49795754,-76.982389,38.923275,11001009102,2396.3
49795779,-77.0081161,38.9223732,11001009203,5714.0
49795789,-76.9777215,38.8984108,11001007901,10937.8
49795794,-76.994959,38.902798,11001008410,9721.9
49795799,-76.993757,38.903574,11001008410,9721.9
49795905,-76.980798,38.85725600000002,11001007407,5597.7
49795913,-76.98079,38.85623400000001,11001007407,5597.7
49795924,-76.9807566,38.888677899999976,11001006801,9279.8
49795928,-76.9807595,38.88759670000002,11001006801,9279.8
49795931,-76.9807607,38.8859529,11001006802,8083.4
49795945,-76.9807589,38.88284379999999,11001006802,8083.4
49795949,-76.9807525,38.882271699999976,11001006802,8083.4
49795957,-76.980754,38.880286,11001006804,1061.0
49795974,-76.9807855,38.87074910000001,11001007601,3937.9
49795985,-76.9807838,38.869482699999985,11001007601,3937.9
49795990,-76.9807884,38.868461,11001007601,3937.9
49795992,-76.9807885,38.868237900000004,11001007601,3937.9
49795996,-76.9807892,38.867266999999984,11001007605,8359.2
49796016,-77.008166,38.957661099999996,11001009505,4265.8
49796023,-77.006269,38.9576634,11001009505,4265.8
49796032,-77.005823,38.957663999999994,11001009505,4265.8
49796036,-77.057041,38.946189,11001001303,3953.0
49796071,-77.059129,38.946433,11001001303,3953.0
49796124,-77.0622966,38.9467938,11001001303,3953.0
49796128,-76.998455,38.89813999999999,11001008301,10123.6
49796155,-76.9766056,38.92023149999999,11001011100,819.3
49796171,-77.0461745,38.914848199999994,11001004002,16899.8
49796185,-77.0484309,38.914839499999985,11001004100,2968.9
49796190,-77.0506206,38.914839499999985,11001004100,2968.9
49796219,-77.080308,38.95386890000002,11001001100,2689.0
49796229,-77.082181,38.953815999999996,11001001004,2689.9
49796236,-77.065107,38.969762,11001001500,1189.4
49796243,-77.06511100000002,38.97127820000003,11001001500,1189.4
49796261,-77.065107,38.972837000000006,11001001500,1189.4
49796363,-77.0471065,38.91335490000001,11001005502,9897.5
49796427,-77.05222470000001,38.913302400000006,11001004100,2968.9
49796545,-76.9742111,38.85302499999999,11001007408,11076.8
49796554,-76.9722104,38.853018199999994,11001007408,11076.8
49796605,-77.004852,38.945686,11001009510,5690.3
49796711,-77.007831,38.95237400000002,11001009508,4063.9
49796729,-77.0077646,38.953471100000016,11001009508,4063.9
49796744,-77.029617,38.884985199999996,11001010202,2108.3
49796842,-77.0136446,38.8850637,11001010500,5126.6
49796854,-77.0199145,38.8848483,11001010202,2108.3
49796861,-77.0219063,38.88483930000002,11001010202,2108.3
49796897,-77.0651327,38.91078670000002,11001000202,3259.9
49796906,-77.0661157,38.91076729999999,11001000202,3259.9
49796929,-77.0691636,38.91070520000001,11001000202,3259.9
49796951,-77.0098235,38.9111299,11001004600,6991.7
49796955,-77.0121516,38.911131399999995,11001004600,6991.7
49796966,-77.0151819,38.91113469999999,11001004600,6991.7
49796970,-77.0168318,38.911135800000004,11001004600,6991.7
49796975,-77.01990150000002,38.91113780000001,11001004801,8673.1
49796993,-77.0239682,38.9111391,11001004901,12437.4
49797006,-77.0280934,38.911139800000015,11001005001,10271.4
49797010,-77.0287502,38.91113910000002,11001005001,10271.4
49797015,-77.0296229,38.91114009999998,11001005001,10271.4
49797032,-77.0365175,38.91114329999999,11001005202,12072.2
49797044,-77.0416561,38.9111423,11001005302,21654.1
49797051,-77.0434362,38.911140499999995,11001004202,12585.1
49797063,-77.0448853,38.911137499999995,11001005502,9897.5
49797071,-77.0477062,38.911134999999994,11001005502,9897.5
49797080,-77.048742,38.9111377,11001005502,9897.5
49797082,-77.0488633,38.9111432,11001004100,2968.9
49797102,-77.0506614,38.911101699999996,11001004100,2968.9
49797150,-77.057146,38.9105537,11001000102,1374.8
49797157,-77.0582061,38.91054040000001,11001000102,1374.8
49797171,-77.0619558,38.9104942,11001000102,1374.8
49797182,-77.0638262,38.9104724,11001000102,1374.8
49797184,-77.0642984,38.9104442,11001000102,1374.8
49797192,-77.0649263,38.9104066,11001000202,3259.9
49797207,-77.087647,38.90837549999999,11001000802,1329.8
49797213,-77.0879439,38.908053999999986,11001000802,1329.8
49797217,-77.0881991,38.907785199999985,11001000802,1329.8
49797223,-77.081226,38.91070100000002,11001000802,1329.8
49797236,-77.0850396,38.910171799999986,11001000802,1329.8
49797275,-77.0002833,38.843006599999995,11001009804,5044.7
49797357,-76.996591,38.83937400000001,11001009804,5044.7
49797366,-76.99648,38.83833099999998,11001009804,5044.7
49797390,-76.9961755,38.88868679999996,11001006600,7540.5
49797399,-76.9961764,38.88760179999997,11001006600,7540.5
49797401,-76.9961957,38.8873884,11001006600,7540.5
49797421,-76.99618,38.882724,11001007000,5602.7
49797437,-76.99618400000001,38.879285,11001007000,5602.7
49797460,-76.9962112,38.82919530000001,11001009811,9038.1
49797509,-76.997047,38.826516000000005,11001009811,9038.1
49797543,-77.0449164,38.8973612,11001010800,7151.8
49797579,-77.0448671,38.902527799999994,11001010700,1848.6
49797586,-77.0449044,38.90373350000001,11001010700,1848.6
49797596,-77.04485910000001,38.905652999999994,11001010700,1848.6
49797601,-77.04485390000002,38.907245300000014,11001010700,1848.6
49797617,-77.0448658,38.908573,11001005502,9897.5
49797620,-77.0448729,38.9101462,11001005502,9897.5
49797631,-77.0448732,38.9126061,11001004202,12585.1
49797678,-77.0455297,38.91788489999999,11001004001,14523.2
49797694,-77.0461953,38.919172200000006,11001004001,14523.2
49797713,-77.0469536,38.921454000000004,11001004001,14523.2
49797715,-77.04708580000002,38.92233819999999,11001004001,14523.2
49797717,-77.0471335,38.92266840000001,11001004001,14523.2
49797751,-77.0361006,38.93678819999999,11001002801,22554.6
49797753,-77.036448,38.93680610000002,11001002801,22554.6
49797790,-77.0196975,38.9766217,11001001702,3606.2
49797794,-76.987892,38.86010699999998,11001007407,5597.7
49797803,-77.0320154,38.96184650000001,11001002001,4706.6
49797942,-77.0241958,38.959726399999994,11001002101,9894.6
49797973,-77.007415,38.955704999999995,11001009505,4265.8
49797980,-77.007676,38.956589,11001009505,4265.8
49798012,-77.008576,38.958728199999996,11001009505,4265.8
49798033,-77.009057,38.959645999999985,11001009505,4265.8
49798051,-76.991415,38.86394099999998,11001007401,1034.1
49798063,-76.991016,38.863429,11001007503,4736.7
49798067,-77.032672,38.959284999999994,11001002001,4706.6
49798089,-77.034878,38.96022820000001,11001002001,4706.6
49798094,-77.0363332,38.96082559999997,11001002001,4706.6
49798096,-77.0364447,38.96087429999998,11001002001,4706.6
49798108,-77.037,38.927850799999995,11001002702,11473.8
49798162,-76.956069,38.88679599999999,11001007708,2793.7
49798166,-76.955232,38.88679700000001,11001007703,7008.9
49798170,-76.954634,38.886804999999995,11001007703,7008.9
49798186,-76.9915316,38.88759959999999,11001006700,9175.4
49798191,-76.9915325,38.88510350000001,11001006900,7310.4
49798243,-76.991533,38.879278,11001007100,4634.0
49798309,-76.9574468,38.86557760000001,11001007604,2729.6
49798335,-76.95498500000001,38.85942799999999,11001007603,3490.4
49798485,-76.977061,38.896853,11001007903,7498.4
49798512,-76.982116,38.89757099999999,11001007901,10937.8
49798540,-77.006417,38.82606419999999,11001009810,4650.4
49798544,-77.00708470000001,38.835229299999995,11001009803,5408.0
49798595,-77.007063,38.832142000000005,11001009803,5408.0
49798600,-76.966031,38.92726100000001,11001011100,819.3
49798625,-77.0069483,38.899561099999985,11001010603,5518.9
49798734,-76.9827139,38.84737310000003,11001007404,5208.7
49798763,-76.9805494,38.847604899999986,11001007404,5208.7
49798775,-76.93695900000002,38.88841600000001,11001009906,6392.1
49798784,-76.9366,38.887577,11001009906,6392.1
49798815,-76.934832,38.883732999999985,11001009907,4495.5
49798823,-76.934318,38.88310400000001,11001009907,4495.5
49798828,-76.9336254,38.882274999999986,11001009907,4495.5
49798851,-76.932303,38.88009999999999,11001007707,5155.6
49798855,-76.932051,38.879622999999995,11001007707,5155.6
49798869,-76.9315758,38.87865569999999,11001007707,5155.6
49798979,-77.0782711,38.9527498,11001001100,2689.0
49798999,-77.0797059,38.95272519999999,11001001100,2689.0
49799017,-77.0862062,38.94861939999999,11001001004,2689.9
49799049,-77.088634,38.94879999999999,11001001004,2689.9
49799058,-77.090611,38.94879799999998,11001001003,2947.0
49799078,-77.0943417,38.948801,11001001003,2947.0
49799085,-77.096766,38.948803000000005,11001001003,2947.0
49799097,-77.08204,38.948807999999985,11001001004,2689.9
49799115,-77.0616369,38.949786999999986,11001001301,1375.9
49799126,-77.062927,38.95022600000001,11001001301,1375.9
49799147,-77.0651908,38.9051322,11001000202,3259.9
49799157,-77.0652423,38.906830000000014,11001000202,3259.9
49799199,-77.037779,38.99123099999998,11001001600,1895.6
49799203,-77.03871,38.990544,11001001600,1895.6
49799210,-77.0400166,38.9896307,11001001600,1895.6
49799255,-77.042279,38.98803999999999,11001001600,1895.6
49799262,-77.066173,38.91275649999999,11001000202,3259.9
49799293,-77.0741137,38.912589700000005,11001000201,5614.4
49799301,-77.0755506,38.91262669999998,11001000201,5614.4
49799318,-77.0816053,38.9126843,11001000802,1329.8
49799451,-77.089349,38.913943,11001000802,1329.8
49799488,-77.09554910000001,38.91584509999999,11001000804,1291.7
49799500,-77.0974022,38.91643280000002,11001000804,1291.7
49799512,-77.098505,38.91687000000001,11001000804,1291.7
49799562,-77.0640963,38.912716799999984,11001000102,1374.8
49799576,-77.0660306,38.912490000000005,11001000102,1374.8
49799633,-77.0281115,38.8973554,11001005802,2837.0
49799643,-77.0296209,38.897356199999976,11001005802,2837.0
49799704,-77.0534717,38.89735929999999,11001980000,1.5
49799808,-77.0417106,38.89736029999999,11001010800,7151.8
49799817,-77.0434716,38.89736229999999,11001010800,7151.8
49799834,-77.0488622,38.89736040000001,11001010800,7151.8
49799887,-77.1066718,38.9263406,11001000902,981.5
49799918,-77.105293,38.927116999999996,11001000902,981.5
49799977,-77.10197800000002,38.928264000000006,11001000902,981.5
49799991,-77.1015731,38.92860439999999,11001000902,981.5
49799996,-77.1004968,38.92954770000001,11001000902,981.5
49800003,-77.0996699,38.9302777,11001000902,981.5
49800007,-77.0982623,38.931519699999996,11001000902,981.5
49800012,-77.097092,38.932548999999995,11001000902,981.5
49800092,-77.036316,38.9715077,11001001803,3248.9
49800095,-77.0296914,38.971845,11001001804,9021.2
49800101,-77.0314139,38.9718488,11001001804,9021.2
49800109,-77.0365148,38.91335769999997,11001005202,12072.2
49800135,-77.0416523,38.913366399999994,11001004202,12585.1
49800144,-77.0434285,38.913365399999996,11001004202,12585.1
49800146,-77.029623,38.91335630000001,11001005001,10271.4
49800181,-77.0865654,38.938404,11001000903,3449.3
49800238,-77.096763,38.94584399999999,11001000903,3449.3
49800247,-77.097548,38.94641200000001,11001000904,1547.9
49800254,-77.099591,38.947908999999996,11001000904,1547.9
49800282,-77.0259864,38.9035883,11001004902,12760.9
49800286,-77.026399,38.9037293,11001010100,4591.0
49800294,-77.028094,38.90431900000001,11001005004,25869.4
49800299,-77.0296272,38.904850100000004,11001005003,18761.8
49800308,-77.0376549,38.90763969999998,11001005303,14832.3
49800319,-77.0416754,38.90903820000001,11001005303,14832.3
49800334,-77.0488134,38.9115149,11001004100,2968.9
49800338,-77.0499172,38.91189680000001,11001004100,2968.9
49800344,-77.0513171,38.91264040000002,11001004100,2968.9
49800373,-77.0551708,38.91545459999999,11001004100,2968.9
49800459,-77.063111,38.92136430000001,11001000400,1112.8
49800600,-77.0675715,38.9245705,11001000400,1112.8
49800612,-77.0686345,38.92530399999998,11001000400,1112.8
49800627,-77.071679,38.927526,11001000400,1112.8
49800642,-77.073162,38.92861099999999,11001000400,1112.8
49800648,-77.0737341,38.929027600000005,11001000704,7234.1
49800662,-77.077009,38.931412000000016,11001000704,7234.1
49800665,-77.0778344,38.9320214,11001000703,11907.9
49800667,-77.07795550000002,38.932109699999984,11001000703,11907.9
49800670,-77.0798361,38.93348849999999,11001000703,11907.9
49800684,-77.0842968,38.93673490000002,11001000803,8181.8
49800716,-77.0497658,38.918065199999994,11001004100,2968.9
49800720,-77.029624,38.9162937,11001004402,9111.1
49800752,-76.9824992,38.84926810000002,11001007404,5208.7
49800755,-77.096772,38.91810909999999,11001000804,1291.7
49800760,-77.096769,38.91917699999999,11001000804,1291.7
49800763,-77.096766,38.920249999999996,11001000804,1291.7
49800818,-77.0958562,38.92298579999998,11001000804,1291.7
49800846,-77.09512,38.92375499999998,11001000804,1291.7
49800931,-77.09441750000002,38.9261792,11001000804,1291.7
49800960,-77.093635,38.927565,11001000804,1291.7
49800970,-77.0935931,38.928339699999995,11001000804,1291.7
49800989,-77.0959584,38.93591899999999,11001000903,3449.3
49800996,-77.096298,38.936930000000004,11001000904,1547.9
49800998,-77.096404,38.93724300000001,11001000904,1547.9
49801021,-77.096756,38.938425999999986,11001000903,3449.3
49801026,-77.0967633,38.9393767,11001000903,3449.3
49801031,-77.096766,38.940321,11001000903,3449.3
49801039,-77.096766,38.94316400000001,11001000903,3449.3
49801045,-77.096766,38.94423999999999,11001000903,3449.3
49801058,-77.096767,38.94628899999999,11001001003,2947.0
49801061,-77.09677,38.947907,11001001003,2947.0
49801066,-77.096757,38.949694000000015,11001001003,2947.0
49801142,-77.0403099,38.88792949999999,11001980000,1.5
49801161,-77.012151,38.922375800000005,11001003400,3776.1
49801196,-76.96233,38.87381920000001,11001009901,1002.4
49801203,-77.0488013,38.90790830000001,11001005503,7766.2
49801205,-76.9984577,38.89672149999999,11001008301,10123.6
49801228,-77.0116094,38.95765999999999,11001002102,6947.2
49801232,-77.012617,38.95765999999999,11001002102,6947.2
49801237,-77.0136667,38.95765999999999,11001002102,6947.2
49801242,-77.0142077,38.95765389999999,11001002102,6947.2
49801246,-77.0161582,38.95765999999999,11001002102,6947.2
49801263,-77.0199221,38.957519399999995,11001002102,6947.2
49801276,-77.0240842,38.95739619999999,11001002101,9894.6
49801283,-77.0258076,38.95734509999999,11001002101,9894.6
49801312,-77.03644950000002,38.95741329999998,11001002001,4706.6
49801324,-77.0379208,38.9579978,11001002001,4706.6
49801338,-76.98771,38.95094099999999,11001009503,2415.2
49801342,-76.998003,38.95065600000001,11001009509,5046.4
49801368,-76.935841,38.90607380000001,11001007806,3516.7
49801378,-76.9347544,38.90607310000001,11001007806,3516.7
49801386,-76.9337625,38.9060724,11001007806,3516.7
49801399,-76.930665,38.906070400000004,11001007806,3516.7
49801406,-76.92963720000002,38.90606969999999,11001007806,3516.7
49801434,-76.946355,38.90562599999999,11001009601,1058.9
49801455,-76.943405,38.90562119999999,11001009601,1058.9
49801475,-76.9506603,38.89823,11001009602,4023.6
49801476,-76.950009,38.89873919999999,11001009602,4023.6
49801479,-76.9493726,38.89923689999999,11001009602,4023.6
49801483,-76.948728,38.89974419999998,11001009602,4023.6
49801496,-76.9474607,38.9007539,11001009602,4023.6
49801515,-77.0190269,38.933530400000016,11001003200,9225.6
49801528,-77.020611,38.933274,11001003200,9225.6
49801532,-77.0729589,38.9187411,11001000300,5428.2
49801537,-77.0738104,38.918729899999995,11001000300,5428.2
49801548,-77.074357,38.918715999999996,11001000300,5428.2
49801553,-76.949366,38.865819000000016,11001009902,2118.3
49801559,-76.946998,38.86484900000001,11001009902,2118.3
49801560,-76.960131,38.86795399999999,11001007604,2729.6
49801561,-76.958728,38.868113,11001007604,2729.6
49801584,-76.966751,38.868544,11001007604,2729.6
49801588,-76.965798,38.86854400000001,11001007604,2729.6
49801596,-76.964776,38.86854400000001,11001007604,2729.6
49801614,-76.9822264,38.86823509999999,11001007601,3937.9
49801620,-76.981247,38.86823700000001,11001007605,8359.2
49801634,-76.9773527,38.868244699999984,11001007601,3937.9
49801638,-76.974966,38.86824949999999,11001007605,8359.2
49801643,-76.9721902,38.868255000000005,11001007601,3937.9
49801673,-77.0431654,38.92231989999998,11001004001,14523.2
49801772,-76.974992,38.87222299999999,11001007601,3937.9
49801791,-76.99337,38.858985,11001007407,5597.7
49801795,-76.993275,38.85841500000001,11001007406,7783.6
49801827,-76.983407,38.853485,11001007406,7783.6
49801855,-76.9730542,38.92939100000002,11001011100,819.3
49801871,-76.99605700000001,38.83941700000001,11001009804,5044.7
49801883,-76.995757,38.839415999999986,11001009804,5044.7
49801966,-77.004361,38.83798499999999,11001009803,5408.0
49801986,-77.0651689,38.958498000000006,11001001301,1375.9
49802065,-77.069176,38.961017,11001001402,3896.7
49802088,-77.06972630000001,38.9620798,11001001401,4218.2
49802109,-77.0699832,38.963091300000016,11001001401,4218.2
49802116,-77.070233,38.964901,11001001401,4218.2
49802209,-77.072725,38.96863599999999,11001001401,4218.2
49802221,-77.072873,38.969759800000006,11001001401,4218.2
49802245,-77.09955,38.933656,11001000904,1547.9
49802297,-77.1024,38.934308,11001000904,1547.9
49802301,-77.078679,38.929385999999994,11001000703,11907.9
49802317,-77.0772347,38.931135299999994,11001000703,11907.9
49802328,-77.0763043,38.9322348,11001000704,7234.1
49802339,-77.0752858,38.93348870000002,11001000704,7234.1
49802357,-77.073149,38.93607499999998,11001001002,3763.3
49802368,-77.07241590000001,38.936963500000005,11001000600,3028.9
49802377,-77.0714405,38.93815070000001,11001000600,3028.9
49802395,-77.070807,38.94067599999999,11001000600,3028.9
49802403,-76.967679,38.865702,11001007604,2729.6
49802483,-77.059056,38.97047400000002,11001001500,1189.4
49802498,-77.061017,38.97199499999999,11001001500,1189.4
49802501,-77.063881,38.971270999999994,11001001500,1189.4
49802507,-77.0663789,38.97127199999999,11001001500,1189.4
49802517,-77.071273,38.971273199999985,11001001401,4218.2
49802527,-77.021917,38.8887487,11001980000,1.5
49802545,-77.021912,38.88633789999998,11001010202,2108.3
49802547,-77.0219099,38.88324599999999,11001010202,2108.3
49802559,-77.0218853,38.87931169999999,11001010202,2108.3
49802580,-77.0376666,38.90724690000002,11001010700,1848.6
49802597,-77.009251,38.960184,11001002102,6947.2
49802625,-77.0104163,38.96202999999999,11001001902,2521.5
49802630,-77.0107628,38.9623831,11001001902,2521.5
49802633,-77.010967,38.96270369999999,11001001902,2521.5
49802664,-77.012142,38.964954999999996,11001001902,2521.5
49802803,-77.01425,38.968661,11001001902,2521.5
49802810,-77.0149687,38.9699394,11001001702,3606.2
49802833,-77.016086,38.971931999999995,11001001702,3606.2
49802852,-77.017054,38.97360599999999,11001001702,3606.2
49802900,-77.020107,38.976068,11001001702,3606.2
49802944,-77.021821,38.978301999999985,11001010300,4005.6
49802982,-77.0223525,38.9793943,11001010300,4005.6
49803048,-76.9611397,38.878544899999994,11001009901,1002.4
49803116,-76.9620164,38.87782839999999,11001007709,2756.0
49803203,-76.9772545,38.88615150000001,11001006804,1061.0
49803265,-77.006546,38.911857999999995,11001008701,6841.9
49803291,-76.978327,38.93965649999999,11001009400,3137.6
49803299,-76.9783163,38.940758,11001009400,3137.6
49803306,-76.9783204,38.942862,11001009400,3137.6
49803307,-76.978323,38.94423570000001,11001009400,3137.6
49803345,-76.976844,38.89761300000001,11001007903,7498.4
49803373,-76.976217,38.89948900000001,11001008904,8515.5
49803381,-76.976223,38.900872000000014,11001008904,8515.5
49803398,-76.97622,38.90371500000001,11001008903,12001.8
49803409,-76.976214,38.90496799999998,11001008903,12001.8
49803413,-76.976213,38.90562200000001,11001008903,12001.8
49803424,-76.976208,38.90628199999998,11001008903,12001.8
49803556,-77.05525870000001,38.90772,11001000101,5760.5
49803568,-77.0570749,38.90769839999999,11001000101,5760.5
49803574,-77.0581454,38.907686299999995,11001000102,1374.8
49803585,-77.06123550000001,38.907644299999994,11001000102,1374.8
49803595,-77.0634443,38.90760269999999,11001000202,3259.9
49803600,-76.96023,38.891287999999975,11001009604,3359.8
49803624,-76.959784,38.89280199999999,11001009604,3359.8
49803715,-77.0259955,38.89906250000001,11001005802,2837.0
49803719,-77.0183355,38.899064499999994,11001005900,3743.4
49803721,-77.01893100000001,38.899064499999994,11001005801,7641.9
49803726,-76.941152,38.87861200000001,11001007707,5155.6
49803754,-76.936341,38.878655,11001007707,5155.6
49803756,-76.935861,38.878655,11001007707,5155.6
49803759,-76.935245,38.87865299999999,11001007707,5155.6
49803848,-76.9781843,38.8720264,11001007601,3937.9
49803867,-76.97802,38.857306,11001007407,5597.7
49803878,-77.02861,38.98319099999999,11001001600,1895.6
49803888,-77.02969190000002,38.9832138,11001001600,1895.6
49803892,-77.031761,38.983216000000006,11001001600,1895.6
49803906,-77.036281,38.983213000000006,11001001600,1895.6
49803953,-77.039972,38.98348800000001,11001001600,1895.6
49803963,-77.025409,38.98272200000001,11001010300,4005.6
49804014,-77.006544,38.916990999999996,11001008701,6841.9
49804022,-77.0035064,38.916996999999995,11001008702,7239.5
49804027,-77.0020435,38.9170007,11001008702,7239.5
49804041,-76.95129400000002,38.88996200000002,11001009603,6946.7
49804074,-76.9949325,38.927420999999995,11001009201,4856.1
49804108,-76.9711544,38.92771809999999,11001011100,819.3
49804128,-76.993681,38.927450000000015,11001009302,4647.0
49804134,-76.9924463,38.92751599999999,11001009302,4647.0
49804146,-76.9906031,38.92760309999999,11001009302,4647.0
49804153,-76.988285,38.927718999999975,11001009302,4647.0
49804191,-76.982324,38.928019000000006,11001009301,3055.1
49804194,-76.9813514,38.9280627,11001009301,3055.1
49804197,-76.979223,38.928166999999995,11001009400,3137.6
49804203,-76.978608,38.92821200000001,11001009400,3137.6
49804250,-77.0566106,38.96654449999999,11001001500,1189.4
49804253,-77.030046,38.964382,11001001804,9021.2
49804256,-77.03045100000001,38.964377,11001001804,9021.2
49804318,-77.0355063,38.96452679999999,11001001803,3248.9
49804329,-77.0363297,38.96481339999999,11001001803,3248.9
49804364,-77.065421,38.9381946,11001000600,3028.9
49804374,-77.065259,38.9275306,11001000400,1112.8
49804380,-77.0651533,38.929014800000004,11001000502,5930.0
49804385,-77.065271,38.93121,11001000502,5930.0
49804397,-77.065264,38.93348879999999,11001000600,3028.9
49804425,-77.065123,38.93564860000001,11001000600,3028.9
49804511,-77.00106,38.845938,11001010400,1682.2
49804557,-76.985277,38.851155000000006,11001007404,5208.7
49804568,-76.942612,38.89387299999999,11001007803,5016.5
49804586,-76.9392012,38.893441899999964,11001007803,5016.5
49804595,-76.9377547,38.89324520000001,11001007803,5016.5
49804599,-76.9367822,38.893119500000005,11001007803,5016.5
49804603,-76.935831,38.892996600000004,11001007803,5016.5
49804653,-76.927957,38.891884000000005,11001007808,4346.3
49804660,-76.9937618,38.889812600000006,11001008100,10966.3
49804664,-76.9937596,38.89094290000001,11001008100,10966.3
49804798,-76.993744,38.929433,11001009301,3055.1
49804833,-76.993538,38.93043399999999,11001009301,3055.1
49804910,-76.994491,38.93810700000001,11001009504,2939.8
49804967,-76.9937537,38.9025183,11001008410,9721.9
49804974,-76.993755,38.90316299999999,11001008410,9721.9
49804992,-76.9937359,38.90428699999996,11001008803,3829.0
49805172,-77.0634455,38.9555777,11001001301,1375.9
49805181,-77.074596,38.95549499999999,11001001100,2689.0
49805192,-77.077144,38.955502,11001001100,2689.0
49805201,-77.077143,38.955951,11001001100,2689.0
49805205,-77.080301,38.95595530000001,11001001100,2689.0
49805207,-77.082026,38.9559558,11001001100,2689.0
49805210,-77.08327,38.955956200000024,11001001004,2689.9
49805213,-77.086208,38.955957199999986,11001001004,2689.9
49805218,-77.088628,38.955957999999995,11001001004,2689.9
49805505,-77.0585168,38.93557280000002,11001000600,3028.9
49805528,-77.059845,38.93558699999999,11001000600,3028.9
49805638,-77.067516,38.93628929999999,11001000600,3028.9
49805673,-77.0395945,38.98596060000001,11001001600,1895.6
49805878,-77.036992,38.98886100000001,11001001600,1895.6
49806100,-76.9377541,38.89463909999999,11001007803,5016.5
49806112,-76.9377536,38.895370500000006,11001007803,5016.5
49806127,-76.937753,38.896073000000015,11001007803,5016.5
49806152,-76.937752,38.897512,11001007803,5016.5
49806219,-76.937761,38.891892700000014,11001007803,5016.5
49806225,-76.937757,38.892646000000006,11001007803,5016.5
49806268,-76.9372577,38.90493239999999,11001007806,3516.7
49806288,-76.937852,38.910143999999995,11001009601,1058.9
49806314,-76.9371891,38.9112159,11001009601,1058.9
49806333,-76.9367,38.91197299999998,11001009601,1058.9
49806344,-77.0350627,38.97750489999999,11001001600,1895.6
49806412,-76.9562159,38.8626618,11001007603,3490.4
49806589,-77.031527,38.9793933,11001001600,1895.6
49806593,-77.030491,38.980380000000004,11001001600,1895.6
49806597,-77.029984,38.980861,11001001600,1895.6
49806608,-77.0279504,38.98279029999999,11001001600,1895.6
49806665,-77.0066584,38.9627069,11001009505,4265.8
49806678,-77.0058817,38.96269800000002,11001009505,4265.8
49806700,-77.002764,38.962696999999984,11001009505,4265.8
49806714,-76.999113,38.96269499999998,11001009505,4265.8
49806784,-76.988028,38.92451299999999,11001009302,4647.0
49806797,-76.9881147,38.9255916,11001009302,4647.0
49806810,-76.9882075,38.9266622,11001009302,4647.0
49806844,-76.9884442,38.92969659999999,11001009301,3055.1
49806853,-76.9885253,38.930684200000016,11001009301,3055.1
49806862,-76.98860300000001,38.93167000000002,11001009301,3055.1
49806871,-76.9887618,38.93364139999999,11001009301,3055.1
49806904,-76.988679,38.9361719,11001009503,2415.2
49806922,-76.988492,38.937241000000014,11001009503,2415.2
49806950,-76.988297,38.939657,11001009503,2415.2
49806987,-76.988312,38.942861699999995,11001009504,2939.8
49807033,-76.9868004,38.9502776,11001009503,2415.2
49807054,-76.986735,38.95172699999998,11001009503,2415.2
49807063,-76.986763,38.919397799999984,11001009102,2396.3
49807092,-76.988902,38.920783000000014,11001009102,2396.3
49807113,-76.9883172,38.889984800000015,11001008002,5676.3
49807115,-76.9883162,38.890134199999984,11001008002,5676.3
49807229,-76.988308,38.896719000000004,11001008001,9474.4
49807256,-76.988309,38.900755999999994,11001008410,9721.9
49807307,-76.923595,38.885760000000005,11001009905,7374.0
49807319,-76.923748,38.88508299999999,11001009905,7374.0
49807329,-76.924042,38.88373299999998,11001009905,7374.0
49807356,-76.924494,38.881705000000004,11001009905,7374.0
49807440,-77.086209,38.955352000000005,11001001004,2689.9
49807449,-77.088631,38.9553584,11001001004,2689.9
49807555,-76.99224020000001,38.8627679,11001007407,5597.7
49807566,-77.0096921,38.868248400000006,11001006400,3185.1
49807568,-77.0106665,38.868255299999994,11001006400,3185.1
49807572,-77.0116728,38.86826889999998,11001006400,3185.1
49807613,-76.9639411,38.880640900000024,11001007709,2756.0
49807642,-76.964237,38.879222999999996,11001007709,2756.0
49807720,-76.986009,38.850383999999984,11001007404,5208.7
49807765,-76.9266346,38.89974320000001,11001007804,4831.5
49807893,-76.925274,38.902811,11001007809,5855.7
49807959,-76.960625,38.871252,11001009901,1002.4
49807972,-76.966423,38.87201,11001007709,2756.0
49807975,-76.964768,38.872008999999984,11001009901,1002.4
49807986,-76.977356,38.8720247,11001007601,3937.9
49808153,-77.001434,38.94290199999999,11001009510,5690.3
49808183,-76.99967,38.940740999999996,11001009511,1982.2
49808266,-76.972597,38.848584,11001007403,8399.0
49808277,-77.013539,38.916995299999996,11001003301,7973.8
49808288,-77.013539,38.91810779999998,11001003301,7973.8
49808299,-77.013541,38.9191751,11001003301,7973.8
49808317,-76.9712159,38.85408730000001,11001007408,11076.8
49808347,-76.9848442,38.91129060000001,11001008804,3005.2
49808364,-76.985097,38.91170199999998,11001008803,3829.0
49808390,-77.093683,38.91858800000001,11001000804,1291.7
49808530,-77.094345,38.918586000000005,11001000804,1291.7
49808583,-77.0364564,38.93078380000001,11001002802,21556.7
49808604,-77.035949,38.93145980000001,11001002802,21556.7
49808613,-76.923222,38.90014899999999,11001007807,4738.9
49808619,-76.9228237,38.90045890000001,11001007807,4738.9
49808664,-76.9391822,38.900829,11001007809,5855.7
49808699,-76.9365812,38.900656600000005,11001007809,5855.7
49808715,-76.9337693,38.900664000000006,11001007809,5855.7
49808720,-76.9297057,38.9013112,11001007809,5855.7
49808761,-76.9285,38.90078699999998,11001007809,5855.7
49808806,-76.942596,38.90052299999999,11001007803,5016.5
49808953,-77.0113868,38.911793,11001004600,6991.7
49809076,-76.987802,38.90980899999999,11001008803,3829.0
49809168,-77.0434635,38.902526099999974,11001010700,1848.6
49809177,-77.043457,38.90373910000001,11001010700,1848.6
49809189,-77.0434504,38.905645400000004,11001010700,1848.6
49809200,-77.043448,38.907245699999976,11001010700,1848.6
49809222,-77.0435271,38.9090307,11001010700,1848.6
49809228,-77.043436,38.91187249999999,11001004202,12585.1
49809230,-77.043432,38.9126047,11001004202,12585.1
49809250,-77.0434396,38.91589409999997,11001004202,12585.1
49809263,-77.043887,38.91697400000001,11001004002,16899.8
49809266,-77.0442502,38.917810599999996,11001004002,16899.8
49809273,-77.0447808,38.91907029999999,11001004001,14523.2
49809279,-77.0450013,38.91954220000003,11001004001,14523.2
49809300,-77.042632,38.9296946,11001002702,11473.8
49809327,-77.0441919,38.93272819999999,11001002702,11473.8
49809334,-77.0441886,38.93417189999999,11001002703,14110.8
49809336,-77.101983,38.944939,11001000904,1547.9
49809372,-77.1020511,38.94385549999999,11001000904,1547.9
49809376,-77.0091908,38.90789709999999,11001004600,6991.7
49809380,-77.0216385,38.946812600000015,11001002201,7799.9
49809438,-77.0221239,38.947846899999995,11001002201,7799.9
49809439,-77.0222549,38.94779719999999,11001002201,7799.9
49809494,-77.0223366,38.94690520000001,11001002201,7799.9
49809657,-76.963832,38.853958,11001007603,3490.4
49809666,-77.0116698,38.83009479999999,11001009807,3203.8
49809674,-77.0125139,38.8304236,11001009807,3203.8
49809694,-77.0123945,38.880282700000016,11001010500,5126.6
49809698,-77.0239542,38.9170044,11001003500,11775.4
49809702,-77.0253753,38.91700869999999,11001004401,13723.8
49809715,-77.028084,38.917007299999995,11001004401,13723.8
49809721,-77.02962,38.91700829999999,11001004401,13723.8
49809762,-77.0416568,38.916943899999985,11001003801,10167.0
49809775,-77.012153,38.9169956,11001003301,7973.8
49809778,-77.014501,38.91699499999998,11001003301,7973.8
49809780,-77.015873,38.916904200000005,11001003400,3776.1
49809789,-77.0186863,38.9166367,11001003400,3776.1
49809797,-77.0201551,38.9164908,11001003400,3776.1
49809805,-77.0209296,38.916423,11001003400,3776.1
49809832,-76.9426086,38.89525759999999,11001007803,5016.5
49809841,-76.9391984,38.89482259999999,11001007803,5016.5
49809866,-76.926746,38.89530299999999,11001007808,4346.3
49809877,-76.924691,38.89505599999998,11001007808,4346.3
49809897,-76.921885,38.894629,11001007808,4346.3
49809919,-76.947245,38.892678000000004,11001009603,6946.7
49809939,-76.9177793,38.894547799999984,11001007808,4346.3
49809964,-76.9136747,38.89446800000001,11001007808,4346.3
49809997,-76.9123035,38.89435149999999,11001007808,4346.3
49810034,-76.956577,38.89476700000001,11001009604,3359.8
49810035,-76.955698,38.89476700000001,11001009604,3359.8
49810049,-76.940977,38.88319499999999,11001009907,4495.5
49810082,-76.936429,38.883373,11001009907,4495.5
49810108,-76.999513,38.882728,11001007000,5602.7
49810122,-76.994974,38.882724,11001007000,5602.7
49810128,-76.99376000000001,38.88272220000001,11001007000,5602.7
49810135,-76.9926462,38.882728199999995,11001007000,5602.7
49810149,-76.9902467,38.882846600000015,11001006900,7310.4
49810152,-76.9883139,38.882848499999994,11001006900,7310.4
49810171,-76.9822202,38.88284470000003,11001006802,8083.4
49810179,-76.9795217,38.8827731,11001006802,8083.4
49810184,-76.9772653,38.882824600000006,11001006804,1061.0
49810204,-76.962635,38.88284000000001,11001007708,2793.7
49810214,-76.959811,38.8828357,11001007708,2793.7
49810220,-76.9580798,38.8828349,11001007708,2793.7
49810245,-76.92674,38.88199799999999,11001009905,7374.0
49810280,-77.0082103,38.88323989999999,11001006500,5005.4
49810284,-77.006597,38.88323400000001,11001006500,5005.4
49810317,-76.9900945,38.8338838,11001009700,7952.0
49810434,-77.006548,38.91259399999998,11001008701,6841.9
49810451,-77.0011387,38.9126047,11001008702,7239.5
49810468,-76.97417600000001,38.91259399999998,11001011100,819.3
49810489,-76.971278,38.91257000000001,11001011100,819.3
49810499,-77.102059,38.941379,11001000904,1547.9
49810516,-77.1026516,38.94170509999999,11001000904,1547.9
49810539,-77.054096,38.981774999999985,11001001500,1189.4
49810546,-77.0558998,38.98181510000001,11001001500,1189.4
49810634,-77.0088988,38.9647252,11001009505,4265.8
49810636,-77.008318,38.96557000000001,11001009505,4265.8
49810642,-77.007691,38.9664179,11001009505,4265.8
49810662,-77.0540348,38.901498,11001005601,13442.9
49810664,-77.0540301,38.90119930000001,11001005601,13442.9
49810709,-76.995297,38.849752799999976,11001010400,1682.2
49810831,-77.0240102,38.90210919999999,11001010100,4591.0
49810840,-77.0240348,38.9025318,11001010100,4591.0
49810871,-77.0239723,38.9041773,11001004902,12760.9
49810876,-77.023969,38.907247000000005,11001004902,12760.9
49810877,-77.02397,38.908574,11001004902,12760.9
49810893,-77.0239706,38.912608299999995,11001004901,12437.4
49810896,-77.0239687,38.91335130000002,11001004901,12437.4
49810970,-77.0251903,38.944016500000004,11001002400,6713.4
49810989,-77.0255481,38.95191809999999,11001002201,7799.9
49811012,-77.0257002,38.9552044,11001002101,9894.6
49811029,-77.0258603,38.95841489999999,11001002101,9894.6
49811058,-77.0259617,38.9627017,11001001901,5955.3
49811067,-77.0259648,38.9643631,11001001901,5955.3
49811069,-77.025966,38.964955700000004,11001001901,5955.3
49811077,-77.0259682,38.96613979999999,11001001901,5955.3
49811092,-77.025407,38.97939439999998,11001010300,4005.6
49811096,-77.025408,38.981444599999996,11001010300,4005.6
49811125,-77.02518,38.93604099999998,11001002503,9959.7
49811143,-77.025328,38.937607,11001002503,9959.7
49811156,-77.025615,38.973611000000005,11001010300,4005.6
49811166,-77.025611,38.97542,11001010300,4005.6
49811182,-77.025607,38.97580599999999,11001010300,4005.6
49811183,-77.025606,38.976608,11001010300,4005.6
49811185,-77.025608,38.977284,11001010300,4005.6
49811210,-77.0643509,38.94887449999999,11001001301,1375.9
49811214,-77.0662071,38.94880189999998,11001001200,3864.4
49811242,-77.072478,38.948753,11001001200,3864.4
49811258,-77.074601,38.948722999999994,11001001200,3864.4
49811265,-76.9902447,38.89280900000001,11001008002,5676.3
49811269,-77.056456,38.94695000000001,11001001303,3953.0
49811273,-77.0567135,38.94789719999999,11001001303,3953.0
49811280,-77.0569806,38.94885399999998,11001001301,1375.9
49811287,-77.057222,38.94967499999999,11001001301,1375.9
49811453,-77.064366,38.95752499999998,11001001301,1375.9
49811508,-77.0550118,38.94062749999999,11001001304,5698.4
49811564,-77.054131,38.94220099999999,11001001303,3953.0
49811628,-77.055412,38.944583000000016,11001001303,3953.0
49811658,-77.0788793,38.92515190000002,11001000702,10484.3
49811662,-77.0788752,38.9258272,11001000702,10484.3
49811666,-77.0771453,38.95469790000001,11001001100,2689.0
49811674,-77.077144,38.958359,11001001100,2689.0
49811686,-77.077142,38.96102100000001,11001001100,2689.0
49811690,-77.077146,38.96207600000002,11001001100,2689.0
49811692,-77.077146,38.963090000000015,11001001100,2689.0
49811697,-77.0771432,38.96490990000001,11001001100,2689.0
49811707,-77.077035,38.944780999999985,11001001200,3864.4
49811713,-77.077032,38.94553199999999,11001001200,3864.4
49811714,-77.077031,38.94628799999999,11001001200,3864.4
49811752,-77.077033,38.947900999999995,11001001200,3864.4
49811754,-77.0770368,38.9480734,11001001200,3864.4
49811769,-77.077052,38.9187589,11001000300,5428.2
49811771,-77.077053,38.91917180000001,11001000300,5428.2
49811797,-77.077052,38.922549,11001000300,5428.2
49811825,-77.077253,38.92362399999999,11001000702,10484.3
49811905,-77.0756038,38.91417849999997,11001000300,5428.2
49811925,-77.075718,38.91682600000001,11001000300,5428.2
49811930,-77.077049,38.92569660000001,11001000702,10484.3
49811960,-77.077052,38.92901899999997,11001000704,7234.1
49811966,-77.077052,38.929767999999996,11001000704,7234.1
49811975,-77.0770476,38.93109150000002,11001000703,11907.9
49811996,-77.0770459,38.933484299999996,11001000704,7234.1
49812023,-77.077539,38.936885,11001001002,3763.3
49812033,-77.0780541,38.93901590000001,11001001002,3763.3
49812037,-77.0781209,38.93956949999998,11001001002,3763.3
49812070,-77.0845668,38.913312799999986,11001000802,1329.8
49812114,-77.088628,38.926868,11001000804,1291.7
49812122,-77.088633,38.92752899999999,11001000804,1291.7
49812133,-77.088641,38.930277999999994,11001000804,1291.7
49812136,-77.088641,38.931345999999984,11001000804,1291.7
49812146,-77.088641,38.93348600000001,11001000804,1291.7
49812166,-77.08862,38.94150700000001,11001001004,2689.9
49812175,-77.087946,38.942069,11001001004,2689.9
49812196,-77.087773,38.9431666,11001001004,2689.9
49812217,-77.086304,38.911888,11001000802,1329.8
49812221,-77.088634,38.943169899999965,11001001004,2689.9
49812229,-77.088636,38.944789799999995,11001001004,2689.9
49812234,-77.088635,38.945536,11001001004,2689.9
49812242,-77.08863200000002,38.946287,11001001004,2689.9
49812253,-77.088635,38.947900999999995,11001001004,2689.9
49812261,-77.08863200000002,38.94969199999999,11001001004,2689.9
49812270,-77.08863200000002,38.95211659999999,11001001004,2689.9
49812332,-77.037911,38.93385600000001,11001002703,14110.8
49812339,-77.03733,38.93476700000001,11001002703,14110.8
49812353,-77.029692,38.962703,11001001804,9021.2
49812378,-77.024207,38.962701100000004,11001001901,5955.3
49812381,-77.0233425,38.9627008,11001001901,5955.3
49812397,-77.01990230000001,38.96269979999999,11001001901,5955.3
49812410,-77.0161628,38.96269830000001,11001001902,2521.5
49812418,-77.0136473,38.9626974,11001001902,2521.5
49812437,-77.0104298,38.9626765,11001009505,4265.8
49812443,-77.0321769,38.962435299999996,11001001804,9021.2
49812451,-76.98117350000001,38.8515756,11001007404,5208.7
49812476,-76.934881,38.88707,11001009906,6392.1
49812478,-76.9350617,38.88685290000001,11001009906,6392.1
49812500,-77.0249805,38.9085845,11001004901,12437.4
49812502,-77.02497770000001,38.90964149999998,11001004901,12437.4
49812677,-77.0513545,38.909014400000004,11001000101,5760.5
49812698,-77.0505747,38.909389,11001000101,5760.5
49812744,-77.0519351,38.9117504,11001004100,2968.9
49812906,-77.0562151,38.918457400000015,11001004100,2968.9
49812992,-77.0550968,38.918895,11001004100,2968.9
49813125,-77.0533335,38.9124768,11001004100,2968.9
49813347,-77.0296235,38.900277599999995,11001010100,4591.0
49813356,-77.0296255,38.90253030000001,11001010100,4591.0
49813365,-77.0296269,38.90374440000001,11001010100,4591.0
49813374,-77.0296282,38.9056671,11001005003,18761.8
49813381,-77.0296298,38.9072492,11001005003,18761.8
49813384,-77.029631,38.908574999999985,11001005003,18761.8
49813393,-77.0296238,38.91056759999999,11001005001,10271.4
49813401,-77.029625,38.911866599999996,11001005001,10271.4
49813404,-77.0296232,38.912609599999996,11001005001,10271.4
49813441,-77.02962,38.91811299999999,11001004401,13723.8
49813443,-77.0296196,38.919195899999984,11001004401,13723.8
49813454,-77.0296249,38.92015409999999,11001004401,13723.8
49813458,-77.0296703,38.920507700000016,11001004401,13723.8
49813472,-77.029701,38.921083,11001003600,14725.8
49813480,-77.029705,38.92243380000004,11001003600,14725.8
49813493,-77.029711,38.92574799999999,11001003600,14725.8
49813494,-77.029707,38.92674199999998,11001003600,14725.8
49813496,-77.029707,38.927637,11001003000,16784.0
49813499,-77.0297081,38.929673999999984,11001003000,16784.0
49813502,-77.029709,38.93132300000001,11001003000,16784.0
49813511,-77.029727,38.93457100000002,11001002900,15329.2
49813525,-77.029705,38.937604,11001002503,9959.7
49813532,-77.029704,38.939741999999995,11001002503,9959.7
49813535,-77.029704,38.94080499999998,11001002503,9959.7
49813577,-77.029701,38.94872000000001,11001002002,4834.6
49813627,-77.029696,38.958349000000005,11001002002,4834.6
49813631,-77.029694,38.96150599999999,11001002001,4706.6
49813634,-77.029693,38.96217499999999,11001001804,9021.2
49813696,-77.0296829,38.966140599999996,11001001804,9021.2
49813704,-77.0296871,38.968979099999984,11001001804,9021.2
49813715,-77.0296885,38.96992890000001,11001001804,9021.2
49813801,-77.02969,38.979393,11001001600,1895.6
49813803,-77.0296844,38.980380000000004,11001001600,1895.6
49813812,-77.0296857,38.9823032,11001001600,1895.6
49813819,-77.0297018,38.984469800000014,11001001600,1895.6
49813823,-77.0296853,38.9853258,11001001600,1895.6
49813829,-77.0296802,38.9865367,11001001600,1895.6
49813839,-77.02964690000002,38.986933899999975,11001001600,1895.6
49813847,-76.975963,38.8707416,11001007601,3937.9
49813855,-76.9759633,38.8694901,11001007601,3937.9
49813859,-76.975853,38.86748299999999,11001007605,8359.2
49814006,-77.0058894,38.83445100000001,11001009803,5408.0
49814024,-77.078979,38.926183000000016,11001000702,10484.3
49814074,-77.0351245,38.940504,11001002504,10048.5
49814323,-77.0474252,38.93515519999999,11001002704,9978.6
49814377,-77.0487052,38.93388909999998,11001002704,9978.6
49814385,-77.0492884,38.9336814,11001002704,9978.6
49814443,-77.1028326,38.939508299999986,11001000904,1547.9
49814446,-77.102282,38.93998799999999,11001000904,1547.9
49814540,-77.102458,38.942978,11001000904,1547.9
49814661,-77.100348,38.944416999999994,11001000904,1547.9
49814710,-76.9749031,38.9227229,11001011100,819.3
49814716,-77.0812868,38.91166590000001,11001000802,1329.8
49814751,-77.0363476,38.959292799999986,11001002001,4706.6
49814761,-77.0383042,38.95952129999999,11001002001,4706.6
49814781,-77.0259933,38.913348799999994,11001004901,12437.4
49814787,-76.95467,38.887583,11001007703,7008.9
49814831,-76.956335,38.86155900000001,11001007603,3490.4
49814843,-76.956339,38.860486600000016,11001007603,3490.4
49814850,-76.9563216,38.8594221,11001007603,3490.4
49814910,-77.009898,38.872041,11001006400,3185.1
49814911,-77.0106542,38.8720406,11001006400,3185.1
49814912,-77.012174,38.87203899999999,11001006400,3185.1
49814932,-76.997914,38.95783699999999,11001009507,5540.9
49814955,-76.996218,38.95838,11001009507,5540.9
49815006,-77.037974,38.968754,11001001803,3248.9
49815014,-77.039591,38.962177000000004,11001002001,4706.6
49815114,-77.0415716,38.96092440000001,11001002001,4706.6
49815122,-77.041633,38.960822999999976,11001002001,4706.6
49815138,-77.0420896,38.96048,11001002001,4706.6
49815167,-77.0429495,38.96030500000001,11001001301,1375.9
49815206,-77.0448138,38.96064210000001,11001001301,1375.9
49815268,-77.107662,38.92954999999999,11001000902,981.5
49815271,-77.108852,38.928811999999986,11001000902,981.5
49815277,-77.10968,38.928301000000005,11001000902,981.5
49815281,-77.073106,38.929023999999984,11001000400,1112.8
49815290,-77.074626,38.92902409999999,11001000704,7234.1
49815295,-77.075843,38.92902159999999,11001000704,7234.1
49815391,-77.086213,38.930281,11001000804,1291.7
49815397,-77.08743,38.9302795,11001000804,1291.7
49815432,-77.092213,38.930198,11001000804,1291.7
49815504,-77.0501498,38.92523760000001,11001000501,3599.2
49815548,-77.0527573,38.92781839999998,11001000501,3599.2
49815553,-77.0541658,38.92810529999999,11001000501,3599.2
49815563,-77.056449,38.928562,11001000502,5930.0
49815565,-77.057655,38.928807,11001000502,5930.0
49815596,-77.06133800000002,38.92901100000002,11001000502,5930.0
49815599,-77.063257,38.929013000000005,11001000502,5930.0
49815647,-77.101468,38.93027200000003,11001000904,1547.9
49815658,-77.105563,38.9302763,11001000904,1547.9
49815664,-77.1068362,38.9302623,11001000904,1547.9
49815678,-76.9924645,38.93048759999999,11001009301,3055.1
49815687,-76.9908411,38.93056860000001,11001009301,3055.1
49815709,-76.9825629,38.93098179999999,11001009301,3055.1
49815712,-76.9794538,38.931136999999985,11001009400,3137.6
49815733,-76.9741794,38.93115749999998,11001009400,3137.6
49815761,-76.99494910000001,38.93040010000001,11001009201,4856.1
49815786,-76.9936563,38.82920499999999,11001009811,9038.1
49815809,-77.0548955,38.922183399999994,11001000501,3599.2
49815853,-77.0577653,38.9232128,11001000400,1112.8
49815855,-77.0673486,38.97205660000001,11001001500,1189.4
49815887,-77.03416,38.96903499999999,11001001803,3248.9
49815908,-77.032085,38.971160000000005,11001001804,9021.2
49815946,-76.9337705,38.89972929999999,11001007809,5855.7
49815997,-76.9285308,38.8999085,11001007809,5855.7
49816008,-76.9275824,38.8997414,11001007804,4831.5
49816016,-76.9251402,38.8997462,11001007807,4738.9
49816030,-76.940617,38.89973100000001,11001007803,5016.5
49816034,-76.9391868,38.899730000000005,11001007804,4831.5
49816067,-76.9425979,38.8997323,11001007803,5016.5
49816086,-76.941417,38.89981299999999,11001007803,5016.5
49816125,-76.949227,38.902259999999984,11001009602,4023.6
49816132,-76.9480758,38.90128570000001,11001009602,4023.6
49816143,-76.925088,38.89988989999999,11001007807,4738.9
49816155,-76.9222349,38.89927200000001,11001007807,4738.9
49816160,-76.921894,38.89912,11001007807,4738.9
49816236,-76.98963500000002,38.836006,11001009700,7952.0
49816269,-76.9875356,38.836742499999986,11001009700,7952.0
49816285,-76.961362,38.92129099999999,11001011100,819.3
49816300,-76.960235,38.889955,11001009604,3359.8
49816305,-76.960232,38.89060400000001,11001009604,3359.8
49816319,-76.960219,38.89199899999999,11001009604,3359.8
49816368,-76.961365,38.91866279999999,11001011100,819.3
49816372,-76.9612647,38.91951799999999,11001011100,819.3
49816382,-76.9989525,38.907423,11001008803,3829.0
49816388,-76.9978315,38.9069506,11001008803,3829.0
49816406,-76.986047,38.90214099999999,11001008802,9828.6
49816414,-76.984565,38.901508,11001008802,9828.6
49816427,-77.006547,38.91628200000001,11001008701,6841.9
49816436,-77.0035048,38.91628099999999,11001008702,7239.5
49816437,-77.0020444,38.9162802,11001008702,7239.5
49816494,-77.0365173,38.911887000000014,11001005302,21654.1
49816517,-76.967952,38.851924999999994,11001007502,7711.5
49816550,-76.9844448,38.8501026,11001007404,5208.7
49816594,-76.981012,38.85074900000001,11001007404,5208.7
49816636,-76.975897,38.85589,11001007407,5597.7
49816640,-76.9752043,38.8565385,11001007502,7711.5
49816679,-76.9722042,38.85220800000001,11001007408,11076.8
49816688,-76.972276,38.86036899999999,11001007502,7711.5
49816771,-77.0562607,38.93169509999998,11001000502,5930.0
49816774,-77.057137,38.93138799999999,11001000502,5930.0
49816813,-77.058387,38.92975999999999,11001000502,5930.0
49816818,-76.9528967,38.89293660000001,11001009603,6946.7
49816834,-76.950353,38.891896,11001009603,6946.7
49816840,-76.947244,38.891894,11001009603,6946.7
49816853,-76.9426196,38.89189330000002,11001009603,6946.7
49816872,-76.917784,38.890882999999995,11001007808,4346.3
49816883,-76.9392051,38.891894,11001007803,5016.5
49816895,-76.9367856,38.89189180000001,11001007803,5016.5
49816932,-76.93114,38.891886799999995,11001007804,4831.5
49816978,-76.925904,38.891729,11001007808,4346.3
49817006,-76.922771,38.89134500000001,11001007808,4346.3
49817014,-76.920949,38.89112200000001,11001007808,4346.3
49817070,-76.9575101,38.891999399999996,11001009604,3359.8
49817083,-76.98367,38.9129546,11001008803,3829.0
49817091,-76.9846043,38.91453769999999,11001008803,3829.0
49817092,-76.984682,38.91467800000001,11001008803,3829.0
49817097,-76.988738,38.86274100000001,11001007503,4736.7
49817101,-77.067727,38.9514153,11001001200,3864.4
49817116,-77.071529,38.95141679999999,11001001200,3864.4
49817129,-77.0737366,38.95141960000001,11001001200,3864.4
49817140,-76.9649338,38.87637200000001,11001007709,2756.0
49817149,-76.964766,38.875483999999986,11001009901,1002.4
49817154,-76.96477,38.87482099999998,11001009901,1002.4
49817160,-76.96477,38.873817899999985,11001009901,1002.4
49817181,-76.964772,38.87108700000001,11001007604,2729.6
49817185,-76.964772,38.870743,11001007604,2729.6
49817189,-76.9647743,38.869483,11001007604,2729.6
49817193,-76.96476900000002,38.867726000000005,11001007604,2729.6
49817243,-76.964787,38.86255299999999,11001007604,2729.6
49817246,-76.964794,38.861658000000006,11001007604,2729.6
49817254,-76.964497,38.86014599999998,11001007603,3490.4
49817300,-76.9646275,38.8572103,11001007603,3490.4
49817313,-76.965511,38.85512400000001,11001007603,3490.4
49817328,-76.96568400000001,38.853589999999976,11001007502,7711.5
49817387,-77.0121586,38.91260359999999,11001003302,10949.2
49817394,-77.0133137,38.912610300000004,11001004600,6991.7
49817399,-77.0151797,38.91260430000001,11001004600,6991.7
49817406,-77.0173623,38.91260489999999,11001004600,6991.7
49817413,-77.0189372,38.91260660000001,11001004801,8673.1
49817415,-77.0198932,38.912609599999996,11001004801,8673.1
49817430,-77.0229477,38.9126069,11001004901,12437.4
49817435,-77.0259912,38.912607699999995,11001004901,12437.4
49817439,-77.027826,38.912608599999984,11001005001,10271.4
49817459,-77.03325070000001,38.912610499999985,11001005202,12072.2
49817467,-77.0365163,38.9126082,11001005202,12072.2
49817489,-77.0416551,38.912607999999985,11001004202,12585.1
49817499,-77.0450674,38.91260660000001,11001004202,12585.1
49817512,-77.0475634,38.9126086,11001004100,2968.9
49817537,-77.0539383,38.91105370000001,11001000102,1374.8
49817556,-77.058248,38.912569399999995,11001000102,1374.8
49817599,-77.0631304,38.91331040000001,11001000102,1374.8
49817610,-77.0642422,38.91365200000001,11001000102,1374.8
49817626,-77.0666845,38.91372890000002,11001000202,3259.9
49817638,-77.0692865,38.913668800000025,11001000202,3259.9
49817652,-77.0727403,38.91358079999999,11001000300,5428.2
49817660,-77.0741539,38.91354710000002,11001000300,5428.2
49817698,-77.065171,38.9512587,11001001301,1375.9
49817702,-77.052851,38.957754,11001001301,1375.9
49817838,-77.079208,38.947078,11001001004,2689.9
49817911,-77.075339,38.9496878,11001001200,3864.4
49817917,-77.075244,38.950098999999994,11001001200,3864.4
49817948,-77.07286800000001,38.952097999999985,11001001200,3864.4
49817966,-76.998763,38.857518,11001007401,1034.1
49817981,-76.974175,38.92343699999999,11001011100,819.3
49817989,-76.9741764,38.924506199999996,11001011100,819.3
49818000,-76.974173,38.9255819,11001011100,819.3
49818012,-76.9741672,38.932137499999996,11001009400,3137.6
49818019,-76.9741695,38.934095100000015,11001009400,3137.6
49818030,-76.974173,38.93723929999999,11001009400,3137.6
49818040,-76.9741771,38.939651099999985,11001009400,3137.6
49818042,-76.9741775,38.93991780000002,11001009400,3137.6
49818046,-76.9741765,38.94072899999998,11001009400,3137.6
49818089,-76.974177,38.913348999999975,11001011100,819.3
49818109,-76.97387100000002,38.89128200000001,11001006804,1061.0
49818147,-76.9744956,38.8928173,11001006804,1061.0
49818173,-77.073835,38.919170000000015,11001000300,5428.2
49818257,-76.95537000000002,38.871235999999996,11001009901,1002.4
49818285,-76.953097,38.87112299999999,11001009901,1002.4
49818289,-76.9610026,38.87434770000001,11001009901,1002.4
49818855,-77.01341,38.95872759999999,11001002102,6947.2
49818890,-77.0195934,38.95040409999999,11001002202,4615.4
49818900,-77.0183151,38.95212489999998,11001002202,4615.4
49818935,-77.0300434,38.9363777,11001002900,15329.2
49818956,-77.027513,38.939741,11001002503,9959.7
49818968,-77.02672500000001,38.940805,11001002503,9959.7
49818974,-77.024322,38.94404199999998,11001002400,6713.4
49819015,-76.997749,38.959316999999984,11001009507,5540.9
49819047,-76.995127,38.958004,11001009507,5540.9
49819052,-76.994186,38.95727119999999,11001009508,4063.9
49819077,-77.002765,38.96051099999999,11001009505,4265.8
49819083,-77.001046,38.960522999999995,11001009505,4265.8
49819105,-76.927964,38.890779499999994,11001007808,4346.3
49819134,-76.927042,38.89448199999999,11001007808,4346.3
49819142,-76.926563,38.895813999999994,11001007808,4346.3
49819171,-76.9252981,38.8993106,11001007807,4738.9
49819186,-76.9247009,38.901023699999996,11001007809,5855.7
49819192,-76.9242723,38.90222490000002,11001007809,5855.7
49819197,-76.9240299,38.9028748,11001007807,4738.9
49819279,-77.106076,38.934394999999995,11001000904,1547.9
49819368,-77.1085433,38.9337566,11001000904,1547.9
49819386,-76.9995165,38.889813100000005,11001006600,7540.5
49819392,-76.999512,38.89094399999998,11001008200,8289.3
49819456,-76.9995097,38.902520300000006,11001010602,13400.1
49819462,-76.9995077,38.90373219999999,11001010602,13400.1
49819468,-76.999504,38.90564570000001,11001010602,13400.1
49819478,-76.9994592,38.90671960000001,11001010602,13400.1
49819504,-77.002011,38.959174999999995,11001009505,4265.8
49819526,-77.001013,38.9612673,11001009505,4265.8
49819549,-76.9996446,38.91561829999999,11001008702,7239.5
49819593,-76.999522,38.918107799999994,11001008702,7239.5
49819599,-76.999519,38.91917800000001,11001008702,7239.5
49819615,-76.999047,38.95634400000001,11001009508,4063.9
49819647,-76.9500153,38.89974280000001,11001009602,4023.6
49819661,-76.982241,38.85623600000002,11001007407,5597.7
49819679,-76.9796321,38.856172199999996,11001007407,5597.7
49819703,-76.958919,38.85645500000001,11001007603,3490.4
49819707,-77.059046,38.95272899999999,11001001301,1375.9
49819792,-77.0198922,38.973610100000016,11001001702,3606.2
49819801,-77.021416,38.973608999999996,11001001702,3606.2
49819825,-77.0244669,38.973612,11001010300,4005.6
49819895,-77.0281939,38.97371739999999,11001010300,4005.6
49819940,-76.992638,38.90316200000001,11001008410,9721.9
49820407,-77.0460914,38.91443640000001,11001005502,9897.5
49820496,-77.0479624,38.918620999999995,11001004100,2968.9
49820506,-77.0483208,38.9187287,11001004001,14523.2
49820527,-77.0486368,38.91883039999999,11001004001,14523.2
49820583,-77.051513,38.9235359,11001000501,3599.2
49820604,-77.0526817,38.925536900000004,11001000501,3599.2
49820612,-77.0532541,38.9265345,11001000501,3599.2
49820692,-77.06006,38.9382253,11001000600,3028.9
49820699,-77.0607408,38.939396,11001000600,3028.9
49820714,-77.062921,38.94315399999998,11001001200,3864.4
49820727,-77.0642764,38.945484,11001001303,3953.0
49820743,-77.065005,38.9467364,11001001200,3864.4
49820757,-77.0656788,38.947894700000006,11001001200,3864.4
49820770,-77.0667183,38.94968149999999,11001001200,3864.4
49820781,-77.068123,38.952096000000004,11001001200,3864.4
49820799,-77.0692315,38.9539862,11001001200,3864.4
49820820,-77.0696405,38.9546871,11001001100,2689.0
49820853,-77.0717664,38.95835849999999,11001001100,2689.0
49820870,-77.073309,38.961017,11001001100,2689.0
49820872,-77.073928,38.962076,11001001100,2689.0
49820874,-77.074521,38.963092,11001001100,2689.0
49820885,-77.0755788,38.964916300000006,11001001100,2689.0
49820981,-77.0393936,38.902815399999994,11001010700,1848.6
49821002,-77.041951,38.907252900000024,11001010700,1848.6
49821031,-77.0487851,38.91836990000001,11001004100,2968.9
49821069,-76.978967,38.84467099999999,11001007409,8248.9
49821087,-76.976533,38.84512999999999,11001007409,8248.9
49821164,-76.98989,38.840513,11001007304,3529.8
49821178,-76.988503,38.84082699999999,11001007304,3529.8
49821185,-76.988033,38.860198999999994,11001007407,5597.7
49821214,-76.98690600000002,38.86052300000001,11001007504,3684.5
49821235,-76.962037,38.860494999999986,11001007603,3490.4
49821246,-76.9601764,38.860492300000004,11001007603,3490.4
49821260,-76.958913,38.8604904,11001007603,3490.4
49821390,-76.953631,38.861538,11001007603,3490.4
49821453,-76.9834911,38.8608642,11001007503,4736.7
49821508,-76.9801937,38.94072760000002,11001009400,3137.6
49821610,-77.004382,38.940739,11001009511,1982.2
49821655,-76.9726511,38.94072959999998,11001009400,3137.6
49821658,-77.0058943,38.873780700000005,11001007201,2605.7
49821688,-76.9300589,38.8880112,11001009904,8522.7
49821695,-76.930361,38.88665399999997,11001009904,8522.7
49821700,-76.930503,38.885986,11001009904,8522.7
49821706,-76.930802,38.884629,11001009904,8522.7
49821740,-76.99355,38.937824000000006,11001009504,2939.8
49821763,-76.9906148,38.93724640000001,11001009504,2939.8
49821787,-76.9752076,38.937239899999994,11001009400,3137.6
49821836,-77.0989289,38.93657019999999,11001000904,1547.9
49821840,-77.04083,38.99384199999999,11001001600,1895.6
49821844,-77.041585,38.99325599999999,11001001600,1895.6
49821909,-77.042426,38.990411999999985,11001001600,1895.6
49821913,-77.0535377,38.94199769999999,11001001303,3953.0
49821922,-77.0667428,38.96207780000002,11001001401,4218.2
49821958,-77.0592883,38.964909500000005,11001001402,3896.7
49822010,-77.0627443,38.96262009999998,11001001402,3896.7
49822016,-77.0638888,38.96210839999999,11001001402,3896.7
49822164,-77.1098363,38.93041239999999,11001000902,981.5
49822195,-76.9624839,38.9308352,11001011100,819.3
49822230,-76.9493773,38.90025260000003,11001009602,4023.6
49822260,-77.0090483,38.82891490000001,11001009807,3203.8
49822299,-77.0125895,38.82866580000002,11001009807,3203.8
49822338,-77.0801802,38.9488128,11001001004,2689.9
49822340,-77.082042,38.9479069,11001001004,2689.9
49822365,-76.9928194,38.950242599999996,11001009509,5046.4
49822382,-76.9905449,38.950278900000015,11001009509,5046.4
49822390,-76.9876106,38.950271900000004,11001009503,2415.2
49822401,-76.998003,38.950046,11001009509,5046.4
49822407,-76.994956,38.950044999999996,11001009509,5046.4
49822464,-77.0347891,38.935466899999994,11001002801,22554.6
49822473,-77.03543000000002,38.93607099999999,11001002801,22554.6
49822510,-77.01284530000001,38.96998429999999,11001001702,3606.2
49822541,-77.016174,38.9699387,11001001702,3606.2
49822546,-77.0198956,38.96992989999998,11001001902,2521.5
49822554,-77.021165,38.9699298,11001001901,5955.3
49822560,-77.021412,38.9699298,11001001901,5955.3
49822568,-77.02333,38.96992980000001,11001001901,5955.3
49822574,-77.024211,38.9699298,11001001901,5955.3
49822592,-77.028472,38.9699293,11001001804,9021.2
49822649,-77.0363218,38.969925,11001001803,3248.9
49822671,-77.0363226,38.96972170000001,11001001803,3248.9
49822673,-77.0364206,38.96972139999999,11001001803,3248.9
49822681,-77.03812400000001,38.96971700000001,11001001803,3248.9
49822760,-77.0665054,38.9615463,11001001401,4218.2
49822768,-77.0663787,38.963091700000014,11001001401,4218.2
49822775,-77.0663783,38.96490700000001,11001001401,4218.2
49822783,-77.0663786,38.96863900000001,11001001500,1189.4
49822786,-77.0663787,38.969764000000005,11001001500,1189.4
49822788,-77.0663788,38.970538,11001001500,1189.4
49822799,-77.066379,38.972837000000006,11001001500,1189.4
49822801,-77.066379,38.974013,11001001500,1189.4
49822805,-77.066381,38.975468000000006,11001001500,1189.4
49822808,-77.066179,38.955732,11001001301,1375.9
49822876,-77.0648,38.95728900000002,11001001301,1375.9
49822884,-77.0660502,38.9051145,11001000202,3259.9
49822896,-77.0660866,38.90681089999999,11001000202,3259.9
49822904,-77.0660801,38.90780560000001,11001000202,3259.9
49822919,-77.0661027,38.90978599999997,11001000202,3259.9
49822928,-77.066128,38.9117565,11001000202,3259.9
49822965,-76.922446,38.898686,11001007807,4738.9
49822994,-76.9219038,38.89949410000001,11001007807,4738.9
49823001,-77.0812722,38.96266309999999,11001001100,2689.0
49823020,-77.08104,38.96309919999999,11001001100,2689.0
49823040,-77.0671987,38.96309869999999,11001001401,4218.2
49823063,-77.082018,38.96310070000001,11001001100,2689.0
49823085,-77.063254,38.930509,11001000502,5930.0
49823141,-77.0726513,38.931865899999984,11001000400,1112.8
49823153,-77.0742262,38.932006900000005,11001000704,7234.1
49823182,-77.0513236,38.9253623,11001000501,3599.2
49823207,-77.05644100000002,38.92603679999999,11001000502,5930.0
49823219,-77.0576388,38.92618569999999,11001000502,5930.0
49823271,-77.0189665,38.943624500000006,11001002301,7776.5
49823277,-77.01921150000001,38.94367059999999,11001002301,7776.5
49823283,-77.0194687,38.9436453,11001002301,7776.5
49823325,-77.019691,38.94268469999999,11001002400,6713.4
49823332,-77.0194983,38.9426041,11001002400,6713.4
49823340,-77.0192677,38.9425703,11001002400,6713.4
49823347,-77.0188867,38.94264929999999,11001002301,7776.5
49823403,-76.959996,38.867240999999986,11001007604,2729.6
49823408,-76.958438,38.86741899999998,11001007604,2729.6
49823434,-76.9749663,38.86748699999999,11001007605,8359.2
49823438,-76.983054,38.867327,11001007605,8359.2
49823451,-76.9822263,38.867265999999994,11001007605,8359.2
49823469,-76.9870602,38.86758270000001,11001007601,3937.9
49823491,-76.9826771,38.86751840000001,11001007605,8359.2
49823532,-77.099477,38.926183,11001000902,981.5
49823707,-77.096169,38.932379000000005,11001000902,981.5
49823732,-76.9996538,38.885989200000004,11001006500,5005.4
49823736,-76.9993772,38.8861019,11001006500,5005.4
49823743,-76.9984547,38.88647580000001,11001006600,7540.5
49823761,-76.9956812,38.88760239999999,11001006600,7540.5
49823768,-76.9949626,38.8878952,11001006600,7540.5
49823773,-76.9937597,38.8883823,11001006700,9175.4
49823775,-76.9931594,38.8886292,11001006700,9175.4
49823777,-76.9926439,38.8888368,11001006700,9175.4
49823835,-77.00588800000001,38.88348200000001,11001006500,5005.4
49823847,-77.0053714,38.8836772,11001006500,5005.4
49823851,-77.003994,38.88422020000001,11001006500,5005.4
49823944,-77.044329,38.92684199999999,11001003902,6388.3
49823952,-77.0204938,38.9275395,11001003200,9225.6
49823986,-77.025939,38.92685400000001,11001003500,11775.4
49824054,-77.0364735,38.9271742,11001002802,21556.7
49824055,-77.0367161,38.92712050000001,11001003901,22609.1
49824103,-77.041214,38.927182000000016,11001003901,22609.1
49824135,-77.0364721,38.92588,11001003702,23552.5
49824145,-77.043525,38.92784499999998,11001003902,6388.3
49824184,-77.003514,38.89093800000001,11001008200,8289.3
49824189,-77.0020376,38.8909449,11001008200,8289.3
49824196,-76.9984527,38.89094470000001,11001008200,8289.3
49824214,-76.9949679,38.89094439999998,11001008100,10966.3
49824233,-76.9822161,38.89093879999999,11001008002,5676.3
49824259,-76.992706,38.933443000000004,11001009301,3055.1
49824264,-76.9910785,38.933525999999965,11001009301,3055.1
49824281,-76.98279980000001,38.93393829999998,11001009301,3055.1
49824295,-76.9796822,38.934093499999996,11001009400,3137.6
49824325,-76.9681735,38.9340973,11001009400,3137.6
49824719,-77.0488223,38.90208959999997,11001010800,7151.8
49824748,-77.048813,38.905262300000004,11001005501,10678.0
49824754,-77.0488075,38.90643969999999,11001005501,10678.0
49824756,-77.0488034,38.9072467,11001005502,9897.5
49824779,-77.0487738,38.910679599999995,11001005502,9897.5
49824827,-77.0199018,38.963237200000016,11001001901,5955.3
49824869,-77.0363457,38.9602082,11001002001,4706.6
49824889,-77.037748,38.960423999999996,11001002001,4706.6
49824902,-77.011613,38.9601624,11001002102,6947.2
49824916,-77.0161605,38.960166999999984,11001001902,2521.5
49824929,-77.01990470000001,38.96015850000002,11001001901,5955.3
49824935,-77.0211702,38.960155700000016,11001001901,5955.3
49824943,-77.0242051,38.960163,11001001901,5955.3
49824970,-77.00155400000001,38.84271599999998,11001009804,5044.7
49825030,-77.0184011,38.9147813,11001004801,8673.1
49825054,-77.018861,38.91773600000001,11001003400,3776.1
49825058,-77.018937,38.918257999999994,11001003400,3776.1
49825064,-77.019093,38.919254,11001003400,3776.1
49825108,-77.0189297,38.90252099999998,11001004702,10650.0
49825121,-77.0189292,38.90373499999999,11001004703,27395.0
49825124,-77.0189312,38.9039207,11001004703,27395.0
49825128,-77.0189301,38.904186599999996,11001004802,10299.1
49825142,-77.018932,38.9056485,11001004802,10299.1
49825155,-77.018937,38.907236700000006,11001004802,10299.1
49825157,-77.018925,38.908573,11001004802,10299.1
49825190,-77.0188942,38.9149924,11001004801,8673.1
49825351,-77.0192992,38.94419110000001,11001002301,7776.5
49825390,-77.0196681,38.9520846,11001002202,4615.4
49825405,-77.019822,38.9553789,11001002102,6947.2
49825409,-77.019872,38.9564471,11001002102,6947.2
49825427,-77.019906,38.95873859999999,11001002101,9894.6
49825434,-77.0199036,38.961313600000004,11001001901,5955.3
49825445,-77.0199008,38.96436220000002,11001001901,5955.3
49825447,-77.0199002,38.96495449999999,11001001901,5955.3
49825448,-77.0198997,38.9655401,11001001902,2521.5
49825451,-77.01989910000002,38.9661386,11001001902,2521.5
49825464,-77.0198968,38.968632099999994,11001001902,2521.5
49825490,-77.0198912,38.9747911,11001001702,3606.2
49825505,-77.019033,38.937398,11001002302,762.9
49825518,-77.018993,38.937772,11001002301,7776.5
49825523,-77.019097,38.93991200000001,11001002301,7776.5
49825533,-77.0191482,38.9409841,11001002301,7776.5
49825561,-77.013653,38.90646400000001,11001004600,6991.7
49825675,-77.006823,38.96551199999999,11001009505,4265.8
49825717,-77.0027452,38.9649811,11001009505,4265.8
49825798,-76.9844534,38.923650099999996,11001009102,2396.3
49825825,-76.9989054,38.92516119999999,11001009204,10984.5
49825887,-77.0621809,38.974030199999994,11001001500,1189.4
49825900,-76.9177781,38.89581709999999,11001007808,4346.3
49825905,-76.9177769,38.897148900000005,11001007807,4738.9
49825991,-77.1031378,38.92321509999999,11001000902,981.5
49826042,-77.100578,38.922399999999996,11001000902,981.5
49826375,-77.057684,38.941589999999984,11001001303,3953.0
49826377,-77.054272,38.97283170000001,11001001500,1189.4
49826388,-77.0543382,38.973299900000015,11001001500,1189.4
49826390,-77.03638560000002,38.94080799999999,11001002504,10048.5
49826412,-77.041285,38.94081609999999,11001002600,1190.1
49826421,-77.0143464,38.941116799999996,11001002302,762.9
49826430,-77.0153447,38.94109239999999,11001002301,7776.5
49826442,-77.0179293,38.941021899999996,11001002301,7776.5
49826461,-77.0232925,38.9408602,11001002400,6713.4
49826510,-77.0348524,38.9408084,11001002504,10048.5
49826524,-77.007464,38.879293600000004,11001007202,28604.4
49826530,-77.005892,38.879290399999995,11001007202,28604.4
49826533,-77.0051569,38.87928439999999,11001007203,8603.6
49826547,-77.0002717,38.87928989999999,11001007203,8603.6
49826564,-76.990247,38.8792776,11001007100,4634.0
49826576,-76.992645,38.879275,11001007000,5602.7
49826586,-76.994975,38.87928399999998,11001007000,5602.7
49826596,-76.9984901,38.87988779999999,11001007000,5602.7
49826598,-76.99952,38.8801766,11001007000,5602.7
49826628,-77.016947,38.91792099999999,11001003400,3776.1
49826644,-77.0689248,38.9692235,11001001500,1189.4
49826649,-77.0689246,38.96976099999999,11001001500,1189.4
49826676,-77.067504,38.9275313,11001000400,1112.8
49826690,-77.034086,38.93789499999998,11001002504,10048.5
49826783,-77.017724,38.93773800000001,11001002302,762.9
49826805,-77.0231467,38.93764379999998,11001002400,6713.4
49826814,-77.026191,38.93760599999998,11001002503,9959.7
49826818,-77.02720200000002,38.937608,11001002503,9959.7
49826837,-77.044826,38.937933,11001002600,1190.1
49826840,-76.985177,38.900648,11001008410,9721.9
49826848,-76.983929,38.902424999999994,11001008802,9828.6
49826853,-76.983327,38.90336549999998,11001008802,9828.6
49826859,-76.982802,38.90417,11001008802,9828.6
49826868,-76.982503,38.904632,11001008802,9828.6
49826874,-76.981863,38.90562200000001,11001008804,3005.2
49826876,-76.981631,38.90598100000001,11001008804,3005.2
49826882,-76.98105,38.90688,11001008804,3005.2
49826908,-76.9188282,38.88855949999999,11001009903,5619.8
49826976,-76.918648,38.886989,11001009903,5619.8
49827065,-76.972001,38.86017199999998,11001007502,7711.5
49827112,-77.0407639,38.919858999999995,11001003802,17411.3
49827117,-77.0408682,38.9201926,11001003802,17411.3
49827157,-77.0627708,38.90342600000001,11001000102,1374.8
49827159,-76.991221,38.863318,11001007407,5597.7
49827204,-76.98855,38.860659999999996,11001007407,5597.7
49827223,-76.986937,38.859496000000014,11001007407,5597.7
49827236,-76.985769,38.85868800000002,11001007407,5597.7
49827240,-76.985535,38.858518999999994,11001007407,5597.7
49827282,-76.982247,38.85700199999999,11001007407,5597.7
49827338,-77.01287,38.971991999999986,11001001702,3606.2
49827376,-77.0610786,38.885322999999985,11001980000,1.5
49827411,-77.093159,38.93693199999999,11001000903,3449.3
49827464,-77.074697,38.92254799999999,11001000300,5428.2
49827468,-77.075315,38.923641,11001000702,10484.3
49827508,-77.079898,38.92594319999997,11001000702,10484.3
49827530,-77.0533028,38.90365690000001,11001005503,7766.2
49827531,-77.0535829,38.903751099999994,11001005503,7766.2
49827624,-77.0417067,38.8995974,11001010800,7151.8
49827733,-77.013212,38.9497383,11001002202,4615.4
49827833,-77.036361,38.9497451,11001002002,4834.6
49827852,-76.921817,38.899671999999995,11001007807,4738.9
49827853,-77.06708050000002,38.905091199999994,11001000202,3259.9
49827854,-77.007965,38.963926,11001009505,4265.8
49827897,-77.006669,38.94358400000002,11001009510,5690.3
49827917,-77.006563,38.94472699999999,11001009510,5690.3
49827938,-77.005931,38.918124299999995,11001009203,5714.0
49827970,-76.9518653,38.900182,11001009602,4023.6
49827979,-76.9506556,38.8992418,11001009602,4023.6
49827986,-77.0106666,38.867276000000004,11001006400,3185.1
49827988,-77.0121796,38.867292999999975,11001006400,3185.1
49828002,-76.93659,38.89750100000001,11001007803,5016.5
49828063,-76.9361769,38.9047296,11001007806,3516.7
49828081,-76.93659,38.899055,11001007804,4831.5
49828141,-76.9472833,38.868313199999996,11001009902,2118.3
49828145,-76.9464957,38.8677705,11001009902,2118.3
49828150,-76.94571,38.867229,11001009902,2118.3
49828154,-76.9822248,38.870752800000005,11001007601,3937.9
49828164,-76.9799087,38.8707488,11001007601,3937.9
49828169,-76.9773581,38.87074800000001,11001007601,3937.9
49828182,-76.97496,38.8707504,11001007601,3937.9
49828204,-76.9677665,38.87075199999997,11001007604,2729.6
49828213,-76.9667524,38.8707479,11001007604,2729.6
49828217,-76.965796,38.8707429,11001007604,2729.6
49828253,-76.960515,38.870347999999986,11001009901,1002.4
49828276,-77.069126,38.90971960000001,11001000201,5614.4
49828281,-77.080616,38.90968899999999,11001000802,1329.8
49828368,-76.9348291,38.874877799999986,11001007707,5155.6
49828394,-76.934767,38.873616,11001007707,5155.6
49828407,-77.070735,38.97053700000001,11001001401,4218.2
49828418,-77.0197441,38.978297099999985,11001010300,4005.6
49828430,-77.024457,38.97830400000002,11001010300,4005.6
49828440,-77.030866,38.93248100000001,11001002900,15329.2
49828453,-77.0364571,38.933288,11001002802,21556.7
49828463,-77.039939,38.934182299999996,11001002704,9978.6
49828469,-77.041288,38.934178999999986,11001002704,9978.6
49828475,-77.0652579,38.9453878,11001001200,3864.4
49828509,-77.063915,38.945456,11001001303,3953.0
49828522,-77.0636508,38.94544719999999,11001001303,3953.0
49828636,-77.0156424,38.88806979999998,11001980000,1.5
49828677,-77.0199119,38.886887,11001010202,2108.3
49828695,-77.0295956,38.88407579999999,11001010202,2108.3
49828791,-77.1043267,38.92951369999999,11001000904,1547.9
49828914,-77.104983,38.931697,11001000904,1547.9
49828949,-77.050351,38.923460500000004,11001000501,3599.2
49829123,-77.1033032,38.92531489999999,11001000902,981.5
49829127,-77.1037281,38.925700600000006,11001000902,981.5
49829157,-77.1090313,38.9309129,11001000902,981.5
49829170,-77.1100931,38.9319581,11001000902,981.5
49829195,-77.1128903,38.935678299999985,11001000902,981.5
49829250,-77.0627837,38.903993699999994,11001000102,1374.8
49829316,-77.0408771,38.947785300000014,11001002600,1190.1
49829335,-76.9866697,38.90125589999999,11001008802,9828.6
49829345,-76.985405,38.90305600000003,11001008802,9828.6
49829354,-76.9847611,38.903980999999995,11001008802,9828.6
49829364,-76.98421,38.90476699999998,11001008802,9828.6
49829367,-76.9834616,38.906312200000016,11001008804,3005.2
49829368,-76.98301400000001,38.906939,11001008804,3005.2
49829370,-76.982574,38.907569999999986,11001008804,3005.2
49829439,-76.93622200000001,38.87318699999999,11001009902,2118.3
49829514,-77.0911846,38.94031929999999,11001000903,3449.3
49829528,-77.094339,38.940321000000004,11001000903,3449.3
49829538,-77.097917,38.94032200000001,11001000904,1547.9
49829604,-77.099136,38.940214,11001000904,1547.9
49829756,-77.058465,38.96976099999999,11001001500,1189.4
49829764,-77.0599533,38.969763,11001001500,1189.4
49829782,-77.063879,38.96976200000001,11001001500,1189.4
49829808,-77.070182,38.969763,11001001401,4218.2
49829851,-77.0136444,38.964954899999995,11001001902,2521.5
49829861,-77.0161768,38.96495599999998,11001001902,2521.5
49829878,-77.0233287,38.96495410000001,11001001901,5955.3
49829883,-77.0242047,38.964954099999986,11001001901,5955.3
49829930,-76.972279,38.92157,11001011100,819.3
49829933,-76.96766,38.853458,11001007502,7711.5
49829936,-76.967365,38.85373400000001,11001007502,7711.5
49829940,-76.9873835,38.9137468,11001008803,3829.0
49829966,-76.9809301,38.9158112,11001008803,3829.0
49829971,-76.989396,38.91287899999999,11001008803,3829.0
49830044,-76.9822266,38.8677499,11001007601,3937.9
49830063,-76.9787421,38.86948900000002,11001007601,3937.9
49830069,-76.9773564,38.87017489999999,11001007601,3937.9
49830109,-76.9693282,38.8741658,11001007709,2756.0
49830119,-76.967775,38.874941,11001007709,2756.0
49830123,-76.967366,38.87514500000001,11001007709,2756.0
49830127,-76.966652,38.87549999999999,11001007709,2756.0
49830130,-76.965753,38.875957999999976,11001007709,2756.0
49830228,-76.9535198,38.8892141,11001007708,2793.7
49830280,-76.941886,38.88177,11001009907,4495.5
49830309,-76.9364673,38.8820046,11001009907,4495.5
49830330,-76.931302,38.88329699999999,11001009904,8522.7
49830354,-76.926884,38.881322000000004,11001009905,7374.0
49830359,-76.9265562,38.881282900000016,11001009905,7374.0
49830398,-76.944559,38.89088199999999,11001009603,6946.7
49830401,-76.9445795,38.89267619999998,11001009603,6946.7
49830426,-76.947247,38.89088499999999,11001009603,6946.7
49830496,-77.080509,38.923624000000004,11001000702,10484.3
49830505,-77.081742,38.923634,11001000702,10484.3
49830519,-77.010651,38.8792866,11001010500,5126.6
49830538,-77.0162278,38.87929089999999,11001010500,5126.6
49830543,-77.0182734,38.87929349999999,11001010202,2108.3
49830546,-77.0188971,38.8792921,11001010201,16847.2
49830548,-77.01990150000002,38.8792915,11001010201,16847.2
49830561,-77.085452,38.940029999999986,11001001004,2689.9
49830717,-77.0106555,38.870756099999994,11001006400,3185.1
49830723,-77.0106575,38.870073999999995,11001006400,3185.1
49830815,-76.971343,38.913402999999995,11001011100,819.3
49830821,-77.040049,38.98983799999999,11001001600,1895.6
49830847,-77.01074320000001,38.83092770000001,11001009807,3203.8
49830883,-77.012586,38.826055000000004,11001009807,3203.8
49830896,-77.012529,38.82524200000001,11001009807,3203.8
49830920,-77.011557,38.82282,11001010900,631.3
49830957,-77.010967,38.820378999999996,11001010900,631.3
49830968,-76.9562408,38.87597559999999,11001009901,1002.4
49831018,-76.940527,38.86955200000001,11001009902,2118.3
49831028,-76.9772532,38.88452649999997,11001006804,1061.0
49831064,-76.9883141,38.889015,11001006700,9175.4
49831070,-76.9873514,38.888636900000016,11001006700,9175.4
49831085,-76.9822198,38.886547699999994,11001006801,9279.8
49831093,-76.9600496,38.8775262,11001009901,1002.4
49831104,-76.932373,38.888318999999996,11001009904,8522.7
49831110,-76.932669,38.886965000000004,11001009904,8522.7
49831115,-76.932817,38.88628699999999,11001009904,8522.7
49831338,-77.057472,38.961014,11001001402,3896.7
49831343,-77.05874800000001,38.961017,11001001402,3896.7
49831349,-77.062127,38.961016,11001001402,3896.7
49831352,-77.063889,38.961015999999994,11001001402,3896.7
49831392,-77.074593,38.961017,11001001100,2689.0
49831406,-77.0819997,38.96103319999999,11001001100,2689.0
49831408,-77.0837612,38.96102769999999,11001001100,2689.0
49831447,-77.06205370000002,38.936036500000014,11001000600,3028.9
49831487,-76.982864,38.94993099999999,11001009503,2415.2
49831503,-76.983436,38.950321999999986,11001009503,2415.2
49831519,-76.98453500000001,38.950828999999985,11001009503,2415.2
49831598,-76.990552,38.952407,11001009509,5046.4
49831608,-76.992817,38.95237999999997,11001009509,5046.4
49831621,-76.993957,38.95234500000001,11001009509,5046.4
49831664,-76.9980085,38.951821900000006,11001009509,5046.4
49831680,-77.0084098,38.9524054,11001009510,5690.3
49831701,-76.9513048,38.8987339,11001009602,4023.6
49831789,-76.9608709,38.873256699999985,11001009901,1002.4
49831798,-76.95950430000002,38.872489100000024,11001009901,1002.4
49831838,-76.957333,38.87012699999999,11001009901,1002.4
49831937,-76.953408,38.87033100000001,11001009901,1002.4
49831987,-76.9546584,38.8721998,11001009901,1002.4
49832105,-76.964599,38.91243399999998,11001011100,819.3
49832138,-76.965653,38.91465000000001,11001011100,819.3
49832235,-76.96976000000001,38.872271000000005,11001007604,2729.6
49832272,-77.010118,38.9565863,11001002102,6947.2
49832281,-77.012612,38.9587321,11001002102,6947.2
49832286,-77.0102693,38.90565,11001004704,7960.1
49832488,-77.0634367,38.9239362,11001000400,1112.8
49832530,-76.9136739,38.8958145,11001007808,4346.3
49832543,-76.960526,38.87640600000001,11001009901,1002.4
49832630,-77.0906162,38.94316729999998,11001001004,2689.9
49832640,-77.090614,38.94478600000001,11001001003,2947.0
49832643,-77.090612,38.945537000000016,11001001003,2947.0
49832648,-77.090611,38.946286,11001001003,2947.0
49832651,-77.09061,38.94790599999998,11001001003,2947.0
49832655,-77.090609,38.94969200000001,11001001003,2947.0
49832671,-77.09061030000001,38.9521173,11001001003,2947.0
49832678,-77.0906096,38.95471429999999,11001001003,2947.0
49832697,-77.092184,38.91917399999999,11001000804,1291.7
49832698,-77.092182,38.92024200000001,11001000804,1291.7
49832747,-77.06560570000002,38.95458989999999,11001001301,1375.9
49832789,-77.0676001,38.9564996,11001001301,1375.9
49832825,-77.0121741,38.8707486,11001006400,3185.1
49832844,-77.0364789,38.924765,11001003702,23552.5
49832850,-77.0378532,38.924713000000004,11001003802,17411.3
49832899,-76.988341,38.85830899999999,11001007406,7783.6
49832998,-76.985959,38.854536999999986,11001007406,7783.6
49833236,-76.979114,38.843112,11001007409,8248.9
49833568,-76.961165,38.87565099999999,11001009901,1002.4
49833580,-76.96094,38.87381999999999,11001009901,1002.4
49833602,-76.960383,38.869291,11001007604,2729.6
49833614,-76.959854,38.86648699999999,11001007604,2729.6
49833650,-76.958914,38.85941909999998,11001007603,3490.4
49833651,-76.958917,38.858350299999984,11001007603,3490.4
49833656,-76.958918,38.85727200000001,11001007603,3490.4
49833682,-76.958604,38.85540599999999,11001007603,3490.4
49834820,-76.9680636,38.9234477,11001011100,819.3
49834829,-76.968062,38.924509999999984,11001011100,819.3
49834977,-76.9488448,38.86659289999999,11001009902,2118.3
49834986,-76.949902,38.865014000000016,11001007603,3490.4
49835112,-76.974197,38.850171999999986,11001007403,8399.0
49835117,-76.985686,38.84297700000001,11001007304,3529.8
49835137,-76.988505,38.843897000000005,11001007304,3529.8
49835163,-77.04076100000002,38.99261900000001,11001001600,1895.6
49835173,-76.9899458,38.831584500000005,11001009700,7952.0
49835974,-76.9991331,38.963096199999995,11001009505,4265.8
49836036,-77.0052433,38.9678746,11001009505,4265.8
49836185,-77.0571646,38.98037819999999,11001001500,1189.4
49836247,-77.0624436,38.92499900000001,11001000400,1112.8
49836253,-77.0401629,38.918065199999994,11001004201,15764.6
49836376,-77.021416,38.97479,11001001702,3606.2
49836447,-76.96004600000002,38.912427,11001011100,819.3
49836590,-77.0917194,38.9393786,11001000903,3449.3
49836607,-77.0907457,38.94109139999999,11001000903,3449.3
49836661,-76.9337642,38.90466339999999,11001007806,3516.7
49836672,-76.933761,38.907208999999995,11001007806,3516.7
49836693,-76.980623,38.935714000000004,11001009503,2415.2
49836698,-76.9798106,38.93575550000001,11001009400,3137.6
49836705,-77.078756,38.94478,11001001002,3763.3
49836758,-77.078774,38.92254799999999,11001000300,5428.2
49836761,-77.0787257,38.94791169999998,11001001100,2689.0
49836837,-76.9822175,38.88980829999998,11001008002,5676.3
49836899,-76.981991,38.89802100000001,11001007901,10937.8
49836903,-76.98186,38.89849400000001,11001007901,10937.8
49836920,-76.9825441,38.90303130000001,11001008802,9828.6
49836926,-76.981711,38.90431900000001,11001008802,9828.6
49836938,-76.980829,38.90568400000001,11001008804,3005.2
49836945,-76.980269,38.90654599999999,11001008804,3005.2
49836977,-76.982241,38.926957099999996,11001009301,3055.1
49836982,-76.9822771,38.92738039999999,11001009301,3055.1
49836999,-76.9824831,38.929993,11001009301,3055.1
49837007,-76.98264,38.93196700000001,11001009301,3055.1
49837019,-76.9828914,38.935387399999996,11001009503,2415.2
49837023,-76.980797,38.919175000000024,11001009102,2396.3
49837084,-76.9836582,38.94341119999999,11001009503,2415.2
49837092,-76.983642,38.94423479999998,11001009503,2415.2
49837109,-77.080715,38.92255,11001000300,5428.2
49837133,-77.080327,38.943163000000006,11001001002,3763.3
49837162,-77.080309,38.95210499999998,11001001100,2689.0
49837176,-77.0803052,38.954708100000005,11001001100,2689.0
49837243,-76.934755,38.90466319999998,11001007806,3516.7
49837256,-76.934754,38.90720499999996,11001007806,3516.7
49837270,-76.934604,38.90466319999998,11001007806,3516.7
49837292,-76.95802,38.86928300000001,11001009901,1002.4
49837338,-76.9571878,38.868036499999995,11001009901,1002.4
49837373,-76.985604,38.857901999999996,11001007407,5597.7
49837376,-76.982941,38.85516299999999,11001007407,5597.7
49837430,-77.056908,38.90897799999998,11001000101,5760.5
49837434,-77.0136501,38.90581399999999,11001004704,7960.1
49837442,-77.013655,38.9072357,11001004600,6991.7
49837454,-77.0113011,38.95234219999999,11001002202,4615.4
49837462,-77.0134676,38.95227529999998,11001002202,4615.4
49837469,-77.0158852,38.95220400000001,11001002202,4615.4
49837502,-77.0229681,38.95198619999999,11001002201,7799.9
49837506,-77.023824,38.95196069999998,11001002201,7799.9
49837513,-77.0247662,38.9519467,11001002201,7799.9
49837545,-77.0364024,38.95186739999999,11001002002,4834.6
49837552,-76.998443,38.904403800000004,11001010602,13400.1
49837606,-77.0404023,38.91782119999999,11001003801,10167.0
49837617,-77.0416518,38.917824800000005,11001004002,16899.8
49837635,-77.0489533,38.91609139999999,11001004100,2968.9
49837643,-77.0506179,38.9156323,11001004100,2968.9
49837680,-77.0523593,38.901556,11001005601,13442.9
49837683,-77.0523466,38.901955199999996,11001005601,13442.9
49837685,-77.0523593,38.9011782,11001005601,13442.9
49837894,-77.0410613,38.9606714,11001002600,1190.1
49837955,-77.065171,38.951851999999995,11001001301,1375.9
49837965,-77.07152,38.95209699999999,11001001200,3864.4
49837997,-77.0812992,38.95209289999999,11001001004,2689.9
49838006,-77.08620600000002,38.95211690000001,11001001004,2689.9
49838019,-77.0943409,38.9521186,11001001003,2947.0
49838107,-77.1038512,38.9336754,11001000904,1547.9
49838135,-76.982684,38.862776,11001007504,3684.5
49838172,-76.97997,38.86159700000001,11001007504,3684.5
49838177,-77.0609901,38.909769000000004,11001000102,1374.8
49838202,-77.0273652,38.9439931,11001002501,5263.1
49838231,-77.0308216,38.94740470000002,11001002002,4834.6
49838680,-76.998444,38.924512000000014,11001009204,10984.5
49838685,-76.998445,38.92650199999999,11001009201,4856.1
49838691,-76.998721,38.958511999999985,11001009507,5540.9
49838698,-76.9984548,38.88981520000001,11001006600,7540.5
49838758,-76.9984453,38.90373329999999,11001010602,13400.1
49838764,-76.9984427,38.90497439999999,11001010602,13400.1
49838768,-76.998443,38.90564580000001,11001010602,13400.1
49838779,-76.9983429,38.906236799999995,11001010602,13400.1
49838814,-76.999098,38.96126540000001,11001009505,4265.8
49838816,-76.999097,38.96200699999999,11001009505,4265.8
49838850,-76.9991229,38.9485635,11001009509,5046.4
49839137,-77.005885,38.90564100000001,11001010603,5518.9
49839140,-77.0030622,38.905650800000004,11001010602,13400.1
49839144,-77.0020424,38.90565649999999,11001010602,13400.1
49839158,-76.9971411,38.9057189,11001010602,13400.1
49839180,-76.978044,38.905629,11001008903,12001.8
49839247,-77.002777,38.90373979999999,11001010602,13400.1
49839253,-77.0027189,38.90455359999999,11001010602,13400.1
49839411,-77.0661,38.975528000000004,11001001500,1189.4
49839471,-76.960719,38.88521399999998,11001007708,2793.7
49839474,-76.959801,38.885213100000016,11001007708,2793.7
49839482,-76.94432100000002,38.88566200000001,11001007703,7008.9
49839638,-76.9909934,38.85448060000001,11001007406,7783.6
49839650,-77.0570505,38.90609749999999,11001000102,1374.8
49839654,-77.0570633,38.90686989999999,11001000101,5760.5
49839666,-77.0570933,38.908527700000015,11001000101,5760.5
49839767,-77.057475,38.930325999999994,11001000502,5930.0
49839771,-77.0541622,38.948348199999984,11001001301,1375.9
49839825,-77.055698,38.949709,11001001301,1375.9
49839896,-77.0560814,38.92329029999999,11001000400,1112.8
49839912,-76.9926475,38.889812399999975,11001008100,10966.3
49839951,-76.992643,38.90251099999998,11001008410,9721.9
49840016,-76.9924216,38.923517499999996,11001009302,4647.0
49840020,-76.9924264,38.924292999999984,11001009302,4647.0
49840022,-76.9924278,38.92451099999999,11001009302,4647.0
49840033,-76.99244,38.926500999999995,11001009302,4647.0
49840055,-76.9924508,38.92950309999996,11001009301,3055.1
49840067,-76.992541,38.931470999999995,11001009301,3055.1
49840089,-76.99282,38.934850999999995,11001009504,2939.8
49840172,-76.9926752,38.939654299999994,11001009504,2939.8
49840192,-76.99264,38.94019299999999,11001009504,2939.8
49840207,-76.99264,38.94125599999999,11001009504,2939.8
49840275,-77.0322691,38.988981799999976,11001001600,1895.6
49840313,-76.98665600000001,38.86238099999999,11001007503,4736.7
49840387,-77.002919,38.940435,11001009511,1982.2
49840688,-77.015371,38.831235699999986,11001007301,467.5
49840739,-76.9890027,38.86657780000001,11001007503,4736.7
49840782,-76.990282,38.863911999999985,11001007503,4736.7
49840836,-76.993548,38.861833,11001007407,5597.7
49840959,-76.995883,38.85184700000001,11001010400,1682.2
49841029,-76.997077,38.845506,11001010400,1682.2
49841039,-76.9977219,38.844627200000005,11001010400,1682.2
49841101,-77.004454,38.84008899999999,11001009803,5408.0
49841106,-77.004955,38.83942799999998,11001009803,5408.0
49841113,-77.005901,38.83818399999999,11001009803,5408.0
49841162,-76.9773578,38.86949,11001007601,3937.9
49841191,-76.976262,38.84381799999999,11001007409,8248.9
49841195,-76.9772509,38.88943159999998,11001006804,1061.0
49841197,-76.9772512,38.888673499999975,11001006804,1061.0
49841199,-76.9772505,38.887593400000014,11001006804,1061.0
49841257,-76.9772535,38.8836937,11001006804,1061.0
49841339,-76.997552,38.82547500000002,11001009811,9038.1
49841343,-76.997787,38.824850000000005,11001009811,9038.1
49841495,-76.966423,38.87381699999998,11001007709,2756.0
49841566,-77.045398,38.985863999999985,11001001600,1895.6
49841590,-77.0450153,38.98654280000001,11001001600,1895.6
49841592,-77.0447836,38.98673009999999,11001001600,1895.6
49841621,-77.0444781,38.987469999999995,11001001600,1895.6
49841647,-77.0435654,38.98796939999999,11001001600,1895.6
49841654,-77.016514,38.910246000000015,11001004801,8673.1
49841754,-77.014171,38.90373890000002,11001004703,27395.0
49841768,-77.0148082,38.905433,11001004600,6991.7
49841785,-77.015908,38.90857139999999,11001004802,10299.1
49841801,-76.9873039,38.8662658,11001007503,4736.7
49841818,-76.9821679,38.86533199999998,11001007504,3684.5
49841865,-77.0272,38.934568999999996,11001002900,15329.2
49841879,-77.030868,38.934568999999996,11001002900,15329.2
49841884,-77.022171,38.93472599999999,11001003200,9225.6
49841917,-77.02594780000001,38.9340244,11001003100,11890.5
49841930,-77.01921,38.935236700000004,11001003200,9225.6
49841937,-77.021046,38.934924,11001003200,9225.6
49842122,-77.0581775,38.9298208,11001000502,5930.0
49842186,-77.0943448,38.938101599999996,11001000903,3449.3
49842194,-77.094336,38.939372,11001000903,3449.3
49842220,-77.094343,38.943163000000006,11001000903,3449.3
49842229,-77.0943402,38.945543,11001001003,2947.0
49842235,-77.0943407,38.94628799999999,11001001003,2947.0
49842244,-77.0943418,38.94791,11001001003,2947.0
49842249,-77.0943416,38.949694,11001001003,2947.0
49842289,-77.09435000000002,38.918105000000004,11001000804,1291.7
49842295,-77.094344,38.91918,11001000804,1291.7
49842298,-77.09434,38.920243,11001000804,1291.7
49842337,-77.006546,38.913135000000004,11001008701,6841.9
49842341,-77.0059284,38.889812600000006,11001980000,1.5
49842413,-77.0058878,38.9025166,11001010603,5518.9
49842417,-77.005885,38.9037504,11001010603,5518.9
49842421,-77.005887,38.90723599999999,11001010601,8577.0
49842461,-77.006274,38.95659119999999,11001009505,4265.8
49842491,-77.005872,38.94150599999998,11001009510,5690.3
49842501,-77.00587,38.94286300000001,11001009510,5690.3
49842505,-77.005867,38.943583,11001009510,5690.3
49842520,-77.005701,38.944164000000015,11001009510,5690.3
49842522,-77.005601,38.944339,11001009510,5690.3
49842543,-77.092696,38.92881599999998,11001000804,1291.7
49842664,-76.953405,38.887586000000006,11001007703,7008.9
49842742,-76.956266,38.8836312,11001009901,1002.4
49842783,-76.962279,38.87531800000001,11001009901,1002.4
49842809,-76.963641,38.87491600000001,11001009901,1002.4
49842843,-76.966429,38.874978000000006,11001007709,2756.0
49842888,-76.9628227,38.92878879999999,11001011100,819.3
49842903,-77.004188,38.94333999999999,11001009510,5690.3
49842924,-77.03654230000001,38.9025332,11001010100,4591.0
49842930,-77.0365424,38.9037447,11001010700,1848.6
49842936,-77.03653470000002,38.905642500000006,11001010100,4591.0
49842949,-77.0365212,38.910392699999996,11001005202,12072.2
49842979,-77.0365089,38.91629900000001,11001004201,15764.6
49842996,-77.0365007,38.918115500000006,11001004300,18536.3
49843005,-77.0364983,38.91914889999999,11001004300,18536.3
49843011,-77.0364928,38.92037549999999,11001003701,12700.9
49843012,-77.0364886,38.920964,11001003701,12700.9
49843017,-77.0364844,38.9227276,11001003701,12700.9
49843037,-77.0364744,38.926521499999986,11001002802,21556.7
49843060,-77.0364613,38.93165710000001,11001002802,21556.7
49843072,-77.0364542,38.934426499999994,11001002801,22554.6
49843101,-77.0364444,38.93913849999998,11001002504,10048.5
49843103,-77.0363829,38.9397368,11001002504,10048.5
49843112,-77.0363816,38.9440059,11001002501,5263.1
49843142,-77.0363517,38.956215300000004,11001002001,4706.6
49843148,-77.0363429,38.9583562,11001002001,4706.6
49843151,-77.0363444,38.958513199999985,11001002001,4706.6
49843156,-77.0363341,38.961519900000006,11001002001,4706.6
49843164,-77.0363236,38.96614470000001,11001001803,3248.9
49843167,-77.03632610000001,38.968754899999986,11001001803,3248.9
49843171,-77.0363251,38.969038899999994,11001001803,3248.9
49843176,-77.0363132,38.972270399999985,11001001803,3248.9
49843177,-77.036312,38.973125700000004,11001010300,4005.6
49843183,-77.0362981,38.97939399999998,11001001600,1895.6
49843185,-77.0362991,38.98038989999999,11001001600,1895.6
49843189,-77.0362958,38.98086450000001,11001001600,1895.6
49843190,-77.03630480000001,38.98135299999999,11001001600,1895.6
49843191,-77.0362951,38.98228300000002,11001001600,1895.6
49843193,-77.0362913,38.985648300000015,11001001600,1895.6
49843195,-77.0363019,38.986408800000014,11001001600,1895.6
49843200,-77.0362817,38.988865399999995,11001001600,1895.6
49843233,-76.9937618,38.88868279999999,11001006700,9175.4
49843238,-76.9937659,38.8876015,11001006700,9175.4
49843253,-76.9937643,38.8835872,11001007000,5602.7
49843379,-77.08381,38.9275267,11001000804,1291.7
49843596,-77.0336919,38.88770429999999,11001980000,1.5
49843643,-77.033031,38.89012999999999,11001980000,1.5
49843692,-77.072907,38.922543,11001000300,5428.2
49843693,-77.073195,38.922544,11001000300,5428.2
49843714,-77.07975900000001,38.922549,11001000300,5428.2
49843809,-77.0569136,38.9232117,11001000400,1112.8
49843926,-77.066799,38.939086199999984,11001000600,3028.9
49843934,-77.068636,38.93908749999999,11001000600,3028.9
49843971,-77.093287,38.939370000000004,11001000903,3449.3
49843985,-77.099254,38.939370000000004,11001000904,1547.9
49844015,-77.0777535,38.93897869999999,11001001002,3763.3
49844050,-77.028612,38.98420600000001,11001001600,1895.6
49844089,-77.0325463,38.984929499999986,11001001600,1895.6
49844276,-76.9883157,38.879188,11001007100,4634.0
49844353,-76.988505,38.841854999999995,11001007304,3529.8
49844371,-76.988507,38.8398291,11001007304,3529.8
49844377,-76.9939081,38.92203179999999,11001009102,2396.3
49844386,-76.993817,38.922661999999995,11001009302,4647.0
49844434,-76.99375440000001,38.9245031,11001009302,4647.0
49844451,-76.993965,38.924604999999985,11001009302,4647.0
49844734,-77.021174,38.9613133,11001001901,5955.3
49844794,-77.019907,38.90252099999999,11001004702,10650.0
49844804,-77.0199036,38.90352149999998,11001004703,27395.0
49844805,-77.0199018,38.90418120000001,11001004802,10299.1
49844812,-77.0198998,38.90564880000001,11001004802,10299.1
49844818,-77.01990030000002,38.90723689999999,11001004802,10299.1
49844821,-77.0199007,38.908573,11001004802,10299.1
49844851,-77.0199628,38.91544660000002,11001004801,8673.1
49844943,-77.020568,38.919116,11001003400,3776.1
49844958,-77.0210927,38.9224545,11001003400,3776.1
49844977,-77.021164,38.96863400000001,11001001901,5955.3
49845027,-77.0020332,38.92345040000001,11001009204,10984.5
49845044,-76.969019,38.92340050000001,11001011100,819.3
49845119,-76.971294,38.92343699999999,11001011100,819.3
49845136,-76.9368341,38.90981869999999,11001009601,1058.9
49845161,-76.9902807,38.92352249999998,11001009302,4647.0
49845192,-76.978997,38.92343799999998,11001011100,819.3
49845240,-76.98836,38.92315769999999,11001009102,2396.3
49845357,-76.999512,38.88322149999999,11001006500,5005.4
49845409,-76.99265210000002,38.884809999999995,11001006700,9175.4
49845486,-76.9392034,38.892647000000004,11001007803,5016.5
49845508,-76.92889700000002,38.893662,11001007804,4831.5
49845521,-76.925586,38.892587999999996,11001007808,4346.3
49845634,-76.921884,38.894345,11001007808,4346.3
49845639,-76.919942,38.89392599999999,11001007808,4346.3
49845698,-77.0849963,38.929340099999976,11001000804,1291.7
49845726,-77.0416914,38.90564380000001,11001010700,1848.6
49845777,-77.05011,38.9052566,11001005501,10678.0
49845782,-77.053301,38.9052539,11001005503,7766.2
49845830,-77.0611874,38.9052025,11001000102,1374.8
49845837,-77.0628107,38.9051778,11001000102,1374.8
49845850,-77.0653032,38.905131499999996,11001000202,3259.9
49845863,-77.0690542,38.905049700000006,11001000202,3259.9
49845885,-77.0259822,38.905654,11001004902,12760.9
49845895,-77.0281054,38.90566160000001,11001005004,25869.4
49845919,-77.0141188,38.90566179999998,11001004704,7960.1
49846016,-77.063256,38.9275336,11001000502,5930.0
49846128,-77.0693139,38.94315869999999,11001001200,3864.4
49846140,-77.072412,38.94316400000003,11001001200,3864.4
49846154,-77.074605,38.943166999999995,11001001200,3864.4
49846204,-77.0862105,38.94316999999998,11001001004,2689.9
49846276,-77.098287,38.943073999999996,11001000904,1547.9
49846341,-76.950352,38.89088600000001,11001009603,6946.7
49846353,-77.0248742,38.9707324,11001010300,4005.6
49846367,-77.0262611,38.9707399,11001010300,4005.6
49846387,-77.0469529,38.9136498,11001004100,2968.9
49846416,-77.024454,38.97939439999999,11001010300,4005.6
49846431,-77.027873,38.97939280000001,11001001600,1895.6
49846500,-76.9734076,38.85536780000001,11001007502,7711.5
49846523,-76.9742108,38.85409399999999,11001007408,11076.8
49846544,-76.931145,38.890782400000006,11001007804,4831.5
49846606,-76.931509,38.89709599999999,11001007804,4831.5
49846676,-76.930665,38.90720499999999,11001007806,3516.7
49846690,-76.93067000000002,38.904663899999996,11001007806,3516.7
49846696,-76.940271,38.909617999999995,11001009601,1058.9
49846722,-76.9350975,38.90874109999999,11001009601,1058.9
49846731,-77.0259905,38.91811419999999,11001004401,13723.8
49846738,-77.0259924,38.91919649999998,11001004401,13723.8
49846816,-77.025982,38.9015366,11001010100,4591.0
49846819,-77.0259869,38.90253330000001,11001010100,4591.0
49846831,-77.0259816,38.904173500000006,11001004902,12760.9
49846846,-77.025981,38.90724869999999,11001004902,12760.9
49846852,-77.0259867,38.9085814,11001004901,12437.4
49846905,-76.9426032,38.89751789999999,11001007803,5016.5
49846912,-76.93919210000001,38.897517999999984,11001007803,5016.5
49846986,-76.921892,38.897144999999995,11001007807,4738.9
49846989,-76.9525128,38.899669800000005,11001009602,4023.6
49847041,-76.987251,38.9442342,11001009503,2415.2
49847072,-76.9772855,38.9442359,11001009400,3137.6
49847101,-76.9978346,38.9442398,11001009504,2939.8
49847120,-77.003958,38.943808,11001009510,5690.3
49847149,-77.002971,38.942868000000004,11001009510,5690.3
49847197,-77.008979,38.9258382,11001003301,7973.8
49847215,-77.0057173,38.92630279999999,11001009203,5714.0
49847238,-76.9905164,38.926526499999994,11001009302,4647.0
49847270,-76.9828156,38.92692519999999,11001009301,3055.1
49847299,-76.9789897,38.92664839999999,11001011100,819.3
49847305,-76.9907619,38.92958130000001,11001009301,3055.1
49847319,-76.9793774,38.930147399999996,11001009400,3137.6
49847343,-76.9949283,38.92940600000001,11001009201,4856.1
49847370,-77.025803,38.925867999999994,11001003500,11775.4
49847389,-77.026086,38.92783399999999,11001003100,11890.5
49847403,-77.0264261,38.929813100000004,11001003100,11890.5
49847427,-77.0267199,38.9317728,11001003100,11890.5
49847434,-77.0268099,38.9323105,11001003100,11890.5
49847501,-76.9800609,38.9025108,11001008903,12001.8
49847505,-76.980055,38.90372379999998,11001008903,12001.8
49847560,-77.0055628,38.82606669999999,11001009810,4650.4
49847617,-77.0035012,38.914820800000015,11001008702,7239.5
49847621,-77.002032,38.914822000000015,11001008702,7239.5
49847649,-76.965626,38.85914099999999,11001007603,3490.4
49847666,-76.9619751,38.85835320000001,11001007603,3490.4
49847670,-76.9601833,38.85835219999999,11001007603,3490.4
49847837,-77.034872,38.931041,11001002802,21556.7
49847888,-76.9949544,38.93138369999999,11001009201,4856.1
49847898,-76.9949654,38.889813100000005,11001006600,7540.5
49847954,-76.994959,38.902512000000016,11001008410,9721.9
49847959,-76.994959,38.90372400000002,11001010602,13400.1
49847971,-76.994902,38.90477149999999,11001008803,3829.0
49847988,-76.994648,38.95452599999999,11001009508,4063.9
49848006,-76.9949554,38.949265,11001009509,5046.4
49848049,-76.994758,38.95868800000001,11001009507,5540.9
49848087,-76.995331,38.94272699999999,11001009504,2939.8
49848128,-76.994186,38.9563682,11001009508,4063.9
49848161,-77.052802,38.94880899999998,11001001303,3953.0
49848228,-77.057913,38.947891000000006,11001001303,3953.0
49848238,-77.064451,38.94789409999999,11001001303,3953.0
49848245,-77.066908,38.9478956,11001001200,3864.4
49848261,-77.072578,38.9478986,11001001200,3864.4
49848270,-77.074605,38.9478997,11001001200,3864.4
49848293,-77.079674,38.947908999999996,11001001004,2689.9
49848330,-77.086208,38.947903200000006,11001001004,2689.9
49848357,-77.1010039,38.947911399999995,11001000904,1547.9
49848393,-76.9479418,38.86617039999999,11001009902,2118.3
49848400,-76.946793,38.86563300000002,11001009902,2118.3
49848412,-76.9677623,38.869485600000004,11001007604,2729.6
49848416,-76.9667523,38.869484699999994,11001007604,2729.6
49848420,-76.96579530000001,38.86948389999999,11001007604,2729.6
49848425,-76.9822239,38.8694691,11001007601,3937.9
49848437,-76.9797943,38.86948479999998,11001007601,3937.9
49848459,-76.974965,38.8694873,11001007601,3937.9
49848482,-77.1059073,38.935737599999996,11001000904,1547.9
49848487,-77.106013,38.934898,11001000904,1547.9
49848490,-77.106131,38.93395899999999,11001000904,1547.9
49848560,-77.1076291,38.93259450000003,11001000904,1547.9
49848614,-77.0121694,38.903761300000006,11001004704,7960.1
49848639,-77.0121644,38.9063392,11001004600,6991.7
49848642,-77.012164,38.908569,11001004600,6991.7
49848662,-77.012159,38.912122000000004,11001004600,6991.7
49848673,-77.012158,38.913343299999994,11001003302,10949.2
49848686,-77.012155,38.914826000000005,11001003302,10949.2
49848711,-77.012151,38.91810869999999,11001003301,7973.8
49848716,-77.012158,38.9191764,11001003301,7973.8
49848820,-77.0116079,38.9565886,11001002102,6947.2
49848835,-77.0116109,38.958731300000004,11001002102,6947.2
49848875,-77.102648,38.928982999999995,11001000904,1547.9
49848880,-77.102949,38.929254,11001000904,1547.9
49848898,-77.103689,38.928285999999986,11001000904,1547.9
49848961,-76.995806,38.949378,11001009509,5046.4
49849024,-76.999844,38.847172,11001010400,1682.2
49849083,-76.9903,38.954798,11001009508,4063.9
49849087,-76.9902479,38.8903716,11001008002,5676.3
49849131,-76.990242,38.90076299999998,11001008410,9721.9
49849139,-76.990241,38.902500999999994,11001008410,9721.9
49849148,-76.989971,38.955020999999995,11001009508,4063.9
49849153,-76.990938,38.95577699999999,11001009508,4063.9
49849181,-76.990346,38.92440020000001,11001009302,4647.0
49849187,-76.9904363,38.92552519999999,11001009302,4647.0
49849205,-76.9909202,38.93155169999998,11001009301,3055.1
49849239,-76.99098200000002,38.93617379999999,11001009504,2939.8
49849259,-76.990235,38.9396527,11001009504,2939.8
49849263,-76.990234,38.940191,11001009504,2939.8
49849268,-76.990235,38.94126,11001009504,2939.8
49849276,-76.990237,38.94286220000001,11001009504,2939.8
49849366,-77.030866,38.933172,11001002900,15329.2
49849410,-77.0189845,38.88237099999998,11001010202,2108.3
49849432,-77.0129197,38.882365099999994,11001010500,5126.6
49849529,-77.0026208,38.88063219999998,11001007203,8603.6
49849744,-76.9967447,38.87918549999999,11001007000,5602.7
49849794,-77.0043767,38.8809665,11001006500,5005.4
49849816,-77.0066752,38.88108420000001,11001006500,5005.4
49849823,-77.0072345,38.881196599999996,11001006500,5005.4
49849857,-77.0129105,38.88249719999999,11001010500,5126.6
49849919,-77.02443,38.8808481,11001010202,2108.3
49849975,-76.997934,38.95627400000001,11001009508,4063.9
49850072,-77.0989108,38.9174387,11001000804,1291.7
49850092,-77.09962,38.91869199999999,11001000804,1291.7
49850112,-77.0870266,38.9071888,11001000802,1329.8
49850174,-77.11066,38.92990399999999,11001000902,981.5
49850182,-77.111429,38.93114559999999,11001000902,981.5
49850252,-76.9914364,38.9396527,11001009504,2939.8
49850264,-76.98656600000001,38.90927599999999,11001008804,3005.2
49850541,-77.028042,38.92243300000001,11001003600,14725.8
49850625,-77.024462,38.975268000000014,11001010300,4005.6
49850651,-77.0059234,38.88760780000001,11001980000,1.5
49850669,-76.999516,38.88760380000001,11001006600,7540.5
49850671,-76.998458,38.887603500000004,11001006600,7540.5
49850681,-76.9949628,38.887605699999995,11001006700,9175.4
49850686,-76.992651,38.887603700000014,11001006700,9175.4
49850691,-76.9902466,38.88760239999999,11001006700,9175.4
49850735,-76.9822179,38.887596899999984,11001006801,9279.8
49850747,-76.9760589,38.8877079,11001006804,1061.0
49850749,-76.9750565,38.8877079,11001006804,1061.0
49850751,-76.9750557,38.88761120000001,11001006804,1061.0
49850758,-76.9742667,38.887608900000004,11001006804,1061.0
49850921,-76.9835715,38.92450629999998,11001009102,2396.3
49850938,-76.978997,38.924503,11001011100,819.3
49851016,-77.008984,38.924516600000004,11001003301,7973.8
49851021,-77.0078081,38.9245123,11001009203,5714.0
49851024,-76.969485,38.92450600000001,11001011100,819.3
49851108,-76.943951,38.868703000000004,11001009902,2118.3
49851117,-76.944822,38.86802500000001,11001009902,2118.3
49851141,-77.05336440000002,38.974270800000006,11001001500,1189.4
49851142,-77.0563303,38.97387389999999,11001001500,1189.4
49851155,-77.05531,38.97448,11001001500,1189.4
49851413,-77.0237454,38.95031909999999,11001002201,7799.9
49851439,-77.0267847,38.9551761,11001002101,9894.6
49851445,-77.0274417,38.95622710000001,11001002101,9894.6
49851451,-77.016459,38.938692999999994,11001002302,762.9
49851463,-77.0172675,38.93997370000001,11001002301,7776.5
49851483,-77.019909,38.944174,11001002400,6713.4
49851508,-77.0470802,38.934180300000016,11001002704,9978.6
49851512,-77.1040201,38.934388799999994,11001000904,1547.9
49851559,-77.102625,38.9348,11001000904,1547.9
49851562,-77.1064121,38.935739000000005,11001000904,1547.9
49851682,-77.1034228,38.945425499999985,11001000904,1547.9
49851719,-77.0143898,38.94433589999999,11001002301,7776.5
49851723,-77.015511,38.94430200000001,11001002301,7776.5
49851753,-77.0234462,38.944071099999995,11001002400,6713.4
49851787,-77.0321169,38.9440066,11001002501,5263.1
49851811,-77.041273,38.944004999999976,11001002600,1190.1
49851817,-76.9461227,38.899105,11001007803,5016.5
49851828,-76.9425995,38.899060500000026,11001007803,5016.5
49851841,-76.9391896,38.89905799999999,11001007804,4831.5
49851861,-77.0608922,38.9340162,11001000600,3028.9
49851982,-76.9447609,38.8653007,11001009902,2118.3
49852295,-76.959798,38.8836372,11001007708,2793.7
49852320,-76.9601799,38.85941990000001,11001007603,3490.4
49852332,-76.9601852,38.857278,11001007603,3490.4
49852342,-76.960193,38.855386,11001007603,3490.4
49852366,-77.0087047,38.82606089999999,11001009807,3203.8
49852384,-77.0139326,38.826068799999994,11001009807,3203.8
49852652,-76.975053,38.893927999999995,11001006804,1061.0
49852718,-76.974194,38.894866,11001006804,1061.0
49852766,-76.969505,38.897632,11001006804,1061.0
49852777,-77.023086,38.9366354,11001002400,6713.4
49852795,-77.02324130000001,38.93979029999998,11001002400,6713.4
49852904,-77.0239817,38.9552554,11001002101,9894.6
49852910,-77.024033,38.9563257,11001002101,9894.6
49852925,-77.0241355,38.9584661,11001002101,9894.6
49852949,-77.024207,38.96131299999999,11001001901,5955.3
49852962,-77.024205,38.96436099999999,11001001901,5955.3
49852968,-77.024206,38.96554799999999,11001001901,5955.3
49852975,-77.024205,38.96613940000001,11001001901,5955.3
49852986,-77.024207,38.96863299999999,11001001901,5955.3
49853001,-77.024461,38.97580599999999,11001010300,4005.6
49853003,-77.024461,38.97660400000001,11001010300,4005.6
49853005,-77.02446,38.977285000000016,11001010300,4005.6
49853021,-77.024456,38.981445999999984,11001010300,4005.6
49853037,-77.0229478,38.90723889999999,11001004902,12760.9
49853042,-77.022943,38.908570000000005,11001004902,12760.9
49853080,-77.0229472,38.915586,11001004402,9111.1
49853085,-77.0229461,38.916723900000015,11001003500,11775.4
49853094,-77.0229509,38.917770799999985,11001003500,11775.4
49853181,-76.9402715,38.908544899999995,11001009601,1058.9
49853198,-77.01216340000002,38.869495699999995,11001006400,3185.1
49853299,-77.102664,38.92743599999999,11001000902,981.5
49853330,-77.0816121,38.94968790000001,11001001004,2689.9
49853337,-77.082037,38.949988,11001001004,2689.9
49853489,-76.974967,38.86710099999999,11001007605,8359.2
49853581,-76.9741884,38.890167800000015,11001006804,1061.0
49853696,-77.0280832,38.91811299999999,11001004401,13723.8
49853703,-77.0280868,38.919197299999986,11001004401,13723.8
49853710,-77.0280853,38.92071099999999,11001004401,13723.8
49853793,-77.027874,38.980380000000004,11001001600,1895.6
49853796,-77.027871,38.98117399999999,11001001600,1895.6
49853878,-77.0281039,38.9008049,11001010100,4591.0
49853883,-77.0280991,38.902526200000004,11001010100,4591.0
49853897,-77.0280956,38.9037453,11001010100,4591.0
49853914,-77.0280996,38.90724859999999,11001005004,25869.4
49853917,-77.0280952,38.90857849999999,11001005004,25869.4
49853943,-77.0284603,38.911644700000004,11001005001,10271.4
49853994,-77.023328,38.968630999999995,11001001901,5955.3
49854037,-77.0157169,38.91574489999999,11001003400,3776.1
49854071,-77.0157578,38.9161049,11001003400,3776.1
49854158,-76.9995156,38.8886857,11001006600,7540.5
49854164,-76.9995112,38.8865438,11001006600,7540.5
49854250,-76.9995209,38.8765331,11001007203,8603.6
49854256,-76.9995111,38.885544,11001006500,5005.4
49854287,-77.004381,38.94150499999998,11001009510,5690.3
49854291,-77.013621,38.95556160000001,11001002102,6947.2
49854396,-77.099927,38.93797300000003,11001000904,1547.9
49854704,-77.04702,38.986946,11001001600,1895.6
49854835,-76.9707322,38.93213360000001,11001009400,3137.6
49854861,-76.977274,38.938825999999985,11001009400,3137.6
49854874,-76.977298,38.940552999999994,11001009400,3137.6
49854885,-76.9772901,38.94286200000001,11001009400,3137.6
49854901,-76.9260502,38.889701,11001009903,5619.8
49854908,-76.926054,38.8907778,11001007808,4346.3
49854955,-76.924989,38.894223,11001007808,4346.3
49854971,-77.03073,38.981348,11001001600,1895.6
49855000,-77.0315137,38.98230119999998,11001001600,1895.6
49855147,-76.955862,38.88991349999999,11001009603,6946.7
49855157,-76.9550629,38.89070799999999,11001009603,6946.7
49855188,-76.958874,38.93101499999999,11001011100,819.3
49855199,-76.9666126,38.87183569999999,11001007604,2729.6
49855269,-77.0541554,38.91021789999999,11001000101,5760.5
49855275,-77.0104395,38.9664333,11001001702,3606.2
49855283,-77.0107147,38.9663158,11001001702,3606.2
49855407,-77.030865,38.935295999999994,11001002900,15329.2
49855434,-76.9774957,38.900868,11001008904,8515.5
49855599,-77.0238652,38.887573699999976,11001980000,1.5
49855611,-77.0199076,38.8875712,11001010202,2108.3
49855828,-76.972429,38.927465000000005,11001011100,819.3
49855877,-77.0557087,38.96636219999999,11001001500,1189.4
49855884,-76.9434074,38.9037063,11001009601,1058.9
49855893,-76.943402,38.906376,11001009601,1058.9
49855949,-76.9426069,38.89599239999999,11001007803,5016.5
49856097,-77.0379361,38.92565849999998,11001003802,17411.3
49856112,-77.040143,38.92435199999999,11001003802,17411.3
49856113,-77.040338,38.92422599999999,11001003802,17411.3
49856163,-77.0443996,38.919663699999994,11001004002,16899.8
49856283,-77.0593969,38.92579389999999,11001000502,5930.0
49856360,-77.059978,38.92722,11001000502,5930.0
49856372,-76.990668,38.86146699999998,11001007407,5597.7
49856433,-76.922929,38.890775,11001007808,4346.3
49856485,-76.9218912,38.89581960000001,11001007807,4738.9
49856721,-76.967771,38.87230799999999,11001007604,2729.6
49856764,-76.947535,38.864046,11001007603,3490.4
49856771,-77.0896188,38.90944079999999,11001000802,1329.8
49856917,-76.93582,38.879518,11001007707,5155.6
49856927,-77.041347,38.934466000000015,11001002704,9978.6
49857128,-77.100503,38.94387199999998,11001000904,1547.9
49857132,-76.98714,38.93965599999999,11001009503,2415.2
49857165,-76.987248,38.9428614,11001009503,2415.2
49857234,-76.9883758,38.94716090000001,11001009503,2415.2
49857341,-77.0989306,38.92810079999999,11001000902,981.5
49857367,-77.0998407,38.92637409999999,11001000902,981.5
49857413,-77.0990048,38.9253396,11001000902,981.5
49857603,-76.93607,38.88888899999999,11001009906,6392.1
49857731,-76.9822168,38.88867809999999,11001006801,9279.8
49857755,-76.956073,38.888783999999994,11001007708,2793.7
49857791,-76.9984561,38.8886853,11001006600,7540.5
49857798,-76.994964,38.8886847,11001006700,9175.4
49857907,-77.091797,38.92415299999999,11001000804,1291.7
49858012,-77.00203100000002,38.9072586,11001010602,13400.1
49858017,-77.0009713,38.907377499999996,11001008803,3829.0
49858053,-76.979266,38.928717,11001009400,3137.6
49858107,-76.9845265,38.925761399999985,11001009301,3055.1
49858119,-76.9949102,38.9157625,11001009102,2396.3
49858149,-76.991346,38.91931850000002,11001009102,2396.3
49858173,-76.98881400000002,38.92147009999999,11001009102,2396.3
49858191,-76.9885845,38.92204819999999,11001009102,2396.3
49858404,-77.067857,38.956196999999996,11001001301,1375.9
49858471,-77.0560649,38.9728301,11001001500,1189.4
49858487,-77.059941,38.9728353,11001001500,1189.4
49858503,-77.0636875,38.9728377,11001001500,1189.4
49858507,-77.064188,38.972838,11001001500,1189.4
49858565,-77.0581222,38.90608699999999,11001000102,1374.8
49858569,-77.0581269,38.906857599999995,11001000102,1374.8
49858577,-77.0581624,38.9085111,11001000102,1374.8
49858691,-77.0584065,38.9496785,11001001301,1375.9
49858744,-77.0584661,38.9227151,11001000400,1112.8
49858755,-77.0576886,38.923273399999985,11001000502,5930.0
49858800,-77.0598458,38.9345946,11001000600,3028.9
49858823,-77.058743,38.9649103,11001001402,3896.7
49858829,-77.0587393,38.965619399999994,11001001402,3896.7
49858868,-77.0686318,38.933482500000004,11001000600,3028.9
49858900,-77.068636,38.938150400000005,11001000600,3028.9
49858932,-77.0690358,38.90773889999999,11001000202,3259.9
49858952,-77.0692064,38.911694499999996,11001000202,3259.9
49859011,-77.0686551,38.9275239,11001000400,1112.8
49859100,-76.949524,38.88308400000002,11001009901,1002.4
49859141,-77.050619,38.91630060000001,11001004100,2968.9
49859176,-77.0552853,38.91682219999998,11001004100,2968.9
49859443,-76.9656467,38.85730219999999,11001007603,3490.4
49859579,-77.020419,38.932534999999994,11001003200,9225.6
49859632,-77.0308725,38.93092599999999,11001003000,16784.0
49859675,-77.0392808,38.932618899999994,11001002703,14110.8
49859684,-77.0399062,38.932504099999996,11001002703,14110.8
49859694,-77.0412957,38.9323573,11001002703,14110.8
49859763,-77.045614,38.933643999999994,11001002704,9978.6
49859960,-77.039923,38.932847,11001002703,14110.8
49859980,-77.0390927,38.932646399999996,11001002703,14110.8
49860013,-77.00351,38.9181071,11001008702,7239.5
49860022,-77.0020439,38.918106800000004,11001008702,7239.5
49860036,-76.998408,38.91810800000001,11001008702,7239.5
49860097,-76.9637284,38.91877149999999,11001011100,819.3
49860163,-77.004235,38.959621000000006,11001009505,4265.8
49860178,-77.002767,38.959774999999986,11001009505,4265.8
49860181,-77.002818,38.959362000000006,11001009505,4265.8
49860239,-76.998546,38.956827000000004,11001009508,4063.9
49860372,-77.008963,38.96479,11001001702,3606.2
49860391,-77.043904,38.98874599999999,11001001600,1895.6
49860404,-77.045462,38.98842900000001,11001001600,1895.6
49860421,-77.04656300000002,38.98856199999998,11001001600,1895.6
49860460,-77.074595,38.95836230000001,11001001100,2689.0
49860465,-77.076834,38.95836,11001001100,2689.0
49860474,-77.082023,38.95802799999999,11001001100,2689.0
49860475,-77.0837767,38.95802950000002,11001001100,2689.0
49860480,-77.084328,38.958026999999994,11001001004,2689.9
49860486,-77.0820151,38.94247459999999,11001001004,2689.9
49860554,-77.0827458,38.94478679999998,11001001004,2689.9
49860612,-77.0820483,38.94628529999999,11001001004,2689.9
49860638,-77.08204,38.949688,11001001004,2689.9
49860783,-77.0820309,38.953868500000006,11001001100,2689.0
49860792,-77.0820272,38.9547136,11001001100,2689.0
49860828,-77.073808,38.917739000000005,11001000300,5428.2
49860839,-77.074611,38.919169,11001000300,5428.2
49860975,-77.0614555,38.96880910000001,11001001500,1189.4
49861005,-77.063878,38.968993000000005,11001001500,1189.4
49861013,-77.063877,38.96863900000001,11001001500,1189.4
49861023,-77.069665,38.96863599999999,11001001401,4218.2
49861091,-77.0292648,38.909169000000006,11001005004,25869.4
49861125,-77.0289725,38.9094246,11001005004,25869.4
49861137,-77.0289433,38.90972930000001,11001005004,25869.4
49861165,-77.0291512,38.9100328,11001005004,25869.4
49861176,-77.0291632,38.910041,11001005004,25869.4
49861217,-77.0300091,38.91012830000001,11001005001,10271.4
49861252,-77.0302495,38.90993319999999,11001005001,10271.4
49861274,-77.0303211,38.909530100000005,11001005003,18761.8
49861294,-77.0302122,38.909320099999995,11001005003,18761.8
49861299,-77.0301861,38.90929019999999,11001005003,18761.8
49861310,-77.03004070000001,38.90915820000001,11001005003,18761.8
49861386,-77.04653,38.934383999999994,11001002704,9978.6
49861549,-77.0577476,38.96491190000002,11001001402,3896.7
49861628,-77.063882,38.96490700000001,11001001401,4218.2
49861644,-77.068007,38.96490500000001,11001001401,4218.2
49861739,-77.056428,38.96556899999999,11001001500,1189.4
49861791,-77.05751,38.96473700000001,11001001402,3896.7
49862016,-77.0364117,38.97227079999998,11001001803,3248.9
49862388,-77.013745,38.96907399999999,11001001702,3606.2
49862580,-76.935375,38.87884999999999,11001007707,5155.6
49862640,-76.9338321,38.874869499999996,11001007707,5155.6
49862705,-76.935678,38.88804499999999,11001009906,6392.1
49862802,-76.9296388,38.90466409999998,11001007806,3516.7
49862829,-76.92628,38.9046648,11001007806,3516.7
49863168,-77.0612135,38.90682329999999,11001000102,1374.8
49863186,-77.0630366,38.90682979999999,11001000102,1374.8
49863346,-77.0310179,38.9072574,11001005003,18761.8
49863387,-77.0416825,38.907253,11001010700,1848.6
49863421,-77.050101,38.9072484,11001005501,10678.0
49863511,-76.9752009,38.93965500000001,11001009400,3137.6
49863523,-76.973773,38.93965149999999,11001009400,3137.6
49863558,-77.002766,38.96200899999999,11001009505,4265.8
49863576,-76.973987,38.943011,11001009400,3137.6
49863611,-77.003558,38.90251509999999,11001010602,13400.1
49863614,-77.002037,38.90251399999997,11001010602,13400.1
49863703,-76.9780739,38.90250999999999,11001008903,12001.8
49864273,-76.955173,38.870425,11001009901,1002.4
49864419,-77.097296,38.91590800000001,11001000804,1291.7
49864432,-77.0132972,38.81474399999999,11001010900,631.3
49864452,-77.0151325,38.816658299999986,11001010900,631.3
49864459,-77.1046637,38.93332240000001,11001000904,1547.9
49864481,-77.104808,38.93421000000001,11001000904,1547.9
49864507,-77.1043342,38.9347812,11001000904,1547.9
49864523,-77.1035018,38.93574039999999,11001000904,1547.9
49864583,-76.9338852,38.9102869,11001009601,1058.9
49864612,-76.9856778,38.8617216,11001007503,4736.7
49864639,-77.002764,38.964359999999985,11001009505,4265.8
49865072,-77.09937,38.93152500000003,11001000904,1547.9
49865234,-77.0199088,38.88394110000001,11001010202,2108.3
49865391,-77.101036,38.93516200000001,11001000904,1547.9
49865423,-77.1020031,38.9355201,11001000904,1547.9
49865706,-77.0302733,38.908534300000014,11001005003,18761.8
49865768,-77.0330733,38.9037457,11001010100,4591.0
49865774,-77.0324901,38.9047324,11001010100,4591.0
49865817,-77.0416561,38.916296299999985,11001004201,15764.6
49865962,-76.94683700000002,38.867398,11001009902,2118.3
49866068,-77.003504,38.91333699999997,11001008702,7239.5
49866120,-77.0035037,38.9229064,11001009203,5714.0
49866132,-77.004385,38.94286399999999,11001009510,5690.3
49866203,-77.0035579,38.9037382,11001010602,13400.1
49866317,-77.0054427,38.825119599999994,11001009810,4650.4
49866346,-77.014625,38.91810700000002,11001003301,7973.8
49866407,-77.0395483,38.918234200000015,11001004201,15764.6
49866411,-77.01469,38.91866300000001,11001003301,7973.8
49866459,-77.09762830000001,38.91807319999999,11001000804,1291.7
49866464,-77.097809,38.91720800000001,11001000804,1291.7
49866563,-76.962497,38.926917,11001009000,2522.4
49866594,-77.0125715,38.96801890000001,11001001702,3606.2
49866710,-76.9669839,38.91462060000001,11001011100,819.3
49866712,-76.9668043,38.91462289999998,11001011100,819.3
49866843,-77.0657546,38.9750494,11001001500,1189.4
49866935,-77.071661,38.920479999999976,11001000300,5428.2
49867030,-77.05447,38.981031499999986,11001001500,1189.4
49867054,-77.055932,38.98127599999999,11001001500,1189.4
49867065,-77.050164,38.949837000000024,11001001301,1375.9
49867524,-77.0182811,38.9305748,11001002302,762.9
49867949,-77.050331,38.944721,11001001303,3953.0
49868031,-77.065028,38.95846159999999,11001001301,1375.9
49868291,-77.0530139,38.9504238,11001001301,1375.9
49868295,-77.05310640000002,38.9506948,11001001301,1375.9
49868538,-77.05825,38.956604,11001001301,1375.9
49868764,-76.997408,38.95724499999999,11001009508,4063.9
49868816,-77.0056301,38.95659419999999,11001009505,4265.8
49868820,-76.985791,38.91108599999998,11001008803,3829.0
49868906,-77.0007916,38.91333999999998,11001008702,7239.5
49868924,-76.942432,38.879336999999985,11001007707,5155.6
49869068,-77.0501136,38.9037384,11001005501,10678.0
49869137,-77.0493044,38.909831499999996,11001004100,2968.9
49869404,-77.0508469,38.91777869999999,11001004100,2968.9
49869479,-76.9830938,38.926682599999985,11001009301,3055.1
49869500,-77.0715247,38.905420000000014,11001000201,5614.4
49869517,-77.0716068,38.90768110000001,11001000202,3259.9
49869544,-77.072423,38.938149399999986,11001000600,3028.9
49869576,-77.072414,38.94477699999999,11001001200,3864.4
49869582,-77.072411,38.945529,11001001200,3864.4
49869591,-77.072414,38.94628019999998,11001001200,3864.4
49869665,-77.073123,38.922914,11001000702,10484.3
49869762,-76.92963600000002,38.9072071,11001007806,3516.7
49869800,-77.003314,38.949436000000006,11001009510,5690.3
49869804,-77.101149,38.94619399999998,11001000904,1547.9
49869856,-77.100508,38.946033,11001000904,1547.9
49869901,-77.086215,38.927534400000006,11001000804,1291.7
49869902,-77.087427,38.92753849999999,11001000804,1291.7
49870111,-77.061356,38.92752499999999,11001000502,5930.0
49870137,-77.0648146,38.92752950000001,11001000400,1112.8
49870181,-77.075839,38.92752760000001,11001000704,7234.1
49870183,-77.077046,38.927527,11001000704,7234.1
49870270,-77.0019808,38.90778449999999,11001010602,13400.1
49870398,-77.0150794,38.94002369999999,11001002302,762.9
49870402,-77.0152815,38.94002270000001,11001002301,7776.5
49870492,-77.034448,38.9397413,11001002504,10048.5
49870525,-77.041275,38.93975300000001,11001002600,1190.1
49870527,-77.041596,38.939753000000024,11001002600,1190.1
49870708,-76.969111,38.8551682,11001007502,7711.5
49870903,-77.0416984,38.90252880000002,11001010700,1848.6
49870940,-77.061143,38.9025758,11001000102,1374.8
49870944,-77.0627517,38.902587100000005,11001000102,1374.8
49871037,-77.015177,38.902521499999985,11001004702,10650.0
49871111,-76.926292,38.88403199999999,11001009905,7374.0
49871189,-77.003782,38.834426,11001009803,5408.0
49871225,-76.998431,38.83755500000001,11001009804,5044.7
49871515,-77.002034,38.92290599999998,11001009203,5714.0
49871562,-77.0073536,38.95489150000001,11001009508,4063.9
49871587,-77.083782,38.946284,11001001004,2689.9
49871679,-77.0837806,38.95470530000001,11001001004,2689.9
49871713,-77.0363134,38.907050399999996,11001010100,4591.0
49871743,-77.0367649,38.90746270000001,11001005303,14832.3
49871840,-77.061344,38.968305000000015,11001001500,1189.4
49871865,-77.062664,38.970707999999995,11001001500,1189.4
49872045,-77.053158,38.898845900000005,11001005602,14421.3
49872646,-77.0521936,38.955830600000006,11001001301,1375.9
49872837,-77.053124,38.959774000000024,11001001301,1375.9
49872984,-77.0447255,38.990356799999994,11001001600,1895.6
49873107,-77.106694,38.932238999999996,11001000904,1547.9
49873126,-77.086215,38.931351199999995,11001000804,1291.7
49873404,-76.9779009,38.8978006,11001007901,10937.8
49873430,-76.974299,38.89716700000001,11001007903,7498.4
49873440,-77.0973827,38.94483080000001,11001000904,1547.9
49873641,-77.10129,38.944218000000006,11001000904,1547.9
49873649,-77.0703073,38.94477769999998,11001001200,3864.4
49873670,-77.074609,38.94478099999999,11001001200,3864.4
49873688,-77.077928,38.9447805,11001001002,3763.3
49873784,-77.086207,38.944787000000005,11001001004,2689.9
49873833,-77.0943397,38.9447896,11001001003,2947.0
49873888,-77.07064,38.91919800000001,11001000300,5428.2
49873931,-77.036411,38.98085970000003,11001001600,1895.6
49874047,-76.975189,38.94029199999999,11001009400,3137.6
49874092,-76.9787704,38.9408767,11001009400,3137.6
49874112,-76.9802555,38.9415156,11001009400,3137.6
49874438,-77.029338,38.974614,11001010300,4005.6
49874444,-77.03002140000001,38.97463460000001,11001010300,4005.6
49874447,-77.0301573,38.97458910000001,11001010300,4005.6
49874560,-77.0345153,38.97371920000001,11001010300,4005.6
49874852,-76.9613264,38.9317855,11001011100,819.3
49874972,-77.014749,38.91917399999999,11001003301,7973.8
49874974,-77.014802,38.919663,11001003301,7973.8
49875098,-77.0136545,38.956603600000015,11001002102,6947.2
49875116,-77.0140841,38.912941700000005,11001003302,10949.2
49875128,-77.014085,38.913344899999984,11001003302,10949.2
49875182,-77.0562948,38.97970749999999,11001001500,1189.4
49875208,-77.0560922,38.9804883,11001001500,1189.4
49875541,-77.0636726,38.9265969,11001000400,1112.8
49875724,-77.065171,38.95425800000001,11001001301,1375.9
49875741,-76.982243,38.855164,11001007407,5597.7
49875799,-76.982219,38.88167440000001,11001006802,8083.4
49875888,-76.9827421,38.861156700000016,11001007504,3684.5
49875896,-77.086563,38.919173,11001000802,1329.8
49875920,-77.086937,38.919714,11001000804,1291.7
49876015,-76.9843828,38.91233530000001,11001008803,3829.0
49876097,-77.0364239,38.968754799999985,11001001803,3248.9
49876119,-77.0161861,38.9686372,11001001902,2521.5
49876158,-77.0557894,38.9485808,11001001301,1375.9
49876232,-77.0742606,38.93813579999999,11001001002,3763.3
49876468,-77.0161192,38.956556499999984,11001002102,6947.2
49877083,-76.952655,38.89068,11001009603,6946.7
49877121,-76.946373,38.890888,11001009603,6946.7
49877664,-76.9259986,38.8853839,11001009905,7374.0
49877697,-76.923018,38.88542199999999,11001009905,7374.0
49877710,-76.922511,38.88509699999999,11001009905,7374.0
49877840,-77.0243007,38.918224800000004,11001003500,11775.4
49877844,-77.0248756,38.919196,11001004401,13723.8
49877875,-77.0260823,38.9205737,11001004401,13723.8
49877985,-77.01517730000002,38.9134083,11001004600,6991.7
49877989,-77.0158579,38.913695100000005,11001004600,6991.7
49878016,-77.021215,38.91598299999998,11001003400,3776.1
49878067,-77.03889,38.91841800000001,11001003801,10167.0
49878097,-77.0416562,38.9167983,11001003801,10167.0
49878225,-77.0208915,38.91667129999999,11001003400,3776.1
49878271,-77.037822,38.92991899999999,11001002702,11473.8
49878289,-77.041307,38.929693,11001002702,11473.8
49878328,-77.0198326,38.930318400000004,11001003200,9225.6
49878433,-76.991123,38.84121799999998,11001007304,3529.8
49878441,-76.990073,38.841475,11001007304,3529.8
49878531,-76.995827,38.839578,11001009804,5044.7
49878967,-76.9926454,38.883132199999984,11001007000,5602.7
49879049,-77.0781676,38.9367283,11001001002,3763.3
49879655,-77.005789,38.8536449,11001007301,467.5
49879782,-77.0084165,38.8405439,11001010400,1682.2
49880435,-77.0165526,38.82612820000001,11001009807,3203.8
49880524,-77.0114917,38.83511060000001,11001009807,3203.8
49880689,-77.0063,38.85218549999998,11001010400,1682.2
49881454,-77.055158,38.933514,11001001304,5698.4
49881497,-77.07241350000001,38.93348540000001,11001000600,3028.9
49881563,-77.1030932,38.93426899999999,11001000904,1547.9
49881791,-77.002043,38.903736,11001010602,13400.1
49881897,-77.002763,38.96126900000001,11001009505,4265.8
49881997,-77.002029,38.92022699999998,11001009203,5714.0
49882039,-77.02627,38.933757,11001003100,11890.5
49882225,-77.0114896,38.94438739999999,11001002202,4615.4
49882269,-77.0429475,38.9091723,11001005502,9897.5
49882295,-77.0437997,38.909096100000006,11001010700,1848.6
49882303,-77.0440153,38.90921930000002,11001005502,9897.5
49882315,-77.0442206,38.909532000000006,11001005502,9897.5
49882347,-77.0433016,38.9102575,11001005502,9897.5
49882353,-77.0431301,38.9102192,11001004202,12585.1
49882369,-77.0428537,38.910058500000005,11001005502,9897.5
49882385,-77.0426624,38.909768299999996,11001005303,14832.3
49882399,-77.04267300000001,38.9094931,11001005303,14832.3
49882741,-77.040042,38.920666000000004,11001003801,10167.0
49882753,-77.0416781,38.919677600000014,11001003802,17411.3
49882948,-76.925853,38.886057,11001009905,7374.0
49882979,-76.9587702,38.887593,11001007708,2793.7
49882982,-76.956074,38.887584,11001007708,2793.7
49883050,-76.949581,38.889321599999995,11001007703,7008.9
49883189,-77.0058937,38.835847,11001009803,5408.0
49883336,-77.005899,38.876544399999986,11001007202,28604.4
49883573,-76.9879249,38.8898095,11001006700,9175.4
49883599,-76.9897535,38.8903694,11001008002,5676.3
49883685,-76.9918357,38.88981,11001008100,10966.3
49883933,-76.9676862,38.911906099999996,11001011100,819.3
49883970,-77.03997,38.935477999999996,11001002704,9978.6
49884091,-76.963705,38.92129599999998,11001011100,819.3
49884181,-77.0617558,38.944547199999995,11001001303,3953.0
49884225,-76.98602110000002,38.880065699999996,11001007100,4634.0
49884234,-76.9851959,38.88009249999999,11001007100,4634.0
49884292,-76.928003,38.89468399999999,11001007804,4831.5
49884357,-77.1085054,38.9328868,11001000904,1547.9
49884361,-77.1090175,38.9326249,11001000904,1547.9
49884500,-76.96650300000002,38.93616599999999,11001009400,3137.6
49884583,-76.9798422,38.9361644,11001009400,3137.6
49884831,-76.92746,38.89930400000001,11001007804,4831.5
49884932,-77.0678415,38.9408684,11001001200,3864.4
49884991,-77.070996,38.945561999999995,11001001200,3864.4
49884995,-77.0717301,38.9462808,11001001200,3864.4
49885034,-77.07212,38.94968599999999,11001001200,3864.4
49885123,-77.072735,38.954693200000015,11001001100,2689.0
49885288,-77.019889,38.876544399999986,11001010201,16847.2
49885365,-77.0994267,38.946280699999996,11001000904,1547.9
49885375,-77.099346,38.9459066,11001000904,1547.9
49885439,-77.0988686,38.92459129999999,11001000902,981.5
49885538,-77.10237,38.927321000000006,11001000902,981.5
49885650,-77.073188,38.9261817,11001000400,1112.8
49885662,-77.07583,38.92618229999999,11001000704,7234.1
49885664,-77.077048,38.92618259999999,11001000704,7234.1
49885824,-76.987573,38.9191,11001009102,2396.3
49886008,-76.938351,38.873042,11001009902,2118.3
49886177,-76.9779941,38.9070081,11001008903,12001.8
49886199,-76.978077,38.90371919999999,11001008903,12001.8
49886257,-76.978995,38.92558339999999,11001011100,819.3
49886287,-76.9795301,38.9321244,11001009400,3137.6
49886372,-77.0256268,38.88187099999998,11001010202,2108.3
49886435,-76.940277,38.907215,11001009601,1058.9
49886441,-76.9391056,38.90721479999999,11001009601,1058.9
49886475,-77.0152235,38.90521389999999,11001004802,10299.1
49886483,-77.018188,38.904226,11001004802,10299.1
49886535,-77.0161592,38.95873519999999,11001002102,6947.2
49886635,-77.038592,38.958809,11001002001,4706.6
49886798,-77.0848908,38.90707239999999,11001000802,1329.8
49887003,-77.045639,38.989250999999996,11001001600,1895.6
49887337,-77.0617526,38.924747299999986,11001000400,1112.8
49887616,-76.981489,38.92558419999999,11001009102,2396.3
49887704,-77.00898030000002,38.92512959999999,11001003301,7973.8
49887720,-77.0070492,38.925377000000005,11001009203,5714.0
49887724,-77.005344,38.82171999999999,11001010900,631.3
49887850,-77.0161616,38.96131380000001,11001001902,2521.5
49888173,-76.994926,38.92279800000001,11001009302,4647.0
49888275,-77.0745953,38.954691499999996,11001001100,2689.0
49888300,-77.0826276,38.95470450000001,11001001100,2689.0
49888305,-77.0862097,38.954707100000014,11001001004,2689.9
49888809,-77.0635882,38.90787039999999,11001000202,3259.9
49888810,-77.0638736,38.908416200000005,11001000102,1374.8
49888946,-77.07319,38.92752899999999,11001000400,1112.8
49889050,-77.0783335,38.9455108,11001001002,3763.3
49889089,-77.0803912,38.9496859,11001001100,2689.0
49889179,-76.9954511,38.933946699999986,11001009511,1982.2
49889281,-77.005345,38.81990100000001,11001010900,631.3
49889382,-77.0121849,38.8638889,11001006400,3185.1
49889425,-76.9877657,38.89278699999999,11001008002,5676.3
49889442,-76.9855061,38.8954895,11001008001,9474.4
49889508,-77.06125040000002,38.9084646,11001000102,1374.8
49889658,-77.0091895,38.90857130000001,11001004600,6991.7
49889997,-76.9391966,38.89555539999999,11001007803,5016.5
49890166,-77.043719,38.92568,11001003902,6388.3
49890197,-77.043457,38.925544,11001003902,6388.3
49890377,-77.0090158,38.90374759999998,11001010603,5518.9
49890446,-76.951177,38.885284,11001007703,7008.9
49890765,-76.94545,38.86861399999999,11001009902,2118.3
49890881,-77.10194,38.946388999999996,11001000904,1547.9
49891103,-77.074606,38.94628389999999,11001001200,3864.4
49891145,-77.086211,38.946286,11001001004,2689.9
49891625,-77.0353059,38.9758155,11001010300,4005.6
49891817,-76.925258,38.89580400000001,11001007808,4346.3
49891882,-76.96443,38.92512999999998,11001009000,2522.4
49892045,-77.0071276,38.9611317,11001009505,4265.8
49892062,-76.9741739,38.899494,11001008904,8515.5
49892134,-76.998837,38.954188,11001009508,4063.9
49892141,-76.9981536,38.9536599,11001009508,4063.9
49892277,-76.9659448,38.86125800000001,11001007604,2729.6
49892477,-77.099472,38.935795999999996,11001000903,3449.3
49892627,-76.977702,38.855158,11001007407,5597.7
49892640,-76.9699757,38.855168000000006,11001007502,7711.5
49892770,-77.013933,38.887176999999994,11001010500,5126.6
49892793,-77.0128606,38.885300900000004,11001010500,5126.6
49892879,-77.0159564,38.88251110000001,11001010500,5126.6
49892886,-77.0177621,38.88251130000002,11001010202,2108.3
49892898,-77.0212767,38.882537,11001010202,2108.3
49893251,-77.031277,38.98627200000003,11001001600,1895.6
49893410,-77.041604,38.92547200000001,11001003902,6388.3
49893580,-77.079765,38.919175,11001000300,5428.2
49893618,-76.9334049,38.909915999999996,11001009601,1058.9
49893849,-77.076034,38.91917069999999,11001000300,5428.2
49893937,-77.0859655,38.91917120000001,11001000802,1329.8
49894130,-77.039856,38.87992999999998,11001980000,1.5
49894515,-77.0252852,38.8750312,11001980000,1.5
49894598,-77.0341073,38.8816251,11001980000,1.5
49895056,-77.07460400000001,38.9496874,11001001200,3864.4
49895112,-77.086209,38.94969199999999,11001001004,2689.9
49895208,-77.1039567,38.929460699999986,11001000904,1547.9
49895276,-77.0416947,38.90373650000001,11001010700,1848.6
49895526,-77.04129,38.9351491,11001002704,9978.6
49895613,-77.074607,38.94553199999999,11001001200,3864.4
49895641,-77.086207,38.945536,11001001004,2689.9
49895965,-77.0604709,38.909774200000015,11001000102,1374.8
49896039,-76.9889006,38.852171999999996,11001007404,5208.7
49896326,-77.0363807,38.988862999999995,11001001600,1895.6
49896515,-76.922942,38.90192999999999,11001007807,4738.9
49896523,-77.0186149,38.8826476,11001010202,2108.3
49896597,-77.046656,38.989683000000014,11001001600,1895.6
49896639,-77.0535679,38.972284299999984,11001001500,1189.4
49896757,-77.0191765,38.97735570000002,11001001702,3606.2
49896765,-77.074623,38.92557600000001,11001000702,10484.3
49896770,-77.074623,38.926182,11001000704,7234.1
49896776,-77.074626,38.9275283,11001000704,7234.1
49896916,-77.0746361,38.9365659,11001001002,3763.3
49896952,-77.0742782,38.916508599999986,11001000300,5428.2
49897085,-77.0755761,38.939361300000016,11001001002,3763.3
49897234,-77.0860012,38.9205967,11001000804,1291.7
49897656,-77.110553,38.9343975,11001000904,1547.9
49897887,-76.975203,38.94286300000001,11001009400,3137.6
49898029,-76.9741813,38.94287320000001,11001009400,3137.6
49898073,-77.0281199,38.88644819999999,11001010202,2108.3
49898275,-77.0282026,38.961479499999996,11001001804,9021.2
49898383,-76.9943273,38.85181639999998,11001010400,1682.2
49898759,-76.95567700000001,38.872504,11001009901,1002.4
49898814,-76.9560567,38.88965630000001,11001007708,2793.7
49899084,-76.9936143,38.9314244,11001009301,3055.1
50551283,-76.928586,38.90789610000002,11001007806,3516.7
50670707,-76.9193275,38.88513089999999,11001009905,7374.0
50696293,-76.9633203,38.93511430000001,11001011100,819.3
50781596,-76.9457774,38.864504800000006,11001009902,2118.3
50824297,-76.9108978,38.8940338,11001007808,4346.3
55580453,-77.0502025,38.93410579999999,11001001304,5698.4
262173261,-77.0650056,38.903088600000004,11001000202,3259.9
262173355,-77.059108,38.90257889999998,11001000102,1374.8
262173356,-77.0659817,38.903454899999986,11001000202,3259.9
262249791,-77.0507933,38.90242589999998,11001005601,13442.9
262251165,-77.0504076,38.911922000000004,11001004100,2968.9
262251166,-77.050532,38.911874899999994,11001004100,2968.9
262430493,-77.0132294,38.8868243,11001010500,5126.6
262430827,-77.0242426,38.887574999999984,11001980000,1.5
262542282,-77.0501464,38.8973602,11001005602,14421.3
262550681,-77.0536501,38.89848760000002,11001005602,14421.3
262550683,-77.05321770000002,38.89909209999999,11001005602,14421.3
291775083,-77.0281133,38.88471100000001,11001010202,2108.3
293571552,-77.0330527,38.88117269999999,11001980000,1.5
297108981,-77.0410029,38.88694399999999,11001980000,1.5
306513250,-77.0791741,38.94579909999999,11001001002,3763.3
306513257,-77.078813,38.9459673,11001001004,2689.9
306513964,-77.0787312,38.946595000000016,11001001100,2689.0
310957741,-77.0761719,38.90740419999998,11001000201,5614.4
387940793,-77.08915360000002,38.9345439,11001000804,1291.7
388401645,-77.0898401,38.934524300000014,11001000903,3449.3
389067203,-77.0900273,38.93839929999999,11001000903,3449.3
389067216,-77.0891846,38.939104,11001000903,3449.3
389068940,-77.0885935,38.9389855,11001000903,3449.3
389071206,-77.0890908,38.939046099999985,11001000903,3449.3
389074956,-77.0900225,38.936761799999985,11001000903,3449.3
389933768,-77.090163,38.93490149999999,11001000903,3449.3
389938623,-77.0877512,38.93872749999999,11001000903,3449.3
393463842,-77.0573877,38.982930599999996,11001001500,1189.4
447591561,-77.0891779,38.937285199999984,11001000903,3449.3
447823042,-77.0889097,38.937616699999985,11001000903,3449.3
448223299,-77.0887058,38.95846610000001,11001001004,2689.9
486888915,-77.0020489,38.88075669999999,11001007000,5602.7
486891251,-77.0297111,38.88151059999998,11001010202,2108.3
486891548,-77.0260865,38.8835881,11001010202,2108.3
487046296,-77.0322707,38.88362999999998,11001980000,1.5
495438997,-77.0442192,38.92763610000002,11001003902,6388.3
520059507,-77.03235660000001,38.883549,11001980000,1.5
520066771,-77.0319617,38.88757749999999,11001010202,2108.3
520068043,-77.0334551,38.8841798,11001980000,1.5
520070571,-77.0336648,38.8843274,11001980000,1.5
520072065,-77.0319604,38.8920989,11001980000,1.5
522279711,-76.9937672,38.8574991,11001007401,1034.1
527744158,-77.0106502,38.8765423,11001010500,5126.6
568214379,-77.0663477,38.924148800000005,11001000400,1112.8
584597180,-77.0717542,38.9173507,11001000300,5428.2
593062139,-77.0772385,38.9063091,11001000201,5614.4
601807683,-77.0404575,38.91892699999998,11001003801,10167.0
609358011,-77.0329917,38.8840123,11001980000,1.5
610608392,-77.0315878,38.90585639999999,11001005203,33336.9
610608625,-77.0339474,38.90630630000001,11001010100,4591.0
611230384,-76.933043,38.90947719999999,11001007806,3516.7
611404902,-77.0261737,38.88316459999999,11001010202,2108.3
611995945,-77.00656,38.839027,11001010400,1682.2
622720245,-77.0280457,38.88950450000001,11001980000,1.5
622720635,-77.0245062,38.88061239999999,11001010202,2108.3
622720915,-77.0242403,38.886337999999995,11001010202,2108.3
622720955,-77.0238491,38.88633139999999,11001010202,2108.3
622720970,-77.0240242,38.88584370000001,11001010202,2108.3
622721012,-77.0238807,38.8848433,11001010202,2108.3
622721602,-77.0215749,38.882766799999985,11001010202,2108.3
622721609,-77.0194063,38.88237110000001,11001010202,2108.3
626105035,-77.0393316,38.9192859,11001003801,10167.0
632879321,-77.0533023,38.9015756,11001005601,13442.9
632879330,-77.054036,38.90157550000001,11001005601,13442.9
632935663,-77.0530701,38.90264859999999,11001005601,13442.9
633026579,-77.054748,38.90565319999999,11001005503,7766.2
633085015,-77.0652784,38.9043735,11001000202,3259.9
633923743,-77.0449203,38.89595609999998,11001010800,7151.8
633923936,-77.0466516,38.902642000000014,11001010700,1848.6
633969122,-77.0486866,38.9116531,11001004100,2968.9
633969379,-77.0449331,38.915103500000015,11001004202,12585.1
634011150,-77.0494413,38.9026212,11001010700,1848.6
634011173,-77.0533771,38.90257480000002,11001005601,13442.9
634784052,-77.0536344,38.899329800000004,11001005602,14421.3
634784054,-77.0538496,38.8991224,11001005602,14421.3
634784056,-77.0538979,38.89881749999999,11001005602,14421.3
635118613,-77.0264712,38.9013656,11001010100,4591.0
635178634,-77.0365783,38.905977299999996,11001010700,1848.6
635178708,-77.03657,38.9087044,11001005303,14832.3
635341645,-77.0485716,38.9024021,11001010700,1848.6
637994550,-76.9539476,38.894012100000005,11001009604,3359.8
638062063,-76.9947917,38.9216502,11001009102,2396.3
638062523,-76.9667906,38.90862359999999,11001011100,819.3
638062550,-76.9659913,38.90812900000001,11001011100,819.3
638062593,-76.9672734,38.908129,11001011100,819.3
638093913,-77.0100263,38.971712300000014,11001001702,3606.2
638150141,-77.0710714,38.912620000000004,11001000202,3259.9
638210713,-77.0550216,38.8922851,11001980000,1.5
638210736,-77.0392277,38.88833010000001,11001980000,1.5
638210752,-77.0503926,38.88661520000001,11001980000,1.5
638210767,-77.0502096,38.886500500000004,11001980000,1.5
638210863,-77.0515641,38.88767910000001,11001980000,1.5
638210869,-77.0518906,38.88787849999998,11001980000,1.5
638211057,-77.0508664,38.8884464,11001980000,1.5
638452556,-77.0089205,38.9064444,11001010601,8577.0
638452596,-77.0089205,38.9056464,11001010603,5518.9
638462834,-77.0091927,38.905647,11001004704,7960.1
638462911,-77.0091913,38.90735839999999,11001004600,6991.7
638789448,-77.0370195,38.92619809999999,11001003802,17411.3
638789503,-77.0194372,38.9280404,11001003200,9225.6
638898827,-76.9787012,38.90723389999999,11001008903,12001.8
638898885,-76.9787507,38.907156699999994,11001008903,12001.8
638898961,-76.9796288,38.90753059999999,11001008804,3005.2
638898969,-76.9866836,38.910801700000015,11001008803,3829.0
638905411,-77.0058178,38.89605280000001,11001010603,5518.9
638905427,-77.00482470000001,38.8957475,11001980000,1.5
638908693,-77.0072394,38.8962955,11001010603,5518.9
638915905,-77.0062239,38.927037699999985,11001002302,762.9
638915929,-77.0060625,38.92659650000001,11001009203,5714.0
639298273,-77.023134,38.98186579999998,11001010300,4005.6
639298276,-77.0244513,38.98272120000001,11001010300,4005.6
639381973,-76.9936454,38.85685720000001,11001007406,7783.6
639388319,-76.9939347,38.861311100000016,11001007401,1034.1
639415425,-76.97793780000002,38.8740256,11001007601,3937.9
639415539,-76.969846,38.87390910000001,11001007709,2756.0
639415544,-76.9700518,38.87391430000001,11001007709,2756.0
639446270,-76.9945045,38.8639489,11001007401,1034.1
639446397,-76.9744416,38.87537069999999,11001007709,2756.0
639446410,-76.9736899,38.8754356,11001007709,2756.0
639446418,-76.9712846,38.875700499999994,11001007709,2756.0
639446469,-76.9776081,38.87402249999999,11001007601,3937.9
639470091,-76.9870553,38.8682404,11001007601,3937.9
639496379,-76.9560667,38.89184459999999,11001009604,3359.8
639549209,-76.9343046,38.9123666,11001009601,1058.9
639568460,-76.9360522,38.9099776,11001009601,1058.9
640564208,-76.915051,38.897151400000006,11001007807,4738.9
640613646,-76.9996513,38.82414009999998,11001009811,9038.1
640613742,-77.0004482,38.83303669999999,11001009801,4724.2
640614223,-77.0023355,38.82208330000001,11001009810,4650.4
640614344,-77.0076765,38.830860199999975,11001009807,3203.8
640614764,-76.9699802,38.8530426,11001007408,11076.8
640712544,-76.9899784,38.83611749999998,11001009700,7952.0
640712577,-76.9871685,38.8363242,11001009700,7952.0
640712600,-76.9927157,38.83603449999997,11001009700,7952.0
640712806,-76.9882427,38.83265519999999,11001009700,7952.0
640712834,-76.993203,38.8367129,11001009801,4724.2
640732689,-76.9885188,38.84465020000002,11001007304,3529.8
640784706,-77.0276884,38.95124080000001,11001002002,4834.6
640784713,-77.0273698,38.95142759999999,11001002201,7799.9
640784730,-77.0273933,38.9516136,11001002201,7799.9
640809773,-77.0547451,38.90414249999999,11001005503,7766.2
640965915,-77.07022,38.905023399999976,11001000202,3259.9
641045615,-77.0533338,38.8952142,11001980000,1.5
641045626,-77.0511117,38.8958199,11001980000,1.5
641045928,-77.0528055,38.89185969999998,11001980000,1.5
641046306,-77.0501158,38.887248,11001980000,1.5
641046522,-77.0502394,38.887041700000005,11001980000,1.5
641046525,-77.0501082,38.8870245,11001980000,1.5
641054075,-77.0611493,38.90344249999999,11001000102,1374.8
641056116,-77.0525861,38.892438700000014,11001980000,1.5
641056144,-77.053609,38.89176909999999,11001980000,1.5
641056150,-77.0521897,38.89101139999999,11001980000,1.5
641056165,-77.0520056,38.89075239999998,11001980000,1.5
641056176,-77.0524475,38.89178489999998,11001980000,1.5
641056211,-77.0537306,38.8954666,11001980000,1.5
641056242,-77.0527802,38.897412500000016,11001005602,14421.3
641067924,-77.0539463,38.89695089999999,11001980000,1.5
641067963,-77.053712,38.897103700000024,11001980000,1.5
641067981,-77.0546631,38.894675299999996,11001980000,1.5
641068023,-77.0530132,38.89792069999999,11001980000,1.5
641068039,-77.0534727,38.89692929999998,11001980000,1.5
641068134,-77.0527024,38.89165640000001,11001980000,1.5
641068153,-77.05291350000002,38.8914596,11001980000,1.5
641068246,-77.0524467,38.8912876,11001980000,1.5
641073272,-77.05434810000001,38.89482839999998,11001980000,1.5
641073343,-77.05324420000001,38.8927125,11001980000,1.5
641073443,-77.0508722,38.89591959999999,11001980000,1.5
641073478,-77.0528992,38.89641180000001,11001005602,14421.3
641073501,-77.0515138,38.896076499999985,11001005602,14421.3
641087352,-77.0480403,38.8953755,11001980000,1.5
641087412,-77.0500737,38.89582529999999,11001980000,1.5
641107616,-77.0561091,38.90087,11001005602,14421.3
641107633,-77.0560925,38.900675199999995,11001005602,14421.3
641107649,-77.0563005,38.904471199999996,11001000102,1374.8
641107656,-77.0566035,38.90373189999999,11001005601,13442.9
641107659,-77.0566939,38.9006737,11001005602,14421.3
641107667,-77.0560845,38.90034849999999,11001005602,14421.3
641107671,-77.0560818,38.90045080000001,11001005602,14421.3
641107672,-77.0565094,38.90067750000001,11001005602,14421.3
641107677,-77.0557762,38.9016164,11001005602,14421.3
641107725,-77.05473590000001,38.90045570000001,11001005602,14421.3
641107749,-77.0561231,38.9014568,11001005602,14421.3
641107784,-77.0593459,38.90261409999998,11001000102,1374.8
641107811,-77.055249,38.9025318,11001005601,13442.9
641110765,-77.0567126,38.9025439,11001005601,13442.9
641110773,-77.056422,38.90251799999999,11001005602,14421.3
641110826,-77.0559178,38.90261,11001005601,13442.9
641111009,-77.0560901,38.902418,11001005602,14421.3
641112559,-77.0580578,38.9025505,11001000102,1374.8
641112572,-77.0572118,38.90186469999999,11001005602,14421.3
641112576,-77.0560495,38.90249819999999,11001005602,14421.3
641112578,-77.0562868,38.902639099999995,11001005601,13442.9
641112590,-77.0566434,38.90318710000001,11001005601,13442.9
641112603,-77.0564301,38.90257270000001,11001005601,13442.9
641112615,-77.0561488,38.902503,11001005602,14421.3
641112617,-77.0562174,38.902584299999994,11001005601,13442.9
641116183,-77.030515,38.902531599999996,11001010100,4591.0
641116184,-77.0306569,38.90264219999999,11001010100,4591.0
641116185,-77.0292083,38.90252839999998,11001010100,4591.0
641116186,-77.0289451,38.902407399999994,11001010100,4591.0
641116187,-77.0287292,38.9026438,11001010100,4591.0
641116188,-77.0284901,38.902526900000005,11001010100,4591.0
641116189,-77.0285282,38.90240920000001,11001010100,4591.0
641116190,-77.0282592,38.90252790000001,11001010100,4591.0
641116193,-77.0330925,38.90241549999999,11001010100,4591.0
641116194,-77.0326938,38.90241639999999,11001010100,4591.0
641116203,-77.0370008,38.9025336,11001010700,1848.6
641116204,-77.0373165,38.9026466,11001010700,1848.6
641116213,-77.0319533,38.9024196,11001010100,4591.0
641116215,-77.03658490000001,38.9024179,11001010700,1848.6
641116216,-77.0365438,38.902644899999984,11001010100,4591.0
641116221,-77.0373889,38.90241820000001,11001010700,1848.6
641116223,-77.0424297,38.902395399999996,11001010700,1848.6
641116224,-77.0421621,38.902528800000006,11001010700,1848.6
641116225,-77.0415328,38.9025266,11001010700,1848.6
641116226,-77.0412215,38.90239669999998,11001010700,1848.6
641116227,-77.0409415,38.902644299999984,11001010700,1848.6
641116229,-77.0412323,38.90252830000001,11001010700,1848.6
641116230,-77.0407897,38.9023977,11001010700,1848.6
641116231,-77.0404422,38.9025319,11001010700,1848.6
641116232,-77.0441183,38.9026441,11001010700,1848.6
641116233,-77.04443,38.90252579999999,11001010700,1848.6
641116234,-77.0436215,38.902528399999994,11001010700,1848.6
641116235,-77.0439224,38.902645299999996,11001010700,1848.6
641116236,-77.0433363,38.902524400000004,11001010700,1848.6
641116237,-77.0429891,38.90239630000001,11001010700,1848.6
641116238,-77.0427269,38.9026492,11001010700,1848.6
641116239,-77.0429455,38.90252349999999,11001010700,1848.6
641116240,-77.0420802,38.9025292,11001010700,1848.6
641116241,-77.0423383,38.90265039999999,11001010700,1848.6
641116242,-77.0455995,38.90239609999998,11001010700,1848.6
641116243,-77.0452706,38.9025285,11001010700,1848.6
641116244,-77.0450696,38.90252849999999,11001010700,1848.6
641116245,-77.0453495,38.90264399999999,11001010700,1848.6
641116246,-77.0441293,38.902399599999995,11001010700,1848.6
641116247,-77.0437945,38.902529399999985,11001010700,1848.6
641116252,-77.0530178,38.9024118,11001005601,13442.9
641116256,-77.0461193,38.90252939999998,11001010700,1848.6
641116257,-77.0458805,38.90239630000001,11001010700,1848.6
641116258,-77.0417018,38.902395,11001010700,1848.6
641116259,-77.0416979,38.90264439999998,11001010700,1848.6
641116270,-77.0448673,38.9023984,11001010700,1848.6
641116271,-77.0434655,38.902398300000016,11001010700,1848.6
641116273,-77.0460434,38.9026429,11001010700,1848.6
641116278,-77.0448669,38.902646400000016,11001010700,1848.6
641116283,-77.0434627,38.90264289999999,11001010700,1848.6
641116287,-77.0485993,38.90264919999998,11001010700,1848.6
641116291,-77.0488192,38.902402,11001010700,1848.6
641116293,-77.0488179,38.90264899999999,11001010700,1848.6
641116349,-77.0509825,38.9027168,11001005501,10678.0
641119722,-77.0687471,38.9047951,11001000202,3259.9
641119730,-77.0686937,38.905060799999994,11001000202,3259.9
641119742,-77.06667,38.9035867,11001000202,3259.9
641119865,-77.0701281,38.9047263,11001000202,3259.9
641119877,-77.0698906,38.905028800000004,11001000202,3259.9
641120840,-77.056681,38.90481899999999,11001000102,1374.8
641122223,-77.0558825,38.89736999999999,11001980000,1.5
641127515,-77.0535334,38.899337599999996,11001005602,14421.3
641127521,-77.0540967,38.899347399999996,11001005602,14421.3
641127544,-77.0533527,38.8981482,11001005602,14421.3
641127549,-77.0531999,38.898597900000006,11001005602,14421.3
641127560,-77.0504636,38.89720890000002,11001005602,14421.3
641127568,-77.0503198,38.8973753,11001005602,14421.3
641127571,-77.0538134,38.8991901,11001005602,14421.3
641127585,-77.0487318,38.896473999999984,11001010800,7151.8
641127586,-77.0488632,38.89657979999999,11001010800,7151.8
641127587,-77.0501456,38.8972765,11001005602,14421.3
641127591,-77.0514866,38.89796429999999,11001005602,14421.3
641127592,-77.0515652,38.8978568,11001005602,14421.3
641127594,-77.050144,38.897039500000005,11001005602,14421.3
641127601,-77.0440782,38.8938029,11001980000,1.5
641127608,-77.0473841,38.8957588,11001010800,7151.8
641127613,-77.0451528,38.89459389999998,11001010800,7151.8
641127614,-77.0478725,38.896021399999995,11001010800,7151.8
641127623,-77.052035,38.89825060000002,11001005602,14421.3
641127814,-77.05681990000001,38.900740500000005,11001005602,14421.3
641128680,-77.0547408,38.903750800000005,11001005601,13442.9
641154248,-77.0320219,38.8859764,11001980000,1.5
641899002,-77.0022356,38.861631599999996,11001007401,1034.1
641899078,-77.0023501,38.861167999999985,11001007401,1034.1
641899748,-76.9977736,38.862365200000006,11001007401,1034.1
641899767,-76.997601,38.8624301,11001007401,1034.1
641899824,-77.000542,38.8639474,11001007401,1034.1
641909174,-77.0013615,38.864671,11001007401,1034.1
641909181,-77.0014194,38.8649025,11001007401,1034.1
641912605,-77.0015983,38.86707330000002,11001007401,1034.1
641912668,-77.0026188,38.86694550000001,11001007301,467.5
641939412,-77.0092649,38.8775316,11001010500,5126.6
641939501,-77.0091579,38.874642400000006,11001006400,3185.1
641939523,-77.0091609,38.8720403,11001006400,3185.1
641939540,-77.0093715,38.87102359999999,11001006400,3185.1
641939669,-77.0089396,38.87464069999997,11001007201,2605.7
641939695,-77.0089428,38.87753449999999,11001007202,28604.4
641939912,-77.0090382,38.874641099999984,11001007201,2605.7
641939976,-77.0089742,38.87204049999997,11001007201,2605.7
641940023,-77.0086869,38.8710095,11001007201,2605.7
641964562,-77.0115598,38.885508599999994,11001010500,5126.6
641964569,-77.0113756,38.8849927,11001010500,5126.6
641964786,-77.0125661,38.8858806,11001010500,5126.6
641964798,-77.0118337,38.88570750000001,11001010500,5126.6
641964879,-77.0139162,38.8875596,11001010500,5126.6
641964881,-77.0137053,38.8875641,11001980000,1.5
641965013,-77.0091295,38.883200699999996,11001010500,5126.6
641965070,-77.0089954,38.8832039,11001006500,5005.4
641965104,-77.009238,38.8802546,11001010500,5126.6
641965122,-77.0091405,38.87841939999998,11001010500,5126.6
641965151,-77.0089954,38.8784165,11001007202,28604.4
641965169,-77.0088789,38.8792885,11001007202,28604.4
641965187,-77.0090005,38.88039789999999,11001007202,28604.4
641965269,-77.0091288,38.882323199999995,11001010500,5126.6
641965271,-77.0090025,38.88228800000001,11001006500,5005.4
641965296,-77.0090381,38.87928999999999,11001007202,28604.4
641965315,-77.0091381,38.87929089999999,11001010500,5126.6
641968474,-77.0134824,38.88700390000003,11001010500,5126.6
642043942,-77.0150438,38.83050840000001,11001009807,3203.8
642044216,-77.0085168,38.84292690000001,11001010400,1682.2
642044241,-77.0081109,38.84708009999999,11001010400,1682.2
642044249,-77.00792260000001,38.83628129999999,11001010400,1682.2
642044296,-77.0091397,38.83977589999999,11001007301,467.5
642044476,-77.0082675,38.84694449999999,11001007301,467.5
642044494,-77.0087032,38.84257159999999,11001007301,467.5
642044965,-77.0053937,38.8560019,11001007301,467.5
642045030,-77.0081786,38.84782419999997,11001007301,467.5
642317837,-76.9870499,38.86712709999998,11001007503,4736.7
642333850,-76.9978114,38.8765352,11001007203,8603.6
642333952,-76.997703,38.8765368,11001007203,8603.6
642334066,-76.9949772,38.8765352,11001007203,8603.6
642334076,-76.9937648,38.87653720000001,11001007203,8603.6
642334085,-76.9926611,38.876538799999985,11001007203,8603.6
642336067,-76.9961869,38.876537199999994,11001007203,8603.6
642395201,-77.003522,38.88054080000001,11001007203,8603.6
642395561,-77.0000762,38.8800737,11001007000,5602.7
642395689,-76.9990955,38.87939029999999,11001007203,8603.6
642421191,-77.0118337,38.88289869999999,11001010500,5126.6
642421214,-77.0114787,38.882158399999994,11001010500,5126.6
642436243,-77.0128267,38.88560500000002,11001010500,5126.6
642436265,-77.0128491,38.882927600000016,11001010500,5126.6
642436300,-77.0122215,38.8849197,11001010500,5126.6
642436911,-77.01202310000001,38.883202099999984,11001010500,5126.6
642437008,-77.0127986,38.8834725,11001010500,5126.6
642446323,-77.0136889,38.8832733,11001010500,5126.6
642486244,-77.0068602,38.8832351,11001006500,5005.4
642486289,-77.0035198,38.884469499999994,11001006500,5005.4
642486350,-77.0066184,38.883293499999986,11001006500,5005.4
642559628,-77.0075158,38.89625479999999,11001980000,1.5
642563700,-77.0124938,38.89357439999998,11001005900,3743.4
642563716,-77.0137002,38.893662400000004,11001005900,3743.4
642586207,-77.0136829,38.90023539999999,11001004702,10650.0
642586562,-77.013671,38.89881539999999,11001005900,3743.4
642586818,-77.0142084,38.89479729999999,11001005900,3743.4
642586839,-77.0145511,38.8943501,11001005900,3743.4
642604582,-77.0152257,38.9066898,11001004600,6991.7
642604672,-77.0149082,38.90566609999999,11001004802,10299.1
642604676,-77.0152276,38.9056651,11001004802,10299.1
642685070,-76.9751534,38.89318719999999,11001008002,5676.3
642685931,-77.0076498,38.8968232,11001980000,1.5
642701813,-76.9772498,38.88779090000001,11001006804,1061.0
642701953,-76.9884512,38.8920089,11001008002,5676.3
642701960,-76.9882778,38.892007199999995,11001008002,5676.3
642816677,-77.0507204,38.922091599999995,11001000501,3599.2
642816712,-77.051229,38.921471999999994,11001000501,3599.2
642816801,-77.0514151,38.920672999999994,11001000501,3599.2
642816826,-77.0508181,38.9213579,11001000501,3599.2
642816850,-77.0512557,38.92101720000001,11001000501,3599.2
642816856,-77.051472,38.920746699999995,11001000501,3599.2
642817141,-77.0520547,38.920223899999996,11001000501,3599.2
642817438,-77.0573122,38.9170265,11001004100,2968.9
642817442,-77.0574138,38.917098599999996,11001004100,2968.9
642817892,-77.0534962,38.9128673,11001004100,2968.9
642818418,-77.0507986,38.91060999999999,11001004100,2968.9
642824625,-77.0437238,38.92802240000001,11001002702,11473.8
642857393,-77.0528333,38.933508,11001000501,3599.2
642858825,-77.0508053,38.93367600000001,11001001304,5698.4
642885424,-77.02801,38.961262000000005,11001001901,5955.3
642885426,-77.039358,38.96314060000001,11001001803,3248.9
642885430,-77.0390419,38.96306520000001,11001002001,4706.6
642886855,-77.0457202,38.99135119999998,11001001600,1895.6
642886863,-77.0463305,38.991024,11001001600,1895.6
642909941,-77.0090516,38.9568782,11001002102,6947.2
644467540,-76.9701256,38.92990749999999,11001011100,819.3
644467782,-76.9820745,38.93832299999998,11001009503,2415.2
644504210,-76.9647027,38.9254773,11001009000,2522.4
644504380,-76.9802871,38.93964889999998,11001009503,2415.2
644504509,-76.9856718,38.9442345,11001009503,2415.2
644537712,-77.0210655,38.958704900000015,11001002101,9894.6
644537718,-77.015012,38.956588099999976,11001002102,6947.2
644542318,-77.05037980000002,38.90203879999999,11001005501,10678.0
645963040,-77.0089215,38.907340899999994,11001010601,8577.0
645963043,-77.0085817,38.9074555,11001010601,8577.0
645963060,-77.0044967,38.908872899999984,11001008702,7239.5
645963089,-77.009194,38.90724779999999,11001004704,7960.1
645963249,-77.0089218,38.90723,11001010601,8577.0
645963446,-77.0199026,38.903638399999984,11001004802,10299.1
645963548,-77.0147494,38.905301599999994,11001004703,27395.0
645963551,-77.0133869,38.90577219999999,11001004704,7960.1
645963556,-77.0121632,38.90620500000001,11001004704,7960.1
645964147,-77.0046659,38.908937,11001008702,7239.5
645964157,-77.0089202,38.907450100000005,11001010601,8577.0
646030887,-76.9782899,38.91691300000001,11001011100,819.3
646030930,-76.9776939,38.91643029999999,11001008804,3005.2
646030967,-76.9773534,38.9171979,11001011100,819.3
646031052,-76.9723773,38.917452400000016,11001011100,819.3
646031092,-76.9784003,38.9175248,11001009102,2396.3
646031116,-76.9775627,38.91730030000001,11001011100,819.3
646031208,-76.9851882,38.91557259999998,11001008803,3829.0
646031210,-76.9852435,38.91567,11001008803,3829.0
646031235,-76.9878887,38.91463499999997,11001008803,3829.0
646031237,-76.9879449,38.91473230000002,11001008803,3829.0
646031256,-76.9891034,38.9142221,11001008803,3829.0
646031258,-76.9891622,38.91431930000001,11001008803,3829.0
646031284,-76.9744495,38.917369,11001011100,819.3
646031300,-76.9789537,38.91727340000001,11001009102,2396.3
646031332,-76.9815895,38.9169396,11001008803,3829.0
646031404,-76.9815319,38.916841799999986,11001008803,3829.0
646031463,-76.9778063,38.9171882,11001011100,819.3
646031618,-76.9762378,38.9172182,11001011100,819.3
646031626,-76.97430140000002,38.917235600000005,11001011100,819.3
646064675,-76.9586599,38.916793899999995,11001011100,819.3
646064693,-76.9572228,38.9167059,11001011100,819.3
646064731,-76.9574172,38.917024299999994,11001011100,819.3
646064813,-76.9612144,38.9170777,11001011100,819.3
646065021,-76.9706707,38.91748969999999,11001011100,819.3
646065246,-76.97135860000002,38.917273299999984,11001011100,819.3
646065254,-76.9700971,38.9173117,11001011100,819.3
646065271,-76.964962,38.91699080000001,11001011100,819.3
646065283,-76.9628373,38.916958400000006,11001011100,819.3
646076994,-76.9563228,38.9192708,11001009000,2522.4
646077004,-76.9559169,38.918946499999976,11001009000,2522.4
646077010,-76.9537118,38.918796399999984,11001009000,2522.4
646077084,-76.9559775,38.918909199999995,11001011100,819.3
646077325,-76.9565885,38.919469199999995,11001009000,2522.4
646190449,-76.9792129,38.87751890000001,11001006804,1061.0
646190490,-76.9796764,38.87763700000002,11001007100,4634.0
646190499,-76.976253,38.8759224,11001007601,3937.9
646190530,-76.9812059,38.87868349999999,11001007100,4634.0
646190572,-76.9818363,38.87849489999999,11001007100,4634.0
646190619,-76.9749592,38.8753239,11001007601,3937.9
646190621,-76.9745121,38.8751214,11001007601,3937.9
646190624,-76.9736534,38.874733500000005,11001007601,3937.9
646190627,-76.9732464,38.8745444,11001007601,3937.9
646190628,-76.9727817,38.874328999999996,11001007601,3937.9
646190639,-76.971472,38.87374830000001,11001007601,3937.9
646190646,-76.9707521,38.8734116,11001007604,2729.6
646190777,-76.9749805,38.87519549999998,11001007601,3937.9
646190836,-76.9690673,38.87290449999999,11001007709,2756.0
646190840,-76.9705316,38.8735218,11001007604,2729.6
646190841,-76.9713419,38.873899,11001007601,3937.9
646190842,-76.971409,38.8739324,11001007601,3937.9
646190844,-76.972248,38.87432269999999,11001007709,2756.0
646190846,-76.9728458,38.874582000000004,11001007709,2756.0
646190854,-76.9741877,38.87514140000001,11001007709,2756.0
646190856,-76.9745182,38.87527000000001,11001007709,2756.0
646202839,-76.9696908,38.89054780000001,11001006804,1061.0
646202862,-76.9684934,38.889719299999996,11001006804,1061.0
646216499,-76.9485668,38.88973469999999,11001007703,7008.9
646216506,-76.9485592,38.88982790000001,11001009603,6946.7
646216515,-76.95134340000001,38.8903749,11001009603,6946.7
646216520,-76.9516991,38.89023999999999,11001009603,6946.7
646216531,-76.9600076,38.88984519999999,11001007708,2793.7
646216604,-76.9518181,38.88973219999999,11001007703,7008.9
646216721,-76.96314510000002,38.8897476,11001007708,2793.7
646216756,-76.9528143,38.88983049999999,11001009603,6946.7
646216885,-76.9531555,38.889601,11001007703,7008.9
646229543,-76.952462,38.89598749999999,11001009602,4023.6
646229586,-76.9549743,38.896182399999994,11001009604,3359.8
646229589,-76.9549095,38.89606439999997,11001009604,3359.8
646229618,-76.9518929,38.89568580000001,11001009602,4023.6
646229662,-76.9518001,38.89624589999999,11001009602,4023.6
646229744,-76.9530488,38.8945726,11001009604,3359.8
646229800,-76.9542509,38.89582139999999,11001009604,3359.8
646229803,-76.9532021,38.895654399999984,11001009604,3359.8
646229897,-76.9559019,38.89278069999998,11001009604,3359.8
646229968,-76.9547062,38.893259900000004,11001009604,3359.8
646246037,-76.9425154,38.903655,11001009601,1058.9
646246158,-76.94404290000001,38.9019486,11001009601,1058.9
646246180,-76.9460147,38.90063,11001009602,4023.6
646246183,-76.9493541,38.89799229999999,11001009602,4023.6
646249680,-76.9392825,38.90674630000001,11001009601,1058.9
646249721,-76.9349863,38.9109326,11001009601,1058.9
647026051,-77.0091072,38.90251469999999,11001004702,10650.0
647026088,-77.0090179,38.902514800000006,11001010603,5518.9
647026143,-77.0091121,38.90021879999999,11001004702,10650.0
647026148,-77.0091134,38.89955940000001,11001004702,10650.0
647026153,-77.0091309,38.8989252,11001004702,10650.0
647026202,-77.0090134,38.898920100000005,11001010603,5518.9
647026222,-77.0090205,38.8995595,11001010603,5518.9
647026289,-77.0090155,38.9001925,11001010603,5518.9
647030730,-77.0090993,38.91038019999999,11001004600,6991.7
647030731,-77.0090993,38.9108059,11001004600,6991.7
647030732,-77.009096,38.9056468,11001004704,7960.1
647030733,-77.0090056,38.90564669999999,11001010603,5518.9
647030734,-77.0090134,38.904686100000006,11001010603,5518.9
647030735,-77.009009,38.909636899999995,11001010601,8577.0
647030736,-77.0090921,38.909637,11001004600,6991.7
647030741,-77.0090955,38.90922479999998,11001004600,6991.7
647030742,-77.0091009,38.905262300000004,11001004704,7960.1
647030743,-77.0091041,38.9037463,11001004704,7960.1
647030745,-77.0090123,38.90526589999999,11001010603,5518.9
647030747,-77.0090081,38.9107672,11001010601,8577.0
647031903,-77.00590810000001,38.90839240000001,11001010601,8577.0
647031927,-77.0059167,38.9085172,11001010601,8577.0
647043621,-77.0090032,38.9111164,11001008701,6841.9
647043623,-77.0089927,38.9118594,11001008701,6841.9
647043625,-77.0089982,38.9125938,11001008701,6841.9
647043628,-77.0089932,38.913340399999996,11001008701,6841.9
647043631,-77.0089892,38.913672,11001008701,6841.9
647043633,-77.0089927,38.914078799999984,11001008701,6841.9
647043642,-77.0089976,38.91917939999999,11001009203,5714.0
647043645,-77.0089894,38.92080809999999,11001003301,7973.8
647043648,-77.0089922,38.9213036,11001003301,7973.8
647043651,-77.0089892,38.922371999999996,11001003301,7973.8
647043654,-77.008985,38.9234455,11001003301,7973.8
647043710,-77.0090979,38.9251261,11001003301,7973.8
647043735,-77.0090958,38.9258336,11001003301,7973.8
647043776,-77.0090897,38.92237209999998,11001003301,7973.8
647043785,-77.0091014,38.9234447,11001003301,7973.8
647043808,-77.0091007,38.924516999999994,11001003301,7973.8
647043825,-77.0091764,38.9181108,11001003301,7973.8
647043839,-77.0090862,38.9213057,11001003301,7973.8
647043864,-77.0090877,38.920231,11001003301,7973.8
647043876,-77.0090878,38.91917930000002,11001003301,7973.8
647043898,-77.0091764,38.9169964,11001003301,7973.8
647043910,-77.00890150000001,38.916278500000004,11001008701,6841.9
647043925,-77.0089117,38.918114100000004,11001009203,5714.0
647043964,-77.0091811,38.915549500000004,11001003302,10949.2
647043994,-77.0089065,38.91690029999999,11001008701,6841.9
647044100,-77.0091774,38.916808499999995,11001003302,10949.2
647044127,-77.0089024,38.914817600000006,11001008701,6841.9
647044168,-77.0089016,38.91557299999999,11001008701,6841.9
647044202,-77.0091866,38.914821399999994,11001003302,10949.2
647044265,-77.0089042,38.91407989999999,11001008701,6841.9
647044279,-77.00908920000002,38.9189585,11001003301,7973.8
647044296,-77.0091904,38.91406649999998,11001003302,10949.2
647044393,-77.0090908,38.91259399999998,11001003302,10949.2
647044610,-77.009092,38.9133406,11001003302,10949.2
647044670,-77.0090945,38.91140550000001,11001003302,10949.2
647044802,-77.0090908,38.91186189999999,11001003302,10949.2
647053707,-77.0018567,38.93076979999999,11001002302,762.9
647053711,-77.0012431,38.93109830000001,11001009201,4856.1
647053755,-77.0041418,38.93146809999999,11001002302,762.9
647053766,-77.0063594,38.931382499999984,11001002302,762.9
647053768,-77.0085546,38.9313021,11001002302,762.9
647053774,-77.0121062,38.931349799999985,11001002302,762.9
647053797,-77.0121052,38.9311558,11001002302,762.9
647053847,-77.0096281,38.931155699999984,11001002302,762.9
647053898,-77.0068631,38.93120179999999,11001002302,762.9
647053909,-77.0033966,38.93086749999999,11001002302,762.9
647053916,-77.0030964,38.9305144,11001002302,762.9
647057819,-77.0070044,38.9313203,11001002302,762.9
647057833,-77.0066036,38.931847699999985,11001002302,762.9
647057842,-77.0060721,38.93366750000001,11001002302,762.9
647057856,-77.006982,38.9310549,11001002302,762.9
647057913,-77.00713,38.93133569999999,11001002302,762.9
647057946,-77.0085372,38.92877609999998,11001002302,762.9
647057958,-77.0072696,38.93082700000002,11001002302,762.9
647058032,-77.0072891,38.9311765,11001002302,762.9
647058077,-77.0076754,38.9299036,11001002302,762.9
647058091,-77.0063792,38.932927499999984,11001002302,762.9
647058100,-77.0061534,38.934375999999986,11001002302,762.9
647069188,-77.018087,38.9283172,11001002302,762.9
647069208,-77.0168453,38.9298786,11001002302,762.9
647069230,-77.0176733,38.92792029999999,11001002302,762.9
647069286,-77.0171009,38.92977279999999,11001002302,762.9
647069422,-77.0179224,38.929054599999986,11001002302,762.9
647069598,-77.02153100000001,38.9399859,11001002400,6713.4
647069617,-77.0215209,38.93984,11001002400,6713.4
647069687,-77.0179281,38.92915699999998,11001002302,762.9
647069744,-77.0156549,38.93112,11001002302,762.9
647079625,-77.0060048,38.93499059999999,11001002302,762.9
647079649,-77.0068765,38.9377082,11001002302,762.9
647079692,-77.0066735,38.93761030000001,11001009511,1982.2
647081858,-77.0060782,38.936628799999994,11001002302,762.9
647084242,-77.0074162,38.94294749999999,11001009510,5690.3
647084261,-77.0075545,38.9433678,11001009510,5690.3
647084282,-77.007639,38.943175000000004,11001009510,5690.3
647084298,-77.0078166,38.94314969999999,11001009510,5690.3
647087532,-77.0085521,38.9467991,11001009510,5690.3
647087539,-77.0074547,38.94607539999999,11001009510,5690.3
647087541,-77.0076849,38.946286199999996,11001009510,5690.3
647087545,-77.0083515,38.94604350000001,11001009510,5690.3
647087552,-77.0076132,38.94526379999998,11001009510,5690.3
647087553,-77.0074503,38.94526260000001,11001009510,5690.3
647099001,-77.0045626,38.967342499999994,11001009505,4265.8
647241451,-77.0792502,38.90590090000001,11001000802,1329.8
647241559,-77.07893480000001,38.90604359999999,11001000802,1329.8
647241790,-77.0753888,38.90591959999999,11001000201,5614.4
647241842,-77.0741589,38.9055437,11001000202,3259.9
647320588,-77.0661708,38.961026499999974,11001001402,3896.7
647584811,-77.0417159,38.892107200000005,11001980000,1.5
647594351,-77.0035225,38.891901099999984,11001980000,1.5
647594353,-77.0031878,38.89200839999999,11001008200,8289.3
647594354,-77.0024539,38.89226849999997,11001008200,8289.3
647594359,-77.0049269,38.89202230000001,11001008200,8289.3
647594363,-77.0042712,38.8919373,11001008200,8289.3
647594366,-77.0027432,38.89230589999998,11001008200,8289.3
647594369,-77.0058896,38.894166299999995,11001980000,1.5
647618716,-77.0564567,38.900676100000005,11001005602,14421.3
647619114,-77.0416875,38.90648310000001,11001010700,1848.6
647622709,-77.0533012,38.9024068,11001005601,13442.9
647622726,-77.0488138,38.90392520000002,11001005501,10678.0
647622728,-77.04899260000002,38.90373839999999,11001005501,10678.0
647622738,-77.0492457,38.90236139999998,11001010700,1848.6
647628019,-77.0318699,38.9063187,11001005003,18761.8
647628071,-77.0316644,38.9059901,11001005003,18761.8
647628098,-77.0323973,38.9056505,11001005203,33336.9
647628141,-77.03190370000002,38.905078299999985,11001010100,4591.0
647628152,-77.0320637,38.9050339,11001010100,4591.0
648753368,-76.9644505,38.93508810000001,11001009400,3137.6
649839082,-76.927976,38.8896992,11001009903,5619.8
649839110,-76.92498,38.88969579999998,11001009903,5619.8
649839123,-76.9239179,38.88969449999998,11001009903,5619.8
649839141,-76.9207127,38.88969079999999,11001009903,5619.8
649839158,-76.9193997,38.889811000000016,11001009903,5619.8
649839280,-76.9304926,38.889828000000016,11001009904,8522.7
649839304,-76.9271446,38.889698300000006,11001009903,5619.8
649839456,-76.9307629,38.88982650000001,11001009904,8522.7
649839491,-76.931592,38.889703299999994,11001009904,8522.7
649839521,-76.9311545,38.889827099999984,11001009904,8522.7
649839769,-76.9348704,38.8898329,11001007804,4831.5
649839833,-76.9327853,38.889704800000004,11001009906,6392.1
649839841,-76.9327933,38.88982969999999,11001007804,4831.5
649840206,-76.9382849,38.8896596,11001007703,7008.9
649840226,-76.9386616,38.889171399999995,11001009906,6392.1
649840270,-76.9380299,38.8896611,11001009906,6392.1
649840807,-76.9228553,38.8896921,11001009903,5619.8
649840854,-76.9136507,38.889807299999994,11001007808,4346.3
649840953,-76.9177682,38.889687499999994,11001009903,5619.8
649841275,-76.9320399,38.88982879999999,11001007804,4831.5
650017955,-77.0281881,38.8904792,11001980000,1.5
650017956,-77.0281166,38.88446899999999,11001010202,2108.3
650017980,-76.9984569,38.8801467,11001007000,5602.7
650017981,-76.9984583,38.88061919999999,11001007000,5602.7
650017990,-76.9961793,38.8806155,11001007000,5602.7
650017999,-76.9677654,38.88965580000001,11001006804,1061.0
650018023,-76.9762943,38.88280789999999,11001006804,1061.0
652905775,-76.9803593,38.94285909999997,11001009400,3137.6
652905931,-77.0099963,38.93132390000001,11001002302,762.9
652905997,-77.0064501,38.926993299999985,11001002302,762.9
653945654,-76.9719742,38.8504782,11001007403,8399.0
653947543,-76.970014,38.85701670000001,11001007502,7711.5
653947544,-76.9694615,38.857414799999994,11001007502,7711.5
653947551,-76.9699365,38.857071399999995,11001007502,7711.5
654322419,-76.9982904,38.8626158,11001007401,1034.1
655247774,-77.0229485,38.89846589999998,11001005802,2837.0
655247775,-77.0259887,38.89982179999999,11001005802,2837.0
655442805,-76.9949671,38.8843038,11001007000,5602.7
655442811,-76.9986422,38.88557499999999,11001006500,5005.4
655442813,-76.9987746,38.88563059999998,11001006500,5005.4
655442818,-76.9984563,38.885725199999996,11001006600,7540.5
655442822,-77.0003627,38.88650289999998,11001006500,5005.4
655442833,-77.000568,38.88636099999999,11001006500,5005.4
655442834,-76.9915339,38.8826782,11001007000,5602.7
655442836,-76.9949709,38.88408019999999,11001007000,5602.7
655442838,-77.0029816,38.887345,11001006500,5005.4
655442839,-76.9984569,38.88549880000001,11001006500,5005.4
655442840,-76.9961737,38.8845699,11001007000,5602.7
655442842,-76.9902445,38.8821531,11001007100,4634.0
655442844,-76.98831690000002,38.88136780000001,11001007100,4634.0
655442847,-77.0020424,38.88719069999999,11001006500,5005.4
655442848,-77.00352510000002,38.887798100000005,11001980000,1.5
655442852,-77.0024729,38.88736149999999,11001006500,5005.4
655442853,-76.9961747,38.88479509999999,11001007000,5602.7
655442855,-76.9915339,38.8829013,11001006900,7310.4
655442856,-76.9937623,38.88381110000001,11001007000,5602.7
655442857,-76.9902448,38.8823765,11001007100,4634.0
655442859,-76.9883165,38.8815923,11001007100,4634.0
655447275,-76.9874955,38.8812725,11001006900,7310.4
655447492,-76.9918333,38.88280099999999,11001007000,5602.7
655447494,-76.9911032,38.882727700000004,11001007100,4634.0
655448755,-76.9865047,38.87993130000001,11001007100,4634.0
655448762,-76.9846464,38.88068989999998,11001006900,7310.4
655448766,-76.986049,38.88043979999999,11001007100,4634.0
655448767,-76.9861357,38.880216,11001007100,4634.0
655661876,-77.0281635,38.88310920000001,11001010202,2108.3
655661906,-77.0279866,38.882690800000006,11001010202,2108.3
655661924,-77.0269627,38.88139169999998,11001010202,2108.3
655661987,-77.0241654,38.881441,11001010202,2108.3
655662040,-77.0280829,38.88365309999998,11001010202,2108.3
655662190,-77.0213127,38.8773756,11001010202,2108.3
655662337,-77.0176312,38.876531799999995,11001010201,16847.2
655662364,-77.0211999,38.87746249999999,11001010201,16847.2
655662473,-77.0114003,38.876405,11001006400,3185.1
655662475,-77.0121798,38.87574,11001006400,3185.1
655662477,-77.0152044,38.87653150000001,11001010500,5126.6
655662478,-77.0152048,38.87639939999999,11001011001,18125.8
655662481,-77.0099017,38.8763992,11001006400,3185.1
655662482,-77.0106557,38.8764052,11001006400,3185.1
655662483,-77.0121885,38.8764024,11001006400,3185.1
655662484,-77.0138866,38.87639610000002,11001006400,3185.1
655662485,-77.0198818,38.876416799999994,11001011002,1747.9
655662499,-77.0218563,38.877874099999985,11001010202,2108.3
655662508,-77.0041726,38.87654249999999,11001007203,8603.6
655680327,-77.0020452,38.87654329999998,11001007203,8603.6
655680330,-77.0020437,38.876455799999995,11001007201,2605.7
655680357,-77.0029596,38.87654389999999,11001007203,8603.6
655680360,-77.0029588,38.876457699999996,11001007201,2605.7
655680486,-76.9961861,38.87644860000001,11001007201,2605.7
655680518,-77.0005592,38.87645379999999,11001007201,2605.7
655680519,-77.0005607,38.8765428,11001007203,8603.6
655680602,-76.9949768,38.876453699999985,11001007201,2605.7
655680623,-76.9937687,38.8764512,11001007201,2605.7
655680667,-76.99780910000001,38.87645099999999,11001007201,2605.7
655680677,-76.9977042,38.87644989999999,11001007201,2605.7
655680757,-77.0058986,38.8764501,11001007201,2605.7
655680824,-77.0082188,38.876469099999994,11001007201,2605.7
655691335,-77.0246115,38.881241900000006,11001010202,2108.3
655691395,-77.0242863,38.88104429999999,11001010202,2108.3
657210662,-76.9647676,38.876293399999994,11001009901,1002.4
657210734,-76.9513203,38.89190270000001,11001009603,6946.7
657210928,-76.9750716,38.871315499999994,11001007601,3937.9
657211360,-76.9728669,38.86087599999999,11001007502,7711.5
657211757,-76.9890202,38.8331654,11001009700,7952.0
657211855,-76.9894769,38.8334694,11001009700,7952.0
657211859,-76.9884276,38.83277629999999,11001009700,7952.0
661597739,-77.0328007,38.8830831,11001980000,1.5
661597919,-77.0294482,38.878780599999985,11001980000,1.5
661597933,-77.033514,38.881728099999975,11001980000,1.5
661598115,-77.0337559,38.88205090000002,11001980000,1.5
663508699,-76.9337987,38.89905619999999,11001007809,5855.7
663508771,-76.930673,38.898511400000004,11001007804,4831.5
663518578,-76.9365855,38.89876979999999,11001007804,4831.5
663521278,-76.937361,38.906100800000004,11001007806,3516.7
673025726,-77.02958980000001,38.98123399999999,11001001600,1895.6
673025727,-77.0296791,38.98134209999999,11001001600,1895.6
673025728,-77.0295523,38.98126950000001,11001001600,1895.6
701602949,-77.0522394,38.924781100000004,11001000501,3599.2
705647581,-76.9762263,38.89334849999999,11001007903,7498.4
705647622,-76.97724580000002,38.89331730000001,11001007903,7498.4
705647635,-76.9798713,38.8933532,11001007901,10937.8
705647680,-76.982217,38.89304729999998,11001008002,5676.3
705647736,-76.9798734,38.8932787,11001008002,5676.3
705647741,-76.9762198,38.89327830000002,11001008002,5676.3
705647747,-76.9781353,38.8933524,11001007901,10937.8
705647749,-76.978996,38.8933522,11001007901,10937.8
705647757,-76.9815815,38.8933302,11001008002,5676.3
705729431,-77.0659986,38.90442879999999,11001000202,3259.9
705734609,-77.0368727,38.926211300000006,11001003802,17411.3
705746020,-77.0781208,38.9396925,11001001002,3763.3
706911253,-77.0639022,38.9027894,11001000202,3259.9
706911255,-77.0570262,38.90493910000001,11001000102,1374.8
726995464,-77.0060431,38.8380079,11001010400,1682.2
726995586,-77.0059004,38.83799100000002,11001009803,5408.0
727833099,-76.9848711,38.852802999999994,11001007404,5208.7
739515930,-77.0472746,38.909221599999995,11001005502,9897.5
747819125,-77.0865553,38.9601439,11001001004,2689.9
747819126,-77.055809,38.984160000000024,11001001500,1189.4
766194328,-76.9567014,38.8627223,11001007604,2729.6
768973159,-77.064626,38.909832099999996,11001000202,3259.9
774340109,-77.0239729,38.9056501,11001004902,12760.9
775926182,-76.9807654,38.921290500000005,11001009102,2396.3
775926224,-76.981019,38.9212949,11001009102,2396.3
775930969,-76.9807469,38.926656699999995,11001009102,2396.3
775930987,-76.985373,38.924593400000006,11001009102,2396.3
776362095,-76.9571326,38.914118900000005,11001011100,819.3
783623535,-77.0324358,38.92657109999998,11001002802,21556.7
783623543,-77.0151879,38.95873439999998,11001002102,6947.2
783625725,-77.0297041,38.94612239999999,11001002501,5263.1
783625728,-77.0297051,38.9462726,11001002002,4834.6
783626441,-77.0295566,38.946127999999995,11001002501,5263.1
806520511,-77.0792153,38.91269650000001,11001000802,1329.8
806520674,-77.0702998,38.9067176,11001000202,3259.9
806520748,-77.0689989,38.90674499999999,11001000202,3259.9
806521028,-77.0501119,38.90188199999999,11001010800,7151.8
806521182,-77.0702739,38.90587849999999,11001000202,3259.9
810755762,-76.99177,38.864175200000005,11001007401,1034.1
810755764,-76.99293140000002,38.86352569999999,11001007401,1034.1
810755767,-76.994855,38.86250669999999,11001007401,1034.1
814299107,-76.9939723,38.921905699999996,11001009102,2396.3
814299111,-76.99386450000002,38.9216754,11001009102,2396.3
814299119,-76.9936677,38.92116550000001,11001009102,2396.3
818295659,-77.05025080000001,38.9121485,11001004100,2968.9
818295727,-77.0510478,38.9122231,11001004100,2968.9
818295758,-77.0507995,38.9118746,11001004100,2968.9
818298885,-77.0504296,38.9126067,11001004100,2968.9
822984540,-77.0952682,38.95333109999999,11001001003,2947.0
823068170,-77.083799,38.95907119999999,11001001100,2689.0
823923141,-77.0732631,38.97052989999999,11001001401,4218.2
829675288,-77.0422682,38.9077909,11001010700,1848.6
850088929,-77.03385750000001,38.97371260000001,11001010300,4005.6
850161979,-77.0116919,38.96821799999999,11001001702,3606.2
850214135,-77.0231353,38.9793943,11001010300,4005.6
864941629,-77.0626859,38.97877889999999,11001001500,1189.4
864941667,-77.0595865,38.9798968,11001001500,1189.4
867659605,-77.0448761,38.9141001,11001004202,12585.1
873425530,-76.9703787,38.91456619999998,11001011100,819.3
876615194,-77.0323579,38.905515199999996,11001005203,33336.9
876615199,-77.03172850000001,38.90535309999999,11001005203,33336.9
876615209,-77.0315121,38.90567389999999,11001005203,33336.9
876615335,-77.0336269,38.898805700000004,11001010100,4591.0
876615362,-77.0319484,38.89935940000001,11001005802,2837.0
876615374,-77.0281043,38.900670500000004,11001005802,2837.0
876615376,-77.0270325,38.90104529999999,11001005802,2837.0
876652192,-76.9259604,38.8810694,11001007707,5155.6
876652349,-76.9260695,38.880122099999994,11001007707,5155.6
876652407,-76.9549492,38.857369899999995,11001007603,3490.4
876652521,-76.9565741,38.856101900000006,11001007603,3490.4
883610474,-77.07543990000002,38.905535399999984,11001000202,3259.9
883610590,-77.0750574,38.90567239999999,11001000201,5614.4
900114288,-76.9339585,38.9081372,11001007806,3516.7
911549744,-76.9638647,38.935047999999995,11001009400,3137.6
911590642,-77.0142425,38.95654650000001,11001002102,6947.2
911590644,-77.0070035,38.95962469999999,11001009505,4265.8
911591836,-77.0253326,38.96009799999999,11001002101,9894.6
936116307,-77.0296802,38.9811431,11001001600,1895.6
937305437,-77.0982574,38.95099209999999,11001001003,2947.0
937306054,-77.0825892,38.963235099999984,11001001100,2689.0
937306317,-77.0756512,38.9686624,11001001401,4218.2
937306423,-77.0747399,38.969374,11001001401,4218.2
937306460,-77.068729,38.974065199999984,11001001500,1189.4
937306541,-77.07021,38.9729089,11001001500,1189.4
953416970,-76.9546138,38.85763430000001,11001007603,3490.4
953417089,-76.9571283,38.85566980000001,11001007603,3490.4
958981230,-77.0033621,38.908411900000026,11001008702,7239.5
958981263,-77.0046021,38.90883689999999,11001010601,8577.0
958991607,-77.0240341,38.91777329999998,11001004401,13723.8
965725392,-77.0367307,38.9263933,11001003802,17411.3
965754980,-77.0384733,38.9148418,11001004201,15764.6
965766226,-77.0426383,38.92758329999998,11001003902,6388.3
965766236,-77.0442801,38.9260194,11001003902,6388.3
965778739,-77.0433512,38.926608599999994,11001003902,6388.3
971094631,-77.0501655,38.94452239999998,11001001303,3953.0
971094661,-77.0499854,38.94432909999999,11001001301,1375.9
971094664,-77.0497109,38.94423289999999,11001001301,1375.9
971094674,-77.0496297,38.94420099999999,11001001301,1375.9
971094753,-77.0500939,38.94438790000001,11001001303,3953.0
971094838,-77.0498983,38.9430141,11001002600,1190.1
971094998,-77.0456161,38.94393409999999,11001002600,1190.1
971104284,-76.9738968,38.87947160000001,11001006804,1061.0
982859843,-77.0296736,38.88428239999999,11001010202,2108.3
1004263862,-77.0521066,38.9335707,11001000501,3599.2
1004263952,-77.052538,38.934411500000024,11001001304,5698.4
1004263953,-77.0526081,38.934332100000006,11001001304,5698.4
1004264138,-77.0540765,38.93504359999999,11001001304,5698.4
1004264207,-77.0533494,38.934774799999985,11001001304,5698.4
1004313266,-77.0479408,38.934630099999985,11001002704,9978.6
1004313285,-77.0484,38.93394520000002,11001002704,9978.6
1004313386,-77.0481137,38.93447299999998,11001002704,9978.6
1004759889,-77.0474943,38.93509809999999,11001002704,9978.6
1004759914,-77.0476741,38.93511730000001,11001002600,1190.1
1004759915,-77.0477357,38.9351225,11001002600,1190.1
1004776588,-77.06161930000002,38.9409193,11001001304,5698.4
1004776680,-77.0586417,38.9409175,11001001304,5698.4
1004809376,-77.0587509,38.93681490000001,11001001304,5698.4
1004809645,-77.059246,38.936824499999986,11001000600,3028.9
1004839797,-77.0448557,38.9079086,11001010700,1848.6
1004839834,-77.043468,38.9090191,11001010700,1848.6
1006151901,-77.0562565,38.914798700000006,11001004100,2968.9
1006158468,-77.0540839,38.94072229999999,11001001304,5698.4
1009070282,-76.992423,38.92161870000001,11001009102,2396.3
1009113444,-77.0142533,38.91482830000001,11001003302,10949.2
1009113524,-77.0127022,38.91559709999999,11001003301,7973.8
1009114106,-77.00445,38.918107,11001008701,6841.9
1011917373,-77.0786062,38.946660999999985,11001001100,2689.0
1012017708,-77.0134177,38.95120609999999,11001002202,4615.4
1012017754,-77.0175077,38.95320620000001,11001002102,6947.2
1012017763,-77.0176216,38.9530584,11001002102,6947.2
1012017912,-77.0294813,38.949000900000016,11001002002,4834.6
1013367218,-77.0081291,38.961096099999985,11001009505,4265.8
1013367228,-77.0096426,38.96104960000001,11001001902,2521.5
1013367273,-77.011548,38.96378260000001,11001001902,2521.5
1013367362,-77.029361,38.96543390000001,11001001804,9021.2
1013367366,-77.0296905,38.96543939999999,11001001804,9021.2
1013367404,-77.0297811,38.96495370000001,11001001804,9021.2
1013367449,-77.0285943,38.96495370000001,11001001804,9021.2
1013367482,-77.0127546,38.96613700000002,11001001902,2521.5
1013396278,-77.0079486,38.9465604,11001009510,5690.3
1013396306,-77.008577,38.94720729999999,11001009510,5690.3
1013396313,-77.0086279,38.94746809999999,11001009510,5690.3
1013396326,-77.00865400000002,38.94737619999999,11001009510,5690.3
1013396332,-77.0086547,38.94712390000001,11001009510,5690.3
1013396337,-77.008537,38.94696350000001,11001009510,5690.3
1013396339,-77.0083463,38.94681729999999,11001009510,5690.3
1013396673,-77.0211695,38.958739099999995,11001002101,9894.6
1013396952,-77.023352,38.9630938,11001001901,5955.3
1013429968,-77.025755,38.9562755,11001002101,9894.6
1013430031,-77.0259535,38.9603108,11001001901,5955.3
1014102329,-77.0158025,38.955505,11001002102,6947.2
1014110633,-77.03294,38.9386766,11001002504,10048.5
1017220692,-77.0363694,38.94730700000002,11001002501,5263.1
1017220740,-77.0363714,38.947186400000014,11001002501,5263.1
1017379708,-77.0259932,38.91700740000001,11001004401,13723.8
1017391842,-77.0246341,38.9180385,11001004401,13723.8
1017391844,-77.0247371,38.918077299999986,11001004401,13723.8
1017391864,-77.0243736,38.9183442,11001003500,11775.4
1017391970,-77.0247035,38.917007000000005,11001004401,13723.8
1017391974,-77.0247045,38.916093699999976,11001004402,9111.1
1017489190,-77.0251559,38.91995459999999,11001003500,11775.4
1017508479,-77.0238917,38.91777299999999,11001003500,11775.4
1017545562,-77.0036338,38.93125309999999,11001002302,762.9
1017621632,-77.0032114,38.92560330000001,11001009203,5714.0
1017662060,-77.0271662,38.98352770000001,11001001600,1895.6
1017662089,-77.0270482,38.983844600000005,11001001600,1895.6
1017662091,-77.0269463,38.983800800000004,11001001600,1895.6
1017662183,-77.026888,38.983864399999995,11001001600,1895.6
1021351817,-77.0250057,38.94081689999998,11001002400,6713.4
1021561599,-77.0243976,38.936271700000006,11001002503,9959.7
1021561602,-77.0242963,38.93641140000001,11001002400,6713.4
1021653174,-77.0702155,38.90537739999998,11001000202,3259.9
1030456645,-76.9772753,38.946020600000026,11001009400,3137.6
1046776501,-77.0994458,38.94528690000001,11001000904,1547.9
1060365691,-77.0628312,38.90604079999999,11001000102,1374.8
1107060283,-76.94075330000001,38.8696438,11001009902,2118.3
1107060284,-76.9424704,38.87034490000002,11001009902,2118.3
1109925312,-77.0018177,38.9345357,11001009511,1982.2
1109925313,-76.9970979,38.933637999999995,11001009511,1982.2
1109925342,-77.0004879,38.9347238,11001009511,1982.2
1182753937,-76.9808124,38.8609852,11001007504,3684.5
1205178199,-77.0739489,38.909676100000006,11001000201,5614.4
1218534902,-77.0761232,38.9120633,11001000201,5614.4
1218534917,-77.07782090000002,38.9126836,11001000300,5428.2
1218534926,-77.07769550000002,38.912679700000005,11001000201,5614.4
1218534935,-77.0761021,38.91263999999999,11001000201,5614.4
1218534945,-77.0760142,38.91263800000001,11001000201,5614.4
1218534946,-77.0761843,38.911999200000004,11001000201,5614.4
1218534986,-77.0760321,38.912073299999996,11001000201,5614.4
1231568389,-77.0659997,38.9040821,11001000202,3259.9
1231873643,-76.9107678,38.89394039999997,11001007808,4346.3
1233276142,-76.93167380000001,38.89867779999999,11001007804,4831.5
1239321119,-77.00370430000001,38.96641460000001,11001009505,4265.8
1239327284,-77.028106,38.985720999999984,11001001600,1895.6
1240476053,-77.039446,38.902019499999994,11001010700,1848.6
1240476057,-77.0385195,38.902414199999996,11001010700,1848.6
1241590274,-77.098521,38.94712779999998,11001000904,1547.9
1241590295,-77.097382,38.946292799999995,11001000904,1547.9
1243960522,-77.0450749,38.9079086,11001005502,9897.5
1243960725,-77.0462875,38.90252980000001,11001010700,1848.6
1243973909,-77.0442238,38.909752799999985,11001005502,9897.5
1243973921,-77.0446206,38.9096505,11001005502,9897.5
1243973943,-77.0434453,38.9104591,11001004202,12585.1
1243973976,-77.0428155,38.91032029999998,11001005303,14832.3
1243974048,-77.0436542,38.9102501,11001004202,12585.1
1243974109,-77.0440654,38.90898629999999,11001010700,1848.6
1243974139,-77.0446719,38.91007330000001,11001005502,9897.5
1243974177,-77.0427757,38.90931309999999,11001005502,9897.5
1243974324,-77.0441247,38.90996999999999,11001005502,9897.5
1243974350,-77.0422719,38.909654800000006,11001005303,14832.3
1253435643,-76.9481241,38.88634620000001,11001007703,7008.9
1253435644,-76.9468016,38.8861824,11001007703,7008.9
1253435740,-76.9564647,38.889917000000004,11001009603,6946.7
1253435804,-76.9567517,38.8896612,11001007708,2793.7
1253435828,-76.9619659,38.88364109999998,11001007708,2793.7
1277879211,-77.060524,38.950718999999985,11001001301,1375.9
1316145288,-77.1051906,38.92851079999999,11001000904,1547.9
1354487553,-76.9712932,38.912271000000004,11001011100,819.3
1360048319,-77.0259716,38.967933300000006,11001001901,5955.3
1360061145,-77.0281231,38.956895,11001002101,9894.6
1360061299,-77.0280018,38.967223499999996,11001001804,9021.2
1362307921,-77.0574014,38.905005900000006,11001000102,1374.8
1362307923,-77.057402,38.9051072,11001000102,1374.8
1362307924,-77.0573601,38.90524479999999,11001000102,1374.8
1363151543,-77.0320046,38.90624060000001,11001005203,33336.9
1363151551,-77.031953,38.90424969999999,11001010100,4591.0
1363151578,-77.0316864,38.9053757,11001005203,33336.9
1363151612,-77.0322408,38.90528199999998,11001010100,4591.0
1363891620,-77.02163990000001,38.93222229999999,11001003200,9225.6
1363937819,-76.9914734,38.9391462,11001009504,2939.8
1363937841,-76.993268,38.9361451,11001009504,2939.8
1364072685,-77.0329501,38.88130829999999,11001980000,1.5
1364072693,-77.0286945,38.882798699999995,11001010202,2108.3
1364961085,-77.0177649,38.91372109999999,11001004801,8673.1
1364961086,-77.0167326,38.914075099999984,11001003400,3776.1
1364961087,-77.0189378,38.913304499999995,11001004801,8673.1
1364961088,-77.0198669,38.9129846,11001004801,8673.1
1364961090,-77.0209486,38.9126019,11001004801,8673.1
1364961091,-77.0213372,38.9126061,11001004801,8673.1
1364961094,-77.0210172,38.91271780000001,11001004801,8673.1
1364961095,-77.0219206,38.9122597,11001004801,8673.1
1364961100,-77.0270404,38.910481999999995,11001004901,12437.4
1364961101,-77.0280912,38.91011129999999,11001005004,25869.4
1364961102,-77.0259819,38.910849899999995,11001004901,12437.4
1364961104,-77.0264497,38.910688499999985,11001004901,12437.4
1364961105,-77.023968,38.911553299999994,11001004901,12437.4
1364961107,-77.0251498,38.9111399,11001004901,12437.4
1364961112,-77.0288107,38.90985680000001,11001005004,25869.4
1364961115,-77.0229483,38.91190689999997,11001004901,12437.4
1364971554,-77.0089055,38.91679079999999,11001008701,6841.9
1364971555,-77.0091774,38.916688499999985,11001003302,10949.2
1364971556,-77.0121547,38.91566169999998,11001003302,10949.2
1364987312,-77.0082224,38.917025800000005,11001008701,6841.9
1364987313,-77.0051393,38.91808960000001,11001008701,6841.9
1364987317,-77.0090933,38.913675000000005,11001003302,10949.2
1364987323,-77.0157471,38.91440690000001,11001003400,3776.1
1364987324,-77.0142633,38.914918899999996,11001003302,10949.2
1364987325,-77.0125344,38.91552369999999,11001003302,10949.2
1364989276,-76.9995273,38.92005780000001,11001008702,7239.5
1364989287,-77.0020314,38.919177199999986,11001008702,7239.5
1364989291,-77.0018553,38.91923860000001,11001008702,7239.5
1364989296,-77.0005689,38.91968839999999,11001008702,7239.5
1364989306,-77.004758,38.9182239,11001008701,6841.9
1364989308,-77.0035113,38.918669,11001008702,7239.5
1364989367,-77.0055996,38.91807199999999,11001009203,5714.0
1365002176,-76.994756,38.922306000000006,11001009302,4647.0
1365013761,-76.9764092,38.929020999999985,11001011100,819.3
1365013776,-76.9762183,38.929112200000006,11001011100,819.3
1365013777,-76.9782801,38.9277163,11001011100,819.3
1365013781,-76.978491,38.928019500000005,11001011100,819.3
1365013783,-76.9804833,38.927056599999986,11001009102,2396.3
1365013784,-76.9791311,38.92771729999998,11001011100,819.3
1365013785,-76.9832562,38.925731999999996,11001009301,3055.1
1365013786,-76.9820592,38.9263037,11001009102,2396.3
1365013787,-76.9807321,38.926934499999994,11001009102,2396.3
1365013788,-76.9879965,38.92387560000001,11001009102,2396.3
1365013789,-76.9864826,38.92433470000003,11001009102,2396.3
1365013790,-76.985628,38.92460379999999,11001009102,2396.3
1365013791,-76.9902123,38.923180599999995,11001009302,4647.0
1365013793,-76.9943172,38.92180040000001,11001009102,2396.3
1365013796,-76.9923013,38.922436800000014,11001009102,2396.3
1365013797,-76.99241540000001,38.9224952,11001009302,4647.0
1365013798,-76.9948288,38.921756,11001009102,2396.3
1365050114,-76.9736999,38.930311999999994,11001011100,819.3
1365050119,-76.9748785,38.929757099999996,11001011100,819.3
1365050121,-76.9741518,38.9301083,11001009400,3137.6
1366261587,-76.9730673,38.917431699999995,11001011100,819.3
1366265378,-76.97624,38.917325199999986,11001011100,819.3
1366265381,-76.9730679,38.91731430000001,11001011100,819.3
1366265407,-76.975411,38.9172357,11001011100,819.3
1366265408,-76.9754165,38.9173412,11001011100,819.3
1366288772,-76.9937009,38.917330399999976,11001009102,2396.3
1366288778,-76.9938381,38.91700030000001,11001009102,2396.3
1366288794,-76.9936089,38.91732890000001,11001009102,2396.3
1366288824,-76.9941057,38.9169261,11001009102,2396.3
1367470207,-77.0203856,38.92759,11001003400,3776.1
1367470208,-77.0204465,38.92721170000002,11001003400,3776.1
1375406091,-76.9895653,38.9024881,11001008410,9721.9
1375406094,-76.9882671,38.90193639999999,11001008410,9721.9
1375406095,-76.9868348,38.90132729999999,11001008802,9828.6
1377259040,-76.9917371,38.91587439999999,11001009102,2396.3
1377274876,-76.9658211,38.934051399999994,11001011100,819.3
1377274877,-76.9664781,38.93409769999999,11001009400,3137.6
1377274880,-76.9661002,38.93392269999999,11001011100,819.3
1377274883,-76.9681679,38.93334769999999,11001009400,3137.6
1377274926,-76.9682878,38.93311709999999,11001009400,3137.6
1377274927,-76.9681516,38.932877399999995,11001011100,819.3
1377274929,-76.9681459,38.93308360000001,11001009400,3137.6
1377274943,-76.974302,38.93003110000001,11001011100,819.3
1379442037,-77.022394,38.9581397,11001002101,9894.6
1379442040,-77.0232026,38.958493399999995,11001002101,9894.6
1379443774,-77.0332503,38.91701049999999,11001004300,18536.3
1379471024,-77.0452413,38.9126065,11001005502,9897.5
1379471105,-77.04650910000001,38.9162279,11001004100,2968.9
1379471147,-77.0463216,38.91484680000001,11001004100,2968.9
1379471223,-77.0464158,38.91586820000002,11001004100,2968.9
1379471232,-77.0462216,38.9143456,11001005502,9897.5
1379471556,-77.042477,38.90782670000001,11001010700,1848.6
1379495810,-77.0395134,38.902529799999996,11001010700,1848.6
1379495851,-77.0406833,38.9047517,11001010700,1848.6
1379495867,-77.0401893,38.9056478,11001010700,1848.6
1379496002,-77.0421398,38.907247699999985,11001010700,1848.6
1379505465,-77.0463434,38.91425659999999,11001004100,2968.9
1379505538,-77.0451305,38.912416199999996,11001005502,9897.5
1379505588,-77.044905,38.9122956,11001004202,12585.1
1379549932,-77.0504878,38.90298880000001,11001005501,10678.0
1379549941,-77.050213,38.9030713,11001005501,10678.0
1381204541,-77.0448803,38.90132690000001,11001010700,1848.6
1381210497,-77.0466507,38.90132670000001,11001010700,1848.6
1381212154,-77.0434674,38.900213300000004,11001010700,1848.6
1381216023,-77.0394602,38.898816199999985,11001980000,1.5
1381251515,-77.05533,38.902492599999995,11001005602,14421.3
1381251541,-77.0601375,38.903028899999995,11001000102,1374.8
1381251700,-77.0550979,38.90374949999999,11001005601,13442.9
1381307995,-77.0466869,38.8973588,11001010800,7151.8
1381307996,-77.0466708,38.898353900000004,11001010800,7151.8
1381307998,-77.0448909,38.90070940000001,11001010700,1848.6
1381307999,-77.0336368,38.9013348,11001010100,4591.0
1382539365,-76.9832876,38.912438,11001008804,3005.2
1385421390,-76.97786,38.91701140000001,11001011100,819.3
1386997323,-76.9629875,38.9236444,11001011100,819.3
1386997329,-76.9631443,38.92344389999999,11001011100,819.3
1386997331,-76.9673112,38.927191799999996,11001011100,819.3
1386997334,-76.9577551,38.9202525,11001009000,2522.4
1386997336,-76.9605032,38.9221075,11001009000,2522.4
1386997338,-76.9626442,38.9235592,11001009000,2522.4
1386997339,-76.9635825,38.92420239999999,11001009000,2522.4
1387016192,-77.0086695,38.92344419999999,11001009203,5714.0
1387016854,-76.999084,38.93264650000002,11001009511,1982.2
1387016861,-76.9999789,38.9321037,11001009511,1982.2
1387016894,-77.0000958,38.932279000000015,11001009511,1982.2
1387016930,-77.0005404,38.93170059999999,11001009511,1982.2
1387017075,-76.9935256,38.93346109999998,11001009301,3055.1
1387045610,-77.0821629,38.96356850000001,11001001100,2689.0
1387057053,-77.1003672,38.94849090000001,11001001003,2947.0
1387942610,-77.003089,38.964879,11001009505,4265.8
1394275827,-77.0322889,38.905882500000004,11001005203,33336.9
1410659649,-76.9576993,38.92926740000001,11001009000,2522.4
1410659658,-76.9647284,38.92482189999999,11001011100,819.3
1414228533,-77.0136415,38.96724130000001,11001001902,2521.5
1415542332,-76.9566755,38.8625238,11001007603,3490.4
1424668588,-76.957508,38.88402080000001,11001007708,2793.7
1439584651,-77.0276042,38.90084420000001,11001005802,2837.0
1439584653,-77.032539,38.92752089999999,11001002802,21556.7
1439840030,-77.0074962,38.831378400000006,11001009810,4650.4
1439840033,-76.9940779,38.8617912,11001007401,1034.1
1439840038,-76.9443208,38.902840099999985,11001009601,1058.9
1439840040,-76.9446937,38.9029027,11001009601,1058.9
1439840053,-76.9433571,38.903216199999996,11001009601,1058.9
1439840056,-76.9440079,38.90326939999999,11001009601,1058.9
1440554109,-76.9897685,38.86488959999999,11001007503,4736.7
1440554138,-76.9984604,38.881278900000005,11001007000,5602.7
1440867104,-76.9832686,38.8869756,11001006801,9279.8
1440867108,-76.9865386,38.8883043,11001006700,9175.4
1440867110,-77.0461078,38.914094900000016,11001005502,9897.5
1440867114,-77.046519,38.9140932,11001004100,2968.9
1440867117,-77.02703480000001,38.91462529999998,11001004402,9111.1
1440867162,-77.0079982,38.94274,11001009510,5690.3
1440867164,-77.0721749,38.953977699999975,11001001100,2689.0
1441008457,-77.0084416,38.93129980000001,11001002302,762.9
1441354047,-76.9623889,38.8784623,11001007709,2756.0
1443170223,-76.9524117,38.8723779,11001009901,1002.4
1443170224,-76.985504,38.88075829999998,11001006900,7310.4
1443170227,-76.9855056,38.89539870000001,11001008001,9474.4
1443482346,-76.9925443,38.9111521,11001008803,3829.0
1443482361,-76.9922975,38.9120956,11001008803,3829.0
1443482362,-76.9921511,38.9121189,11001008803,3829.0
1443482364,-76.9923275,38.9122307,11001008803,3829.0
1443482366,-76.9921781,38.912256000000006,11001008803,3829.0
1443482369,-76.9908861,38.91232669999999,11001008803,3829.0
1443482370,-76.99074970000001,38.91234869999997,11001008803,3829.0
1443482373,-76.9909155,38.91246069999999,11001008803,3829.0
1443482376,-76.99076340000002,38.9124741,11001008803,3829.0
1443482390,-76.9911756,38.91351849999999,11001008803,3829.0
1443482391,-76.99100570000002,38.91357799999998,11001008803,3829.0
1443482392,-76.9912617,38.913650699999984,11001009102,2396.3
1443482393,-76.9910829,38.913712799999985,11001009102,2396.3
1443482418,-76.9938299,38.91555850000001,11001009102,2396.3
1443482419,-76.9936825,38.915561899999986,11001009102,2396.3
1443573427,-76.9300575,38.88970160000001,11001009904,8522.7
1443726987,-76.9996314,38.8245972,11001009811,9038.1
1443726988,-76.9996624,38.8249259,11001009811,9038.1
1443726989,-76.9990988,38.8251516,11001009811,9038.1
1443726990,-76.9987506,38.82574579999999,11001009811,9038.1
1443726991,-76.9985231,38.826366799999995,11001009811,9038.1
1443726997,-77.0004895,38.82685939999998,11001009811,9038.1
1443727005,-77.0005607,38.82730340000001,11001009811,9038.1
1443727007,-76.9984962,38.829200400000005,11001009811,9038.1
1443727009,-76.9984982,38.830079099999985,11001009802,10526.8
1443727011,-77.00057510000002,38.83008550000001,11001009811,9038.1
1443727013,-77.0005811,38.8309636,11001009811,9038.1
1443727015,-77.0005755,38.83126500000001,11001009801,4724.2
1443727020,-77.000574,38.832961,11001009801,4724.2
1443727055,-77.0005646,38.87753110000001,11001007203,8603.6
1443727058,-77.0005706,38.87841089999999,11001007203,8603.6
1443727064,-76.9985975,38.87841010000001,11001007203,8603.6
1443727066,-77.0005702,38.87929159999999,11001007203,8603.6
1443727067,-76.9984601,38.882726,11001007000,5602.7
1443727068,-76.9984578,38.88325939999999,11001006500,5005.4
1443727078,-76.9751877,38.90019710000001,11001008904,8515.5
1443727079,-76.976219,38.90020090000001,11001008904,8515.5
1443727085,-76.9774934,38.9002054,11001008904,8515.5
1443727088,-77.0488308,38.9006951,11001010800,7151.8
1443727090,-77.0152283,38.90133389999999,11001004702,10650.0
1443727092,-77.0189371,38.91113719999999,11001004801,8673.1
1443727093,-77.0209233,38.911138499999986,11001004801,8673.1
1443727094,-77.0229454,38.91113980000001,11001004901,12437.4
1443727105,-77.0487941,38.91260779999998,11001004100,2968.9
1443727108,-77.0487909,38.91335889999999,11001004100,2968.9
1443727110,-76.9741823,38.9140855,11001011100,819.3
1443727116,-77.0207246,38.92011269999998,11001003400,3776.1
1443727117,-76.9961734,38.9255771,11001009204,10984.5
1443727118,-76.9924344,38.9255827,11001009302,4647.0
1443727119,-76.998444,38.92558430000001,11001009204,10984.5
1443727126,-76.9995089,38.92558770000001,11001009204,10984.5
1443727137,-77.0675094,38.926185900000014,11001000400,1112.8
1443727139,-77.0686345,38.92618360000001,11001000400,1112.8
1443727142,-76.9721556,38.932136600000014,11001009400,3137.6
1443727143,-76.97417240000001,38.936170399999995,11001009400,3137.6
1443727150,-77.0290979,38.937605000000005,11001002503,9959.7
1443727153,-77.0161824,38.93893209999999,11001002302,762.9
1443727154,-76.98011460000001,38.93966289999997,11001009400,3137.6
1443727163,-77.0254212,38.949041499999986,11001002201,7799.9
1443727170,-77.0255894,38.95296299999999,11001002101,9894.6
1443727177,-77.03342430000001,38.9557227,11001002002,4834.6
1443727189,-77.0151883,38.95765999999999,11001002102,6947.2
1443727190,-77.0170921,38.95766000000001,11001002102,6947.2
1443727196,-77.0136459,38.9637815,11001001902,2521.5
1443727202,-77.0136429,38.966137200000006,11001001902,2521.5
1443727204,-77.0116644,38.96998219999999,11001001702,3606.2
1443727223,-77.0334136,38.9803808,11001001600,1895.6
1444897263,-77.0449835,38.886823299999996,11001980000,1.5
1447308552,-76.9575221,38.8836324,11001007708,2793.7
1447308555,-77.0573139,38.933506099999995,11001000600,3028.9
1456422818,-76.9467576,38.863740899999996,11001009902,2118.3
1456450079,-76.962804,38.8520273,11001007502,7711.5
1458420676,-77.0199716,38.9583456,11001002101,9894.6
1458431777,-77.0029447,38.9421154,11001009510,5690.3
1458870814,-76.9855784,38.9245289,11001009102,2396.3
1458870972,-76.9751877,38.92248630000002,11001011100,819.3
1458888706,-76.9810577,38.9266562,11001009102,2396.3
1458922792,-76.9575859,38.91999629999999,11001011100,819.3
1458922831,-76.9572785,38.92025670000001,11001009000,2522.4
1458922863,-76.9574912,38.9200753,11001009000,2522.4
1458922865,-76.9575396,38.920107399999985,11001009000,2522.4
1458922948,-76.9572223,38.920412999999996,11001009000,2522.4
1458923136,-76.9537114,38.9225947,11001009000,2522.4
1458923228,-76.9547274,38.92201729999999,11001009000,2522.4
1458950705,-76.9568476,38.92843349999999,11001009000,2522.4
1458950800,-76.9569435,38.92854260000001,11001009000,2522.4
1458950897,-76.9595668,38.9243568,11001009000,2522.4
1458950899,-76.9594487,38.924398700000005,11001009000,2522.4
1458951144,-76.9554078,38.921420999999995,11001009000,2522.4
1458951146,-76.955531,38.921501400000004,11001009000,2522.4
1458951481,-76.9592192,38.92396009999999,11001009000,2522.4
1458951483,-76.95905420000001,38.92381420000001,11001009000,2522.4
1458951487,-76.9577158,38.922877799999995,11001009000,2522.4
1458951489,-76.9556244,38.92141349999998,11001009000,2522.4
1458951491,-76.9555095,38.9213361,11001009000,2522.4
1459299349,-76.9499208,38.9231553,11001009000,2522.4
1459299353,-76.9505502,38.92205310000001,11001009000,2522.4
1459299357,-76.9503928,38.9220065,11001009000,2522.4
1459299414,-76.9497836,38.92308459999999,11001009000,2522.4
1459317187,-76.928107,38.891884100000006,11001007804,4831.5
1459327647,-76.9232222,38.89581229999999,11001007808,4346.3
1459468250,-76.9177806,38.8931749,11001007808,4346.3
1460572806,-76.9530982,38.86740460000001,11001009901,1002.4
1460572891,-76.95885,38.87461510000001,11001009901,1002.4
1460614419,-76.9561791,38.8579146,11001007603,3490.4
1460614432,-76.9561874,38.8577822,11001007603,3490.4
1460614440,-76.9568541,38.85723739999999,11001007603,3490.4
1460614453,-76.95705700000002,38.85723709999998,11001007603,3490.4
1460627719,-76.9836711,38.8572751,11001007407,5597.7
1460627779,-76.9837215,38.8573069,11001007407,5597.7
1460668162,-76.990819,38.86608919999998,11001007503,4736.7
1460692316,-76.977949,38.87344559999998,11001007601,3937.9
1462032099,-77.0005715,38.83845909999998,11001009804,5044.7
1462032494,-77.0044374,38.83620029999998,11001009803,5408.0
1462032500,-77.003121,38.8361084,11001009803,5408.0
1462088957,-76.9911661,38.835665500000005,11001009700,7952.0
1462088960,-76.9910542,38.8357583,11001009700,7952.0
1462088982,-76.9918498,38.83639349999999,11001009700,7952.0
1462088983,-76.9915753,38.83650929999998,11001009700,7952.0
1462088988,-76.9892785,38.83508690000001,11001009700,7952.0
1462088991,-76.9908147,38.83539699999999,11001009700,7952.0
1462089010,-76.9900047,38.83480589999998,11001009700,7952.0
1462089110,-76.9906988,38.83101060000001,11001009700,7952.0
1462089204,-76.9910773,38.83086999999999,11001009700,7952.0
1466232612,-76.9657898,38.8503393,11001007408,11076.8
1466232814,-76.9688262,38.851428299999995,11001007408,11076.8
1466232947,-76.9679463,38.85004159999999,11001007408,11076.8
1466244831,-76.9657049,38.85484400000001,11001007603,3490.4
1466254607,-76.9672502,38.85130689999998,11001007408,11076.8
1466445325,-76.976716,38.84571149999999,11001007409,8248.9
1466515795,-77.0019909,38.821826200000004,11001010900,631.3
1466515814,-77.0019927,38.82221909999999,11001009810,4650.4
1467726006,-76.9918758,38.8350304,11001009801,4724.2
1467726008,-76.9913779,38.835499399999996,11001009700,7952.0
1467726011,-76.9920163,38.83512949999999,11001009801,4724.2
1467728483,-76.9903507,38.8349728,11001009700,7952.0
1467728485,-76.9907398,38.835476200000016,11001009700,7952.0
1467728486,-76.99022490000002,38.83507510000002,11001009700,7952.0
1467728500,-76.9898732,38.835766799999995,11001009700,7952.0
1467732172,-76.9883554,38.8354393,11001009700,7952.0
1467732911,-76.9794791,38.84879399999999,11001007404,5208.7
1467732937,-76.9771329,38.8508613,11001007404,5208.7
1467929449,-76.9885157,38.85194369999997,11001007404,5208.7
1468884920,-76.9980737,38.824078700000015,11001009811,9038.1
1468884927,-76.9939701,38.82848200000001,11001009811,9038.1
1468892563,-77.0077883,38.8356856,11001009807,3203.8
1468892578,-77.0058879,38.83205850000001,11001009803,5408.0
1469285952,-76.97728960000002,38.8509725,11001007404,5208.7
1469285958,-76.9797911,38.84998519999999,11001007404,5208.7
1469285961,-76.98099550000002,38.84996009999999,11001007404,5208.7
1469285987,-76.9783203,38.84968990000001,11001007404,5208.7
1469286116,-76.9771738,38.8515805,11001007404,5208.7
1469286241,-76.9741462,38.84906629999998,11001007403,8399.0
1469316086,-76.9788904,38.85014389999999,11001007404,5208.7
1469324537,-76.9284903,38.8794794,11001007707,5155.6
1469992101,-76.9581086,38.8549045,11001007603,3490.4
1470020432,-76.9340742,38.88024379999998,11001007707,5155.6
1471738541,-76.92266380000001,38.885191,11001009905,7374.0
1471746324,-76.9228902,38.88981399999998,11001007808,4346.3
1471764518,-76.9200929,38.887263899999994,11001009903,5619.8
1472639198,-76.9300535,38.88982539999998,11001009903,5619.8
1472794359,-76.9194344,38.889689400000016,11001009903,5619.8
1472794402,-76.9195188,38.88853969999999,11001009903,5619.8
1472831046,-76.9109268,38.8933235,11001007808,4346.3
1472831067,-76.9116047,38.894320699999994,11001007808,4346.3
1472831128,-76.9110562,38.894162,11001007808,4346.3
1472831199,-76.9109308,38.89242999999999,11001007808,4346.3
1472831218,-76.9177821,38.889806300000004,11001009903,5619.8
1472831401,-76.918729,38.88968859999999,11001009903,5619.8
1473511592,-76.9366595,38.90276659999999,11001007809,5855.7
1473898395,-76.9340714,38.89756160000002,11001007804,4831.5
1473898566,-76.9366356,38.898306799999986,11001007803,5016.5
1473899822,-76.9359543,38.898334999999996,11001007804,4831.5
1473982434,-76.9422152,38.90853769999998,11001009601,1058.9
1473982451,-76.9380832,38.90854650000001,11001009601,1058.9
1473982455,-76.937667,38.9085913,11001009601,1058.9
1473982498,-76.9388411,38.90724779999999,11001009601,1058.9
1474747427,-76.9445553,38.89183589999998,11001009603,6946.7
1474747464,-76.94991560000001,38.89301249999998,11001009603,6946.7
1475711530,-76.9591192,38.88679789999998,11001007708,2793.7
1475724278,-76.9499715,38.88810199999999,11001007703,7008.9
1475724282,-76.9495536,38.88765899999997,11001007703,7008.9
1475724283,-76.9504006,38.887124499999985,11001007703,7008.9
1475737793,-76.9569058,38.88445720000001,11001007703,7008.9
1475737875,-76.951697,38.8893141,11001007703,7008.9
1479713056,-76.9251053,38.883868599999985,11001009905,7374.0
1479847898,-76.9360905,38.8896625,11001009906,6392.1
1479893400,-76.947243,38.88983999999999,11001007703,7008.9
1479893407,-76.9445619,38.8898337,11001007703,7008.9
1479893413,-76.9397899,38.892841000000004,11001007803,5016.5
1481968850,-76.9424413,38.881016100000004,11001009907,4495.5
1482009064,-76.9433511,38.87855650000001,11001007707,5155.6
1482009068,-76.9414781,38.878799400000005,11001007707,5155.6
1482009088,-76.9415696,38.8788499,11001007707,5155.6
1482009178,-76.9438424,38.87915339999999,11001007707,5155.6
1482015590,-76.944023,38.88286969999999,11001007703,7008.9
1482908348,-76.9355307,38.881604599999996,11001009907,4495.5
1482962007,-76.9417105,38.884886,11001007703,7008.9
1482962008,-76.9437514,38.8848838,11001007703,7008.9
1482962009,-76.9408098,38.88488689999999,11001009907,4495.5
1482962272,-76.93427,38.889505,11001009906,6392.1
1484266510,-76.9232618,38.886469099999985,11001009905,7374.0
1484269578,-76.93753890000002,38.8898958,11001007803,5016.5
1484331217,-76.9434703,38.9033078,11001009601,1058.9
1484331244,-76.943402,38.90350320000002,11001009601,1058.9
1484331315,-76.9416158,38.90154909999998,11001007803,5016.5
1484359469,-76.9394699,38.9095818,11001009601,1058.9
1484359559,-76.9378526,38.90837539999999,11001009601,1058.9
1484481416,-76.9834933,38.900078799999996,11001008402,9326.9
1484481494,-76.9775414,38.899032700000014,11001007901,10937.8
1484481512,-76.9793027,38.899340399999986,11001007901,10937.8
1484481543,-76.9815058,38.89972220000001,11001007901,10937.8
1484481646,-76.9741761,38.898441899999995,11001007903,7498.4
1484481684,-76.9755027,38.89866520000001,11001007903,7498.4
1484481700,-76.9763931,38.898824899999994,11001007903,7498.4
1484481777,-76.9704358,38.8977853,11001007903,7498.4
1484481801,-76.9712702,38.8979263,11001007903,7498.4
1484481817,-76.9721851,38.89809119999998,11001007903,7498.4
1484481847,-76.9730704,38.898247799999986,11001007903,7498.4
1484482203,-76.9575023,38.896450400000006,11001009604,3359.8
1484482232,-76.9491323,38.895172600000016,11001007803,5016.5
1484482233,-76.9485842,38.89484740000001,11001009603,6946.7
1484482239,-76.9491959,38.89508089999998,11001009603,6946.7
1484482360,-76.9602268,38.89685769999999,11001009604,3359.8
1484785356,-76.9753111,38.85085089999999,11001007404,5208.7
1484785680,-76.9631469,38.861318300000015,11001007603,3490.4
1485037069,-76.9824087,38.8500672,11001007404,5208.7
1485037074,-76.9835347,38.850624499999995,11001007404,5208.7
1485037087,-76.9809803,38.8491557,11001007404,5208.7
1485051803,-76.9761632,38.8527344,11001007404,5208.7
1486253120,-76.9827,38.848374,11001007404,5208.7
1486524118,-76.982598,38.8483691,11001007404,5208.7
1486524123,-76.9808664,38.84848220000001,11001007404,5208.7
1486524329,-76.9818905,38.8473302,11001007404,5208.7
1486524351,-76.9814872,38.847366100000016,11001007404,5208.7
1486524524,-76.9826541,38.84788689999998,11001007404,5208.7
1486620277,-76.9951503,38.8424857,11001009804,5044.7
1486620336,-76.9976243,38.8418789,11001009804,5044.7
1486620614,-76.99298280000001,38.84204389999999,11001007304,3529.8
1486632795,-76.9994552,38.8398116,11001009804,5044.7
1486632849,-76.9987053,38.840387199999995,11001009804,5044.7
1486713374,-76.9970492,38.84649409999999,11001010400,1682.2
1488014519,-76.994087,38.84870750000001,11001010400,1682.2
1488022912,-76.9935769,38.84746010000001,11001010400,1682.2
1488054227,-76.9954764,38.8495713,11001010400,1682.2
1488078428,-77.00775300000001,38.831404299999996,11001009807,3203.8
1488176337,-77.017405,38.822457499999985,11001007301,467.5
1488176559,-77.017376,38.822536,11001010900,631.3
1488252429,-77.0069904,38.82035740000002,11001010900,631.3
1488252437,-77.0072386,38.820756599999996,11001010900,631.3
1488865242,-77.0710537,38.91249709999996,11001000202,3259.9
1488865313,-77.07102750000001,38.91182959999998,11001000202,3259.9
1488873885,-77.0704591,38.9208034,11001000400,1112.8
1488873886,-77.0636508,38.92149149999999,11001000400,1112.8
1489216470,-77.0173728,38.828337999999995,11001007301,467.5
1489216475,-77.0171696,38.82879270000001,11001009807,3203.8
1489216476,-77.017251,38.8283625,11001009807,3203.8
1489220556,-77.0167892,38.82987240000001,11001007301,467.5
1489220569,-77.0169565,38.830028399999996,11001007301,467.5
1489220599,-77.0169459,38.829651900000016,11001007301,467.5
1491097176,-77.0170908,38.8299109,11001007301,467.5
1492729466,-76.9750986,38.86402309999999,11001007504,3684.5
1493824959,-76.9856949,38.865066,11001007503,4736.7
1493824960,-76.9855661,38.8650427,11001007503,4736.7
1493824961,-76.9856621,38.864959600000006,11001007503,4736.7
1493824963,-76.9852978,38.86589139999999,11001007503,4736.7
1493824966,-76.9853425,38.8660093,11001007503,4736.7
1493828491,-76.9832105,38.86287969999999,11001007503,4736.7
1493828502,-76.9835725,38.8624695,11001007503,4736.7
1493828504,-76.9839434,38.861163000000005,11001007503,4736.7
1493828573,-76.9836648,38.860174000000015,11001007504,3684.5
1493828574,-76.9836594,38.8599756,11001007504,3684.5
1493828578,-76.9828488,38.8614335,11001007504,3684.5
1493859547,-76.9886497,38.863799799999995,11001007503,4736.7
1493859548,-76.9886957,38.863743,11001007503,4736.7
1493859549,-76.9887945,38.8638066,11001007503,4736.7
1493859552,-76.9871932,38.86321279999999,11001007503,4736.7
1493875536,-76.9796321,38.857303899999984,11001007407,5597.7
1493881843,-76.9712153,38.8530224,11001007408,11076.8
1493897288,-76.9682219,38.86515510000001,11001007604,2729.6
1493897291,-76.9681669,38.86496900000002,11001007604,2729.6
1493897361,-76.967866,38.86564760000001,11001007604,2729.6
1493897458,-76.967774,38.865942399999994,11001007604,2729.6
1493897761,-76.9690652,38.86593870000001,11001007604,2729.6
1493897776,-76.96832220000002,38.8650144,11001007604,2729.6
1493945484,-76.9754782,38.866316799999986,11001007605,8359.2
1493945536,-76.9785431,38.867265999999994,11001007605,8359.2
1493945544,-76.978004,38.8674022,11001007605,8359.2
1493945556,-76.9780071,38.8671008,11001007605,8359.2
1493945562,-76.9749516,38.86570849999999,11001007605,8359.2
1493945657,-76.9752869,38.8650382,11001007605,8359.2
1493945774,-76.9750364,38.87418900000001,11001007601,3937.9
1493946015,-76.9646587,38.8720092,11001009901,1002.4
1493946174,-76.9667302,38.8677001,11001007604,2729.6
1496803742,-76.9935147,38.84489139999999,11001010400,1682.2
1496803767,-76.9956752,38.8413744,11001009804,5044.7
1496817413,-76.9762377,38.8503135,11001007404,5208.7
1497927855,-76.9457122,38.86932509999999,11001009902,2118.3
1497928122,-76.9339783,38.873713800000004,11001007707,5155.6
1497928123,-76.9339661,38.87381369999999,11001007707,5155.6
1497983554,-76.93448920000002,38.889706699999984,11001009906,6392.1
1497983555,-76.93417,38.889706400000016,11001009906,6392.1
1499499879,-76.9276278,38.89286309999999,11001007808,4346.3
1499921548,-76.9796346,38.90770359999999,11001008804,3005.2
1499921551,-76.9793018,38.90737330000001,11001008804,3005.2
1499921562,-76.9794721,38.90736750000001,11001008804,3005.2
1499921620,-76.9791308,38.90682239999998,11001008804,3005.2
1502527055,-77.0004381,38.95540989999999,11001009508,4063.9
1502527107,-77.0022581,38.9569129,11001009505,4265.8
1502527108,-77.0024088,38.9569062,11001009505,4265.8
1502527201,-77.0046696,38.95582789999999,11001009505,4265.8
1502527414,-77.0033973,38.958478500000005,11001009505,4265.8
1502527421,-77.0030376,38.958508399999985,11001009505,4265.8
1506916922,-77.00058,38.83704689999999,11001009804,5044.7
1509379826,-76.9798577,38.85066340000001,11001007404,5208.7
1516204847,-77.0851014,38.9152212,11001000802,1329.8
1520613839,-76.9620494,38.93411129999998,11001011100,819.3
1520618350,-76.98175,38.9295913,11001009301,3055.1
1520628285,-76.9831525,38.948939200000005,11001009503,2415.2
1520628849,-76.9926398,38.9428671,11001009504,2939.8
1541247198,-76.93611870000001,38.909640499999995,11001009601,1058.9
1560146369,-76.9914302,38.8566514,11001007406,7783.6
1560163428,-76.9752948,38.86376260000001,11001007504,3684.5
1560163431,-76.9752917,38.8636207,11001007504,3684.5
1562096798,-76.9685181,38.863708,11001007604,2729.6
1564556245,-76.9737015,38.85110009999999,11001007404,5208.7
1564693043,-76.9657984,38.85671250000002,11001007603,3490.4
1564708943,-76.96689880000001,38.85988,11001007603,3490.4
1574598092,-76.9715048,38.888022799999995,11001006804,1061.0
1574783762,-76.9882026,38.8687866,11001007601,3937.9
1574783781,-76.9906394,38.87327629999999,11001007100,4634.0
1574783794,-76.9903341,38.8679293,11001007401,1034.1
1574783906,-76.9917652,38.86607249999998,11001007401,1034.1
1574783989,-76.9916363,38.865939,11001007401,1034.1
1574810799,-76.9908659,38.830708200000025,11001009700,7952.0
1600549262,-77.0505929,38.90292959999999,11001005501,10678.0
1618429530,-77.0005324,38.87379169999999,11001007201,2605.7
1645991534,-77.0497107,38.90296949999999,11001010700,1848.6
1740763163,-77.045821,38.902528800000006,11001010700,1848.6
1740764624,-77.0385185,38.902645299999996,11001010700,1848.6
1747739825,-76.9892129,38.92096829999999,11001009102,2396.3
1747739829,-76.9892347,38.92096260000001,11001009102,2396.3
1747739845,-76.9889617,38.92113320000001,11001009102,2396.3
1747739847,-76.9893974,38.9210781,11001009102,2396.3
1747739851,-76.9889384,38.92121259999999,11001009102,2396.3
1747739856,-76.9891145,38.9213042,11001009102,2396.3
1748885210,-76.9729258,38.849545899999995,11001007403,8399.0
1748885246,-76.9732635,38.866515600000014,11001007605,8359.2
1796371546,-77.0326147,38.9216134,11001003701,12700.9
1804420109,-77.0324083,38.9303945,11001003000,16784.0
1804420112,-77.0327178,38.9305051,11001002802,21556.7
1805010059,-77.008534,38.9303203,11001002302,762.9
1890558336,-77.0012831,38.87929199999999,11001007203,8603.6
1929135343,-77.0173544,38.82245759999999,11001010900,631.3
1929135345,-77.0161188,38.82246279999999,11001010900,631.3
1937256110,-77.0261874,38.937303,11001002503,9959.7
1942042422,-77.0101503,38.907045999999994,11001004600,6991.7
1977516631,-77.0337762,38.88174639999998,11001980000,1.5
1991035279,-77.0012748,38.878405699999995,11001007203,8603.6
1991035280,-77.0012615,38.87753119999999,11001007203,8603.6
2000698376,-77.0058956,38.831217599999995,11001009803,5408.0
2000698377,-77.005889,38.8292111,11001009810,4650.4
2000698379,-77.0059098,38.8302174,11001009810,4650.4
2019659633,-77.0694157,38.9166077,11001000300,5428.2
2019659645,-77.0685321,38.91669010000001,11001000202,3259.9
2019659717,-77.0652064,38.919078999999996,11001000400,1112.8
2027049957,-77.1004637,38.91886730000002,11001000804,1291.7
2046464958,-77.0444605,38.90857319999999,11001005502,9897.5
2078113055,-77.063776,38.94462379999999,11001001200,3864.4
2099955610,-77.0468027,38.93264309999998,11001002704,9978.6
2131533990,-77.06490000000001,38.94311379999999,11001001200,3864.4
2131533994,-77.0649001,38.9432029,11001001200,3864.4
2131534030,-77.0687031,38.9431594,11001001200,3864.4
2131539103,-77.0785211,38.947247799999985,11001001100,2689.0
2136702412,-77.0564521,38.8976873,11001005602,14421.3
2136702415,-77.0558093,38.89737009999999,11001980000,1.5
2136702423,-77.0560484,38.8976272,11001980000,1.5
2136710693,-77.0607663,38.925533399999985,11001000400,1112.8
2136710694,-77.0606895,38.92559330000002,11001000502,5930.0
2136710695,-77.061707,38.92638949999999,11001000502,5930.0
2136710697,-77.0600717,38.924988400000004,11001000400,1112.8
2136710698,-77.06238200000001,38.926915599999994,11001000502,5930.0
2136710700,-77.0588437,38.92402909999999,11001000400,1112.8
2136710701,-77.0593755,38.92444530000001,11001000400,1112.8
2136710702,-77.0614047,38.9260262,11001000400,1112.8
2136710705,-77.0617857,38.926328700000006,11001000400,1112.8
2136710708,-77.0592974,38.9245058,11001000502,5930.0
2136710709,-77.0624606,38.92685459999999,11001000400,1112.8
2136710711,-77.0613303,38.92609029999999,11001000502,5930.0
2136710718,-77.0599903,38.9250486,11001000502,5930.0
2145946280,-77.0606192,38.94320400000001,11001001303,3953.0
2167451918,-76.9947385,38.905000099999995,11001008803,3829.0
2167451939,-76.9942976,38.905160399999986,11001008803,3829.0
2167451953,-76.99468790000002,38.90531020000001,11001008803,3829.0
2202288043,-77.0764939,38.94218899999998,11001001002,3763.3
2202288045,-77.0765262,38.9422493,11001001002,3763.3
2202288046,-77.075985,38.942222799999996,11001000600,3028.9
2286013912,-77.0473471,38.92324970000001,11001004001,14523.2
2292207533,-76.9903897,38.86743609999999,11001007503,4736.7
2305183785,-77.0368131,38.9167081,11001004201,15764.6
2305183793,-77.0368564,38.9170141,11001004201,15764.6
2366343769,-77.0500584,38.956396399999996,11001001301,1375.9
2366344966,-77.0518934,38.95701220000001,11001001301,1375.9
2377417303,-77.0000723,38.893094299999994,11001008200,8289.3
2377417309,-77.0005796,38.8933911,11001008200,8289.3
2377417311,-77.0020377,38.8925102,11001008200,8289.3
2377417316,-77.0020377,38.89259890000001,11001008200,8289.3
2382483428,-77.0116228,38.9013264,11001004702,10650.0
2382621917,-76.9878004,38.8868621,11001006700,9175.4
2382621923,-76.9889674,38.8882791,11001006700,9175.4
2382621927,-76.9883142,38.88734509999999,11001006700,9175.4
2390759030,-76.998032,38.929271699999994,11001009201,4856.1
2390775649,-76.9988856,38.92751069999999,11001009201,4856.1
2399740768,-76.9883163,38.88960670000001,11001006700,9175.4
2408352996,-76.9848405,38.86580819999998,11001007503,4736.7
2415024588,-76.9895549,38.860651400000016,11001007407,5597.7
2424854392,-77.0708858,38.93175440000001,11001000400,1112.8
2428508011,-76.986187,38.89900759999999,11001008402,9326.9
2428508041,-76.9984518,38.8937756,11001008302,11005.6
2428510053,-76.985504,38.90051059999999,11001008410,9721.9
2428510056,-76.9852167,38.900664899999974,11001008410,9721.9
2428739670,-77.0581382,38.90100280000001,11001005602,14421.3
2432116752,-77.0936621,38.91526049999999,11001000802,1329.8
2440761314,-77.0249863,38.905650400000006,11001004902,12760.9
2444588183,-77.0864629,38.91874519999998,11001000802,1329.8
2444588194,-77.0864638,38.9175124,11001000802,1329.8
2444588195,-77.0867916,38.91768499999999,11001000802,1329.8
2444588197,-77.0873248,38.91808040000002,11001000802,1329.8
2444588199,-77.0875826,38.9184118,11001000802,1329.8
2444588203,-77.0879063,38.91798769999998,11001000802,1329.8
2444588204,-77.088191,38.918024700000004,11001000802,1329.8
2444588205,-77.0887723,38.91804309999999,11001000802,1329.8
2444588213,-77.0868624,38.917581600000005,11001000802,1329.8
2444588215,-77.0874513,38.91802529999999,11001000802,1329.8
2444588221,-77.0876175,38.91870350000001,11001000802,1329.8
2452103377,-76.9687014,38.90813099999998,11001011100,819.3
2452103384,-76.9678458,38.90813,11001011100,819.3
2456210938,-77.0410321,38.90564570000001,11001010700,1848.6
2456210941,-77.0411992,38.905644,11001010700,1848.6
2456351004,-76.985504,38.888010699999995,11001006700,9175.4
2456351013,-76.9845581,38.8876105,11001006700,9175.4
2456351023,-76.98414240000001,38.887407799999984,11001006700,9175.4
2456351027,-76.9862541,38.88816049999998,11001006700,9175.4
2456351034,-76.9855023,38.88792509999998,11001006700,9175.4
2456351037,-76.9847332,38.88761129999999,11001006700,9175.4
2456351043,-76.985502,38.887851000000005,11001006700,9175.4
2456351046,-76.9849009,38.88760909999999,11001006700,9175.4
2456351055,-76.98365780000002,38.88709419999999,11001006700,9175.4
2456351058,-76.9844921,38.887438299999985,11001006700,9175.4
2461134264,-77.0560876,38.901930300000004,11001005602,14421.3
2462376171,-77.0558466,38.900695799999994,11001005602,14421.3
2462383184,-77.0529572,38.899578600000005,11001005602,14421.3
2462383188,-77.0518355,38.90070269999999,11001005601,13442.9
2491649333,-77.02707300000002,38.984938499999984,11001001600,1895.6
2502976209,-77.0176648,38.87769599999999,11001010201,16847.2
2504794158,-77.0394769,38.8921049,11001980000,1.5
2504806041,-77.03363890000001,38.8921021,11001980000,1.5
2531717397,-76.9327521,38.9111747,11001009601,1058.9
2531717398,-76.933942,38.91210480000001,11001009601,1058.9
2535854803,-76.960126,38.92251689999999,11001009000,2522.4
2535854806,-76.9574599,38.9205887,11001009000,2522.4
2535854812,-76.9615856,38.92376050000001,11001009000,2522.4
2535854815,-76.9620679,38.9234309,11001009000,2522.4
2535854817,-76.9595614,38.923624499999995,11001009000,2522.4
2535854819,-76.9573393,38.9220713,11001009000,2522.4
2535854820,-76.9580635,38.92256879999998,11001009000,2522.4
2587508256,-77.0122956,38.96018530000002,11001002102,6947.2
2591046474,-77.0323736,38.96164040000001,11001002001,4706.6
2594760966,-77.0058859,38.88142029999999,11001006500,5005.4
2602417947,-77.0347782,38.9248256,11001003702,23552.5
2607280191,-77.0547093,38.93688440000001,11001001304,5698.4
2616277014,-76.998253,38.936079899999996,11001009511,1982.2
2616277023,-76.99626680000001,38.936773600000016,11001009511,1982.2
2616277043,-76.9988021,38.9377822,11001009511,1982.2
2616277054,-77.0027062,38.939184800000014,11001009511,1982.2
2616277080,-77.001203,38.936474300000015,11001009511,1982.2
2616277081,-77.001454,38.9374691,11001009511,1982.2
2616277083,-76.9996373,38.936731299999984,11001009511,1982.2
2616277092,-77.0023652,38.937384099999996,11001009511,1982.2
2616277096,-76.9989361,38.936818999999986,11001009511,1982.2
2616277106,-76.9988241,38.93734609999999,11001009511,1982.2
2627477675,-77.0715639,38.90669299999998,11001000202,3259.9
2628817381,-77.0151834,38.89471269999999,11001005900,3743.4
2628824366,-77.01554620000002,38.89471419999999,11001005900,3743.4
2628824368,-77.0151965,38.8941939,11001005900,3743.4
2629963166,-77.0259894,38.900886899999996,11001005802,2837.0
2629963167,-77.02703360000001,38.900852799999996,11001005802,2837.0
2664170695,-77.0270368,38.91389210000001,11001004901,12437.4
2664170700,-77.0270372,38.91347399999999,11001004901,12437.4
2670838647,-77.0270365,38.91420560000002,11001004402,9111.1
2696812482,-77.025983,38.9014046,11001005802,2837.0
2711740471,-77.0502869,38.936356800000006,11001001304,5698.4
2732992383,-77.0349584,38.9910737,11001001600,1895.6
2748976055,-77.0035199,38.8832372,11001006500,5005.4
2748976058,-77.0020376,38.88323320000001,11001006500,5005.4
2765102969,-77.0364376,38.96481430000002,11001001803,3248.9
2765102971,-77.0364355,38.965425800000006,11001001803,3248.9
2765102972,-77.036433,38.966144999999976,11001001803,3248.9
2765102974,-77.0364304,38.966899299999994,11001001803,3248.9
2765102976,-77.0364229,38.96903829999998,11001001803,3248.9
2765102978,-77.0364198,38.969926,11001001803,3248.9
2765102980,-77.0364171,38.970722599999995,11001001803,3248.9
2765102984,-77.0364144,38.97150779999999,11001001803,3248.9
2765102985,-77.0364105,38.97312770000001,11001001600,1895.6
2765102989,-77.0364256,38.9749045,11001001600,1895.6
2765475173,-77.0364175,38.97868839999998,11001001600,1895.6
2765475177,-77.0364144,38.9793943,11001001600,1895.6
2765475179,-77.0364154,38.980389599999995,11001001600,1895.6
2765475185,-77.0364077,38.98135260000001,11001001600,1895.6
2765475187,-77.0364016,38.982282500000004,11001001600,1895.6
2765475189,-77.0364022,38.9832141,11001001600,1895.6
2765475194,-77.0363992,38.98567210000001,11001001600,1895.6
2765475195,-77.0363907,38.986409699999996,11001001600,1895.6
2765475202,-77.0363865,38.98821780000001,11001001600,1895.6
2765545457,-77.03649210000002,38.939737100000016,11001002600,1190.1
2765545462,-77.0364947,38.94080819999999,11001002600,1190.1
2765545465,-77.0364969,38.941872999999994,11001002600,1190.1
2765545469,-77.0364872,38.94293280000001,11001002600,1190.1
2765545472,-77.036486,38.94400579999999,11001002600,1190.1
2765545475,-77.036482,38.9450624,11001002600,1190.1
2765545482,-77.0364805,38.94718669999999,11001002600,1190.1
2765545486,-77.0364786,38.94730760000001,11001002600,1190.1
2765545489,-77.0364751,38.9482698,11001002600,1190.1
2765545491,-77.0364701,38.949745400000005,11001002600,1190.1
2765545510,-77.0364609,38.95621579999999,11001002600,1190.1
2765545517,-77.036453,38.9583562,11001002001,4706.6
2765545520,-77.0364536,38.9585123,11001002001,4706.6
2765545522,-77.0364568,38.95929229999998,11001002001,4706.6
2765545523,-77.0364475,38.96018180000001,11001002001,4706.6
2765545529,-77.0364433,38.9615193,11001002001,4706.6
2791548484,-77.0127907,38.88887350000002,11001980000,1.5
2793090357,-77.0426397,38.98350349999998,11001001500,1189.4
2795614002,-77.0639793,38.94432410000001,11001001200,3864.4
2805580901,-76.9260544,38.889819199999984,11001009903,5619.8
2825547422,-77.0235931,38.89369830000001,11001980000,1.5
2843194025,-76.9846082,38.8921444,11001008002,5676.3
2896016977,-77.0944821,38.915620399999995,11001000802,1329.8
2896016979,-77.09487160000002,38.915877099999996,11001000804,1291.7
2896016983,-77.0960434,38.9169852,11001000804,1291.7
2896020513,-77.0983912,38.919003400000015,11001000804,1291.7
2896020514,-77.0983944,38.9191661,11001000804,1291.7
2896020515,-77.0984018,38.91997449999999,11001000804,1291.7
2896020516,-77.0984147,38.9202466,11001000804,1291.7
2896020535,-77.0993765,38.9221309,11001000804,1291.7
2896020536,-77.0994843,38.9222323,11001000902,981.5
2896020560,-77.1027761,38.92634170000001,11001000902,981.5
2896020566,-77.1039382,38.92738409999999,11001000902,981.5
2896020572,-77.1056463,38.92891749999998,11001000904,1547.9
2896020586,-77.1067818,38.9300249,11001000904,1547.9
2896020706,-77.1078677,38.931623800000004,11001000904,1547.9
2896020717,-77.1088689,38.9324919,11001000904,1547.9
2896020728,-77.1106608,38.93454539999996,11001000904,1547.9
2896386314,-77.1065423,38.935739500000004,11001000904,1547.9
2896386324,-77.1057995,38.936307599999985,11001000904,1547.9
2896386353,-77.1039873,38.93890230000001,11001000904,1547.9
2899430519,-77.0118436,38.8986764,11001004702,10650.0
2899430534,-77.0161926,38.90026760000001,11001004702,10650.0
2900167803,-76.9532926,38.8896106,11001007708,2793.7
2900167806,-76.9530442,38.88992289999999,11001009603,6946.7
2900167808,-76.9525471,38.89062579999999,11001009603,6946.7
2900167809,-76.9524824,38.890704500000005,11001009603,6946.7
2906363140,-77.0037742,38.875422500000006,11001007201,2605.7
2911584522,-77.0282562,38.91185730000001,11001005001,10271.4
2911584529,-77.027964,38.91260750000001,11001005001,10271.4
2921295148,-77.0261904,38.92882439999999,11001003100,11890.5
2921295149,-77.0263434,38.92982039999998,11001003100,11890.5
2921295150,-77.0264785,38.9307919,11001003100,11890.5
2921295151,-77.0266092,38.93177839999999,11001003100,11890.5
2921295153,-77.0266967,38.9323189,11001003100,11890.5
2921295156,-77.0267679,38.932745499999996,11001003100,11890.5
2921295164,-77.0263687,38.93346629999999,11001003100,11890.5
2921295166,-77.0251093,38.935152599999995,11001003100,11890.5
2921295172,-77.0242794,38.93631169999999,11001002400,6713.4
2921295174,-77.0233904,38.9376364,11001002400,6713.4
2921295177,-77.0231487,38.9379696,11001002400,6713.4
2921295178,-77.0225891,38.9387322,11001002400,6713.4
2921295181,-77.0215374,38.940138999999995,11001002400,6713.4
2921295182,-77.02094,38.94093539999998,11001002400,6713.4
2921295183,-77.0201267,38.94203310000002,11001002400,6713.4
2921295472,-77.01886390000001,38.943664299999995,11001002301,7776.5
2921295473,-77.0195956,38.94369829999999,11001002400,6713.4
2921295479,-77.019279,38.943759699999994,11001002301,7776.5
2921295522,-77.03346490000001,38.9583522,11001002001,4706.6
2921295523,-77.0334487,38.9592828,11001002001,4706.6
2921295524,-77.0334535,38.95964869999999,11001002001,4706.6
2921295525,-77.0334556,38.96022530000004,11001002001,4706.6
2921295526,-77.0334618,38.9610212,11001002001,4706.6
2921295527,-77.0334683,38.96160859999999,11001002001,4706.6
2921449362,-77.093831,38.915321199999994,11001000802,1329.8
2921449368,-77.0949346,38.915743799999994,11001000804,1291.7
2921449371,-77.0948102,38.91582590000001,11001000804,1291.7
2921449375,-77.1002623,38.92359719999999,11001000902,981.5
2927432297,-77.0555467,38.93047170000001,11001000501,3599.2
2927432298,-77.0555893,38.93054469999999,11001000501,3599.2
2927432300,-77.0548399,38.93078009999999,11001000501,3599.2
2927473060,-77.045158,38.928212299999984,11001000501,3599.2
2927473940,-77.045462,38.9274067,11001000501,3599.2
2927575470,-77.0465601,38.926625299999984,11001000501,3599.2
2934346270,-77.0035191,38.8842832,11001006500,5005.4
2936616107,-76.9279714,38.889822200000005,11001007804,4831.5
2954221698,-77.0286011,38.974230999999996,11001010300,4005.6
2956751419,-77.0258822,38.8842124,11001010202,2108.3
2956751420,-77.0258715,38.883588,11001010202,2108.3
2956751424,-77.0258636,38.88757389999999,11001010202,2108.3
2956751427,-77.026091,38.884212899999994,11001010202,2108.3
2956751434,-77.0260904,38.88679010000001,11001010202,2108.3
2956751438,-77.0258742,38.88677839999999,11001010202,2108.3
2960257404,-77.01136730000002,38.88319489999998,11001010500,5126.6
2967630728,-76.9504809,38.90211799999998,11001009602,4023.6
2974581213,-76.9721526,38.9309555,11001011100,819.3
2974581214,-76.9721529,38.931053500000004,11001011100,819.3
2974581215,-76.972153,38.9311173,11001009400,3137.6
2974581217,-76.9721549,38.93185029999999,11001009400,3137.6
2974621123,-77.0441747,38.9111415,11001004202,12585.1
2974621124,-77.0444621,38.9111383,11001005502,9897.5
2975016185,-77.0035316,38.876543699999985,11001007203,8603.6
2975704779,-76.9836529,38.89253680000001,11001008002,5676.3
2987627627,-76.982332,38.8425181,11001007304,3529.8
2987627629,-76.9826799,38.843101699999984,11001007304,3529.8
2987628031,-76.9807165,38.843436,11001007304,3529.8
2987628337,-76.9813983,38.843744199999996,11001007304,3529.8
2987628345,-76.9798765,38.84278709999998,11001007304,3529.8
2994024590,-77.0686213,38.931608900000015,11001000400,1112.8
2999124269,-77.0084195,38.83362979999999,11001009807,3203.8
2999157115,-77.0394639,38.89692449999999,11001010800,7151.8
2999213638,-77.012522,38.89058310000001,11001980000,1.5
3000138151,-77.0269262,38.8827337,11001010202,2108.3
3000138182,-77.0271898,38.88605670000002,11001010202,2108.3
3000233147,-77.024849,38.88040829999999,11001010202,2108.3
3000233153,-77.0247703,38.88034570000001,11001010202,2108.3
3000233170,-77.0248797,38.880250200000006,11001010202,2108.3
3000323991,-77.0226286,38.8786624,11001010201,16847.2
3000323997,-77.0227,38.8787155,11001010202,2108.3
3000324000,-77.0217644,38.882014799999986,11001010202,2108.3
3000324014,-77.0219865,38.881286300000006,11001010202,2108.3
3000324139,-77.02197990000002,38.8793325,11001010202,2108.3
3000324140,-77.022732,38.8785671,11001010202,2108.3
3000324160,-77.0228241,38.878640299999994,11001010202,2108.3
3000430288,-77.0052947,38.8959574,11001980000,1.5
3000430293,-77.0055164,38.89637239999998,11001010603,5518.9
3000563551,-77.0122325,38.886010299999995,11001010500,5126.6
3000563555,-77.0123514,38.88611259999998,11001010500,5126.6
3000712324,-77.0106812,38.885074900000006,11001980000,1.5
3000712327,-77.0109442,38.8850775,11001010500,5126.6
3000719033,-77.0108664,38.88501380000001,11001010500,5126.6
3001016695,-77.01143120000002,38.89613219999999,11001005900,3743.4
3001016701,-77.0121667,38.893708,11001005900,3743.4
3001016717,-77.0121672,38.8961388,11001005900,3743.4
3001019038,-77.0121666,38.89355349999999,11001005900,3743.4
3001046648,-77.0151673,38.89613349999998,11001005900,3743.4
3001130394,-77.0136506,38.896134800000006,11001005900,3743.4
3001166927,-77.0136723,38.899388699999996,11001004702,10650.0
3001171736,-77.0136729,38.89923689999999,11001005900,3743.4
3001253755,-77.01515600000002,38.899913500000004,11001004702,10650.0
3001253763,-77.0152558,38.899786199999994,11001004702,10650.0
3001288930,-77.01217,38.9002185,11001004702,10650.0
3001305032,-77.0129732,38.9002174,11001004702,10650.0
3001305333,-77.0128546,38.9002171,11001004702,10650.0
3001334946,-77.01251220000002,38.89894999999999,11001004702,10650.0
3001334967,-77.0124581,38.89880200000001,11001005900,3743.4
3001353534,-77.0112186,38.8983556,11001004702,10650.0
3001353539,-77.0122351,38.8983083,11001005900,3743.4
3001353540,-77.0092553,38.8975564,11001004702,10650.0
3001375539,-77.0118738,38.89734279999999,11001005900,3743.4
3001375547,-77.0109497,38.8947895,11001005900,3743.4
3001431211,-77.0145147,38.90467480000001,11001004703,27395.0
3001431544,-77.01372,38.90252079999999,11001004702,10650.0
3001434616,-77.0121621,38.9025187,11001004702,10650.0
3001460941,-77.0121692,38.905651200000015,11001004704,7960.1
3001460943,-77.0121653,38.907235400000005,11001004600,6991.7
3001484259,-77.0151322,38.9013343,11001004702,10650.0
3001527475,-77.0161962,38.8947248,11001005900,3743.4
3001569199,-77.0183586,38.89481580000002,11001005900,3743.4
3001569201,-77.0187528,38.89478419999999,11001005900,3743.4
3001569202,-77.0199158,38.89442579999999,11001005801,7641.9
3001683704,-77.0094619,38.9071386,11001004704,7960.1
3001683706,-77.0091961,38.907039199999986,11001004704,7960.1
3001694510,-77.0308234,38.882953400000005,11001010202,2108.3
3001733991,-77.0280331,38.88711379999999,11001010202,2108.3
3003882945,-77.021915,38.8905438,11001980000,1.5
3003932685,-77.0377128,38.88772130000001,11001980000,1.5
3003933545,-77.0380617,38.887811,11001980000,1.5
3003988396,-77.05149010000001,38.88750919999999,11001980000,1.5
3004033608,-77.0318491,38.883292,11001010202,2108.3
3004033609,-77.0337275,38.88457360000001,11001980000,1.5
3005239459,-77.0351034,38.8800442,11001980000,1.5
3005325304,-77.0311467,38.88042969999999,11001980000,1.5
3005643154,-77.0218551,38.8812865,11001010202,2108.3
3005678324,-77.0175589,38.88128860000001,11001010500,5126.6
3005713074,-77.0228573,38.88244549999998,11001010202,2108.3
3005831881,-77.0240243,38.884580699999994,11001010202,2108.3
3005851841,-77.0257949,38.88263499999999,11001010202,2108.3
3005851842,-77.0273168,38.88273610000002,11001010202,2108.3
3006022047,-77.0142488,38.898795699999994,11001005900,3743.4
3006052161,-77.009168,38.87996260000003,11001010500,5126.6
3006052174,-77.0124184,38.88380769999999,11001010500,5126.6
3006085743,-77.0136442,38.886240700000016,11001010500,5126.6
3006085744,-77.01409,38.88604559999999,11001010500,5126.6
3006085798,-77.0196626,38.883246400000004,11001010202,2108.3
3006129370,-77.0150274,38.88129159999999,11001010500,5126.6
3006129374,-77.0153479,38.881281999999985,11001010500,5126.6
3006129376,-77.0151906,38.8798918,11001010500,5126.6
3006129398,-77.0151955,38.88115319999999,11001010500,5126.6
3006142403,-77.0124325,38.88124769999999,11001010500,5126.6
3006162371,-77.0187034,38.87462969999998,11001011002,1747.9
3006162411,-77.0187062,38.87469410000001,11001011002,1747.9
3006169856,-77.0186358,38.873423100000004,11001011002,1747.9
3006169971,-77.0157308,38.8729772,11001011001,18125.8
3006171207,-77.0140457,38.87296640000002,11001011001,18125.8
3006698832,-77.0152163,38.8752995,11001011001,18125.8
3006702238,-77.0138578,38.87678079999999,11001010500,5126.6
3006713647,-77.013791,38.8765396,11001010500,5126.6
3006713664,-77.0139986,38.8765391,11001010500,5126.6
3007042395,-77.0519908,38.88861560000001,11001980000,1.5
3007042409,-77.04849990000001,38.887178899999995,11001980000,1.5
3007042426,-77.0502254,38.8872553,11001980000,1.5
3007114624,-77.0493484,38.89030549999999,11001980000,1.5
3007425104,-77.0948096,38.94440590000001,11001000903,3449.3
3007511476,-76.9800973,38.93946689999999,11001009400,3137.6
3007587805,-77.001159,38.95271110000001,11001009508,4063.9
3007587806,-77.0011803,38.95288,11001009508,4063.9
3007587814,-77.0012362,38.95302609999999,11001009508,4063.9
3007762954,-77.0501531,38.89210859999999,11001980000,1.5
3007959481,-77.0499001,38.893537799999976,11001980000,1.5
3007959493,-77.0468938,38.893516000000005,11001980000,1.5
3007959506,-77.0488707,38.893447700000024,11001980000,1.5
3007959508,-77.0466907,38.8954176,11001010800,7151.8
3007965766,-76.9995537,38.91558469999998,11001008702,7239.5
3008009375,-77.0441465,38.893835100000004,11001980000,1.5
3010501240,-77.0279642,38.887572699999986,11001010202,2108.3
3010525207,-77.0261888,38.8829007,11001010202,2108.3
3010525209,-77.0286212,38.88457660000001,11001010202,2108.3
3010525210,-77.0260519,38.8848318,11001010202,2108.3
3010525228,-77.0262119,38.88225919999999,11001010202,2108.3
3010529934,-77.02581680000002,38.8829013,11001010202,2108.3
3010649395,-77.0175602,38.887573099999976,11001010202,2108.3
3010696885,-77.0124317,38.88885380000001,11001980000,1.5
3010696905,-77.016695,38.887573099999976,11001980000,1.5
3010698039,-77.0123578,38.88915289999998,11001980000,1.5
3010698041,-77.013357,38.88708929999999,11001980000,1.5
3010698045,-77.0163987,38.88757199999999,11001980000,1.5
3010914572,-77.0095137,38.8947922,11001980000,1.5
3010919312,-77.0123159,38.89875109999999,11001005900,3743.4
3011107102,-77.0151931,38.88506609999999,11001010500,5126.6
3011273410,-77.0152171,38.89137679999999,11001980000,1.5
3011273427,-77.0152099,38.89154369999999,11001980000,1.5
3011318694,-77.0175165,38.89200330000001,11001980000,1.5
3011318725,-77.0165242,38.891737299999996,11001980000,1.5
3011478356,-77.018707,38.89233759999998,11001980000,1.5
3011478358,-77.0185466,38.892287400000015,11001980000,1.5
3011565315,-77.0199136,38.89284450000002,11001005801,7641.9
3011565329,-77.0199209,38.89360409999998,11001005900,3743.4
3011566064,-77.019912,38.8926757,11001980000,1.5
3012403078,-76.9532817,38.8999079,11001009602,4023.6
3012429028,-77.0219169,38.894799299999995,11001005802,2837.0
3012429749,-77.02191800000001,38.8934002,11001005801,7641.9
3012429760,-77.0219178,38.89323580000001,11001980000,1.5
3012535007,-77.02399520000002,38.89381109999999,11001980000,1.5
3012535014,-77.0219195,38.893902800000006,11001005802,2837.0
3012535144,-77.0229714,38.8961383,11001005802,2837.0
3012535147,-77.0239809,38.8939723,11001005802,2837.0
3012784288,-77.0219166,38.905649399999994,11001004902,12760.9
3012784293,-77.0219158,38.90417060000001,11001004802,10299.1
3012829798,-77.027039,38.9056578,11001004902,12760.9
3012829811,-77.0270367,38.907245699999976,11001004902,12760.9
3013359740,-77.026023,38.894365600000015,11001980000,1.5
3013359771,-77.0259366,38.894342,11001980000,1.5
3013407820,-77.0270402,38.897357299999996,11001005802,2837.0
3013484854,-77.0270519,38.89482290000001,11001005802,2837.0
3013484875,-77.0270721,38.894660000000016,11001980000,1.5
3016605388,-77.0281072,38.8961388,11001005802,2837.0
3016605397,-77.0281145,38.89511479999999,11001005802,2837.0
3016605409,-77.0281253,38.894953,11001980000,1.5
3016708830,-77.02962560000002,38.9026404,11001010100,4591.0
3021624701,-77.0828948,38.9106789,11001000802,1329.8
3021624703,-77.0818033,38.910673200000005,11001000802,1329.8
3023454834,-77.0851642,38.932319500000006,11001000804,1291.7
3023458004,-77.0560268,38.9718052,11001001500,1189.4
3023458022,-77.0533192,38.9721638,11001001500,1189.4
3023470035,-77.0532973,38.9723097,11001001500,1189.4
3027616040,-77.0302861,38.900039699999994,11001010100,4591.0
3027616043,-77.0304126,38.89999439999999,11001010100,4591.0
3027616047,-77.0311709,38.90022169999998,11001010100,4591.0
3027616061,-77.0303298,38.89992079999997,11001005802,2837.0
3027616084,-77.0296453,38.89537829999999,11001980000,1.5
3027616106,-77.0296234,38.8955186,11001005802,2837.0
3027616118,-77.0301865,38.899974,11001005802,2837.0
3027616128,-77.0296215,38.900163099999986,11001005802,2837.0
3027644776,-77.0492495,38.91484729999997,11001004100,2968.9
3027663729,-77.0319544,38.9026421,11001010100,4591.0
3027665439,-77.0395159,38.9026501,11001010700,1848.6
3027665453,-77.0395118,38.902401900000015,11001010700,1848.6
3027731623,-77.03070820000002,38.895451800000004,11001980000,1.5
3027738436,-77.030788,38.8954493,11001980000,1.5
3027738437,-77.0307364,38.89559500000001,11001005802,2837.0
3027822526,-77.0319511,38.89557639999998,11001005802,2837.0
3027822532,-77.0319501,38.8954598,11001980000,1.5
3027832454,-77.0319537,38.896134299999986,11001005802,2837.0
3029043386,-76.9744454,38.9172372,11001011100,819.3
3056586921,-76.99616710000001,38.89478509999999,11001008302,11005.6
3056586923,-76.9967634,38.89473949999999,11001008302,11005.6
3061294315,-76.9832669,38.85323560000002,11001007404,5208.7
3061294316,-76.9833273,38.85334680000001,11001007404,5208.7
3062846866,-76.9302642,38.8897018,11001009904,8522.7
3066628515,-77.0368893,38.8869426,11001980000,1.5
3066628516,-77.0379359,38.88694919999999,11001980000,1.5
3097246737,-76.9358358,38.89189100000001,11001007803,5016.5
3105427804,-76.9957034,38.92047299999999,11001009102,2396.3
3125716136,-76.953716,38.923199499999996,11001009000,2522.4
3125716137,-76.9517033,38.9236071,11001009000,2522.4
3125716138,-76.9520233,38.92235579999999,11001009000,2522.4
3125716145,-76.9509541,38.92275479999999,11001009000,2522.4
3125716147,-76.9520531,38.9222275,11001009000,2522.4
3125718572,-76.9528062,38.919879099999996,11001009000,2522.4
3140059716,-77.0466811,38.91394979999999,11001004100,2968.9
3151812441,-77.0121661,38.90133010000001,11001004702,10650.0
3219165573,-77.0432831,38.92324109999999,11001003901,22609.1
3222223997,-76.9488781,38.89548659999999,11001007803,5016.5
3240030410,-77.00766660000001,38.89754740000001,11001010603,5518.9
3243791813,-76.9977483,38.9275337,11001009201,4856.1
3243860594,-76.9564564,38.9220054,11001009000,2522.4
3243860596,-76.9563755,38.92207890000001,11001009000,2522.4
3253147394,-76.9320683,38.88970519999999,11001009904,8522.7
3276948624,-76.9292452,38.8811335,11001009905,7374.0
3277036227,-77.00588680000001,38.9635465,11001009505,4265.8
3277042668,-77.0062398,38.963259799999996,11001009505,4265.8
3277042669,-77.0058872,38.963260700000006,11001009505,4265.8
3277042673,-77.0051562,38.96376579999999,11001009505,4265.8
3277475100,-77.0830842,38.9075543,11001000802,1329.8
3277475101,-77.0836199,38.90692949999998,11001000802,1329.8
3277475351,-77.0830302,38.9067586,11001000802,1329.8
3277475355,-77.0839431,38.907371499999996,11001000802,1329.8
3278871307,-76.9987829,38.95004539999999,11001009509,5046.4
3278871308,-76.998796,38.949033199999995,11001009509,5046.4
3278871309,-76.9987857,38.9493875,11001009509,5046.4
3278871310,-76.9981577,38.94938019999999,11001009509,5046.4
3278874804,-77.00056060000001,38.94952500000001,11001009509,5046.4
3278890867,-76.9501875,38.90307850000001,11001009602,4023.6
3281938703,-77.0463147,38.91479859999998,11001004100,2968.9
3281966191,-77.0505689,38.9124494,11001004100,2968.9
3281966192,-77.0506274,38.912458299999976,11001004100,2968.9
3282259542,-77.0496241,38.9021712,11001005501,10678.0
3282344716,-77.0823842,38.910739000000014,11001000802,1329.8
3286086571,-76.9984678,38.927189399999996,11001009201,4856.1
3286086576,-76.9977514,38.9282545,11001009201,4856.1
3301217705,-77.0270376,38.912608299999995,11001005001,10271.4
3302325145,-77.0319534,38.9066589,11001005003,18761.8
3319975330,-77.0504166,38.935053800000006,11001001304,5698.4
3358724761,-77.0266553,38.97581100000001,11001010300,4005.6
3358724768,-77.0264984,38.9772844,11001010300,4005.6
3358724774,-77.0264512,38.97939439999999,11001010300,4005.6
3358724781,-77.0265567,38.9827456,11001010300,4005.6
3366676339,-77.0297021,38.952905300000005,11001002002,4834.6
3366676340,-77.0296994,38.9540959,11001002002,4834.6
3366676341,-77.029694,38.955149,11001002002,4834.6
3366676342,-77.0195692,38.949957200000014,11001002202,4615.4
3366676343,-77.0115104,38.95354630000001,11001002102,6947.2
3366676344,-77.0136546,38.956296699999996,11001002102,6947.2
3366676349,-77.0149377,38.95670239999998,11001002102,6947.2
3366676350,-77.029694,38.95727699999998,11001002002,4834.6
3366676351,-77.0161577,38.95710150000001,11001002102,6947.2
3369093920,-77.0363054,38.97491929999999,11001001600,1895.6
3369093924,-77.0296978,38.9779852,11001010300,4005.6
3369093926,-77.031844,38.977988,11001010300,4005.6
3369093930,-77.032999,38.97798819999999,11001010300,4005.6
3369093934,-77.033408,38.977606,11001010300,4005.6
3369107591,-77.016302,38.97234499999999,11001001702,3606.2
3369108594,-77.0214163,38.97234799999999,11001001702,3606.2
3369108596,-77.0236011,38.97234039999999,11001001702,3606.2
3369108597,-77.0154578,38.972336200000015,11001001702,3606.2
3369108598,-77.0198934,38.97234610000001,11001001702,3606.2
3369108602,-77.014216,38.97232699999999,11001001702,3606.2
3369108605,-77.013344,38.97330799999999,11001001702,3606.2
3369181714,-77.0076557,38.95508850000001,11001009508,4063.9
3369181715,-77.0057804,38.95550429999999,11001009508,4063.9
3370672843,-77.0138689,38.969984099999984,11001001702,3606.2
3370672847,-77.014552,38.97082599999998,11001001702,3606.2
3370788194,-77.000558,38.95953599999999,11001009507,5540.9
3370788199,-77.000059,38.960139,11001009507,5540.9
3370788207,-76.999074,38.96091099999999,11001009507,5540.9
3370788209,-76.9983363,38.96126129999999,11001009507,5540.9
3370788210,-76.998272,38.961285999999994,11001009507,5540.9
3370866916,-77.02889,38.94974049999999,11001002002,4834.6
3370866920,-77.0254562,38.94978349999999,11001002201,7799.9
3370866922,-77.0199398,38.9499394,11001002201,7799.9
3370866926,-77.0157816,38.950064,11001002202,4615.4
3370866929,-77.0134079,38.95099650000001,11001002202,4615.4
3370866930,-77.0132481,38.951211199999996,11001002202,4615.4
3370866931,-77.02969310000002,38.95187899999999,11001002002,4834.6
3370866933,-77.0124321,38.95230769999998,11001002202,4615.4
3370866935,-77.0116328,38.953384,11001002102,6947.2
3370866937,-77.0107452,38.954574599999994,11001002102,6947.2
3370866945,-77.038457,38.95726100000001,11001002001,4706.6
3370866946,-77.032377,38.957281999999985,11001002002,4834.6
3370866947,-77.0334237,38.957281,11001002001,4706.6
3370866971,-77.0339201,38.9620561,11001002001,4706.6
3370866978,-77.0344451,38.96224240000002,11001001803,3248.9
3370911558,-77.0091516,38.9429432,11001002302,762.9
3370911571,-77.003666,38.94446599999998,11001009510,5690.3
3370911578,-77.01093290000001,38.944615999999975,11001002302,762.9
3370911583,-77.005246,38.94496999999999,11001009510,5690.3
3370911592,-77.0075022,38.9463545,11001009510,5690.3
3370912493,-77.01607100000001,38.94642999999999,11001002301,7776.5
3370912495,-77.0168189,38.94641260000001,11001002301,7776.5
3370912502,-77.0160377,38.94746249999999,11001002202,4615.4
3370912526,-77.0102892,38.95519159999999,11001002102,6947.2
3370944892,-77.0297024,38.94973819999999,11001002002,4834.6
3371013728,-77.0140771,38.950097099999994,11001002202,4615.4
3372235095,-76.987999,38.940721999999994,11001009503,2415.2
3372235096,-76.992639,38.94072560000002,11001009504,2939.8
3372235099,-76.990235,38.94072380000001,11001009504,2939.8
3372235101,-76.995729,38.94072899999998,11001009504,2939.8
3372235111,-76.983332,38.942552,11001009503,2415.2
3372235113,-76.983669,38.94285709999999,11001009503,2415.2
3372235116,-76.9855016,38.94423520000001,11001009503,2415.2
3372235126,-76.9883983,38.946307000000004,11001009503,2415.2
3372235130,-76.9890175,38.9467584,11001009503,2415.2
3372235132,-76.9897645,38.9472985,11001009509,5046.4
3372235135,-76.9905368,38.94784909999999,11001009509,5046.4
3372235136,-76.9911254,38.94826319999998,11001009509,5046.4
3372235139,-76.9932787,38.9499066,11001009509,5046.4
3372235142,-76.9943613,38.9507404,11001009509,5046.4
3372235143,-76.9949195,38.95116809999999,11001009509,5046.4
3372235144,-76.9954736,38.951603799999994,11001009509,5046.4
3372235145,-76.995986,38.951995999999994,11001009509,5046.4
3372255996,-76.9814187,38.940727800000005,11001009503,2415.2
3372443372,-77.0803115,38.962083699999994,11001001100,2689.0
3372443379,-77.0803045,38.96309849999999,11001001100,2689.0
3372443381,-77.0802976,38.964002699999995,11001001100,2689.0
3372448402,-77.079934,38.95702399999999,11001001100,2689.0
3372448403,-77.080301,38.95702299999999,11001001100,2689.0
3372448407,-77.080301,38.957698,11001001100,2689.0
3372448408,-77.0803,38.958028999999996,11001001100,2689.0
3372448415,-77.0803,38.958361999999966,11001001100,2689.0
3372448421,-77.0803,38.959025000000004,11001001100,2689.0
3372448432,-77.0803009,38.961034,11001001100,2689.0
3373476206,-77.0627911,38.94084410000001,11001000600,3028.9
3373497507,-77.083878,38.951289,11001001004,2689.9
3373611790,-77.0874119,38.93901719999999,11001000903,3449.3
3373614193,-77.089643,38.940645,11001000903,3449.3
3373614194,-77.0902554,38.941097599999985,11001000903,3449.3
3373614196,-77.090862,38.941531999999995,11001000903,3449.3
3373614197,-77.0917993,38.942218599999975,11001000903,3449.3
3373614208,-77.083786,38.94316400000001,11001001004,2689.9
3373614210,-77.082043,38.94316400000003,11001001004,2689.9
3373614219,-77.083789,38.943959999999976,11001001004,2689.9
3373614222,-77.083785,38.945536,11001001004,2689.9
3373614229,-77.083782,38.947092,11001001004,2689.9
3373614232,-77.083782,38.947905300000016,11001001004,2689.9
3373614233,-77.083784,38.948120999999986,11001001004,2689.9
3373614244,-77.083784,38.949689,11001001004,2689.9
3373614259,-77.091239,38.956469999999996,11001001003,2947.0
3373744926,-77.08142,38.943164399999986,11001001002,3763.3
3373860099,-77.0583413,38.92363959999999,11001000400,1112.8
3373860100,-77.0582641,38.923698199999976,11001000502,5930.0
3373860102,-77.0587647,38.924090400000004,11001000502,5930.0
3375199071,-77.0633136,38.92123949999999,11001000400,1112.8
3375199073,-77.0633933,38.921420999999995,11001000400,1112.8
3375563969,-76.9857411,38.9407261,11001009503,2415.2
3376996926,-76.989383,38.907289000000006,11001008802,9828.6
3376996930,-76.987468,38.908986000000006,11001008804,3005.2
3376996931,-76.98695100000002,38.909446,11001008804,3005.2
3376996938,-76.985482,38.910716,11001008804,3005.2
3376996942,-76.983427,38.91255,11001008804,3005.2
3376996947,-76.9755909,38.91339079999998,11001011100,819.3
3376996948,-76.9750401,38.91408999999999,11001011100,819.3
3376996951,-76.97926350000002,38.91625989999999,11001008803,3829.0
3376996952,-76.9736818,38.91576,11001011100,819.3
3376996953,-76.9788435,38.91663459999999,11001008803,3829.0
3376996968,-76.9725032,38.9172384,11001011100,819.3
3377015959,-76.9741738,38.90019350000001,11001008904,8515.5
3377015965,-76.9741721,38.902791799999996,11001008904,8515.5
3378110162,-77.0219121,38.90210509999999,11001005801,7641.9
3378222896,-77.0161785,38.897340199999995,11001005900,3743.4
3378222897,-77.0239691,38.897280699999996,11001005802,2837.0
3378222898,-77.0151701,38.8973461,11001005900,3743.4
3378222899,-77.0219185,38.89725930000002,11001005802,2837.0
3378222907,-77.0151722,38.898335399999986,11001005900,3743.4
3378222911,-77.0161918,38.90010840000001,11001005900,3743.4
3378222914,-77.0181239,38.90085259999999,11001005900,3743.4
3378222917,-77.0196059,38.901366599999996,11001005801,7641.9
3378616472,-77.0259853,38.89453270000003,11001005802,2837.0
3378616474,-77.0189319,38.897343000000006,11001005801,7641.9
3379821559,-76.9931156,38.90401150000001,11001008802,9828.6
3381778774,-76.912297,38.891967999999984,11001007808,4346.3
3381778775,-76.9136623,38.89196660000001,11001007808,4346.3
3381778777,-76.9109358,38.89196239999999,11001007808,4346.3
3388139622,-77.0839168,38.9324017,11001000803,8181.8
3388139632,-77.0847188,38.93240060000002,11001000803,8181.8
3388139635,-77.0847188,38.93228649999998,11001000803,8181.8
3388139647,-77.0839168,38.93228979999999,11001000803,8181.8
3390097469,-77.00744,38.896480999999994,11001010603,5518.9
3390142017,-77.00907230000001,38.89746289999999,11001005900,3743.4
3391713444,-76.99187,38.8303501,11001009700,7952.0
3415159798,-77.0047738,38.87464270000001,11001007201,2605.7
3415851740,-77.006698,38.8765434,11001007202,28604.4
3461396741,-77.03144600000002,38.906526,11001005003,18761.8
3469719651,-77.0157287,38.874660599999984,11001011001,18125.8
3514271505,-77.0642285,38.94967999999999,11001001301,1375.9
3520748943,-77.0487922,38.9141012,11001004100,2968.9
3520748944,-77.0487902,38.91383889999999,11001004100,2968.9
3522722795,-77.0219177,38.88757360000001,11001980000,1.5
3531416323,-77.0416584,38.91558699999998,11001004201,15764.6
3531416324,-77.0416566,38.91187719999999,11001004202,12585.1
3531416325,-77.041662,38.91039480000001,11001005303,14832.3
3533318556,-77.0281815,38.88280249999999,11001010202,2108.3
3533318591,-77.033694,38.88487100000002,11001980000,1.5
3533319411,-77.0281693,38.886686,11001010202,2108.3
3545790065,-77.0124327,38.89078920000001,11001980000,1.5
3577477866,-77.0787353,38.950014,11001001100,2689.0
3577477868,-77.078521,38.9507293,11001001100,2689.0
3587925312,-76.9829348,38.849304900000014,11001007404,5208.7
3587925313,-76.9828391,38.850087699999996,11001007404,5208.7
3601521522,-77.0089687,38.92667389999999,11001003301,7973.8
3601521523,-77.0091012,38.92666149999998,11001003301,7973.8
3601521524,-77.0081378,38.9424016,11001002302,762.9
3608370820,-77.0526821,38.9615587,11001001301,1375.9
3608370821,-77.0527074,38.96166780000002,11001001301,1375.9
3608395904,-77.0089743,38.872990900000005,11001007201,2605.7
3627567085,-76.956066,38.92292340000001,11001009000,2522.4
3627567087,-76.9548691,38.92209579999998,11001009000,2522.4
3627577159,-76.9554752,38.9225149,11001009000,2522.4
3627577160,-76.9547868,38.92298499999999,11001009000,2522.4
3627577165,-76.9552006,38.923697800000014,11001009000,2522.4
3627577166,-76.95545760000002,38.923467900000006,11001009000,2522.4
3637842788,-77.0056039,38.88052630000002,11001007203,8603.6
3655998807,-76.975909,38.86320769999999,11001007504,3684.5
3656193304,-77.0013052,38.82126519999998,11001010900,631.3
3656193305,-76.999286,38.822837199999995,11001009811,9038.1
3656196221,-76.9623507,38.851609500000016,11001007502,7711.5
3656197330,-76.9338125,38.87384729999998,11001007707,5155.6
3656197331,-76.9310141,38.87601349999999,11001007707,5155.6
3656199230,-76.9314062,38.91011739999999,11001007806,3516.7
3657249995,-76.9634795,38.93523040000001,11001009400,3137.6
3657249997,-76.9776907,38.94639329999998,11001009400,3137.6
3657249998,-76.9856481,38.952569299999986,11001009503,2415.2
3657249999,-76.987833,38.954265,11001009508,4063.9
3657250001,-77.0014849,38.96493679999998,11001009505,4265.8
3657250007,-77.0186151,38.97840459999999,11001010300,4005.6
3657250009,-77.0223779,38.98127759999999,11001010300,4005.6
3657250010,-77.0242332,38.98272099999999,11001010300,4005.6
3657250012,-77.033531,38.98996300000001,11001001600,1895.6
3657251442,-77.0543612,38.98531320000001,11001001500,1189.4
3657251443,-77.0611114,38.980008299999994,11001001500,1189.4
3657251444,-77.071648,38.97178679999999,11001001401,4218.2
3657251445,-77.0729987,38.97073269999998,11001001401,4218.2
3657251446,-77.0758516,38.9685065,11001001401,4218.2
3657251447,-77.0767332,38.967837999999986,11001001401,4218.2
3657251448,-77.0773466,38.96725719999999,11001001100,2689.0
3657251450,-77.0846644,38.96160959999999,11001001100,2689.0
3657251451,-77.0857097,38.960740399999985,11001001100,2689.0
3657251453,-77.10062090000001,38.94916030000001,11001000904,1547.9
3659095233,-77.0814137,38.94790739999999,11001001004,2689.9
3659095234,-77.0813884,38.94859759999999,11001001004,2689.9
3659095236,-77.0807765,38.94909760000001,11001001004,2689.9
3659173232,-77.0237596,38.880316400000005,11001010202,2108.3
3659173233,-77.0219773,38.880317000000005,11001010202,2108.3
3659250077,-76.9911802,38.830359099999995,11001009700,7952.0
3659261495,-76.9600014,38.92408880000001,11001009000,2522.4
3660947569,-77.0300328,38.90492149999999,11001010100,4591.0
3661066108,-77.024464,38.97235099999999,11001010300,4005.6
3661066109,-77.025614,38.972348999999994,11001010300,4005.6
3661066113,-77.0268846,38.97362849999999,11001010300,4005.6
3661066115,-77.026426,38.97830299999999,11001010300,4005.6
3661066117,-77.026526,38.98144299999998,11001010300,4005.6
3661066118,-77.0265401,38.982049599999996,11001010300,4005.6
3661066122,-77.0265963,38.98382949999999,11001001600,1895.6
3661066526,-77.0266079,38.9842821,11001001600,1895.6
3665019983,-76.9922216,38.90478399999999,11001008802,9828.6
3665019988,-76.9904074,38.906390699999996,11001008803,3829.0
3665019989,-76.989892,38.90683599999999,11001008802,9828.6
3665019990,-76.988831,38.907776999999996,11001008802,9828.6
3665019991,-76.988284,38.908263,11001008804,3005.2
3665019995,-76.9802884,38.915352799999994,11001008803,3829.0
3665020002,-76.9833278,38.90017249999999,11001008402,9326.9
3665081765,-76.9761641,38.91261879999997,11001011100,819.3
3665450111,-77.0270344,38.972344899999996,11001001804,9021.2
3665450112,-77.0270383,38.9723035,11001001804,9021.2
3665450115,-77.02847,38.972263,11001001804,9021.2
3665450116,-77.029692,38.972263,11001001804,9021.2
3665450117,-77.031044,38.972263,11001001804,9021.2
3665450118,-77.032307,38.972263,11001001804,9021.2
3665450120,-77.033416,38.972263,11001001804,9021.2
3665453332,-77.0363872,38.9630785,11001001803,3248.9
3665453337,-77.0229611,38.9593228,11001002101,9894.6
3665453339,-77.0180264,38.958371,11001002102,6947.2
3665453340,-77.0180268,38.9587369,11001002102,6947.2
3665453342,-77.0180277,38.95944800000001,11001001902,2521.5
3665453343,-77.0180286,38.96016210000001,11001001902,2521.5
3665453344,-77.01803,38.96131359999998,11001001902,2521.5
3665453345,-77.0180309,38.962004999999984,11001001902,2521.5
3665453346,-77.0180318,38.96269889999999,11001001902,2521.5
3665453347,-77.0180345,38.96495449999999,11001001902,2521.5
3665453348,-77.0180331,38.96377919999999,11001001902,2521.5
3665453350,-77.018036,38.9661381,11001001902,2521.5
3665453351,-77.018029,38.9699324,11001001702,3606.2
3665453354,-77.0180301,38.97127700000002,11001001702,3606.2
3665462748,-76.974173,38.905622999999984,11001008903,12001.8
3665462749,-76.973196,38.905621,11001008903,12001.8
3665467703,-77.0139378,38.9699828,11001001702,3606.2
3665467710,-77.015068,38.971405999999995,11001001702,3606.2
3665467712,-77.0155815,38.9721403,11001001702,3606.2
3665467713,-77.0156941,38.972339899999994,11001001702,3606.2
3665480425,-76.9741718,38.9039155,11001008903,12001.8
3667911758,-77.0264309,38.977993600000005,11001010300,4005.6
3667911759,-77.027873,38.977983999999985,11001010300,4005.6
3667911780,-77.0310604,38.98804309999999,11001001600,1895.6
3667945055,-77.0180322,38.95772139999999,11001002102,6947.2
3667950065,-77.0170892,38.9574046,11001002102,6947.2
3667950066,-77.0116087,38.95561099999999,11001002102,6947.2
3667950067,-77.0175022,38.95001769999999,11001002202,4615.4
3667950068,-77.0220027,38.94987679999999,11001002201,7799.9
3667950074,-77.0234482,38.949837800000005,11001002201,7799.9
3667950075,-77.023722,38.949830299999995,11001002201,7799.9
3667950081,-77.029699,38.95080200000002,11001002002,4834.6
3667950082,-77.029695,38.95621700000001,11001002002,4834.6
3667950087,-77.0364616,38.95645639999999,11001002001,4706.6
3667951404,-77.00731460000002,38.9551644,11001009508,4063.9
3667951405,-77.006259,38.9554,11001009508,4063.9
3667966669,-77.0155776,38.945596599999995,11001002301,7776.5
3667966671,-77.0151978,38.948591199999996,11001002202,4615.4
3667966672,-77.0156778,38.9479462,11001002202,4615.4
3667974779,-76.9903556,38.95623699999999,11001009508,4063.9
3669515067,-77.0667359,38.97561970000001,11001001500,1189.4
3669554853,-77.0189285,38.90113149999999,11001005900,3743.4
3669554855,-77.0199058,38.90147229999999,11001004702,10650.0
3669554857,-77.0219078,38.9008741,11001005801,7641.9
3669554860,-77.0229479,38.900876600000004,11001005802,2837.0
3669554862,-77.022951,38.89982280000001,11001005802,2837.0
3669554865,-77.0239758,38.89982280000001,11001005802,2837.0
3669554866,-77.0239818,38.8990601,11001005802,2837.0
3669554868,-77.0239757,38.8983887,11001005802,2837.0
3669554871,-77.0259957,38.898321,11001005802,2837.0
3669554874,-77.0259953,38.8973543,11001005802,2837.0
3669554876,-77.0229714,38.8972063,11001005802,2837.0
3669554878,-77.0199068,38.8973469,11001005801,7641.9
3670756345,-77.0259882,38.89614199999999,11001005802,2837.0
3670756358,-77.0189384,38.894695000000006,11001005900,3743.4
3670756359,-77.0189365,38.8948043,11001005900,3743.4
3670756361,-77.018932,38.89503010000001,11001005900,3743.4
3670756365,-77.0189294,38.89613760000002,11001005801,7641.9
3670782170,-76.9163939,38.89289230000001,11001007808,4346.3
3670782175,-76.9261303,38.89717619999999,11001007804,4831.5
3670782176,-76.9256245,38.898408200000006,11001007807,4738.9
3670782177,-76.9164637,38.8983832,11001007807,4738.9
3670782179,-76.9225681,38.898368399999995,11001007807,4738.9
3670782180,-76.9218931,38.89836069999999,11001007807,4738.9
3670782181,-76.9205222,38.89836449999999,11001007807,4738.9
3670782182,-76.9191502,38.89836829999997,11001007807,4738.9
3670782184,-76.9177758,38.89836849999999,11001007807,4738.9
3672563449,-77.0426814,38.92266879999998,11001003802,17411.3
3678223274,-77.0590588,38.91830459999999,11001000501,3599.2
3678223278,-77.063781,38.9184578,11001000400,1112.8
3690617654,-76.9741777,38.8985734,11001007903,7498.4
3699313875,-77.0518269,38.9342491,11001001304,5698.4
3699313879,-77.0524323,38.9345404,11001001304,5698.4
3711130588,-77.0627123,38.92476329999999,11001000400,1112.8
3724093593,-76.9681416,38.890098699999996,11001006804,1061.0
3744938983,-77.0932846,38.93868299999999,11001000903,3449.3
3744956549,-77.0183473,38.97477000000001,11001001702,3606.2
3744956563,-77.0181656,38.9747305,11001001702,3606.2
3744956565,-77.0182621,38.9747927,11001001702,3606.2
3748710020,-77.0841188,38.9319437,11001000803,8181.8
3750676622,-76.919153,38.896384999999995,11001007807,4738.9
3750685703,-77.0405361,38.9857229,11001001600,1895.6
3750685704,-77.0403037,38.98550780000001,11001001600,1895.6
3750685708,-77.0402356,38.9857058,11001001600,1895.6
3781487710,-77.0251382,38.9429527,11001002400,6713.4
3781487711,-77.0250616,38.943050399999976,11001002400,6713.4
3788079770,-76.9457754,38.880875399999994,11001009902,2118.3
3796848017,-77.00337800000001,38.96527990000001,11001009505,4265.8
3796854941,-77.005306,38.96453889999999,11001009505,4265.8
3796854942,-77.0056932,38.96481300000001,11001009505,4265.8
3796854944,-77.0046871,38.96463450000001,11001009505,4265.8
3796854948,-77.0046394,38.96376610000002,11001009505,4265.8
3798943039,-77.090504,38.95594899999999,11001001003,2947.0
3798943041,-77.0886867,38.954684099999994,11001001003,2947.0
3798943044,-77.086752,38.953314999999996,11001001004,2689.9
3798943045,-77.086204,38.952929000000005,11001001004,2689.9
3798943047,-77.08507,38.952130999999994,11001001004,2689.9
3798943051,-77.083526,38.9510554,11001001004,2689.9
3798943052,-77.082036,38.95105459999999,11001001004,2689.9
3798943055,-77.080767,38.951054,11001001004,2689.9
3798943056,-77.0792703,38.9547047,11001001100,2689.0
3798943060,-77.0802984,38.950691099999986,11001001100,2689.0
3798943065,-77.079834,38.952105,11001001100,2689.0
3798943072,-77.0803043,38.96284850000001,11001001100,2689.0
3798943074,-77.0803768,38.9649773,11001001100,2689.0
3806991495,-77.0019935,38.86073079999999,11001007401,1034.1
3806991497,-77.0015817,38.860538799999986,11001007401,1034.1
3831193898,-77.0386735,38.8879496,11001980000,1.5
3834990300,-77.0412348,38.88758679999999,11001980000,1.5
3835077728,-77.1115269,38.9357339,11001000904,1547.9
3872813016,-76.9915207,38.8776578,11001007100,4634.0
3872958273,-76.9925586,38.878253699999995,11001007000,5602.7
3872966581,-76.994973,38.878534299999984,11001007203,8603.6
3874958856,-76.9703035,38.89672390000002,11001006804,1061.0
3874959703,-76.9723442,38.89288159999999,11001006804,1061.0
3874959716,-76.9723186,38.89340459999999,11001006804,1061.0
3895350118,-76.94454000000002,38.89343699999999,11001009603,6946.7
3900785044,-76.9450865,38.90336099999998,11001009601,1058.9
3900785047,-76.9452126,38.9033566,11001009601,1058.9
3900785054,-76.9450281,38.903214299999995,11001009601,1058.9
3900785056,-76.9450951,38.9031694,11001009601,1058.9
3900798327,-77.0837825,38.9510555,11001001004,2689.9
3900798330,-77.083779,38.948806000000005,11001001004,2689.9
3900798353,-77.0926129,38.942817,11001000903,3449.3
3900798354,-77.093092,38.94316400000001,11001000903,3449.3
3900798860,-77.099914,38.94969939999999,11001001003,2947.0
3900798861,-77.0967903,38.9521281,11001001003,2947.0
3900798863,-77.096397,38.95244899999998,11001001003,2947.0
3900798864,-77.0943413,38.954044700000004,11001001003,2947.0
3900798865,-77.0937695,38.95450009999999,11001001003,2947.0
3900798866,-77.0934498,38.95476319999999,11001001003,2947.0
3900798867,-77.09262,38.955397999999995,11001001003,2947.0
3900811257,-76.9445974,38.9029801,11001009601,1058.9
3900811259,-76.9444052,38.9027409,11001009601,1058.9
3900811260,-76.9425412,38.901954000000025,11001007809,5855.7
3900811261,-76.9436275,38.902300499999996,11001009601,1058.9
3900811262,-76.9426371,38.90187410000002,11001007803,5016.5
3995094699,-77.03063,38.909302099999984,11001005003,18761.8
3995435800,-76.992645,38.88335399999998,11001007000,5602.7
3998708781,-77.0270375,38.91000110000001,11001004901,12437.4
4000618207,-76.9157237,38.889804799999986,11001007808,4346.3
4000786670,-77.0254666,38.969931,11001001901,5955.3
4000786673,-77.02434,38.97146729999997,11001010300,4005.6
4000786674,-77.0237089,38.972339999999996,11001010300,4005.6
4000799765,-77.0011273,38.95878689999999,11001009507,5540.9
4000829364,-77.0261237,38.9686256,11001001901,5955.3
4000852257,-77.0364138,38.95102690000003,11001002002,4834.6
4000857079,-77.084563,38.96102280000001,11001001100,2689.0
4001002050,-77.01220840000002,38.9311558,11001002302,762.9
4001037468,-77.0047704,38.9088991,11001010601,8577.0
4001201376,-77.0394705,38.89540919999998,11001010800,7151.8
4001421460,-76.9596398,38.8653315,11001007604,2729.6
4001438057,-77.0736017,38.90547839999999,11001000202,3259.9
4001469117,-77.0583548,38.9024798,11001000102,1374.8
4001470337,-77.0434683,38.8959891,11001010800,7151.8
4001481553,-76.98970570000002,38.9226364,11001009102,2396.3
4001510836,-77.0452733,38.8944789,11001980000,1.5
4001557203,-77.0010705,38.8942213,11001008301,10123.6
4015360172,-77.0439958,38.89389409999998,11001010800,7151.8
4015360173,-77.0440622,38.8939319,11001010800,7151.8
4015442034,-77.0336912,38.88784390000001,11001980000,1.5
4015527453,-77.03289,38.8838217,11001980000,1.5
4018818990,-77.00237980000001,38.91101649999999,11001008702,7239.5
4059254292,-76.988305,38.940470999999995,11001009503,2415.2
4059272467,-76.9917228,38.9487192,11001009509,5046.4
4059272468,-76.9902292,38.947632500000005,11001009509,5046.4
4059272471,-76.9869951,38.94528340000001,11001009503,2415.2
4059272474,-76.987137,38.9407236,11001009503,2415.2
4059272480,-76.989262,38.940723000000006,11001009504,2939.8
4059272484,-76.9949031,38.940727400000014,11001009504,2939.8
4059272486,-76.993611,38.94072639999999,11001009504,2939.8
4060172794,-76.991519,38.889649300000016,11001008002,5676.3
4060172795,-76.9915239,38.8900269,11001008002,5676.3
4079385849,-76.9561863,38.929534799999985,11001009000,2522.4
4079385850,-76.9577573,38.93073340000001,11001009000,2522.4
4082394063,-77.0385438,38.931751299999995,11001002702,11473.8
4082394065,-77.0388355,38.932356000000006,11001002702,11473.8
4082394068,-77.0389904,38.9325867,11001002703,14110.8
4089959667,-77.035194,38.921455600000016,11001003701,12700.9
4100099389,-77.0388576,38.9317292,11001002702,11473.8
4117423518,-77.0385787,38.914839900000004,11001004201,15764.6
4120116285,-77.0370499,38.93519669999997,11001002703,14110.8
4153797907,-76.9679425,38.93507739999999,11001009400,3137.6
4163822271,-77.0692455,38.9126839,11001000202,3259.9
4270790281,-77.0180672,38.914636500000015,11001003400,3776.1
4274261372,-77.0934137,38.933550899999986,11001000903,3449.3
4303519741,-77.0319543,38.89042129999999,11001980000,1.5
4309933100,-76.9601886,38.856454599999985,11001007603,3490.4
4314488734,-77.038025,38.939743,11001002600,1190.1
4325552562,-77.0296253,38.90240709999997,11001010100,4591.0
4325552563,-77.0336273,38.90241389999999,11001010100,4591.0
4325552564,-77.0280994,38.90241219999999,11001010100,4591.0
4325552565,-77.03458,38.90241900000001,11001010100,4591.0
4325552566,-77.0280988,38.9026387,11001010100,4591.0
4331534193,-77.0428602,38.98392410000001,11001001500,1189.4
4364801720,-76.9341277,38.898322400000005,11001007804,4831.5
4364801748,-76.931674,38.898553199999995,11001007804,4831.5
4365422595,-77.0776061,38.9064864,11001000201,5614.4
4365422605,-77.0778508,38.9070715,11001000201,5614.4
4365477286,-77.0742027,38.90565210000001,11001000201,5614.4
4365479390,-77.0742609,38.90555069999999,11001000202,3259.9
4365479391,-77.0741962,38.9054559,11001000202,3259.9
4366096286,-77.0336364,38.9026429,11001010100,4591.0
4375493987,-77.0034209,38.8606852,11001007301,467.5
4375509543,-77.003999,38.866835699999996,11001007301,467.5
4378902312,-77.015182,38.813211900000006,11001010900,631.3
4387066892,-77.0365028,38.917196499999996,11001004201,15764.6
4453801723,-77.0118152,38.90296390000002,11001004704,7960.1
4453817115,-77.0121507,38.90296479999999,11001004704,7960.1
4459063256,-77.00402380000001,38.96362449999999,11001009505,4265.8
4459063257,-77.004145,38.96376039999999,11001009505,4265.8
4509426901,-76.9926926,38.85842130000002,11001007406,7783.6
4536989497,-77.0069165,38.936563299999996,11001002302,762.9
4536989512,-77.0057651,38.936660799999984,11001002302,762.9
4561710230,-77.0412306,38.917014299999984,11001003801,10167.0
4561710231,-77.0416579,38.91704039999997,11001004002,16899.8
4597151559,-77.0345773,38.903795900000006,11001010100,4591.0
4618716073,-77.0332369,38.91558720000001,11001004300,18536.3
4629567001,-77.0682718,38.9050633,11001000202,3259.9
4629645129,-77.04511630000002,38.88704629999999,11001980000,1.5
4629699772,-77.0345764,38.90296479999999,11001010100,4591.0
4629708497,-76.9870019,38.92404899999999,11001009102,2396.3
4629708498,-76.9870622,38.924162500000016,11001009102,2396.3
4629815718,-77.0363293,38.9894258,11001001600,1895.6
4629833264,-77.0861458,38.960462400000004,11001001004,2689.9
4630052969,-77.0326699,38.90374540000001,11001010100,4591.0
4630137700,-76.9615748,38.9281754,11001009000,2522.4
4630137702,-76.9652031,38.92523009999998,11001011100,819.3
4630137703,-76.9648189,38.925545199999995,11001009000,2522.4
4630137704,-76.9645071,38.925802600000004,11001009000,2522.4
4630137705,-76.9628515,38.9271571,11001011100,819.3
4630137706,-76.9617807,38.92800469999999,11001009000,2522.4
4630137710,-76.9586832,38.930168500000015,11001009000,2522.4
4630137711,-76.9584136,38.930345700000004,11001009000,2522.4
4630327649,-77.0482548,38.9119332,11001004100,2968.9
4633108826,-76.9589175,38.8612455,11001007603,3490.4
4633399537,-76.9157253,38.8896893,11001009903,5619.8
4635639616,-77.0408604,38.90373669999999,11001010700,1848.6
4635639617,-77.0391276,38.903733899999985,11001010700,1848.6
4635639619,-77.0578806,38.9052392,11001000102,1374.8
4635667843,-77.04956000000001,38.94336120000001,11001002600,1190.1
4643541070,-77.0053626,38.909233799999996,11001008701,6841.9
4643916786,-76.9916903,38.87782190000001,11001007203,8603.6
4643951068,-76.9941077,38.8792841,11001007000,5602.7
4679133344,-77.003512,38.912599500000006,11001008702,7239.5
4695973848,-77.0574328,38.931281399999996,11001000502,5930.0
4695979927,-76.9991964,38.92102529999999,11001009204,10984.5
4697534334,-77.0332382,38.902529600000015,11001010100,4591.0
4697534335,-77.0328494,38.90253300000001,11001010100,4591.0
4772713086,-77.0592464,38.909778499999994,11001000102,1374.8
4792249103,-77.061142,38.9017473,11001000102,1374.8
4805685480,-77.0210312,38.9072373,11001004802,10299.1
4807040759,-77.024502,38.909642600000005,11001004901,12437.4
4807040760,-77.0245079,38.9089837,11001004901,12437.4
4807147204,-77.0252675,38.91700760000001,11001004401,13723.8
4807550266,-77.0487065,38.9114784,11001005502,9897.5
4807605970,-77.06598460000001,38.9123996,11001000202,3259.9
4894487931,-77.0537973,38.89737839999999,11001005602,14421.3
4935980603,-77.0059144,38.875397299999996,11001007201,2605.7
4951816813,-77.0120066,38.886027,11001980000,1.5
4951816814,-77.0122278,38.886196699999985,11001980000,1.5
4954895459,-77.0277208,38.9098966,11001005001,10271.4
4975093911,-77.0452954,38.9008477,11001010800,7151.8
4975134044,-77.0258673,38.887213499999994,11001010202,2108.3
4975134048,-77.0260921,38.88721859999999,11001010202,2108.3
5019442979,-76.968054,38.9330159,11001009400,3137.6
5019442984,-76.9655584,38.934175500000016,11001011100,819.3
5019442988,-76.9690901,38.93242130000001,11001011100,819.3
5019442990,-76.963378,38.935154000000004,11001011100,819.3
5019442991,-76.96410150000001,38.93487569999999,11001011100,819.3
5019442992,-76.9715356,38.93125220000002,11001011100,819.3
5019937939,-76.9700042,38.869487500000005,11001007604,2729.6
5019937940,-76.9700176,38.8707532,11001007604,2729.6
5020207075,-76.9375203,38.9069995,11001009601,1058.9
5020305615,-76.9232701,38.89836939999998,11001007807,4738.9
5020305616,-76.9232665,38.8981618,11001007807,4738.9
5032926942,-76.983271,38.91499980000001,11001008803,3829.0
5039476867,-77.0090497,38.89752,11001980000,1.5
5128694815,-77.0089738,38.873943099999984,11001007201,2605.7
5128694819,-77.0079433,38.87114619999999,11001007201,2605.7
5156199170,-76.954706,38.920914100000005,11001009000,2522.4
5170081599,-77.0241621,38.8796916,11001010202,2108.3
5180965369,-77.0261318,38.8810899,11001010202,2108.3
5180966153,-77.0252851,38.8798773,11001010202,2108.3
5190243747,-77.0662585,38.9609168,11001001402,3896.7
5192159439,-77.0528363,38.8995777,11001005602,14421.3
5204545200,-77.0041431,38.87645699999999,11001007201,2605.7
5207088230,-77.111694,38.935696899999996,11001000902,981.5
5207088237,-77.1057688,38.93644059999998,11001000904,1547.9
5207088239,-77.1040946,38.9389318,11001000904,1547.9
5235719308,-76.9756503,38.890222,11001008002,5676.3
5235719309,-76.9758106,38.8901215,11001006804,1061.0
5235719311,-76.9750448,38.88939069999999,11001006804,1061.0
5235719312,-76.9749065,38.889486299999994,11001006804,1061.0
5235719626,-76.9742124,38.88948049999998,11001006804,1061.0
5235719627,-76.976538,38.889588,11001006804,1061.0
5250644776,-76.9838629,38.91603309999999,11001008803,3829.0
5277489271,-76.9889123,38.87111420000001,11001007601,3937.9
5277489310,-76.9818619,38.871951700000004,11001007601,3937.9
5277489314,-76.9849275,38.87053700000001,11001007601,3937.9
5277494650,-76.9900448,38.8722096,11001007100,4634.0
5277494654,-76.9911206,38.874025899999985,11001007100,4634.0
5277494817,-76.9915,38.876548200000016,11001007100,4634.0
5277494818,-76.9914499,38.8764546,11001007100,4634.0
5277494819,-76.9915754,38.8764534,11001007201,2605.7
5277494824,-76.9904179,38.876544399999986,11001007100,4634.0
5277494828,-76.9904185,38.87645829999999,11001007100,4634.0
5277494834,-76.9915187,38.877234300000005,11001007100,4634.0
5277494848,-76.9915715,38.8746166,11001007201,2605.7
5277494850,-76.9914207,38.87463230000001,11001007100,4634.0
5277494893,-76.9912852,38.87330359999999,11001007100,4634.0
5277494919,-76.9915733,38.87413939999999,11001007201,2605.7
5277494973,-76.9888352,38.8697917,11001007401,1034.1
5277583729,-76.9730856,38.8767319,11001007709,2756.0
5277583875,-76.9736149,38.876849,11001007709,2756.0
5277583876,-76.9845558,38.876663,11001007100,4634.0
5277584141,-76.9729706,38.8770793,11001007709,2756.0
5277584187,-76.9813755,38.8723534,11001007601,3937.9
5277584266,-76.9769053,38.87580809999999,11001007601,3937.9
5290998465,-77.0784128,38.946290399999995,11001001200,3864.4
5291674142,-77.0440812,38.9296703,11001002702,11473.8
5301966767,-77.0259203,38.8838323,11001010202,2108.3
5301966772,-77.0261859,38.88304690000001,11001010202,2108.3
5301966775,-77.02581560000002,38.883033999999995,11001010202,2108.3
5301966793,-77.0260489,38.8838367,11001010202,2108.3
5301966812,-77.0259216,38.88457620000001,11001010202,2108.3
5301966815,-77.026049,38.88457329999999,11001010202,2108.3
5320061131,-76.9883133,38.886085900000005,11001006700,9175.4
5320434814,-77.0590972,38.9017947,11001000102,1374.8
5325469688,-77.0125476,38.899407199999985,11001004702,10650.0
5343232402,-76.9818302,38.878943099999994,11001007100,4634.0
5343232408,-76.9819822,38.878782899999976,11001007100,4634.0
5343233826,-76.9789373,38.90686049999999,11001008903,12001.8
5343233829,-76.9789903,38.90622109999999,11001008903,12001.8
5343233848,-77.0118293,38.955679699999976,11001002102,6947.2
5343399981,-77.03634620000001,38.95740749999998,11001002001,4706.6
5343399983,-77.0364496,38.9572929,11001002001,4706.6
5343399984,-77.036344,38.9572948,11001002001,4706.6
5354498641,-77.0266194,38.984454399999976,11001001600,1895.6
5354789656,-77.0142634,38.95765319999999,11001002102,6947.2
5354789662,-77.0136768,38.95844280000001,11001002102,6947.2
5354789663,-77.01346780000002,38.958727799999984,11001002102,6947.2
5354789671,-77.0084672,38.96538549999999,11001009505,4265.8
5354789676,-77.0105425,38.962684799999984,11001001902,2521.5
5354789679,-77.012359,38.96021479999999,11001001902,2521.5
5356541562,-77.0158606,38.97602280000001,11001001702,3606.2
5357225238,-77.0169963,38.9296913,11001002302,762.9
5362316449,-77.0091588,38.87299179999999,11001006400,3185.1
5380888621,-77.0877093,38.9357769,11001000804,1291.7
5433244222,-77.0267,38.88129459999999,11001010202,2108.3
5442975932,-76.9907258,38.91775020000001,11001009102,2396.3
5443262443,-77.103697,38.92505020000001,11001000902,981.5
5443266985,-77.0334359,38.932113500000014,11001002802,21556.7
5443475522,-76.959473,38.92127330000002,11001011100,819.3
5443475962,-76.9750267,38.919104400000016,11001011100,819.3
5445184004,-77.0625116,38.959753299999996,11001001402,3896.7
5445468722,-76.9823444,38.8508353,11001007404,5208.7
5445781491,-77.0782831,38.92459389999998,11001000702,10484.3
5445789508,-77.0372591,38.90374690000002,11001010700,1848.6
5445800908,-77.0718845,38.9199932,11001000300,5428.2
5445858813,-77.0238889,38.91913859999998,11001003500,11775.4
5445925391,-76.9807237,38.845405599999985,11001007304,3529.8
5445925426,-76.9892312,38.84632330000002,11001010400,1682.2
5445932105,-77.0540421,38.901961500000006,11001005601,13442.9
5446049192,-76.9871481,38.84124280000001,11001007304,3529.8
5446746057,-77.02856470000002,38.909645799999986,11001005004,25869.4
5446812581,-77.0176687,38.91345619999999,11001004600,6991.7
5447728935,-76.9984517,38.8749064,11001007201,2605.7
5448413564,-76.99981,38.91057490000001,11001009102,2396.3
5495854057,-77.0268917,38.932745399999995,11001002900,15329.2
5507179700,-77.068076,38.90425060000001,11001000202,3259.9
5507179701,-77.0678031,38.9038848,11001000202,3259.9
5519663699,-77.0531361,38.8987368,11001005602,14421.3
5521303041,-77.0505234,38.902093900000004,11001005601,13442.9
5533679477,-77.0426558,38.90955709999999,11001005303,14832.3
5533679479,-77.0442054,38.90981029999999,11001005502,9897.5
5542842959,-77.048523,38.89601600000001,11001980000,1.5
5542846977,-77.042391,38.90928689999999,11001005303,14832.3
5556599905,-77.0090097,38.89851310000001,11001010603,5518.9
5556599906,-77.0091295,38.8985129,11001004702,10650.0
5556599908,-77.0090168,38.900746099999985,11001010603,5518.9
5556599909,-77.009111,38.900746099999985,11001004702,10650.0
5556601526,-77.0090151,38.90024219999999,11001010603,5518.9
5558783200,-77.0563876,38.897386700000006,11001980000,1.5
5558783202,-77.0569835,38.90053480000001,11001005602,14421.3
5558783204,-77.0567317,38.90319560000001,11001005601,13442.9
5558800238,-77.0563093,38.8981455,11001005602,14421.3
5558800270,-77.0563551,38.8976836,11001005602,14421.3
5558800273,-77.0571375,38.90093910000001,11001005602,14421.3
5558800281,-77.0566275,38.903558099999984,11001005601,13442.9
5562045275,-76.96667580000002,38.871758900000025,11001007604,2729.6
5563919611,-76.9788711,38.9072123,11001008903,12001.8
5563919612,-76.9783516,38.9080016,11001011100,819.3
5563919613,-76.9782332,38.907952099999996,11001011100,819.3
5563919614,-76.9781911,38.90824609999999,11001011100,819.3
5563919615,-76.9780764,38.90819469999999,11001011100,819.3
5563919617,-76.9766415,38.91165849999999,11001011100,819.3
5563919618,-76.97651880000001,38.9116352,11001011100,819.3
5563919620,-76.97417480000001,38.91514870000001,11001011100,819.3
5563919621,-76.9742844,38.91520869999999,11001011100,819.3
5563919623,-76.9724545,38.917317000000004,11001011100,819.3
5563919624,-76.9726238,38.91723330000001,11001011100,819.3
5563919625,-76.9724968,38.91734749999998,11001011100,819.3
5563919629,-76.9696321,38.920906499999994,11001011100,819.3
5563919630,-76.9695388,38.9208608,11001011100,819.3
5563919631,-76.969075,38.92158749999999,11001011100,819.3
5563919632,-76.969034,38.92163409999999,11001011100,819.3
5563919633,-76.9689783,38.92154610000001,11001011100,819.3
5563919634,-76.9680137,38.92283429999999,11001011100,819.3
5563919635,-76.9673785,38.9234479,11001011100,819.3
5563919636,-76.9665221,38.92414120000001,11001011100,819.3
5563919638,-76.9651625,38.925117300000004,11001011100,819.3
5563919642,-76.9798462,38.9056902,11001008903,12001.8
5563919643,-76.9800501,38.905386200000024,11001008804,3005.2
5563919645,-76.9802804,38.905022500000015,11001008804,3005.2
5563919654,-76.9817691,38.9027063,11001008903,12001.8
5563919655,-76.9823753,38.9017646,11001008903,12001.8
5563919657,-76.9829734,38.9008347,11001008802,9828.6
5563919664,-76.9737831,38.915816400000004,11001011100,819.3
5563919667,-76.9751822,38.9141001,11001008804,3005.2
5563919668,-76.9757,38.91344929999999,11001011100,819.3
5563919685,-76.9788249,38.90728470000001,11001011100,819.3
5563919702,-76.9702908,38.920091199999995,11001011100,819.3
5563919714,-76.9836099,38.900098599999986,11001008402,9326.9
5563919715,-76.9834413,38.90019159999999,11001008802,9828.6
5563919725,-76.9683989,38.922417,11001011100,819.3
5563919727,-76.9661239,38.9244641,11001011100,819.3
5563919729,-76.9646327,38.92490439999999,11001009000,2522.4
5564258801,-76.9846536,38.899592000000005,11001008402,9326.9
5564258802,-76.9846935,38.899655599999996,11001008402,9326.9
5564258805,-76.9826881,38.901287599999996,11001008802,9828.6
5564258806,-76.9825677,38.90123900000001,11001008903,12001.8
5564258807,-76.9821507,38.9021106,11001008903,12001.8
5564258808,-76.982032,38.90206220000001,11001008903,12001.8
5564258809,-76.9820752,38.902232100000006,11001008903,12001.8
5564258810,-76.9819564,38.902182,11001008903,12001.8
5564258812,-76.9810879,38.903777700000006,11001008802,9828.6
5564258813,-76.9809379,38.90400859999999,11001008802,9828.6
5564258819,-76.9790926,38.9068796,11001008804,3005.2
5579961549,-77.026096,38.88757480000001,11001980000,1.5
5581929186,-76.97499460000002,38.8713515,11001007601,3937.9
5581929187,-76.9749079,38.871394200000005,11001007601,3937.9
5581929188,-76.9749872,38.87160849999999,11001007601,3937.9
5587536525,-77.0688959,38.942253400000006,11001001200,3864.4
5587536526,-77.0693333,38.9422205,11001001200,3864.4
5600659717,-76.9650558,38.916147499999994,11001011100,819.3
5609583192,-77.025909,38.892088199999996,11001980000,1.5
5611921553,-77.1091641,38.93083140000001,11001000902,981.5
5611921559,-77.1102251,38.93187730000001,11001000902,981.5
5611921560,-77.10779000000001,38.92946860000001,11001000902,981.5
5632856403,-77.0814454,38.90688479999998,11001000802,1329.8
5637726946,-77.0023137,38.8606066,11001007401,1034.1
5637726950,-77.0023002,38.86037999999999,11001007401,1034.1
5638315243,-76.938023,38.88989440000002,11001009603,6946.7
5638509770,-77.00090260000002,38.86115600000001,11001007401,1034.1
5678291406,-77.0572367,38.90095579999999,11001005602,14421.3
5698252199,-77.0326583,38.928784799999995,11001002802,21556.7
5703562291,-77.0767921,38.931644399999996,11001000704,7234.1
5703562302,-77.07705050000001,38.93168490000001,11001000704,7234.1
5709916352,-76.9733079,38.85115410000002,11001007404,5208.7
5716106723,-76.9505857,38.9020352,11001009602,4023.6
5716106743,-76.9508327,38.902577100000016,11001009602,4023.6
5716106751,-76.9503669,38.90221019999999,11001009602,4023.6
5736733177,-77.0249555,38.8803084,11001010202,2108.3
5851387630,-77.0261499,38.91549719999998,11001004402,9111.1
5851387631,-77.0260962,38.915586900000015,11001004402,9111.1
5853518577,-77.0121057,38.931251900000014,11001002302,762.9
5863324085,-76.961288,38.877601599999984,11001009901,1002.4
5863324089,-76.961542,38.877587399999996,11001009901,1002.4
5863324090,-76.9613755,38.87735889999999,11001009901,1002.4
5863324091,-76.9608259,38.877998500000004,11001009901,1002.4
5863324095,-76.9609685,38.877759,11001009901,1002.4
5863324096,-76.9606212,38.8777588,11001009901,1002.4
5890139488,-76.9829546,38.9163484,11001008803,3829.0
5890139491,-76.9824413,38.9152874,11001008803,3829.0
5895569863,-76.983017,38.916455400000004,11001009102,2396.3
5896029064,-77.0775995,38.967143700000015,11001001100,2689.0
5896031670,-76.9890007,38.92105870000001,11001009102,2396.3
5896031680,-76.9895564,38.92081209999997,11001009102,2396.3
5920237687,-77.0848805,38.90694049999999,11001000802,1329.8
5920737989,-76.959503,38.923574099999996,11001009000,2522.4
5920737993,-76.9596706,38.924785099999994,11001009000,2522.4
5920737994,-76.959761,38.92477,11001009000,2522.4
5920737995,-76.9590805,38.9299015,11001009000,2522.4
5920737996,-76.958994,38.92982679999999,11001009000,2522.4
5925999723,-76.9923055,38.85960010000001,11001007407,5597.7
5925999726,-76.9923464,38.860559599999995,11001007407,5597.7
5925999732,-76.993129,38.86061519999999,11001007407,5597.7
5926299033,-77.0801519,38.96115989999999,11001001100,2689.0
5931777325,-77.0334212,38.96198139999999,11001002001,4706.6
5966168898,-76.9988503,38.92041769999999,11001009204,10984.5
5966168899,-76.9987945,38.920319199999994,11001008702,7239.5
5993559715,-77.025717,38.91642499999999,11001004402,9111.1
5993559716,-77.025628,38.9163925,11001004402,9111.1
6004244727,-77.0266574,38.96791329999999,11001001901,5955.3
6004244728,-77.0267312,38.96799440000001,11001001901,5955.3
6007151790,-77.0300251,38.9050669,11001005003,18761.8
6007151792,-77.0339326,38.90639839999999,11001005203,33336.9
6010214859,-77.0810474,38.9068861,11001000802,1329.8
6233857032,-77.0116536,38.86967779999999,11001006400,3185.1
6356072274,-77.0265091,38.884854700000005,11001010202,2108.3
6399262937,-76.9787583,38.94072640000001,11001009400,3137.6
6407542292,-76.9577378,38.87231529999999,11001009901,1002.4
6407542293,-76.9575942,38.8724414,11001009901,1002.4
6438732905,-77.0292845,38.9101111,11001005004,25869.4
6445804777,-76.999124,38.9484674,11001009509,5046.4
6477656590,-76.9991155,38.94795740000001,11001009509,5046.4
6487879211,-77.0090103,38.90911919999999,11001010601,8577.0
6541847546,-77.0121717,38.894789100000004,11001005900,3743.4
6564890904,-77.002314,38.956813499999996,11001009505,4265.8
6564890907,-77.0023575,38.9569832,11001009505,4265.8
6657037453,-77.0160166,38.938866999999995,11001002302,762.9
6659463399,-77.0037348,38.874642799999975,11001007201,2605.7
6659463401,-77.002957,38.874908799999986,11001007201,2605.7
6659463407,-77.004772,38.87539669999999,11001007201,2605.7
6659463410,-76.999534,38.8748988,11001007201,2605.7
6659463411,-76.9995161,38.874021700000014,11001007201,2605.7
6659472558,-77.0020444,38.875545499999994,11001007201,2605.7
6697945789,-77.0151377,38.90024960000001,11001004702,10650.0
6762346553,-76.9513081,38.89856899999999,11001009602,4023.6
6771799208,-76.9947796,38.91555400000001,11001009102,2396.3
6773125499,-76.9939055,38.847464299999984,11001010400,1682.2
6773125507,-76.9931601,38.8467651,11001010400,1682.2
6773125512,-76.9932548,38.845299,11001010400,1682.2
6773125514,-76.9943078,38.8460068,11001010400,1682.2
6773145572,-76.91438680000002,38.8898064,11001007808,4346.3
6773146012,-76.9887002,38.846023500000015,11001010400,1682.2
6773146042,-76.9906864,38.8448087,11001010400,1682.2
6777089497,-77.0209089,38.87693389999999,11001011002,1747.9
6777089504,-77.022091,38.8767903,11001010202,2108.3
6777089507,-77.0224563,38.87740190000002,11001010202,2108.3
6796840442,-77.0230512,38.8785211,11001010202,2108.3
6796840445,-77.0228869,38.878397199999995,11001010202,2108.3
6798979710,-77.1042351,38.9302771,11001000904,1547.9
6798979721,-77.1049423,38.93069730000001,11001000904,1547.9
6799358586,-76.955606,38.875718299999996,11001009901,1002.4
6799358587,-76.95571,38.87507109999999,11001009901,1002.4
6799665639,-76.9835928,38.914888299999994,11001008803,3829.0
6799665643,-76.9835052,38.915408699999986,11001008803,3829.0
6799800703,-77.0108408,38.966428199999996,11001001702,3606.2
6823343098,-77.0151664,38.89975449999999,11001004702,10650.0
7014093206,-77.0002545,38.873858500000004,11001007201,2605.7
7014093208,-76.9995209,38.8741577,11001007201,2605.7
7059740321,-77.0546261,38.97506190000001,11001001500,1189.4
7059740328,-77.0547606,38.97490570000001,11001001500,1189.4
7104784582,-77.0512856,38.921925099999996,11001000501,3599.2
7104790689,-77.0511663,38.921436699999994,11001000501,3599.2
7131110940,-77.0295255,38.965246,11001001804,9021.2
7133191832,-77.0185285,38.97833749999998,11001001702,3606.2
7148787999,-77.0231359,38.97878179999999,11001010300,4005.6
7151020974,-77.010975,38.81426,11001010900,631.3
7151020978,-77.0119113,38.81514020000001,11001010900,631.3
7151490387,-77.0319085,38.973311299999985,11001010300,4005.6
7153144746,-76.954661,38.886308699999994,11001007703,7008.9
7177155739,-76.9680423,38.9223706,11001011100,819.3
7236199254,-77.0593767,38.885652699999994,11001980000,1.5
7236199263,-77.0594891,38.886013099999985,11001980000,1.5
7236199266,-77.0597034,38.8861461,11001980000,1.5
7236199279,-77.0605575,38.8858699,11001980000,1.5
7236237089,-77.0602645,38.8852895,11001980000,1.5
7236237122,-77.059167,38.885934400000004,11001980000,1.5
7257628503,-76.9794586,38.872028900000004,11001007601,3937.9
7260845351,-77.0009495,38.8607814,11001007401,1034.1
7263569660,-76.9918516,38.8558458,11001007406,7783.6
7263569661,-76.9926976,38.85588189999999,11001007406,7783.6
7271930847,-77.0148119,38.945399,11001002301,7776.5
7319959737,-77.0812917,38.911727800000016,11001000802,1329.8
7319959738,-77.0826639,38.9117277,11001000802,1329.8
7319959739,-77.0834144,38.911729399999984,11001000802,1329.8
7319959761,-77.0834104,38.911662599999985,11001000802,1329.8
7319959763,-77.0826654,38.911666,11001000802,1329.8
7320005808,-77.088055,38.91184049999998,11001000802,1329.8
7320020924,-77.08317640000001,38.9106808,11001000802,1329.8
7320020925,-77.083177,38.910740500000024,11001000802,1329.8
7320020927,-77.0823809,38.9106808,11001000802,1329.8
7320020931,-77.0828972,38.91074,11001000802,1329.8
7320020933,-77.081801,38.91073799999999,11001000802,1329.8
7489890475,-77.0365338,38.90570149999999,11001010100,4591.0
7494204320,-77.0005664,38.9081031,11001008803,3829.0
7494204321,-76.999702,38.909345399999985,11001008803,3829.0
7505269058,-76.9268414,38.898404299999996,11001007804,4831.5
7520762087,-76.975418,38.8837775,11001006804,1061.0
7539551660,-76.9750181,38.928112,11001011100,819.3
7554685042,-76.9988968,38.893091999999996,11001008301,10123.6
7554685045,-76.9984801,38.8932745,11001008301,10123.6
7554685701,-76.9936762,38.916909699999984,11001009102,2396.3
7606877175,-77.0511708,38.9216381,11001000501,3599.2
7615491509,-76.9838988,38.8552245,11001007407,5597.7
7676315863,-77.0121461,38.9235118,11001003301,7973.8
7676315864,-77.011996,38.923509899999985,11001003301,7973.8
7736742684,-77.0238792,38.933454999999995,11001003100,11890.5
7802243126,-76.9766203,38.89900850000001,11001007901,10937.8
7802243127,-76.9765284,38.8988491,11001007901,10937.8
7802243128,-76.9765757,38.8985794,11001007901,10937.8
7802345979,-76.98506870000001,38.900200999999996,11001008402,9326.9
7814277237,-77.0338374,38.905644099999996,11001010100,4591.0
7818462163,-77.0799089,38.92587540000001,11001000702,10484.3
7818462169,-77.08129650000001,38.9260267,11001000702,10484.3
7914872272,-77.0827155,38.9443382,11001001004,2689.9
7914872282,-77.0827881,38.944309700000005,11001001004,2689.9
7914907788,-77.0827215,38.94425650000001,11001001004,2689.9
7914907790,-77.0827185,38.945273699999994,11001001004,2689.9
7914907792,-77.0827208,38.945191799999996,11001001004,2689.9
7914907806,-77.08279060000001,38.94522440000001,11001001004,2689.9
7926548936,-77.0506598,38.911733499999976,11001004100,2968.9
7930223077,-76.9902078,38.846904099999996,11001010400,1682.2
7930223885,-76.9922736,38.850111899999995,11001010400,1682.2
7930223889,-76.9908523,38.8462097,11001010400,1682.2
8099163559,-76.9514738,38.886024099999986,11001007703,7008.9
8146198871,-77.0177577,38.877142600000006,11001010201,16847.2
8164478896,-77.0029499,38.8875579,11001006500,5005.4
8178628638,-76.9761222,38.88535939999998,11001006804,1061.0
8202850999,-76.9928755,38.91297319999999,11001009102,2396.3
8207334273,-77.053336,38.902495300000005,11001005601,13442.9
8245233135,-77.0336224,38.895454300000004,11001980000,1.5
8245233140,-77.0336226,38.89555489999999,11001980000,1.5
8266808753,-76.9741763,38.89892300000001,11001008904,8515.5
8270190290,-76.9593844,38.921355099999985,11001009000,2522.4
8288816498,-77.0758364,38.910457099999995,11001000201,5614.4
8299152846,-77.0090619,38.8852737,11001980000,1.5
8325310264,-77.0394797,38.888926,11001980000,1.5
8329479003,-76.9761535,38.88615289999999,11001006804,1061.0
8386386294,-77.0017502,38.86734389999999,11001007401,1034.1
8386386295,-77.0013515,38.86738729999998,11001007401,1034.1
8389005764,-77.0449499,38.88635,11001980000,1.5
8392914645,-77.0486557,38.89601679999999,11001980000,1.5
8411842743,-76.9373092,38.88922899999999,11001009906,6392.1
8427531392,-77.033337,38.884267900000005,11001980000,1.5
8427531401,-77.0219198,38.882806999999985,11001010202,2108.3
8427531414,-77.0281869,38.8875733,11001010202,2108.3
8427531415,-77.0281861,38.888670899999994,11001980000,1.5
8427543420,-77.0319598,38.888622099999964,11001980000,1.5
8427719847,-76.9705552,38.91968429999999,11001011100,819.3
8428075115,-76.9976863,38.844708300000015,11001010400,1682.2
8428432589,-76.9774641,38.87311000000001,11001007601,3937.9
8434554376,-76.9983615,38.86346669999998,11001007401,1034.1
8439855798,-76.9884866,38.87649379999998,11001007100,4634.0
8439855809,-76.9887162,38.87645729999999,11001007100,4634.0
8439855811,-76.9887161,38.8765332,11001007100,4634.0
8439872829,-76.9902047,38.876462999999994,11001007100,4634.0
8450945961,-77.0163913,38.89188610000001,11001005900,3743.4
8450945964,-77.0162121,38.89183599999998,11001980000,1.5
8455846779,-77.0092599,38.86948359999999,11001006400,3185.1
8455846792,-77.0088228,38.86950229999999,11001006400,3185.1
8455846798,-77.00852,38.87000950000001,11001006400,3185.1
8455846801,-77.0095176,38.8708959,11001006400,3185.1
8455863387,-77.0022837,38.867428,11001007401,1034.1
8455863480,-76.9987085,38.8628146,11001007401,1034.1
8455863520,-77.0085236,38.8707753,11001007201,2605.7
8461692428,-77.003518,38.88755120000001,11001006500,5005.4
8461692431,-77.0040276,38.887614,11001980000,1.5
8461692432,-77.0035206,38.8876442,11001980000,1.5
8476470743,-77.0239714,38.8932591,11001980000,1.5
8477118490,-77.0337949,38.898755000000016,11001980000,1.5
8496737158,-76.9533384,38.86637979999999,11001007604,2729.6
8496737161,-76.9530361,38.86624710000002,11001007604,2729.6
8496737168,-76.95612,38.867515699999984,11001007604,2729.6
8496737170,-76.9572381,38.86796979999998,11001007604,2729.6
8496737174,-76.9585948,38.8685173,11001007604,2729.6
8512220304,-77.0155641,38.89358709999999,11001005900,3743.4
8528073259,-77.013617,38.89734820000001,11001005900,3743.4
8530666824,-76.9266449,38.89831969999998,11001007804,4831.5
8530666827,-76.9271045,38.898316,11001007804,4831.5
8530666829,-76.9238213,38.89836629999998,11001007807,4738.9
8530666832,-76.9256603,38.898321,11001007807,4738.9
8530666836,-76.9274503,38.8983208,11001007804,4831.5
8530666838,-76.9295913,38.8983198,11001007804,4831.5
8549123230,-77.0091012,38.90511369999998,11001004704,7960.1
8549123231,-77.0090126,38.905112800000005,11001010603,5518.9
8592032116,-77.0246859,38.8792841,11001010202,2108.3
8596263644,-77.0517442,38.9341536,11001001304,5698.4
8636398137,-77.0248223,38.919107700000005,11001004401,13723.8
8636981241,-77.0026523,38.93068709999999,11001002302,762.9
8638901168,-77.0569183,38.923275299999986,11001000501,3599.2
8639885443,-77.0860558,38.9338864,11001000804,1291.7
8704255865,-76.9727088,38.9288956,11001011100,819.3
8709614158,-77.0205924,38.87664919999998,11001011002,1747.9
8728438271,-76.9279851,38.89663929999999,11001007804,4831.5
8768418794,-77.0072359,38.82198160000001,11001010900,631.3
8825268119,-77.0107083,38.962457699999995,11001001902,2521.5
8825268120,-77.0106508,38.962386800000004,11001009505,4265.8
8825268121,-77.0108032,38.96233879999998,11001001902,2521.5
8832178453,-77.0239689,38.9029163,11001010100,4591.0
8867986126,-77.0512368,38.912612300000006,11001004100,2968.9
8891324055,-77.067792,38.918293000000006,11001000400,1112.8
8891324056,-77.0684591,38.91794120000001,11001000400,1112.8
8891331738,-77.0693666,38.917706200000005,11001000202,3259.9
8891331739,-77.0692209,38.91753380000001,11001000202,3259.9
8903139402,-77.0287232,38.96137869999999,11001002001,4706.6
8903139403,-77.0284475,38.96128309999999,11001002002,4834.6
8930818787,-77.0110588,38.8802801,11001010500,5126.6
8982877288,-77.0239629,38.9201531,11001003500,11775.4
9055502582,-77.0091506,38.87831969999999,11001010500,5126.6
9068829825,-77.01473,38.9565931,11001002102,6947.2
9082995718,-77.0182921,38.975674099999985,11001001702,3606.2
9088107698,-77.0432467,38.927943,11001002702,11473.8
9088107710,-77.0435743,38.928320300000024,11001002702,11473.8
9093791451,-77.0016151,38.8660695,11001007401,1034.1
9097753196,-76.9378022,38.890285199999994,11001009603,6946.7
9097753200,-76.9375573,38.889657899999996,11001009906,6392.1
9099950059,-77.0067575,38.84509599999999,11001010400,1682.2
9099950062,-77.0070683,38.8469404,11001010400,1682.2
9109467369,-77.0095837,38.87052820000001,11001006400,3185.1
9111384818,-77.0026095,38.86609830000002,11001007301,467.5
9111384822,-77.0020896,38.86577989999999,11001007301,467.5
9111790621,-77.036062,38.907240299999984,11001005202,12072.2
9124197005,-77.052059,38.89056789999999,11001980000,1.5
9124461219,-77.0392726,38.9140995,11001005302,21654.1
9130143744,-77.0241468,38.88757360000001,11001010202,2108.3
9130874912,-77.0257542,38.88358749999998,11001010202,2108.3
9130918414,-77.0177385,38.876926999999995,11001010201,16847.2
9130918495,-77.0219144,38.88212070000001,11001010202,2108.3
9131079907,-77.0167934,38.9003874,11001005900,3743.4
9131079911,-77.0165977,38.90026770000001,11001005900,3743.4
9131079912,-77.0161922,38.900179499999986,11001004702,10650.0
9134098214,-77.0239136,38.90210959999998,11001005802,2837.0
9136682496,-77.0304026,38.90958169999998,11001005003,18761.8
9136682512,-77.0302931,38.90981579999999,11001005004,25869.4
9136825795,-77.0319565,38.903795699999996,11001010100,4591.0
9136825802,-77.0330436,38.903795899999984,11001010100,4591.0
9136825811,-77.0365408,38.903795899999984,11001010100,4591.0
9136825813,-77.0385144,38.903795899999984,11001010700,1848.6
9136839219,-77.0401308,38.903795899999984,11001010700,1848.6
9136839220,-77.0399519,38.90379629999998,11001010700,1848.6
9136839244,-77.0385074,38.905704000000014,11001010700,1848.6
9166612486,-77.0363384,38.90746250000001,11001005202,12072.2
9166612489,-77.0367637,38.9070638,11001005303,14832.3
9171364000,-76.9795543,38.88546280000003,11001006802,8083.4
9190361341,-77.0290038,38.972263,11001001804,9021.2
9198915667,-77.0005818,38.8637469,11001007401,1034.1
9257612257,-77.0180347,38.9723596,11001001702,3606.2
9300516158,-76.9374297,38.889657099999994,11001009906,6392.1
9300516161,-76.9376595,38.8898951,11001009603,6946.7
9315321042,-76.9978286,38.86255459999998,11001007401,1034.1
9315321045,-76.9978801,38.863074499999996,11001007401,1034.1
9315321057,-76.9984396,38.86287959999999,11001007401,1034.1
9320542359,-77.03151110000002,38.9056445,11001005203,33336.9
9335956402,-77.0075854,38.8479238,11001010400,1682.2
9383936947,-77.0074062,38.8205678,11001010900,631.3
9383936949,-77.0071984,38.820457999999995,11001010900,631.3
9386480160,-76.9670112,38.84837329999999,11001007409,8248.9
9389248079,-76.9896752,38.84447610000001,11001007304,3529.8
9389248084,-76.9885299,38.84473109999998,11001007404,5208.7
9389447759,-76.9922765,38.85001029999998,11001010400,1682.2
9389606389,-76.9913863,38.87645560000001,11001007100,4634.0
9425953058,-76.9896191,38.94427559999997,11001009504,2939.8
9425953059,-76.9896287,38.945254,11001009504,2939.8
9425958830,-76.9902346,38.94426760000002,11001009504,2939.8
9443946632,-77.0076674,38.84173119999999,11001010400,1682.2
9457052272,-77.0059277,38.89106290000001,11001980000,1.5
9467722657,-77.0345707,38.90569419999999,11001010100,4591.0
9468883912,-77.0005773,38.89381910000001,11001008301,10123.6
9472575610,-77.0068781,38.8469947,11001010400,1682.2
9480293895,-76.9848024,38.89957300000001,11001008402,9326.9
9480293897,-76.9900653,38.89743119999999,11001008402,9326.9
9484974789,-77.0069393,38.95229960000002,11001009508,4063.9
9516721458,-77.0131736,38.94206119999999,11001002302,762.9
9526260022,-77.0363308,38.90704589999999,11001010100,4591.0
9526260023,-77.0367772,38.90706990000001,11001005303,14832.3
9526260024,-77.0369698,38.90725959999998,11001010700,1848.6
9526260025,-77.0367326,38.90747030000001,11001005303,14832.3
9526260026,-77.03630360000001,38.9074484,11001005202,12072.2
9526260027,-77.0360728,38.90726229999999,11001005202,12072.2
9533966093,-77.008724,38.8710332,11001007201,2605.7
9545143715,-77.0365258,38.909017,11001005202,12072.2
9545143716,-77.0364796,38.9087065,11001005202,12072.2
9545184620,-77.0365343,38.905765099999996,11001010100,4591.0
9545184621,-77.0364939,38.905976700000004,11001010100,4591.0
9573574687,-77.0185707,38.922702400000006,11001003400,3776.1
9573574688,-77.0209457,38.922469,11001003400,3776.1
9579235933,-77.00055260000002,38.92739209999999,11001009201,4856.1
9587901828,-76.977931,38.9175172,11001011100,819.3
9587901829,-76.9778908,38.917473699999995,11001011100,819.3
9590909203,-76.9882181,38.88740790000001,11001006700,9175.4
9590992031,-76.97402,38.88938820000001,11001006804,1061.0
9591171716,-76.9852109,38.8918912,11001008002,5676.3
9591175219,-76.9845366,38.892171400000024,11001008002,5676.3
9591272171,-76.9882923,38.8923876,11001008002,5676.3
9591272192,-76.9882495,38.89221509999999,11001008002,5676.3
9591301826,-76.99847,38.89317940000001,11001008301,10123.6
9592649118,-77.0028994,38.887538400000004,11001006500,5005.4
9592803565,-76.9790763,38.8829501,11001006804,1061.0
9592908689,-76.9829843,38.8813652,11001006802,8083.4
9592908693,-76.9870231,38.88127299999998,11001006900,7310.4
9593199679,-77.0645712,38.911103500000024,11001000102,1374.8
9593204206,-77.068964,38.90505230000001,11001000202,3259.9
9593230690,-77.0756096,38.914366300000005,11001000300,5428.2
9593237038,-77.0652854,38.90782269999999,11001000202,3259.9
9596032940,-77.0523843,38.917959500000016,11001004100,2968.9
9611883681,-77.0222439,38.87818289999999,11001010202,2108.3
9622473645,-77.0487889,38.8963463,11001010800,7151.8
9624808826,-77.0080752,38.942141400000004,11001009511,1982.2
9630558235,-76.99649,38.89478760000001,11001008302,11005.6
9635459064,-76.9620402,38.8783496,11001007709,2756.0
9642651666,-77.0184358,38.9040855,11001004703,27395.0
9644645886,-77.0850393,38.912477400000014,11001000802,1329.8
9647428770,-77.0295352,38.9205337,11001003600,14725.8
9647671192,-77.0850064,38.9123691,11001000802,1329.8
9647671194,-77.0850877,38.9123833,11001000802,1329.8
9655135480,-77.0259134,38.92060349999999,11001003500,11775.4
9655135481,-77.0259938,38.920473099999995,11001004401,13723.8
9656370906,-77.0231083,38.92087720000001,11001003500,11775.4
9660057374,-77.0360206,38.90565260000001,11001010100,4591.0
9660139029,-77.0499163,38.90203149999999,11001005501,10678.0
9671298374,-77.0097002,38.90726070000001,11001004600,6991.7
9676179707,-77.0424617,38.90373769999999,11001010700,1848.6
9676179712,-77.0416951,38.90379849999998,11001010700,1848.6
9676234033,-77.037764,38.9056432,11001010700,1848.6
9688260452,-76.98073390000002,38.8962366,11001007901,10937.8
9722529581,-76.9750788,38.929600900000004,11001011100,819.3
9722529582,-76.9759976,38.92914799999998,11001011100,819.3
9722547319,-76.9663666,38.93378009999999,11001011100,819.3
9722581484,-76.9677102,38.9331476,11001011100,819.3
9723903189,-76.948538,38.895860899999995,11001007803,5016.5
9723923036,-76.9349983,38.90285170000002,11001007806,3516.7
9723923043,-76.9337654,38.90292929999998,11001007806,3516.7
9723923050,-76.9327115,38.90297779999998,11001007806,3516.7
9723923056,-76.9316739,38.90307959999999,11001007806,3516.7
9723923058,-76.9313077,38.9031333,11001007809,5855.7
9723923059,-76.9346989,38.902888000000004,11001007806,3516.7
9733931222,-77.0879792,38.9387178,11001000903,3449.3
9748822412,-77.0092353,38.942878200000024,11001002302,762.9
9751817126,-76.9764752,38.92892750000001,11001011100,819.3
9751817169,-76.9741638,38.9220158,11001011100,819.3
9751817171,-76.974362,38.92192379999999,11001011100,819.3
9751954803,-76.9405141,38.90562200000001,11001009601,1058.9
9751954804,-76.9403024,38.90565649999999,11001009601,1058.9
9751954805,-76.9402669,38.905658,11001009601,1058.9
9751954806,-76.9403652,38.9055376,11001009601,1058.9
9751954814,-76.9365888,38.90978759999999,11001009601,1058.9
9751954816,-76.936023,38.90947409999999,11001009601,1058.9
9752021287,-76.92964,38.90356109999999,11001007806,3516.7
9752208329,-76.9977728,38.844647499999994,11001010400,1682.2
9752208331,-76.9996962,38.84329009999999,11001010400,1682.2
9768681882,-76.99614220000001,38.89499380000001,11001008302,11005.6
9768681883,-76.996673,38.894710599999996,11001008302,11005.6
9768681890,-76.996107,38.894942499999985,11001008302,11005.6
9768681893,-76.9949624,38.89543929999999,11001008402,9326.9
9768681897,-76.989693,38.89758179999998,11001008402,9326.9
9768681898,-76.9886521,38.89801170000001,11001008402,9326.9
9770641086,-77.033307,38.98658079999999,11001001600,1895.6
9770641087,-77.0336474,38.986620699999996,11001001600,1895.6
9770641090,-77.033476,38.986635799999995,11001001600,1895.6
9770641096,-77.0334467,38.986535599999996,11001001600,1895.6
9770641097,-77.0334688,38.98655050000001,11001001600,1895.6
9770641101,-77.0333617,38.986530299999984,11001001600,1895.6
9772916138,-77.001024,38.863988400000004,11001007401,1034.1
9773948550,-76.92626200000001,38.898408200000006,11001007804,4831.5
9797239769,-77.0778168,38.9400408,11001001002,3763.3
9797239771,-77.0776473,38.940849400000005,11001001002,3763.3
9800726207,-76.9343489,38.912317000000016,11001009601,1058.9
9853931679,-76.9916673,38.874617199999996,11001007201,2605.7
9908447530,-76.9883103,38.8875994,11001006700,9175.4
9908447531,-76.9885064,38.8876005,11001006700,9175.4
9929957620,-76.9990169,38.862500499999996,11001007401,1034.1
9968466642,-77.0223876,38.878073099999995,11001010202,2108.3
9983605755,-77.036489,38.90023289999999,11001010100,4591.0
9983605756,-77.0365014,38.902418199999985,11001010100,4591.0
9983605758,-77.0364914,38.90132049999997,11001010100,4591.0
10014085266,-77.0514692,38.889069500000005,11001980000,1.5
10014085302,-77.0509806,38.8900092,11001980000,1.5
10014127918,-77.0502329,38.890262700000015,11001980000,1.5
10014127921,-77.0508785,38.890072399999994,11001980000,1.5
10014127929,-77.05016680000001,38.89029470000001,11001980000,1.5
10014632178,-76.9611964,38.878567899999986,11001007709,2756.0
10020947573,-76.9862956,38.8566032,11001007407,5597.7
10020947582,-76.9863536,38.8549122,11001007406,7783.6
10041252781,-77.0102771,38.903758800000006,11001004704,7960.1
10088220376,-77.0010065,38.956530599999994,11001009507,5540.9
10088243535,-77.0013825,38.9562388,11001009507,5540.9
10088243549,-77.0017219,38.95777549999999,11001009505,4265.8
10118411571,-77.0631664,38.92146269999998,11001000400,1112.8
10119384254,-77.0535968,38.898473700000004,11001005602,14421.3
10125817774,-77.0758312,38.9106186,11001000201,5614.4
10125817780,-77.0765799,38.91087469999999,11001000201,5614.4
10148005826,-77.0388691,38.932562999999995,11001002703,14110.8
10154670182,-77.0446483,38.92405500000001,11001003902,6388.3
10154670186,-77.044667,38.924621,11001003902,6388.3
10175825328,-77.0068652,38.847649899999986,11001010400,1682.2
10181394607,-76.9913088,38.9055881,11001008802,9828.6
10182976583,-77.0508461,38.93352639999999,11001001304,5698.4
10289480222,-77.0196118,38.90369029999999,11001004802,10299.1
10292519072,-77.0466906,38.89410720000001,11001980000,1.5
10578536777,-77.0738466,38.95370799999999,11001001100,2689.0
10605296757,-77.058224,38.956928399999995,11001001301,1375.9
10607849116,-77.0703156,38.90438549999999,11001000202,3259.9
10609139613,-76.9864225,38.9242294,11001009102,2396.3
10689662811,-76.9779262,38.89331479999999,11001007901,10937.8
10689662816,-76.9801345,38.89331479999999,11001008002,5676.3
10724747584,-77.0759671,38.94123329999999,11001001002,3763.3
10724747586,-77.075033,38.939536199999985,11001001002,3763.3
10738980702,-77.0102733,38.90468980000001,11001004704,7960.1
10759641447,-77.0771284,38.94335740000001,11001001200,3864.4
10797743572,-77.0067091,38.84360989999999,11001010400,1682.2
10806883913,-77.0005544,38.928519800000004,11001009201,4856.1
10806883917,-76.9999664,38.92855669999999,11001009201,4856.1
10806883920,-76.9994536,38.92811139999999,11001009201,4856.1
10806883921,-76.9998277,38.928340299999995,11001009201,4856.1
10806883922,-76.9995479,38.9284415,11001009201,4856.1
10806883923,-77.0001956,38.92889219999999,11001009201,4856.1
10806883924,-77.0001087,38.92876509999999,11001009201,4856.1
10806883925,-76.99977,38.92888359999999,11001009201,4856.1
10836374912,-77.0047758,38.87379270000002,11001007201,2605.7
10858085318,-76.9983695,38.86265479999999,11001007401,1034.1
10858085320,-76.9986733,38.8630025,11001007401,1034.1
10921172726,-77.0287508,38.9772835,11001010300,4005.6
10921172727,-77.0278825,38.9772843,11001010300,4005.6
10921172728,-77.0278852,38.97581749999999,11001010300,4005.6
10941220963,-77.060111,38.909772399999994,11001000102,1374.8
10966490810,-76.9766802,38.884293799999995,11001006804,1061.0
10969774308,-77.0071494,38.84311359999999,11001010400,1682.2
10970120294,-76.9730046,38.853023,11001007408,11076.8
10978669007,-77.02295320000002,38.9190353,11001003500,11775.4
10979910219,-77.0010177,38.95740249999999,11001009507,5540.9
10980867829,-77.0007502,38.8606552,11001007401,1034.1
10980867831,-76.9991139,38.8614859,11001007401,1034.1
10985284889,-76.9653466,38.9147977,11001011100,819.3
10992137994,-77.0318285,38.92377,11001003600,14725.8
10992264213,-77.0523916,38.900159199999976,11001005601,13442.9
10992264214,-77.0523322,38.9001211,11001005601,13442.9
11011905867,-77.0594295,38.885485500000016,11001980000,1.5
11012156688,-77.1005213,38.94884300000001,11001000904,1547.9
11065795777,-77.0493439,38.90856869999999,11001005503,7766.2
11076193230,-77.0385072,38.90564349999999,11001010700,1848.6
11177333923,-77.0265982,38.880434599999994,11001010202,2108.3
11186195769,-77.0333331,38.98664789999999,11001001600,1895.6
11186195793,-77.0363248,38.99089480000001,11001001600,1895.6
11188849087,-77.026795,38.98379009999999,11001001600,1895.6
11198005518,-76.9855072,38.89176749999999,11001008002,5676.3
11198017164,-76.9772472,38.88984040000002,11001008002,5676.3
11198017167,-76.9775921,38.889808999999985,11001008002,5676.3
11198017170,-76.9772505,38.889775,11001006804,1061.0
11198100601,-76.9857505,38.910493599999995,11001008804,3005.2
11198100602,-76.9862785,38.910038499999985,11001008804,3005.2
11198107341,-76.9795421,38.916021999999984,11001008803,3829.0
11198107405,-76.9927808,38.904287100000005,11001008802,9828.6
11198107411,-76.9931986,38.90405539999999,11001008803,3829.0
11198264287,-77.0092655,38.87647479999999,11001006400,3185.1
11198264290,-77.0089357,38.87647189999999,11001007201,2605.7
11198264296,-77.0074646,38.8764749,11001007201,2605.7
11198265615,-76.9954207,38.895254599999994,11001008302,11005.6
11198265632,-76.9883659,38.88775799999999,11001006700,9175.4
11198440879,-77.0472369,38.9177464,11001004100,2968.9
11198575968,-77.0259145,38.92049699999999,11001003500,11775.4
11198779769,-77.0176883,38.87714189999999,11001010201,16847.2
11230125796,-77.0090045,38.9110257,11001008701,6841.9
11230125799,-77.0087018,38.911112,11001008701,6841.9
11230125801,-77.0089026,38.91124909999998,11001008701,6841.9
11233118663,-77.0780065,38.93877539999999,11001001002,3763.3
11255208745,-77.08202790000001,38.9611893,11001001100,2689.0
11255208746,-77.0820256,38.96082739999999,11001001100,2689.0
11255208754,-77.08205360000001,38.9610331,11001001100,2689.0
11255208766,-77.0840567,38.95904179999999,11001001100,2689.0
11260162640,-77.08864200000001,38.934553000000015,11001000804,1291.7
11260344012,-77.0434758,38.89349550000001,11001980000,1.5
11260344015,-77.0434772,38.89361620000001,11001010800,7151.8
11260344016,-77.0433202,38.89352799999999,11001010800,7151.8
11260344021,-77.0417244,38.89256749999997,11001980000,1.5
11261031471,-77.0400951,38.903736400000014,11001010700,1848.6
11261031472,-77.0399182,38.903736200000004,11001010700,1848.6
11261031475,-77.0385135,38.90373669999999,11001010700,1848.6
11261031486,-77.0346034,38.9026446,11001010100,4591.0
11261031488,-77.0345534,38.9026438,11001010100,4591.0
11261031490,-77.0345758,38.902533399999996,11001010100,4591.0
11262878014,-77.012266,38.8908073,11001980000,1.5
11262878015,-77.0124021,38.890489800000005,11001980000,1.5
11262878018,-77.0152133,38.8906302,11001980000,1.5
11263001095,-77.0090362,38.895137000000005,11001980000,1.5
11263001104,-77.0152127,38.893626299999994,11001005900,3743.4
11263106392,-77.0151819,38.90857100000001,11001004600,6991.7
11263240807,-77.0485972,38.911722,11001004100,2968.9
11263240809,-77.0487577,38.9117603,11001004100,2968.9
11267271743,-77.0364031,38.952884900000015,11001002001,4706.6
11267614265,-77.0236932,38.932293699999995,11001003200,9225.6
11267614267,-77.0237249,38.932046399999976,11001003100,11890.5
11267636269,-77.0236382,38.93187779999998,11001003200,9225.6
11267636464,-77.019349,38.9436646,11001002301,7776.5
11267636468,-77.0196355,38.94358369999999,11001002301,7776.5
11275506145,-76.9297649,38.889329199999985,11001009904,8522.7
11275506147,-76.9298773,38.88942689999999,11001009903,5619.8
11275506149,-76.9297439,38.88937769999998,11001009903,5619.8
11275506476,-76.9260188,38.89741250000001,11001007804,4831.5
11275506478,-76.9260504,38.89716009999999,11001007807,4738.9
11275506481,-76.9262025,38.89692320000001,11001007804,4831.5
11306741743,-76.9883057,38.9407222,11001009503,2415.2
11332977605,-77.0319292,38.9200804,11001003600,14725.8
11332977609,-77.0347083,38.919196799999995,11001003701,12700.9
11332977611,-77.0346544,38.9190029,11001004300,18536.3
11332977616,-77.0344319,38.91919949999998,11001003701,12700.9
11347623954,-77.027644,38.9674432,11001001804,9021.2
11355443454,-76.9959395,38.850088599999985,11001010400,1682.2
11368228083,-76.9699797,38.85731,11001007502,7711.5
11368228085,-76.9699737,38.85638019999999,11001007502,7711.5
11368228087,-76.9699374,38.85672300000002,11001007502,7711.5
11420106910,-77.0047774,38.88110099999999,11001006500,5005.4
11460035915,-77.0354243,38.90374559999997,11001010100,4591.0
11563313320,-77.0308373,38.94724779999999,11001002501,5263.1
11563313321,-77.0307693,38.94733959999998,11001002002,4834.6
11563313323,-77.030691,38.94758509999999,11001002002,4834.6
11569332801,-76.978519,38.917150899999996,11001008803,3829.0
11569406867,-77.0289402,38.9097132,11001005004,25869.4
11569406868,-77.0287894,38.9096871,11001005004,25869.4
11608869607,-77.0585222,38.9025666,11001000102,1374.8
11608896680,-77.0005672,38.905645599999986,11001010602,13400.1
11608939093,-76.9984471,38.9025205,11001010602,13400.1
11682370589,-76.98366340000001,38.8605274,11001007504,3684.5
11691404897,-77.020342,38.927629,11001003400,3776.1
11831784010,-77.0069142,38.843587899999996,11001010400,1682.2
11831784011,-77.006963,38.843427,11001010400,1682.2
11831784012,-77.0078984,38.84355169999999,11001010400,1682.2
11831784014,-77.0060014,38.845096099999985,11001010400,1682.2
11831784016,-77.0059198,38.84509620000002,11001010400,1682.2
11831784018,-77.0081494,38.8450565,11001010400,1682.2
11831784022,-77.0081492,38.845137,11001010400,1682.2
11831784024,-77.0085553,38.845139999999994,11001007301,467.5
11831784025,-77.0085644,38.845056199999995,11001007301,467.5
12068811315,-77.0442951,38.91554060000001,11001004002,16899.8
12094214391,-76.9607676,38.879055500000014,11001009901,1002.4
12094305895,-76.9625947,38.8775516,11001007709,2756.0
12094323504,-76.9619758,38.87779050000002,11001009901,1002.4
12123627613,-77.0535872,38.899338900000004,11001005602,14421.3
12128376033,-77.0337671,38.90374639999999,11001010100,4591.0
12132456223,-77.0138729,38.817899800000006,11001010900,631.3
12143083687,-77.077464,38.943947,11001001002,3763.3
12143083693,-77.07650840000001,38.94221600000001,11001001002,3763.3
12169187729,-77.0417329,38.89266659999999,11001010800,7151.8
12179423002,-77.077145,38.95851799999996,11001001100,2689.0
12196404399,-76.9589091,38.8606997,11001007603,3490.4
12216257833,-77.063486,38.954267000000016,11001001301,1375.9
12216257834,-77.062926,38.949679499999995,11001001301,1375.9
12220728708,-77.0090506,38.95426000000001,11001002102,6947.2
12232089294,-77.0728213,38.93628549999999,11001000600,3028.9
12232089296,-77.0728945,38.9363833,11001000600,3028.9
12232117844,-77.072418,38.94122600000001,11001000600,3028.9
12250696725,-77.0772509,38.95278220000001,11001001100,2689.0
12270087211,-76.98716640000002,38.88113449999999,11001006900,7310.4
12282134927,-77.0819611,38.9610333,11001001100,2689.0
12282134928,-77.0821108,38.96103300000001,11001001100,2689.0
12292446080,-77.0804203,38.949869099999994,11001001100,2689.0
12305015411,-77.060892,38.93349489999999,11001000600,3028.9
12305015449,-77.0739769,38.93348410000001,11001000704,7234.1
12321190837,-77.074327,38.96760940000001,11001001401,4218.2
12324905144,-76.9992503,38.951803599999984,11001009509,5046.4
12346378810,-77.0533504,38.9743812,11001001500,1189.4
12369816176,-77.0478158,38.88692990000002,11001980000,1.5
12386165425,-76.9838643,38.92573159999999,11001009301,3055.1
12394906454,-77.0943413,38.947098999999994,11001001003,2947.0
12405568217,-77.08525720000002,38.96116069999999,11001001100,2689.0
12405568219,-77.0850593,38.961006299999994,11001001100,2689.0
12405568221,-77.0854116,38.96097890000001,11001001100,2689.0
12437955921,-77.007246,38.942323399999985,11001009510,5690.3
12466174907,-77.0857234,38.96086859999999,11001001100,2689.0
12466174908,-77.0858137,38.96079599999999,11001001004,2689.9
12467041977,-77.002926,38.94074350000001,11001009511,1982.2
12477168151,-76.9828197,38.92562799999998,11001009102,2396.3
12477168154,-76.9828665,38.9257811,11001009102,2396.3
12477168156,-76.9825734,38.925587300000004,11001009102,2396.3
12479669095,-76.9902243,38.923068900000004,11001009102,2396.3
12484292070,-77.0463856,38.883747099999994,11001980000,1.5
12497001318,-77.0366602,38.926916099999985,11001003901,22609.1
12497001319,-77.0364749,38.92675120000001,11001002802,21556.7
12512580989,-77.0724261,38.9182931,11001000300,5428.2
12520587440,-77.0854743,38.9384258,11001001002,3763.3
12520587443,-77.0863397,38.93741519999999,11001000903,3449.3
12520587445,-77.0851446,38.9373661,11001001002,3763.3
12520639500,-77.0365081,38.9921551,11001001600,1895.6
12520639501,-77.0364683,38.992106700000015,11001001600,1895.6
12529163241,-77.0251993,38.9428668,11001002400,6713.4
12532857263,-77.0237351,38.950105199999996,11001002201,7799.9
12532857266,-77.0237251,38.94989560000001,11001002201,7799.9
12552600615,-77.0489032,38.91068770000001,11001004100,2968.9
12607592136,-77.00772970000001,38.89661840000001,11001980000,1.5
12613233303,-77.0353473,38.9402542,11001002504,10048.5
12626290815,-77.074606,38.94709559999999,11001001200,3864.4
12629467071,-77.0533076,38.9026506,11001005601,13442.9
12673423895,-77.074809,38.93671590000001,11001001002,3763.3
12673423896,-77.0747781,38.93670129999999,11001001002,3763.3
12673423897,-77.074755,38.93686149999999,11001001002,3763.3
12673455705,-77.074635,38.93675799999999,11001001002,3763.3
12687209031,-77.0764568,38.942123599999995,11001001002,3763.3
12687209032,-77.0760301,38.941351899999994,11001001002,3763.3
12771364523,-77.0398145,38.98977269999998,11001001600,1895.6
12771364524,-77.0404552,38.9904758,11001001600,1895.6
12801708577,-77.0379301,38.8987498,11001980000,1.5
12849294951,-76.9389865,38.90708319999999,11001009601,1058.9
12864633720,-77.009101,38.924283499999994,11001003301,7973.8
12864633721,-77.0121436,38.92428499999999,11001003301,7973.8
12864732631,-77.0121439,38.92530140000001,11001003301,7973.8
12864732632,-77.009097,38.92532520000001,11001003301,7973.8
12864732635,-77.0090971,38.925487,11001003301,7973.8
12864732636,-77.0121426,38.9255096,11001003301,7973.8
12879827243,-77.0845839,38.9616733,11001001100,2689.0
12879876803,-77.1057029,38.93637420000001,11001000904,1547.9
12879876804,-77.105867,38.936373599999996,11001000904,1547.9
12937946001,-77.0102284,38.925324999999994,11001003301,7973.8
12937946002,-77.0102386,38.92359729999998,11001003301,7973.8
12937946003,-77.0102457,38.9242782,11001003301,7973.8
12937946004,-77.0108178,38.92359950000001,11001003301,7973.8
12937946005,-77.010812,38.92532839999999,11001003301,7973.8
12937946006,-77.0108207,38.9242818,11001003301,7973.8
12974478432,-77.0060538,38.90951969999999,11001010601,8577.0
12974478434,-77.0027144,38.90809960000001,11001008702,7239.5
12974478437,-77.0034048,38.9083567,11001010601,8577.0
12974478445,-77.0054302,38.90916790000001,11001010601,8577.0
12979176051,-77.0479296,38.887157899999984,11001980000,1.5
12984450032,-76.9666854,38.920473900000005,11001011100,819.3
13001964548,-77.0558647,38.969761899999995,11001001500,1189.4
13102812875,-77.0352342,38.89875320000001,11001980000,1.5
13141136442,-77.0114141,38.92467919999999,11001003301,7973.8
13141136443,-77.0114147,38.92428710000003,11001003301,7973.8
13141136444,-77.011408,38.9236012,11001003301,7973.8
13146473411,-76.9935088,38.917479400000005,11001009102,2396.3
13158022854,-77.08863200000002,38.953316000000015,11001001004,2689.9
13160144145,-77.0334172,38.969927200000015,11001001803,3248.9
13179482138,-77.0375473,38.92697549999998,11001002702,11473.8
13181373685,-77.0257948,38.94293679999999,11001002501,5263.1
13181373691,-77.0257807,38.94288400000001,11001002501,5263.1
13195943100,-77.044191,38.915500799999975,11001004002,16899.8
13248733691,-77.0068049,38.9594771,11001009505,4265.8
13256237912,-77.0332547,38.9497381,11001002002,4834.6
13256237913,-77.0327304,38.9427163,11001002501,5263.1
13256237916,-77.0327344,38.94301430000001,11001002501,5263.1
13256237925,-77.0330812,38.94293039999998,11001002501,5263.1
13256237934,-77.033256,38.9426731,11001002501,5263.1
13256237938,-77.0328876,38.94308950000001,11001002501,5263.1
13256450865,-77.0214795,38.9478852,11001002201,7799.9
13256450867,-77.0216185,38.947839599999995,11001002201,7799.9
13256450869,-77.0214575,38.94776869999999,11001002201,7799.9
13256450884,-77.0222316,38.947892399999986,11001002201,7799.9
13256450893,-77.02235080000001,38.946713200000005,11001002201,7799.9
13256450897,-77.0221307,38.946813999999996,11001002201,7799.9
13256450900,-77.0214989,38.946699999999986,11001002201,7799.9
13256457603,-77.0214966,38.946868599999995,11001002201,7799.9
13256457608,-77.0091033,38.95461809999999,11001002102,6947.2
13256457616,-77.009046,38.954815,11001009508,4063.9
13256551001,-77.0030861,38.94074259999999,11001009511,1982.2
13259893924,-77.0436696,38.92324449999999,11001004001,14523.2
13259893926,-77.043674,38.9234253,11001003902,6388.3
13259914865,-77.0321537,38.923869499999995,11001003600,14725.8
13260160411,-77.08467290000002,38.9117148,11001000802,1329.8
13265370798,-76.9982859,38.9110747,11001009102,2396.3
13265370799,-76.9983834,38.91104489999999,11001009102,2396.3
13265637003,-77.0018539,38.8926346,11001008200,8289.3
13265637004,-77.0009132,38.893009599999985,11001008200,8289.3
13265637012,-77.0161631,38.904899699999994,11001004802,10299.1
13265637013,-77.0158616,38.9049969,11001004802,10299.1
13270967985,-77.0261663,38.88486229999998,11001010202,2108.3
13270967986,-77.0259667,38.884863299999985,11001010202,2108.3
13270967989,-77.0259171,38.884861100000016,11001010202,2108.3
13273976975,-76.9998403,38.9290002,11001009201,4856.1
13273976976,-76.9996718,38.92872059999998,11001009201,4856.1
13273976977,-76.9996421,38.92859269999998,11001009201,4856.1
13273976978,-76.9995023,38.9283684,11001009201,4856.1
13281169275,-77.0674027,38.917797900000004,11001000400,1112.8
13319953391,-77.0837903,38.928873999999986,11001000804,1291.7
13324509620,-77.06863,38.93628849999999,11001000600,3028.9
13352492382,-76.9885734,38.8451708,11001007404,5208.7
13359942007,-77.0505066,38.890207700000005,11001980000,1.5
13360530147,-76.9972426,38.9200171,11001008702,7239.5
13362893802,-77.0590071,38.88608059999999,11001980000,1.5
13381701719,-77.08379000000001,38.944784,11001001004,2689.9
13428997379,-77.014364,38.914886499999994,11001003400,3776.1
13431097737,-77.02713,38.9497383,11001002201,7799.9
13437605382,-77.015632,38.8755513,11001011001,18125.8
13437605383,-77.0152136,38.8755519,11001011001,18125.8
13437605384,-77.015631,38.8753126,11001011001,18125.8
13437605385,-77.0152162,38.87531340000001,11001011001,18125.8
13446783792,-77.0377667,38.964282299999994,11001001803,3248.9
13451873035,-77.0164453,38.891715199999986,11001980000,1.5
13451873036,-77.01844,38.892435099999986,11001005900,3743.4
13465240756,-76.9680349,38.9226688,11001011100,819.3
13502526528,-76.9842493,38.925915300000014,11001009301,3055.1
13502526529,-76.9838901,38.9260708,11001009301,3055.1
13519914025,-76.9760341,38.87083239999999,11001007601,3937.9
13519914027,-76.9763995,38.8706563,11001007601,3937.9
13556260338,-77.0333151,38.969927399999996,11001001804,9021.2
13556260339,-77.0334172,38.9698208,11001001803,3248.9
13565725771,-77.011873,38.876408099999985,11001006400,3185.1
13565725774,-77.0121113,38.876546699999984,11001010500,5126.6
13591605066,-77.1020971,38.946332999999996,11001000904,1547.9
13591803324,-77.0746398,38.9367497,11001001002,3763.3
13591803337,-77.074806,38.936842799999994,11001001002,3763.3
13607253872,-77.03428710000001,38.93668040000003,11001002801,22554.6
13610567869,-77.0364164,38.95054970000001,11001002002,4834.6
13610567873,-77.0364163,38.950455999999996,11001002002,4834.6
13610567875,-77.0364165,38.9508071,11001002002,4834.6
13623430778,-77.0125088,38.88905299999999,11001980000,1.5
13650509861,-76.9497097,38.88645709999999,11001007703,7008.9
13650509862,-76.9489457,38.88691659999999,11001007703,7008.9
13650509872,-76.9572396,38.884027399999994,11001007708,2793.7
13650509878,-76.9579232,38.8830689,11001007708,2793.7
13650886150,-76.9807643,38.8933155,11001008002,5676.3
13666070323,-76.9707491,38.86835459999998,11001007604,2729.6
13686935904,-77.0201984,38.90349169999998,11001004802,10299.1
13687163070,-77.0333713,38.87770069999999,11001980000,1.5
13689436323,-77.0449032,38.8868208,11001980000,1.5
13699194719,-77.002036,38.91333859999999,11001008702,7239.5
13726208131,-77.0557686,38.9407341,11001001304,5698.4
13726208132,-77.0557163,38.94080279999999,11001001303,3953.0
13731368857,-77.0218611,38.882011799999994,11001010202,2108.3
13731450592,-77.0194453,38.92856549999998,11001003200,9225.6
13733853857,-76.9882352,38.86887979999998,11001007601,3937.9
13733946370,-76.9861428,38.87051309999998,11001007601,3937.9
13738062463,-77.0550716,38.95097680000002,11001001301,1375.9
13738062524,-77.0563443,38.952752999999994,11001001301,1375.9
13738062542,-77.0588045,38.954792700000006,11001001301,1375.9
13739964113,-77.0915815,38.9215827,11001000804,1291.7
13743706757,-77.0364751,38.946129000000006,11001002600,1190.1
13743706760,-77.036366,38.946129000000006,11001002501,5263.1
13757592207,-77.086217,38.933485999999995,11001000804,1291.7
13759882747,-76.9687704,38.9174972,11001011100,819.3
13765366376,-76.9837532,38.8819917,11001006900,7310.4
13765583969,-76.9978124,38.936863100000004,11001009511,1982.2
13765588178,-76.9558404,38.88600350000001,11001007708,2793.7
13765588182,-76.9552707,38.88679700000001,11001007708,2793.7
13765588187,-76.9547061,38.88758309999999,11001007708,2793.7
13765588194,-76.9539438,38.8886144,11001007708,2793.7
13765588195,-76.953842,38.88875749999998,11001007708,2793.7
13768951934,-77.0177096,38.91374,11001004600,6991.7
13790270450,-77.015441,38.90723599999999,11001004802,10299.1
13790270451,-77.0153662,38.907027099999986,11001004600,6991.7
13790270471,-77.0151358,38.906172399999996,11001004802,10299.1
13790270473,-77.014999,38.90592839999999,11001004802,10299.1
13790555997,-77.016293,38.909638,11001004600,6991.7
13790612901,-77.0164979,38.910196,11001004801,8673.1
13790612903,-77.0164442,38.91005169999999,11001004801,8673.1
13790612928,-76.996167,38.9002024,11001008302,11005.6
13790997734,-76.9772535,38.884571599999994,11001006804,1061.0
13809720491,-76.9865737,38.9195359,11001009102,2396.3
13809741702,-76.9793414,38.920127399999984,11001009102,2396.3
13811037274,-76.9710897,38.92676920000001,11001011100,819.3
13821908378,-76.9938911,38.93141400000001,11001009301,3055.1
13828890638,-76.983676,38.942553900000014,11001009503,2415.2
13831133478,-77.0031769,38.958446899999984,11001009505,4265.8
13831133480,-77.0032601,38.95844100000001,11001009505,4265.8
13831133485,-77.0032888,38.95822679999999,11001009505,4265.8
13831133489,-77.00311440000002,38.958230300000004,11001009505,4265.8
13831133492,-77.0033591,38.9583423,11001009505,4265.8
13831133496,-77.0030545,38.9583577,11001009505,4265.8
13844582575,-76.9698772,38.93616899999999,11001009400,3137.6
13909781579,-76.9297482,38.8983165,11001007804,4831.5
13912131639,-76.9348144,38.91112859999999,11001009601,1058.9
13912131640,-76.9349537,38.910969899999984,11001009601,1058.9
13918296300,-77.0172126,38.945883499999994,11001002301,7776.5
13918335846,-77.021767,38.93983049999999,11001002400,6713.4
13918335847,-77.0216434,38.939835,11001002400,6713.4
13929554879,-77.0853143,38.96111269999998,11001001100,2689.0
13929554882,-77.0852087,38.96113960000001,11001001100,2689.0
14072657574,-76.989307,38.845400199999986,11001010400,1682.2
14073359310,-77.0089797,38.9254806,11001003301,7973.8
14073359311,-77.0089799,38.9253227,11001003301,7973.8
14073359314,-77.0108102,38.9254906,11001003301,7973.8
14073359321,-77.0089838,38.92428819999999,11001003301,7973.8
14073909988,-77.0297008,38.9048727,11001005003,18761.8
