order_id,time_s,hour,pickup_node,dropoff_node,drive_time_s,drive_dist_m
1,81.8,0,49743231,646216520,1133.4,14133.0
2,110.9,0,774340109,49779846,349.3,3917.0
3,149.8,0,49793773,49839482,832.2,9764.0
4,209.9,0,49745240,49745636,154.5,1763.0
5,304.0,0,4807605970,49800282,346.0,3862.0
6,315.5,0,641939501,49795559,591.9,8580.0
7,324.2,0,49780840,49859684,28.5,307.0
8,347.0,0,49780562,49838680,459.5,5334.0
9,372.3,0,49745214,49823085,361.1,3881.0
10,412.3,0,49748460,3637842788,636.8,7839.0
11,424.8,0,3027832454,49802339,543.4,6389.0
12,503.3,0,49770423,49764858,373.4,4109.0
13,520.3,0,13431097737,49788317,298.4,4213.0
14,548.3,0,49816388,4629708498,200.1,2408.0
15,580.6,0,49889382,9300516161,672.5,8622.0
16,601.1,0,49770684,49801548,369.8,4028.0
17,636.4,0,9136825802,49773663,354.4,3849.0
18,728.5,0,49758271,49857731,23.9,251.0
19,772.5,0,49770782,49797694,192.0,2259.0
20,842.2,0,641116231,49788695,309.8,3678.0
21,957.1,0,49797596,49741730,55.7,597.0
22,980.1,0,49809721,49776074,132.2,1454.0
23,1013.0,0,5128694815,2456351034,302.1,3337.0
24,1056.9,0,49740442,971094753,818.0,10182.0
25,1085.4,0,49745243,49746266,260.5,3090.0
26,1094.2,0,49776916,49828145,1047.2,13663.0
27,1101.4,0,49763606,49800282,284.2,3306.0
28,1187.5,0,9968466642,49772796,836.7,9704.0
29,1302.5,0,49745232,13502526528,377.0,4625.0
30,1371.7,0,2428508011,1493824960,394.2,4396.0
31,1463.0,0,49821763,49729932,491.0,5861.0
32,1470.7,0,49888809,49776471,654.1,7480.0
33,1496.9,0,49764337,49826814,320.3,3645.0
34,1555.5,0,3372235139,49749097,489.5,5477.0
35,1572.2,0,12128376033,49804253,615.0,6932.0
36,1606.2,0,701602949,49777556,521.3,6114.0
37,1617.7,0,3007042409,1488252429,789.0,11039.0
38,1640.8,0,49769407,49814074,937.8,11416.0
39,1652.1,0,49789208,49717871,328.7,3640.0
40,1662.8,0,49771040,1243973909,465.8,5184.0
41,1695.9,0,1014110633,640712834,1062.3,13408.0
42,1778.4,0,49723539,49789704,322.5,3500.0
43,1803.8,0,49719415,49826564,546.3,7444.0
44,1992.9,0,49772964,49891103,723.5,8231.0
45,2005.3,0,9968466642,9124461219,442.4,5181.0
46,2013.1,0,1021561602,2616277023,313.0,3330.0
47,2034.8,0,3672563449,49896952,380.0,4238.0
48,2047.5,0,49765648,49821909,1550.9,21640.0
49,2085.2,0,49745193,49777470,735.5,8844.0
50,2102.8,0,7014093206,49754494,970.2,11375.0
51,2258.3,0,49780074,49763609,206.2,2448.0
52,2269.0,0,49773558,49753058,837.9,10098.0
53,2285.0,0,49845830,705734609,336.1,3700.0
54,2339.4,0,49863186,1468884920,1018.2,13795.0
55,2382.9,0,647619114,49777474,812.2,9808.0
56,2391.5,0,3358724774,3012784288,653.3,8248.0
57,2406.3,0,49882753,49898814,813.8,9829.0
58,2506.8,0,49764314,1493875536,669.6,8806.0
59,2518.9,0,49845830,49764467,363.3,4058.0
60,2538.6,0,49777546,4630137703,549.3,6887.0
61,2580.8,0,49767194,49740162,479.6,5479.0
62,2590.1,0,49770789,49812353,620.7,7233.0
63,2600.5,0,655442853,610608392,377.7,4360.0
64,2730.7,0,49745193,49746034,774.6,10516.0
65,2754.0,0,641087352,622721012,278.8,3121.0
66,2803.5,0,49777792,49759926,704.1,8822.0
67,2810.6,0,1447308555,49751512,149.1,1235.0
68,2822.0,0,49793773,9386480160,843.3,11112.0
69,2930.5,0,11261031488,49786045,691.5,7692.0
70,3072.3,0,49865234,49792438,439.0,4940.0
71,3083.8,0,4561710231,49745459,228.1,2632.0
72,3249.4,0,49744587,49745305,661.9,8872.0
73,3270.9,0,49745628,49782441,589.0,7407.0
74,3462.8,0,49776112,9526260023,279.0,3110.0
75,3489.0,0,3016605388,49819083,724.5,8395.0
76,3677.8,1,3001046648,1364971555,246.1,2716.0
77,3682.1,1,49729874,49755049,624.7,8337.0
78,3734.7,1,49770640,49793792,873.7,10832.0
79,3897.8,1,49809715,49763157,493.6,5611.0
80,3987.9,1,641116283,49760550,746.9,9694.0
81,3990.9,1,49770323,49777969,380.2,4393.0
82,4104.9,1,49777556,49812443,749.4,9115.0
83,4214.1,1,49743415,49749057,487.5,5446.0
84,4428.8,1,49778342,634784052,424.2,5042.0
85,4561.1,1,49809177,642604672,232.4,2608.0
86,4612.4,1,49820583,640712806,1079.1,13451.0
87,4647.3,1,49721610,2954221698,526.0,6417.0
88,4741.7,1,641116257,1574783762,540.7,7562.0
89,4793.6,1,5343232408,49789541,1034.8,12760.0
90,4848.7,1,49762191,49740477,290.2,3554.0
91,4935.3,1,7802243127,49837513,727.8,8427.0
92,5180.1,1,49745240,49735897,481.4,5398.0
93,5304.6,1,641128680,49744571,504.5,5866.0
94,5336.3,1,3125716147,49755515,657.2,8484.0
95,5352.0,1,49777795,1440867117,186.1,2120.0
96,5366.5,1,1060365691,49862640,1027.1,13245.0
97,5454.2,1,49762191,3656197330,739.8,9456.0
98,5474.4,1,49741730,49823153,310.1,3749.0
99,5594.5,1,49881497,49777416,122.8,1372.0
100,5597.5,1,3637842788,49791736,441.3,5623.0
101,5658.2,1,4695979927,49783881,724.9,8948.0
102,5691.8,1,49870270,647618716,453.4,5133.0
103,5715.5,1,49715981,49781417,1130.0,14006.0
104,5727.3,1,49772633,4695979927,397.7,4383.0
105,5973.9,1,49817092,49734611,548.7,6599.0
106,6020.1,1,49809715,49741033,355.9,3962.0
107,6217.2,1,49888300,49715981,483.2,6123.0
108,6367.1,1,49763640,49730798,381.1,4613.0
109,6417.8,1,49773543,6823343098,105.1,1193.0
110,6509.7,1,655442853,2974621123,508.6,5823.0
111,6574.7,1,49773647,641110826,416.2,4701.0
112,6587.2,1,49845837,49843809,329.8,3838.0
113,6826.2,1,49773539,49821453,525.1,7305.0
114,6897.6,1,635118613,49832844,264.1,3168.0
115,6930.4,1,641087352,5354789679,832.7,9213.0
116,6976.2,1,49741730,49817430,218.0,2464.0
117,7030.4,1,49752579,2136702412,623.8,7064.0
118,7050.8,1,49789369,49745098,354.2,4535.0
119,7361.7,2,49789379,49759844,11.6,155.0
120,7540.1,2,49824264,49798595,945.9,12837.0
121,7641.9,2,49827853,5519663699,144.5,1722.0
122,7751.8,2,49807256,49763049,155.8,1735.0
123,7792.6,2,5180966153,647044100,368.9,5095.0
124,7845.4,2,3016605388,49789492,373.3,4755.0
125,8067.5,2,49756297,49747486,889.9,10737.0
126,8121.5,2,1804420109,49827223,794.3,10295.0
127,8144.9,2,49783079,49790453,751.5,10104.0
128,8337.3,2,1381307995,49825121,256.2,2919.0
129,8545.2,2,49749851,49723302,708.4,7923.0
130,8766.3,2,49809200,49782082,145.8,1664.0
131,9067.9,2,49800282,49780533,370.5,4009.0
132,9357.8,2,49782277,49744850,343.9,3955.0
133,9582.0,2,49776461,49811183,935.1,11486.0
134,9888.4,2,1017489190,49729915,329.3,3599.0
135,9895.0,2,49739609,49735900,937.1,10954.0
136,9979.2,2,49770627,49813859,769.3,9977.0
137,10192.0,2,5128694815,49856283,726.7,8767.0
138,10348.4,2,49762210,49725530,779.1,8523.0
139,10406.9,2,49745335,49790576,1006.4,12227.0
140,10410.0,2,49770782,49819105,802.3,10105.0
141,10416.4,2,49741703,49753804,798.8,10010.0
142,10569.8,2,49778302,49843148,730.3,8489.0
143,10572.5,2,2974621123,49866317,872.1,12156.0
144,10772.6,2,49774093,5343233829,124.7,1414.0
145,10850.2,3,8288816498,49739448,988.6,10578.0
146,11318.0,3,49762191,4000786670,651.4,8072.0
147,11507.2,3,49721277,5446746057,469.5,5273.0
148,11626.8,3,4561710230,49758445,401.0,4467.0
149,11917.2,3,49848686,262542282,388.2,4503.0
150,12602.7,3,49853085,4807147204,18.5,207.0
151,13598.7,3,49803595,1375406091,599.6,6723.0
152,14298.6,3,4082394063,49853005,472.0,5634.0
153,14838.6,4,655442838,49819661,401.5,4580.0
154,14845.5,4,4001557203,647043651,316.1,3543.0
155,14871.8,4,647619114,49799147,189.3,2135.0
156,14874.6,4,5698252199,49789648,368.1,4513.0
157,15119.2,4,49749379,1443727066,430.6,5560.0
158,16222.8,4,49866935,49768203,533.8,5882.0
159,16492.0,4,49809715,49717975,173.1,1869.0
160,16839.6,4,5320434814,49777892,506.4,5679.0
161,16899.3,4,49756373,1459468250,976.7,12022.0
162,16975.5,4,49853094,49717262,740.9,8261.0
163,17060.3,4,49799643,3000563555,193.1,2294.0
164,17294.8,4,49820743,49789467,946.2,10639.0
165,18064.2,5,49873688,1379443774,511.3,5832.0
166,18089.5,5,49777696,640784730,560.6,6443.0
167,18381.2,5,49787863,49721268,696.0,7886.0
168,18392.9,5,49799808,49807555,554.2,7392.0
169,18505.2,5,49828695,2136710698,577.5,6740.0
170,18837.5,5,49774093,49800299,311.5,3592.0
171,18852.0,5,3000430293,10806883923,401.9,4149.0
172,18892.2,5,1502527108,49745282,469.0,5287.0
173,19031.2,5,49748716,1473899822,637.1,7782.0
174,19083.4,5,49773581,49767451,269.1,3008.0
175,19347.1,5,3240030410,11198100601,279.6,3048.0
176,19431.3,5,49741737,49731621,493.8,5794.0
177,19485.3,5,1017379708,49770627,153.6,1681.0
178,19508.8,5,49765113,647030742,282.9,3162.0
179,19533.2,5,49817091,1484481801,239.3,2815.0
180,19634.0,5,49787160,49825030,368.0,4749.0
181,19682.6,5,49881497,49866411,577.8,6318.0
182,19758.9,5,5698252199,49746423,215.6,2328.0
183,19910.8,5,49745207,49772313,489.1,5561.0
184,19998.7,5,4975093911,5558800238,132.5,1367.0
185,20145.8,5,5128694819,49811077,855.8,11237.0
186,20171.2,5,49882753,49861310,191.9,2147.0
187,20181.7,5,49770670,49760803,674.8,8736.0
188,20282.3,5,49745677,49763150,784.0,8827.0
189,20347.0,5,49769187,49747841,290.9,3219.0
190,20386.3,5,3012784293,49745137,716.3,8550.0
191,20685.7,5,701602949,49861091,285.5,3203.0
192,20825.1,5,49765234,49769313,754.6,9406.0
193,20868.5,5,49799147,49861165,318.7,3619.0
194,20895.7,5,49764791,49846140,422.2,5010.0
195,20939.6,5,641116283,49740442,431.1,5544.0
196,20985.9,5,49856113,641965296,535.3,6881.0
197,21123.0,5,49809721,49753990,656.3,8475.0
198,21123.9,5,958991607,705647622,488.2,5413.0
199,21329.3,5,49750009,49783144,901.6,10007.0
200,21339.2,5,638898885,3587925313,677.3,7641.0
201,21358.9,5,1618429530,49753649,410.8,4493.0
202,21440.2,5,49783079,9130918495,278.6,3598.0
203,21478.4,5,12292446080,49753547,443.2,5341.0
204,21676.1,6,982859843,13248733691,804.2,9374.0
205,21756.5,6,49853085,3012784293,129.5,1449.0
206,21777.3,6,1013429968,49734111,517.6,5873.0
207,21787.1,6,3240030410,49790021,793.9,9196.0
208,21792.2,6,8592032116,49791109,567.3,6465.0
209,21799.4,6,49865768,1363151543,32.5,360.0
210,21839.6,6,1443482419,49763357,892.0,10430.0
211,21904.2,6,49840739,9768681897,347.7,3744.0
212,21915.8,6,1740764624,49746697,448.1,4902.0
213,21942.2,6,49745628,876615199,74.6,894.0
214,21942.3,6,49777546,49782655,798.9,9447.0
215,21956.8,6,49770423,12974478445,78.7,837.0
216,21966.0,6,642044494,8549123231,622.7,9571.0
217,21979.0,6,49845830,49798108,356.8,3942.0
218,22015.8,6,641127587,49787863,284.6,3290.0
219,22021.6,6,49805505,2390759030,565.5,6474.0
220,22026.5,6,49772964,49777677,232.9,2610.0
221,22031.0,6,49756373,49808604,238.4,2775.0
222,22075.6,6,641073443,3390097469,480.6,5588.0
223,22084.4,6,641116184,49742366,363.4,4135.0
224,22094.7,6,49823986,49745161,625.5,7083.0
225,22103.2,6,49817406,49790968,298.1,3287.0
226,22117.9,6,49745232,4807040760,123.0,1370.0
227,22126.2,6,49792107,49765283,588.8,6967.0
228,22132.0,6,49779980,49809076,626.0,7222.0
229,22153.0,6,3012535014,49787118,341.6,4113.0
230,22167.4,6,49801673,49723017,196.2,2193.0
231,22195.9,6,49732272,49788702,312.7,3897.0
232,22216.6,6,1004809645,640712806,1224.2,15073.0
233,22228.7,6,49869068,3219165573,213.7,2446.0
234,22253.4,6,49782040,1364961100,225.8,2538.0
235,22328.7,6,49749379,49776228,745.5,9273.0
236,22437.3,6,3012535014,49748231,128.6,1516.0
237,22452.3,6,49784130,49759766,553.2,6799.0
238,22497.8,6,49782241,49851445,558.1,6875.0
239,22512.2,6,49839137,49771023,842.4,9749.0
240,22559.3,6,5180966153,647628098,279.9,3325.0
241,22573.9,6,1484481512,3531416325,507.2,5835.0
242,22625.0,6,49741715,1473898566,851.0,10172.0
243,22637.4,6,5128694815,49780915,172.1,1940.0
244,22668.8,6,49801058,49752512,702.0,8385.0
245,22717.2,6,49802301,647026153,651.1,7508.0
246,22732.0,6,49721610,3276948624,863.7,10601.0
247,22744.8,6,1381307998,49747882,555.2,6180.0
248,22779.0,6,49770179,49770805,412.7,4561.0
249,22782.1,6,1443482419,49751220,828.8,9272.0
250,22801.1,6,3125718572,49763632,657.9,7559.0
251,22911.1,6,49845919,1364989306,178.4,1998.0
252,22919.0,6,49772747,2921295150,282.2,3009.0
253,22923.0,6,49794626,3006169971,1048.0,12679.0
254,22945.0,6,9968466642,49856113,545.2,6372.0
255,22954.9,6,8592032116,49782082,320.5,3637.0
256,22966.1,6,1379471556,49848639,266.6,3034.0
257,22980.0,6,2795614002,49768691,848.0,9432.0
258,22986.3,6,49762264,1013396278,658.7,7273.0
259,23017.1,6,49743415,49800294,299.6,3338.0
260,23098.5,6,2502976209,49767420,339.5,3744.0
261,23100.8,6,49779896,49789541,452.4,5474.0
262,23107.0,6,49787863,1013367404,525.9,6052.0
263,23176.5,6,3672563449,49769182,31.4,336.0
264,23266.1,6,49787160,647030747,349.4,4006.0
265,23277.5,6,49770676,647026088,274.1,3088.0
266,23320.4,6,49799643,49739596,381.4,4169.0
267,23325.7,6,49770789,49769136,734.3,9696.0
268,23331.3,6,3012429028,1364961105,174.8,2039.0
269,23371.8,6,49793566,647622709,280.6,3070.0
270,23416.3,6,49762210,2921295181,436.3,4964.0
271,23451.2,6,49745335,49787785,318.6,3623.0
272,23481.5,6,49808183,49746194,884.7,10833.0
273,23485.5,6,3240030410,1375406095,221.4,2436.0
274,23517.8,6,49745628,49739307,311.3,3481.0
275,23527.6,6,49856113,49816436,380.6,4243.0
276,23529.8,6,49777795,49741182,329.4,3807.0
277,23590.8,6,49739609,49791888,607.2,6718.0
278,23633.8,6,49787863,49818956,320.3,3607.0
279,23656.4,6,49794206,49812378,730.4,8439.0
280,23660.7,6,49776031,49779896,58.9,667.0
281,23724.3,6,49719415,1467728485,965.2,12026.0
282,23728.1,6,1381204541,49841339,914.8,12305.0
283,23737.3,6,49774098,49764899,268.0,2935.0
284,23740.0,6,49810122,49811183,947.7,11780.0
285,23758.5,6,1379471556,49842979,131.4,1481.0
286,23811.8,6,49720045,49747457,925.3,11237.0
287,23818.2,6,49763609,641112572,438.9,5268.0
288,23878.5,6,49756297,49776919,662.6,6814.0
289,23902.4,6,49745240,49764397,52.4,622.0
290,23912.9,6,5128694819,49786358,1053.9,12956.0
291,23949.3,6,49787863,49744095,967.4,12507.0
292,23968.3,6,49773653,49788511,454.2,5344.0
293,24016.4,6,49866935,49796993,435.5,4847.0
294,24050.6,6,3372235139,49800299,643.2,7123.0
295,24068.7,6,9136825795,49782974,420.7,5313.0
296,24101.3,6,3670756345,49749379,278.5,3109.0
297,24183.9,6,49780562,49198976,639.0,7588.0
298,24212.6,6,1218534986,49754673,676.6,7600.0
299,24226.9,6,49774098,49789237,468.0,5362.0
300,24245.6,6,49869665,641127515,321.8,3618.0
301,24345.1,6,49773012,49791685,134.6,1581.0
302,24350.1,6,8530666832,49749416,768.6,9262.0
303,24387.6,6,49789379,49877989,490.9,6186.0
304,24404.4,6,3798943055,49778722,699.6,8379.0
305,24406.1,6,49820981,49836693,593.6,7216.0
306,24409.1,6,49724395,49772874,624.1,8047.0
307,24417.4,6,2440761314,49775483,105.5,1215.0
308,24462.4,6,1379471556,49792357,586.8,7140.0
309,24477.3,6,49770423,49747512,353.0,3848.0
310,24483.2,6,49764791,642817438,117.0,1450.0
311,24487.3,6,49839137,49761735,840.8,10147.0
312,24495.8,6,49802545,49742320,211.3,2539.0
313,24568.8,6,1491097176,2461134264,813.9,12118.0
314,24600.5,6,4807040759,49780230,399.5,4667.0
315,24636.9,6,12687209031,3001353539,687.2,8140.0
316,24654.8,6,49740442,49726882,222.8,2472.0
317,24661.9,6,49780562,49837462,589.3,6684.0
318,24664.1,6,49802301,49839158,707.4,8088.0
319,24687.3,6,1804420109,5703562302,422.3,4698.0
320,24698.6,6,49822928,9136682512,319.9,3559.0
321,24750.0,6,1447308555,49789277,364.0,3868.0
322,24834.1,6,49797596,9136682496,145.0,1614.0
323,24849.6,6,9968466642,9723923056,632.8,9519.0
324,24898.9,6,49805505,1013367366,511.7,5519.0
325,24915.5,6,49848293,49759678,542.7,5978.0
326,24929.4,6,1004839834,49754024,569.4,6499.0
327,24952.5,6,2502976209,49800294,305.5,3601.0
328,24969.4,6,49745468,49780329,190.7,2103.0
329,24970.1,6,49776047,49767368,758.4,9799.0
330,24970.1,6,4807040759,49859579,254.8,2975.0
331,25005.7,6,1381204541,49768408,475.2,5620.0
332,25015.9,6,49762191,49869576,683.2,7699.0
333,25024.3,6,49752628,705647757,676.4,7786.0
334,25052.0,6,49771030,647043964,768.0,9019.0
335,25126.5,6,49856112,49812339,113.9,1378.0
336,25151.9,6,49845830,640712577,1010.9,12607.0
337,25219.5,7,49833602,3000712327,359.0,4897.0
338,25226.3,7,3669554857,3372235145,662.8,7322.0
339,25238.6,7,4792249103,49774087,528.7,6032.0
340,25244.3,7,49741274,49730297,473.3,5281.0
341,25252.9,7,7802243127,49786453,268.2,3887.0
342,25289.4,7,49799643,49811182,748.1,8930.0
343,25304.4,7,49773012,49773891,604.4,8255.0
344,25329.8,7,49821658,49817394,354.1,4952.0
345,25330.2,7,1484482239,49822365,734.4,9005.0
346,25344.5,7,1013429968,49772891,179.0,1981.0
347,25352.5,7,49792123,9545143716,351.6,4518.0
348,25360.7,7,49745193,2305183793,98.9,1241.0
349,25386.0,7,49884234,49840020,539.9,6292.0
350,25396.2,7,49770680,49755544,783.9,9811.0
351,25400.0,7,49748212,49742623,269.9,2932.0
352,25406.0,7,3669554866,49791736,243.4,2777.0
353,25409.2,7,11261031488,49764785,132.8,1444.0
354,25459.4,7,49782369,1443727094,361.1,4370.0
355,25488.2,7,49764271,3415851740,343.1,4315.0
356,25502.8,7,1381204541,655662478,425.4,4898.0
357,25525.6,7,49749374,49775557,629.0,7381.0
358,25530.2,7,3027663729,2136710698,380.8,4331.0
359,25577.9,7,49745691,647628071,281.0,3157.0
360,25583.1,7,49745628,49790968,333.2,3884.0
361,25598.1,7,49773036,49770708,200.4,2271.0
362,25610.8,7,49802545,2896016983,636.8,8281.0
363,25617.1,7,1379505465,262542282,172.0,2034.0
364,25629.2,7,4000799765,49745667,339.8,3667.0
365,25630.8,7,2428508011,49823761,158.1,1766.0
366,25638.9,7,49855611,49816086,573.1,7789.0
367,25649.7,7,774340109,13437605383,321.0,3944.0
368,25682.7,7,49749851,646216520,413.1,4424.0
369,25709.7,7,49802301,13790270473,585.7,6773.0
370,25714.9,7,49774098,1493897776,450.6,5013.0
371,25722.5,7,49734802,647043785,479.4,6028.0
372,25734.4,7,633923936,49774098,463.3,5291.0
373,25742.4,7,49765155,49820874,637.6,7172.0
374,25753.0,7,49770670,49752811,617.7,7299.0
375,25758.8,7,49876468,1363151578,584.9,6219.0
376,25789.5,7,49772964,49773558,164.3,1858.0
377,25797.3,7,49782599,49813696,393.3,4841.0
378,25822.8,7,49748212,49765968,328.5,3575.0
379,25823.3,7,49770179,49730806,173.4,1894.0
380,25839.0,7,49745200,4807147204,95.3,1060.0
381,25851.3,7,49846816,49769594,377.6,4409.0
382,25860.7,7,49866935,647031927,591.6,6598.0
383,25889.8,7,8592032116,49745434,902.3,10946.0
384,25894.9,7,49789284,49764447,221.9,2404.0
385,25913.5,7,49789205,49801795,686.3,9127.0
386,25926.4,7,49855611,3670756359,93.8,1163.0
387,25952.6,7,3240030410,49837373,506.4,5775.0
388,25983.5,7,262430827,49777997,428.6,4944.0
389,26012.1,7,49775608,9480293897,404.6,4501.0
390,26038.3,7,3669554865,49739338,426.3,5183.0
391,26058.8,7,7319959761,9136839219,348.6,4330.0
392,26067.0,7,4082394063,49763115,612.2,6712.0
393,26077.2,7,49741695,647031903,343.3,3888.0
394,26174.7,7,49743955,49767420,543.9,6776.0
395,26200.9,7,49784130,49778437,352.6,3961.0
396,26201.1,7,6541847546,49782924,656.8,7386.0
397,26210.2,7,49756566,1012017754,692.8,8129.0
398,26222.1,7,1362307924,49837462,654.9,7393.0
399,26237.6,7,49809200,49797275,804.8,10366.0
400,26251.4,7,49741058,1243974177,363.6,4204.0
401,26263.3,7,49765245,2765545522,642.0,7588.0
402,26284.8,7,49792107,5563919611,298.5,3323.0
403,26286.9,7,49801673,49776370,915.7,10955.0
404,26296.9,7,49740442,3372443372,1078.2,12867.0
405,26307.1,7,49745628,49823707,677.9,7845.0
406,26319.5,7,1021561602,646216506,805.6,9947.0
407,26330.0,7,49764794,49806268,843.7,10464.0
408,26332.0,7,647619114,49764867,421.6,5483.0
409,26338.4,7,11198264287,49758528,474.6,6148.0
410,26341.3,7,49764251,49739819,330.8,3836.0
411,26402.9,7,49820583,49789333,414.7,4803.0
412,26418.4,7,49845830,49757862,1007.5,12250.0
413,26419.9,7,49770640,49734321,804.4,9897.0
414,26426.1,7,806521182,9676179712,230.0,2606.0
415,26498.4,7,49773070,49827112,187.9,2102.0
416,26513.7,7,655680824,49839158,350.1,4085.0
417,26519.8,7,49801673,641107672,250.3,3089.0
418,26540.1,7,49809177,49745374,511.0,5850.0
419,26596.2,7,1205178199,3006698832,738.1,8062.0
420,26613.3,7,49789496,49752504,1010.4,12955.0
421,26634.8,7,49848820,2428739670,709.8,8312.0
422,26654.5,7,49799643,49726889,182.0,2156.0
423,26671.6,7,641116194,49794630,712.7,8760.0
424,26682.5,7,49745243,634784052,276.3,3118.0
425,26706.2,7,4975093911,49824103,303.3,3304.0
426,26740.5,7,49825108,3376996930,275.1,3053.0
427,26753.1,7,49774091,2502976209,383.3,4234.0
428,26761.6,7,3672563449,5533679479,139.4,1523.0
429,26784.3,7,49764337,49750197,521.3,5996.0
430,26792.3,7,49797596,49764318,117.2,1306.0
431,26813.5,7,49820757,49797399,897.0,10091.0
432,26813.7,7,49720045,49745652,419.1,4388.0
433,26835.5,7,49750169,49779120,481.4,7333.0
434,26850.8,7,49770684,49850671,455.6,5148.0
435,26850.8,7,49787863,49860783,398.4,4817.0
436,26889.6,7,641116273,49895276,49.7,556.0
437,26906.9,7,10759641447,49798186,906.5,10670.0
438,26907.0,7,49799643,49851562,729.9,8936.0
439,26919.0,7,49745468,49773609,157.6,1643.0
440,26937.3,7,49764314,2377417311,327.0,3696.0
441,26964.7,7,49756474,2399740768,351.6,4065.0
442,26975.8,7,49817406,49738305,375.4,4148.0
443,26978.9,7,49809698,49780323,71.7,802.0
444,26995.7,7,262430827,1414228533,836.1,9496.0
445,27013.1,7,1017379708,49755563,714.0,9032.0
446,27016.3,7,49741058,49773557,255.7,2968.0
447,27017.2,7,49724395,49839247,330.2,3399.0
448,27030.1,7,49787863,10806883924,458.0,5147.0
449,27045.9,7,3415159798,49792806,212.4,2609.0
450,27073.0,7,49774088,49734492,421.2,4714.0
451,27090.3,7,49773647,49747844,135.0,1469.0
452,27113.1,7,49750169,5564258802,261.2,2927.0
453,27142.3,7,641116273,49749059,356.7,4156.0
454,27176.9,7,49777795,657211360,536.1,7291.0
455,27191.2,7,49767517,937306317,831.5,9719.0
456,27201.5,7,49810122,49841029,370.7,4743.0
457,27236.8,7,1004809645,3001431211,554.7,6220.0
458,27260.7,7,49845726,647619114,8.3,93.0
459,27260.8,7,49774098,49720590,298.5,3342.0
460,27280.9,7,49762191,1366288772,347.0,4083.0
461,27311.2,7,641116273,641965187,403.9,5269.0
462,27313.6,7,3012784293,49787261,724.6,8601.0
463,27317.7,7,2440761314,49866346,180.1,2019.0
464,27317.9,7,49888809,49761840,812.8,10837.0
465,27354.5,7,5445800908,49823835,695.0,8235.0
466,27363.0,7,1364987325,1364961101,148.3,1711.0
467,27381.3,7,49756474,49809762,282.4,3189.0
468,27399.6,7,3378222897,49784254,730.7,8268.0
469,27401.6,7,49719895,49755795,363.0,4455.0
470,27418.7,7,49839137,641110765,425.0,4761.0
471,27433.3,7,49825409,2456351004,817.2,9421.0
472,27453.6,7,49794626,49764451,543.9,6376.0
473,27468.0,7,49779980,9688260452,714.4,8001.0
474,27471.0,7,1443727088,49801031,574.5,6863.0
475,27481.6,7,641116273,641127814,104.9,1197.0
476,27484.7,7,958981230,1484481684,231.0,2715.0
477,27491.1,7,49740442,49789251,542.3,7265.0
478,27493.5,7,49782599,1013396952,415.7,5256.0
479,27495.3,7,2440761314,3781487711,367.4,4359.0
480,27507.2,7,49787785,49808761,953.5,11491.0
481,27532.6,7,49741703,1009113444,329.0,3691.0
482,27536.9,7,49780562,49748250,275.1,2940.0
483,27537.2,7,49780562,49782592,692.7,7558.0
484,27540.5,7,49749851,49809715,561.5,7754.0
485,27548.8,7,1014110633,49819549,446.5,5037.0
486,27554.8,7,49720045,49724031,350.1,4464.0
487,27562.6,7,49775514,49751220,620.9,6846.0
488,27596.5,7,1363937841,49771291,285.5,3052.0
489,27612.7,7,49770672,10020947582,702.3,9159.0
490,27669.9,7,3016605388,5558800273,290.2,3266.0
491,27675.6,7,49772964,49761441,744.5,9159.0
492,27713.2,7,49762264,49797006,257.0,2885.0
493,27719.2,7,1443727088,3370788199,756.8,8709.0
494,27727.2,7,641116215,1466445325,743.2,9952.0
495,27730.9,7,49773581,49774400,531.2,6236.0
496,27739.5,7,49833602,49839144,518.4,6183.0
497,27754.5,7,49773647,1364961095,221.0,2434.0
498,27755.7,7,4366096286,49772739,560.6,6203.0
499,27794.5,7,49764884,49734583,761.3,9628.0
500,27836.7,7,4792249103,49793546,341.8,3843.0
501,27841.5,7,49767194,49852295,572.6,7296.0
502,27844.6,7,642317837,49733721,274.7,3046.0
503,27852.1,7,49787863,49861165,289.8,3257.0
504,27873.7,7,49865817,11261031488,174.3,1955.0
505,27882.7,7,4561710231,49747285,533.5,6170.0
506,27899.9,7,49776916,49788104,830.0,9244.0
507,27919.2,7,49827624,49748097,355.1,3934.0
508,27941.2,7,49789275,49717612,520.5,6428.0
509,27946.5,7,49741730,49741107,392.6,4434.0
510,27967.1,7,49844851,49732422,219.1,2490.0
511,27979.6,7,9136825813,49746259,751.1,10053.0
512,27979.6,7,3669554874,49773055,199.3,2229.0
513,27996.4,7,49776112,49764447,368.7,4143.0
514,28012.7,7,447591561,641127521,548.5,6246.0
515,28015.2,7,11332977605,49775514,186.3,2125.0
516,28022.7,7,5698252199,8530666836,907.8,11086.0
517,28034.8,7,49888809,3282259542,135.0,1566.0
518,28079.5,7,7319959761,49752811,937.3,10759.0
519,28083.5,7,49762210,49848490,698.0,8874.0
520,28085.3,7,774340109,2900167803,607.2,7542.0
521,28171.4,7,3016605388,5851387630,198.9,2210.0
522,28177.8,7,3240030410,9770641090,904.9,11004.0
523,28210.7,7,49847649,49766029,575.1,6327.0
524,28212.8,7,3012429028,10724747584,662.6,7865.0
525,28214.6,7,3012429028,49741174,362.6,4272.0
526,28216.7,7,6796840445,2440761314,296.8,3488.0
527,28220.7,7,49775993,49790050,456.6,5151.0
528,28231.2,7,49774098,49778437,64.1,746.0
529,28236.9,7,655442853,49720045,995.4,11292.0
530,28240.1,7,49740439,49719440,945.8,11843.0
531,28257.9,7,49820583,1804420112,198.6,2268.0
532,28261.0,7,3669554857,49772839,659.0,7685.0
533,28264.1,7,49744587,49755118,313.4,3303.0
534,28267.3,7,49770423,49858017,39.2,395.0
535,28283.6,7,49767517,49766009,422.5,4856.0
536,28320.5,7,655442840,49794220,136.0,1540.0
537,28365.1,7,49820743,1379442040,469.8,5462.0
538,28382.9,7,49750332,49789237,521.4,6955.0
539,28391.1,7,49741274,876615209,206.1,2307.0
540,28429.3,7,49800755,49741182,860.1,9704.0
541,28452.0,7,49820874,9088107710,446.5,4981.0
542,28465.6,7,49882753,49781706,1003.3,13595.0
543,28474.4,7,641116203,49816155,850.0,10543.0
544,28478.3,7,4935980603,49896765,780.2,9561.0
545,28502.4,7,3125718572,10806883921,476.6,5023.0
546,28506.4,7,49770676,3021624703,403.8,4940.0
547,28515.8,7,49797051,49755544,814.5,10154.0
548,28538.9,7,1484331315,49801066,1339.3,16178.0
549,28540.1,7,647619114,49820506,128.9,1508.0
550,28586.1,7,8903139403,2921295164,271.7,3396.0
551,28605.7,7,49745240,49768453,121.4,1258.0
552,28650.3,7,49768181,11198265615,517.5,5931.0
553,28667.6,7,49777792,633026579,309.0,3531.0
554,28691.3,7,4792249103,49769187,326.4,3574.0
555,28728.1,7,49745636,4001037468,246.0,2823.0
556,28728.7,7,49743415,5558800238,155.4,1628.0
557,28734.5,7,49749838,49868820,485.1,5398.0
558,28744.5,7,5698252199,49823775,591.0,6539.0
559,28760.9,7,3670756345,49733731,602.0,8560.0
560,28765.2,7,4697534335,49789284,421.6,4730.0
561,28783.7,7,49762383,49813839,818.2,10208.0
562,28789.3,7,49746547,49748250,479.5,5567.0
563,28796.8,7,49745240,49778964,197.2,2173.0
564,28804.4,8,49750009,49798512,465.8,5121.0
565,28806.0,8,49762191,49763777,645.3,7401.0
566,28814.4,8,3012429028,49730684,539.6,6186.0
567,28816.2,8,49765018,49798191,145.7,1598.0
568,28817.1,8,8299152846,49892640,493.5,5761.0
569,28833.3,8,49793566,634011173,244.5,2707.0
570,28844.9,8,49762207,49769366,627.6,8025.0
571,28859.7,8,49804146,49823182,543.1,6002.0
572,28863.6,8,49821002,49787487,284.2,3196.0
573,28865.4,8,655661924,49770684,391.4,4587.0
574,28868.5,8,13790612928,49772909,576.5,6347.0
575,28883.3,8,3001375539,49852986,709.4,8386.0
576,28906.6,8,49774098,49741165,310.5,3396.0
577,28907.4,8,49770789,49806678,694.9,8233.0
578,28912.6,8,5698252199,49776919,151.3,1602.0
579,28929.0,8,49817091,9124461219,418.9,5152.0
580,28933.1,8,49777792,1364971555,212.8,2424.0
581,28947.4,8,814299111,3667950074,528.7,5605.0
582,28947.9,8,3027832454,49773386,675.7,8345.0
583,28962.6,8,49816388,49878967,259.9,2953.0
584,28970.5,8,49827853,3012829798,327.6,3633.0
585,28974.8,8,49770423,9752208329,658.0,7884.0
586,28975.3,8,49772987,49734615,365.4,4119.0
587,28976.3,8,49852910,9545143715,495.9,5787.0
588,28981.9,8,3012784293,49829354,325.6,3589.0
589,28983.5,8,9592908693,49741182,551.4,6191.0
590,29017.9,8,4270790281,49781673,372.5,4835.0
591,29035.9,8,1004263862,2960257404,733.2,8315.0
592,29041.8,8,3027665453,49770703,156.8,1788.0
593,29058.6,8,11261031475,49873649,515.4,5736.0
594,29081.2,8,3001016717,2748976055,194.0,2147.0
595,29105.3,8,49848293,49781692,945.8,10513.0
596,29105.3,8,4935980603,4618716073,473.4,6282.0
597,29138.7,8,49752579,49720010,750.4,9627.0
598,29149.1,8,3012429028,49837162,768.3,9157.0
599,29156.1,8,49793549,49896776,514.5,5919.0
600,29159.5,8,4000799765,49718413,64.3,626.0
601,29161.4,8,1439584651,9908447530,355.5,4061.0
602,29166.8,8,1379495867,639446410,550.2,8566.0
603,29170.8,8,49779980,655447494,651.2,8027.0
604,29176.6,8,49764374,49766029,479.2,5560.0
605,29193.4,8,49776916,49824135,393.2,4282.0
606,29198.3,8,1618429530,49761630,971.3,12143.0
607,29198.5,8,49845830,49842220,469.3,5456.0
608,29201.8,8,49822884,49746449,577.9,6536.0
609,29203.5,8,655661924,49817489,399.7,4619.0
610,29234.4,8,49809189,49811508,450.1,4943.0
611,29245.9,8,49773539,49778937,339.2,4073.0
612,29253.7,8,2696812482,49759660,350.3,4069.0
613,29256.9,8,1474747464,49822464,831.2,9998.0
614,29272.0,8,49825409,49772874,222.8,2171.0
615,29283.7,8,1443482419,49775483,275.4,3193.0
616,29292.6,8,49853085,49734616,200.2,2214.0
617,29296.1,8,49756297,49783998,1330.7,15605.0
618,29297.5,8,49787884,641110773,254.7,3301.0
619,29317.4,8,701602949,49844276,663.5,8484.0
620,29337.7,8,49770676,49791004,576.8,6556.0
621,29341.6,8,49787890,1467728483,1081.7,13372.0
622,29359.6,8,49810122,49801406,524.9,7016.0
623,29377.1,8,49787160,3001305333,252.4,3047.0
624,29385.9,8,49809721,49774761,453.2,4980.0
625,29386.3,8,49770323,49763154,411.6,4720.0
626,29395.1,8,1804420112,49761668,445.8,4921.0
627,29395.8,8,49753516,49813496,426.1,4703.0
628,29422.6,8,49773590,49790298,399.4,4442.0
629,29442.4,8,641116213,13607253872,351.7,4137.0
630,29446.2,8,1502527108,9752021287,992.1,12156.0
631,29466.6,8,49783079,49774928,195.4,2099.0
632,29468.8,8,641116273,6799800703,785.1,8607.0
633,29475.3,8,3001046648,49749077,493.6,5805.0
634,29478.0,8,49787453,49846738,167.5,1872.0
635,29508.3,8,49742771,49882303,537.7,6002.0
636,29518.4,8,49820583,49760348,743.5,8837.0
637,29527.1,8,1381216023,647043808,403.1,4619.0
638,29527.5,8,49748151,49761501,602.0,7348.0
639,29535.8,8,49845837,49838764,532.0,5947.0
640,29544.5,8,49894515,4015360172,318.5,2961.0
641,29545.3,8,49745200,49796993,64.6,723.0
642,29563.7,8,9136825795,49769028,735.8,9924.0
643,29578.9,8,49745628,1017489190,244.2,2790.0
644,29621.7,8,4082394063,49715918,383.2,4208.0
645,29632.6,8,49777795,1017489190,215.3,2480.0
646,29644.3,8,49765167,49765285,367.8,4098.0
647,29646.3,8,3016605388,49749085,398.3,4466.0
648,29655.6,8,4935980603,49748212,246.7,3470.0
649,29668.9,8,774340109,11275506481,751.6,9314.0
650,29669.9,8,1381204541,49749755,761.1,9737.0
651,29672.9,8,4635639617,3665019989,404.4,4547.0
652,29676.9,8,3027663729,49819549,314.1,3581.0
653,29682.9,8,49848686,49739844,863.9,10233.0
654,29685.8,8,49796229,49810893,669.2,8035.0
655,29708.8,8,3005831881,49792245,327.9,4835.0
656,29711.7,8,49799147,49754499,612.1,6862.0
657,29713.2,8,655442838,49763401,903.1,10627.0
658,29715.3,8,49855599,49787486,373.3,4312.0
659,29734.0,8,49770708,49787504,148.7,1634.0
660,29737.3,8,49716899,49797715,143.6,1619.0
661,29752.3,8,3669554874,49773008,84.8,944.0
662,29783.5,8,49756373,49871743,103.0,1164.0
663,29789.4,8,49888809,12629467071,135.6,1553.0
664,29801.2,8,49870940,49758552,250.2,2806.0
665,29819.7,8,49776461,49761382,584.7,6600.0
666,29824.3,8,49745129,13437605383,974.8,11756.0
667,29861.1,8,49781395,49843692,788.5,9082.0
668,29861.2,8,49799643,647628071,93.7,1063.0
669,29865.7,8,1381307998,49850735,525.0,5967.0
670,29866.9,8,5698252199,641127521,366.9,4193.0
671,29876.2,8,49810876,49837373,566.1,7736.0
672,29877.8,8,647043625,3661066118,680.3,8535.0
673,29887.5,8,49745468,49844386,446.7,4836.0
674,29896.1,8,49827624,49774859,355.0,4018.0
675,29925.3,8,3798943060,49801479,1331.5,15832.0
676,29941.8,8,641116194,49803424,497.2,5560.0
677,29943.5,8,655680824,49734729,363.2,3992.0
678,29946.2,8,49809200,49756497,388.3,4386.0
679,29948.9,8,49758271,49840836,344.1,3889.0
680,29961.0,8,10181394607,1004313285,653.8,7226.0
681,29961.0,8,9676179707,49770639,230.7,2569.0
682,29971.2,8,3005831881,49760727,380.7,5632.0
683,29990.6,8,49741673,3665019995,575.8,7059.0
684,29999.1,8,49827853,49853085,416.1,4675.0
685,30021.6,8,49848293,49761412,1311.1,15722.0
686,30022.1,8,1381216023,641939695,374.9,4726.0
687,30030.9,8,49745677,49773077,338.4,4058.0
688,30035.9,8,49797051,3372235145,676.5,7761.0
689,30047.3,8,4935980603,49745186,379.6,5070.0
690,30047.4,8,49777792,49789284,412.1,4906.0
691,30052.9,8,49774081,49780078,262.1,2997.0
692,30101.5,8,5128694819,49808277,414.1,5626.0
693,30115.4,8,49787160,12864732635,495.7,5652.0
694,30136.5,8,2974621123,6773125512,821.8,10291.0
695,30141.7,8,49787160,49755047,402.8,4884.0
696,30157.7,8,3005831881,49740516,365.8,5489.0
697,30157.9,8,49739559,641965104,300.8,3465.0
698,30164.6,8,49770423,49731508,516.7,5821.0
699,30184.2,8,49787785,49715932,620.5,7025.0
700,30212.5,8,2616277014,646031300,442.4,4681.0
701,30218.8,8,49745629,49847434,362.8,4067.0
702,30218.9,8,49820757,49843191,517.5,6093.0
703,30220.7,8,49773055,49807568,429.6,5747.0
704,30222.0,8,49762191,49775877,870.8,10089.0
705,30226.2,8,49722409,3278874804,857.5,9673.0
706,30229.0,8,2956751419,49769126,602.8,7783.0
707,30244.9,8,11332977605,5563919620,471.0,5934.0
708,30257.5,8,646190646,49770670,602.0,7800.0
709,30268.6,8,641127587,49752775,564.9,6270.0
710,30268.7,8,49810876,3667950081,428.2,5089.0
711,30272.9,8,49809189,638898885,542.1,6377.0
712,30281.7,8,49775514,49789196,170.5,2032.0
713,30288.8,8,49729874,49760309,497.9,5817.0
714,30290.5,8,1440867110,49892627,824.4,10545.0
715,30299.8,8,2502976209,49827223,376.2,4249.0
716,30309.4,8,49794431,49761355,43.4,485.0
717,30313.4,8,49820583,911590642,521.5,5903.0
718,30352.8,8,2974621123,49809715,158.9,1802.0
719,30358.7,8,49764374,49788695,148.9,1765.0
720,30378.2,8,49724395,4000786670,879.2,11652.0
721,30419.5,8,49774794,49844794,180.5,1964.0
722,30431.8,8,5128694815,2765102989,925.3,12196.0
723,30436.0,8,4695979927,3372235135,331.3,3600.0
724,30438.4,8,49752628,3657249998,417.4,4613.0
725,30458.8,8,1363151551,49772078,751.9,9714.0
726,30473.9,8,4082394063,49783159,559.5,6562.0
727,30483.5,8,49774087,49823944,658.0,7589.0
728,30486.3,8,49724395,49824184,188.5,1990.0
729,30491.3,8,49735120,641964786,587.2,9604.0
730,30514.5,8,49764791,49773031,198.8,2199.0
731,30527.5,8,49764791,1443726990,920.5,12618.0
732,30533.4,8,3013484875,49763147,387.8,4273.0
733,30562.2,8,49748151,49788109,926.0,10060.0
734,30562.9,8,49741703,8428432589,678.9,8775.0
735,30583.8,8,1021561602,5698252199,123.8,1243.0
736,30588.9,8,655680824,4453817115,233.5,3325.0
737,30626.3,8,49779896,49853337,478.1,5929.0
738,30629.4,8,1618429530,3379821559,353.4,3878.0
739,30645.8,8,1381216023,49717397,660.6,7610.0
740,30652.5,8,49863186,49752833,527.8,6800.0
741,30652.7,8,11460035915,49745225,123.0,1448.0
742,30657.9,8,3012535014,642604672,145.7,1732.0
743,30661.3,8,2927473060,12497001319,356.8,3575.0
744,30672.8,8,49774087,49792943,736.8,8770.0
745,30679.2,8,3012829811,49722458,739.1,9067.0
746,30706.4,8,49741710,49760309,347.8,3838.0
747,30711.1,8,49741695,1462032494,774.7,10738.0
748,30730.3,8,2046464958,49797460,891.3,12313.0
749,30747.1,8,49734621,49767391,604.7,6784.0
750,30752.5,8,49741695,1379549941,58.8,642.0
751,30790.4,8,1362307924,49765884,607.3,7444.0
752,30792.7,8,49782369,2999157115,573.9,6810.0
753,30799.7,8,49752621,3000233147,578.5,6987.0
754,30821.4,8,49747457,647594353,180.0,1936.0
755,30823.8,8,11198264296,49796729,683.9,9365.0
756,30841.0,8,49749106,3531416325,109.7,1249.0
757,30849.2,8,49816388,49793983,377.5,5016.0
758,30851.8,8,706911255,49790053,658.4,7482.0
759,30869.5,8,49748460,1443727013,1022.1,13986.0
760,30891.6,8,4792249103,768973159,96.5,1067.0
761,30903.2,8,49776461,1218534946,747.6,8687.0
762,30904.7,8,3670756359,49761412,629.4,7521.0
763,30924.7,8,655661924,49853042,323.3,3671.0
764,30925.2,8,49756578,49776228,577.4,7393.0
765,30926.7,8,641116226,2765545529,577.9,6977.0
766,30937.8,8,1017379708,49830546,392.8,4751.0
767,30940.4,8,4001002050,49771477,349.7,3896.0
768,30942.8,8,49745240,49801312,396.3,4711.0
769,30944.6,8,3005831881,49892045,784.1,10106.0
770,30962.6,8,49764341,2956751427,325.6,3829.0
771,30966.4,8,49720045,49796036,196.3,2027.0
772,30972.3,8,49770782,49723264,642.4,7465.0
773,30991.5,8,4695979927,11608896680,212.5,2326.0
774,30998.8,8,1004263862,3665453339,442.4,4820.0
775,31020.3,8,49758282,49746639,788.9,8661.0
776,31028.8,8,49778050,49739695,497.4,5583.0
777,31032.5,8,49799643,3665453345,705.1,7582.0
778,31038.5,8,49787863,9088107698,117.6,1320.0
779,31038.8,8,49762210,49747331,655.9,7729.0
780,31084.3,8,49776031,49803299,613.2,7264.0
781,31149.1,8,49769407,49776420,347.2,4668.0
782,31150.5,8,4629699772,49783893,809.3,10155.0
783,31152.4,8,9136825813,49744693,540.8,6001.0
784,31189.0,8,49752621,49748231,404.0,4606.0
785,31217.8,8,12292446080,641116243,550.2,6676.0
786,31228.6,8,49820874,12687209031,232.0,2684.0
787,31231.1,8,3005831881,49762880,342.9,4560.0
788,31238.2,8,49745676,1364961115,399.0,4349.0
789,31239.4,8,3240030410,655442859,238.0,2885.0
790,31257.3,8,5698252199,49754661,228.8,2488.0
791,31259.7,8,49845830,49727513,184.3,2001.0
792,31264.4,8,3001016717,49744095,562.0,7474.0
793,31295.1,8,49789379,49764858,785.7,10560.0
794,31313.5,8,49765155,49726541,531.9,6639.0
795,31323.2,8,2921295172,49774356,415.6,4539.0
796,31349.1,8,9676179707,49765989,509.1,5763.0
797,31356.9,8,49779896,49767517,501.7,5775.0
798,31361.6,8,49741730,1443482364,452.2,5137.0
799,31367.7,8,49855611,647044670,297.2,3457.0
800,31383.5,8,49820714,49793936,1034.0,12043.0
801,31389.5,8,49780074,645963548,102.0,1078.0
802,31410.7,8,49799808,49720590,296.9,3618.0
803,31412.8,8,3669554865,49768408,323.1,3923.0
804,31432.1,8,1379471024,49726338,334.2,3811.0
805,31440.6,8,49881497,49839771,323.5,3177.0
806,31446.5,8,49762191,49779778,555.2,7058.0
807,31458.9,8,641939501,49777169,339.5,4768.0
808,31462.0,8,49865768,262550683,203.6,2304.0
809,31470.2,8,49770670,10806883922,414.9,4533.0
810,31472.3,8,4082394063,49771208,159.6,1819.0
811,31477.0,8,49803595,3219165573,279.7,3068.0
812,31507.1,8,49809698,49765824,335.3,4165.0
813,31512.6,8,49775514,641112572,393.5,4602.0
814,31530.3,8,9676179707,49844943,299.1,3356.0
815,31536.1,8,49881497,49741041,716.3,8311.0
816,31553.3,8,49773526,49826848,398.8,4382.0
817,31580.5,8,49774098,49755110,658.1,7332.0
818,31582.6,8,49793549,49772313,313.7,3541.0
819,31585.4,8,3669554865,49745240,216.3,2430.0
820,31598.4,8,49762191,49723133,147.2,1641.0
821,31610.1,8,49782349,641107616,630.6,7198.0
822,31618.7,8,49746547,49813404,442.1,4892.0
823,31621.8,8,49833602,49745667,913.2,11756.0
824,31635.3,8,49745629,49764496,479.0,5494.0
825,31651.1,8,49765155,49838758,428.5,4779.0
826,31657.3,8,49787486,49850669,455.5,5141.0
827,31665.7,8,49837606,49816236,981.9,12217.0
828,31673.2,8,4561710230,49767662,729.6,9612.0
829,31677.2,8,49848662,13179482138,297.0,3354.0
830,31683.1,8,5698252199,49813472,95.7,1047.0
831,31687.4,8,49805505,49816895,1048.3,12617.0
832,31706.8,8,641116226,49853489,641.4,8392.0
833,31727.4,8,49787160,49741043,189.8,2138.0
834,31732.7,8,49858149,49745284,405.2,4915.0
835,31761.3,8,49719895,49789376,477.4,5782.0
836,31810.5,8,49741730,49792806,407.0,5534.0
837,31828.3,8,49743231,4015360172,427.7,5579.0
838,31844.9,8,1060365691,49772863,858.2,10132.0
839,31847.3,8,1804420109,49818900,278.1,2893.0
840,31858.0,8,49780562,11275506478,910.6,11146.0
841,31864.8,8,49776031,49741043,424.1,4661.0
842,31867.0,8,49847837,641128680,370.8,4325.0
843,31870.0,8,49729182,49744012,680.2,8481.0
844,31872.0,8,49741058,49817948,870.0,9818.0
845,31872.1,8,2629963167,49773461,679.4,8649.0
846,31879.8,8,3240030410,1574783762,350.7,4165.0
847,31889.3,8,49787890,49726427,455.6,4638.0
848,31892.3,8,49770423,49768181,406.4,4642.0
849,31906.0,8,641116270,12497001319,270.5,3087.0
850,31915.6,8,49803721,49718701,642.6,7975.0
851,31916.1,8,655442838,49755611,544.9,7185.0
852,31946.0,8,11261031486,5993559715,173.2,1920.0
853,31947.5,8,49824748,49821453,737.7,9646.0
854,31948.5,8,49770782,49776244,855.1,10510.0
855,31956.2,8,49809177,49749097,364.2,4204.0
856,31962.1,8,49809177,3006713664,434.5,4985.0
857,31969.4,8,49776047,3001375547,377.5,4215.0
858,31971.7,8,2896020586,49753892,1118.2,13739.0
859,31991.6,8,1379471556,49769126,836.6,10648.0
860,31995.3,8,49793549,49791761,289.1,3198.0
861,32002.8,8,49870940,49741828,750.2,8877.0
862,32004.1,8,49745651,49716093,527.1,5727.0
863,32024.3,8,49762286,49824135,312.0,3607.0
864,32026.0,8,3016708830,49823001,772.0,8819.0
865,32029.2,8,3672563449,5678291406,248.9,3189.0
866,32030.3,8,49848686,49799808,364.6,4161.0
867,32045.9,8,8427531415,641965151,220.4,2812.0
868,32049.2,8,49860783,49739598,1023.6,11844.0
869,32054.3,8,49858017,12250696725,867.5,9489.0
870,32072.6,8,655442853,49745415,864.7,10524.0
871,32085.3,8,49801673,1243974324,142.9,1447.0
872,32095.1,8,49745651,49754162,699.7,8632.0
873,32107.7,8,49745232,49745186,82.9,927.0
874,32107.8,8,49763775,49749085,508.7,6081.0
875,32128.9,8,1362307924,646076994,788.0,9477.0
876,32149.4,8,49745628,647053797,420.3,4811.0
877,32167.4,8,1364987325,49731654,549.9,6512.0
878,32189.5,8,49777546,49770639,453.9,5361.0
879,32230.8,8,49745650,653947544,957.1,12077.0
880,32237.6,8,49745676,11267614267,188.2,2056.0
881,32239.3,8,4935980603,49828440,594.5,7641.0
882,32253.2,8,49796229,49841343,1432.2,19005.0
883,32253.6,8,49722409,10088243535,835.4,9878.0
884,32255.2,8,6799665639,1364961107,330.1,4157.0
885,32261.6,8,814299119,646190628,635.1,7411.0
886,32320.5,8,3027832454,647043825,328.5,3753.0
887,32325.2,8,49809715,49871111,812.6,9937.0
888,32336.5,8,49829250,49830548,455.2,5584.0
889,32340.3,8,49863186,655447275,644.0,8321.0
890,32344.4,8,49882753,49838685,413.5,4550.0
891,32344.7,8,49808183,49716219,674.0,7415.0
892,32347.9,8,2975016185,49781395,861.9,10847.0
893,32370.4,8,49773653,49877664,949.5,11402.0
894,32375.1,8,49809698,1496803767,779.6,10166.0
895,32380.9,8,9968466642,49752667,677.3,7878.0
896,32391.3,8,49741695,49763004,744.5,9347.0
897,32395.5,8,1804420112,49846387,224.8,2526.0
898,32401.9,9,1014110633,49780097,324.2,3611.0
899,32403.8,9,3670756345,49758250,353.6,3828.0
900,32408.3,9,8592032116,49787645,503.7,5966.0
901,32427.0,9,49749379,49748287,424.8,4725.0
902,32471.2,9,2896020586,49857234,1121.3,12484.0
903,32483.6,9,49773543,49715981,475.9,5636.0
904,32495.7,9,3378222897,1492729466,493.5,6686.0
905,32508.2,9,49820743,49801483,1178.0,14144.0
906,32525.4,9,9723903189,49726534,1174.9,14311.0
907,32544.9,9,49762207,642586207,137.7,1528.0
908,32578.1,9,49745214,49763666,246.5,2832.0
909,32580.4,9,2502976209,5563919611,503.8,5629.0
910,32585.1,9,49770755,49745519,760.2,9273.0
911,32590.1,9,3669554866,705647749,415.6,4451.0
912,32614.2,9,49762383,49776463,281.0,3257.0
913,32623.4,9,1379471223,49761664,470.6,5206.0
914,32637.9,9,49738093,49823851,453.1,5283.0
915,32643.1,9,49770179,49773577,221.0,2719.0
916,32650.7,9,49809698,4120116285,253.9,2814.0
917,32709.5,9,49782349,49843011,368.0,4574.0
918,32730.2,9,49837606,49777174,232.9,2643.0
919,32733.9,9,49745188,49746119,854.3,10161.0
920,32742.7,9,49770789,49763869,621.5,7312.0
921,32745.9,9,49745193,49790025,314.0,3518.0
922,32802.6,9,3669554857,646031404,311.0,4064.0
923,32816.5,9,3012784293,645963548,66.6,743.0
924,32828.1,9,49865234,1496803767,558.5,6751.0
925,32828.2,9,49745200,49883050,711.6,8574.0
926,32852.4,9,49715981,49888305,511.1,6525.0
927,32852.9,9,655442853,49801283,774.1,9318.0
928,32864.5,9,49764791,49843971,489.9,5903.0
929,32865.7,9,49822338,49734598,411.9,4725.0
930,32874.3,9,49740448,49820496,582.2,7195.0
931,32894.0,9,655442852,7263569660,387.0,4556.0
932,32896.8,9,3415159798,49772535,522.3,6860.0
933,32898.0,9,49780558,49848420,655.5,8609.0
934,32899.2,9,49774098,49803568,559.2,6443.0
935,32918.1,9,806521182,49861091,356.7,4000.0
936,32928.7,9,655442847,49761375,534.9,6074.0
937,32948.4,9,49817254,49881791,601.0,6802.0
938,32950.4,9,49849239,49790029,418.2,4644.0
939,32952.7,9,49797586,49810434,350.1,3906.0
940,32954.3,9,49769187,49804664,564.3,6365.0
941,32980.5,9,11261031471,641111009,140.2,1581.0
942,32988.9,9,49745207,641107677,317.7,3941.0
943,33003.7,9,49721610,49746194,811.1,10059.0
944,33004.8,9,3011565329,49745393,651.5,7782.0
945,33019.1,9,1017379708,49749057,240.7,2639.0
946,33031.2,9,49810122,49810034,400.8,4618.0
947,33034.6,9,642885424,641111009,655.7,7706.0
948,33034.9,9,49849239,49764326,480.0,5438.0
949,33038.0,9,49801058,49828453,564.2,6196.0
950,33074.1,9,49740442,49776145,553.2,7018.0
951,33092.3,9,655442838,49749059,622.0,7026.0
952,33093.3,9,49773557,49757879,822.9,9919.0
953,33103.8,9,49769187,49866407,56.1,627.0
954,33112.1,9,4635639617,49786472,762.5,9502.0
955,33129.1,9,701602949,49715981,418.3,4822.0
956,33147.8,9,3013484854,49758513,258.3,2960.0
957,33150.2,9,49762210,49812339,368.4,4411.0
958,33163.0,9,49756474,49719436,256.4,2987.0
959,33164.2,9,49839137,49755648,583.6,7580.0
960,33174.6,9,3669554874,11263106392,190.0,2116.0
961,33187.9,9,49745240,49852342,834.2,10715.0
962,33189.1,9,1017379708,49759650,209.7,2427.0
963,33194.9,9,49741058,49750206,677.6,7817.0
964,33264.8,9,49745240,13610567869,338.3,3936.0
965,33279.1,9,3240030410,3012784288,158.3,1785.0
966,33281.3,9,49740442,49790453,471.4,6434.0
967,33288.0,9,4629699772,49794324,727.5,9439.0
968,33294.3,9,49820757,49803409,958.8,10728.0
969,33311.5,9,1440867110,5445468722,797.5,10802.0
970,33318.4,9,49777712,49745459,415.1,4737.0
971,33326.8,9,3125716147,49825142,554.2,6926.0
972,33328.1,9,49853037,3370866916,411.5,4973.0
973,33336.7,9,49741104,641939695,369.4,4212.0
974,33374.3,9,49780078,49740160,345.3,3941.0
975,33374.5,9,49844851,49780323,106.4,1189.0
976,33390.5,9,3672563449,49825155,322.0,3578.0
977,33411.2,9,4561710230,49731126,361.0,4369.0
978,33420.7,9,6777089504,49793892,712.8,9497.0
979,33440.7,9,49752584,49766981,420.5,4245.0
980,33441.6,9,9136825813,49795422,778.6,9590.0
981,33488.9,9,1379471556,49788195,502.4,5606.0
982,33533.1,9,1017391974,49773577,42.5,462.0
983,33546.0,9,3001288930,49797401,226.5,2578.0
984,33549.0,9,49817092,49740703,898.5,10267.0
985,33553.8,9,3000430293,49770661,295.8,3256.0
986,33557.5,9,49870270,49827938,160.1,1787.0
987,33557.6,9,49773539,4459063256,639.5,7490.0
988,33560.0,9,3012535014,49804041,604.2,7515.0
989,33575.6,9,1014110633,49797713,262.6,2857.0
990,33602.8,9,49789205,49789663,403.7,4711.0
991,33610.1,9,642044494,49797015,737.1,10901.0
992,33629.0,9,49764904,49791761,571.9,7155.0
993,33632.5,9,49853094,49824184,344.5,3812.0
994,33632.7,9,49770782,49756802,713.7,10043.0
995,33633.8,9,49762221,49825434,690.3,7487.0
996,33672.0,9,13686935904,49813859,481.6,6773.0
997,33718.8,9,49741737,10148005826,272.7,3095.0
998,33724.5,9,1443482419,49768414,113.1,1417.0
999,33787.3,9,49758271,49750219,527.3,6557.0
1000,33804.2,9,49734621,49752200,421.2,4542.0
1001,33814.5,9,49763609,49829335,446.2,5130.0
1002,33814.5,9,49745335,10992264213,364.2,4166.0
1003,33820.1,9,3000233170,49789275,569.8,6845.0
1004,33834.6,9,49763606,49859763,197.0,2182.0
1005,33838.8,9,1804420109,49797150,324.9,3624.0
1006,33840.2,9,2975016185,49811825,797.4,9522.0
1007,33841.6,9,49842417,1468892578,652.0,9237.0
1008,33851.3,9,49802545,1459468250,753.9,9568.0
1009,33869.4,9,3013484875,1443727085,408.0,4715.0
1010,33875.9,9,49721610,1497983555,761.1,9542.0
1011,33900.0,9,3001016695,1375406095,239.3,2663.0
1012,33907.2,9,3669554874,49877697,769.4,9652.0
1013,33909.5,9,49873440,647628098,660.1,7810.0
1014,33922.1,9,49765648,49795928,600.0,9771.0
1015,33924.6,9,633923743,1009113444,360.6,4030.0
1016,33929.2,9,1379471556,49812418,700.8,7601.0
1017,33964.4,9,49803595,49750743,944.1,12219.0
1018,33970.7,9,49796861,49841113,469.9,7330.0
1019,33976.8,9,49763606,49861217,243.2,2841.0
1020,33984.2,9,49734621,49842924,362.2,4161.0
1021,33998.2,9,1484481543,49719706,645.7,7155.0
1022,34015.4,9,49889382,49846819,444.2,5417.0
1023,34018.7,9,49729874,49726536,800.9,9588.0
1024,34043.2,9,49770684,1017379708,150.3,1734.0
1025,34049.7,9,49848686,13765588187,569.0,7152.0
1026,34060.0,9,49741703,49716899,110.9,1276.0
1027,34060.4,9,49878097,49767908,754.8,9614.0
1028,34072.8,9,49749374,49851723,353.8,3727.0
1029,34074.1,9,49762225,49768161,479.0,5497.0
1030,34087.5,9,49878097,2428508041,463.0,5241.0
1031,34091.8,9,49816382,49770670,334.0,3611.0
1032,34102.0,9,49769187,49778902,648.0,7143.0
1033,34113.9,9,49810831,1467732911,586.8,8414.0
1034,34130.2,9,49763049,49819047,718.2,8360.0
1035,34135.3,9,633923743,49742388,502.0,5698.0
1036,34150.3,9,1004839834,876615194,97.2,1087.0
1037,34163.4,9,49815809,13437605383,671.2,7708.0
1038,34166.2,9,49741730,3012829798,169.2,1883.0
1039,34168.5,9,49863614,2602417947,416.0,4567.0
1040,34202.8,9,49772987,49787530,258.1,2876.0
1041,34215.0,9,49745243,49791914,207.4,2352.0
1042,34232.2,9,49825108,49816883,558.4,7196.0
1043,34259.3,9,49873688,49786160,152.3,1618.0
1044,34263.6,9,49800282,49745465,351.8,3950.0
1045,34278.9,9,49810122,1381251515,511.8,6703.0
1046,34307.1,9,4975093911,2987628345,831.7,10729.0
1047,34313.1,9,49787890,49777010,1086.4,14491.0
1048,34314.8,9,49799147,49826840,655.1,7302.0
1049,34321.8,9,49809715,641112559,302.7,3467.0
1050,34331.6,9,1804420112,49808317,931.2,11686.0
1051,34340.2,9,49772964,49847959,276.1,3082.0
1052,34351.5,9,49774098,1014102329,655.6,7863.0
1053,34360.4,9,647619114,646190490,520.0,6974.0
1054,34383.3,9,49741730,7263569661,716.8,9164.0
1055,34387.9,9,49764374,2711740471,308.7,3420.0
1056,34395.9,9,49770640,12321190837,742.9,8221.0
1057,34420.4,9,49778342,5966168898,679.3,7899.0
1058,34422.5,9,641116273,49721251,534.4,6074.0
1059,34430.7,9,49845837,49798063,692.2,9615.0
1060,34439.1,9,49829250,49803413,731.5,8224.0
1061,34508.8,9,49741104,49758541,311.5,3502.0
1062,34509.5,9,655680824,2896020535,824.2,10554.0
1063,34558.9,9,447591561,49715981,654.7,7060.0
1064,34565.6,9,49765155,49849816,532.4,6486.0
1065,34589.3,9,49770672,49739795,210.9,2303.0
1066,34596.2,9,11198440879,3670756359,367.5,4171.0
1067,34596.8,9,49865768,49796897,299.6,3415.0
1068,34630.8,9,49767194,49846816,107.9,1147.0
1069,34641.8,9,49745628,49780078,165.3,1898.0
1070,34651.7,9,49809177,49844851,251.7,2836.0
1071,34675.9,9,49764271,49729731,227.9,2560.0
1072,34676.2,9,49770640,49817097,567.3,7606.0
1073,34700.4,9,11198264296,49759381,298.2,3736.0
1074,34721.3,9,49817406,49761419,678.1,8638.0
1075,34726.6,9,49770639,49773049,247.5,2717.0
1076,34729.5,9,49776112,49767426,640.4,7196.0
1077,34748.1,9,3672563449,49764867,554.4,7082.0
1078,34749.7,9,49745200,13259914865,126.8,1417.0
1079,34752.7,9,49829123,49778332,1285.8,17979.0
1080,34759.9,9,49741730,5343399984,494.2,5904.0
1081,34761.9,9,49744602,3278871309,970.9,11052.0
1082,34775.8,9,49856112,49829364,570.7,6251.0
1083,34776.0,9,5128694819,1462088982,443.2,5121.0
1084,34786.5,9,49844812,49842996,238.8,2688.0
1085,34788.4,9,49797596,49763401,494.2,6043.0
1086,34803.0,9,49748223,49734612,399.8,4738.0
1087,34804.3,9,814299111,49764980,556.3,6093.0
1088,34820.2,9,49770684,1484481416,474.0,5314.0
1089,34829.1,9,9130874912,1387016192,493.6,5742.0
1090,34835.9,9,49741274,1364961091,244.4,2721.0
1091,34841.1,9,5343232408,49752816,966.3,12258.0
1092,34846.3,9,49745457,13437605383,645.5,7680.0
1093,34867.5,9,49767194,49770680,280.2,3087.0
1094,34870.2,9,1381212154,3373614208,552.3,6748.0
1095,34925.0,9,49765018,49809775,307.7,4241.0
1096,34957.9,9,49747467,49777013,299.4,3211.0
1097,34991.2,9,49724395,49783099,700.4,7823.0
1098,35014.2,9,49745129,1493945562,1189.7,15384.0
1099,35020.2,9,3240030410,13565725771,254.0,3282.0
1100,35045.0,9,1004809645,49848614,580.5,6501.0
1101,35056.1,9,49810831,10921172727,697.6,8694.0
1102,35058.6,9,49787640,49748151,831.1,9687.0
1103,35069.8,9,49721610,49764899,551.5,6818.0
1104,35082.0,9,49801673,49741471,929.0,12814.0
1105,35095.8,9,3669554868,2921295166,390.4,4445.0
1106,35098.6,9,49845837,49817328,923.4,12081.0
1107,35101.0,9,49748066,49831987,663.5,8770.0
1108,35103.0,9,1484331315,49739633,314.2,4263.0
1109,35105.4,9,49756474,49863703,452.5,5082.0
1110,35108.4,9,49765234,49773909,816.5,10448.0
1111,35128.5,9,49779907,2456351013,565.2,6427.0
1112,35145.3,9,49765155,49839951,460.5,5146.0
1113,35152.8,9,49752621,49769205,199.4,2099.0
1114,35187.6,9,49793549,49781296,536.0,7330.0
1115,35188.6,9,49774093,2765545529,772.9,8998.0
1116,35198.5,9,49797543,49740589,791.5,8877.0
1117,35201.3,9,12128376033,49734619,308.3,3447.0
1118,35234.9,9,2927473060,49793537,643.2,6800.0
1119,35246.7,9,49865768,49746668,480.3,5465.0
1120,35257.1,9,49787863,49741349,69.5,762.0
1121,35260.0,9,49764791,49757879,946.9,11461.0
1122,35271.0,9,9676179707,1472831199,997.1,12198.0
1123,35285.0,9,867659605,49798775,821.9,10179.0
1124,35337.8,9,49745284,13607253872,182.8,1976.0
1125,35345.9,9,49847649,49768453,908.4,11086.0
1126,35349.1,9,12974478437,49731575,312.6,4168.0
1127,35356.4,9,49777169,49838758,124.7,1319.0
1128,35363.2,9,3378110162,49831070,309.6,3533.0
1129,35363.2,9,49833602,49728611,718.0,10060.0
1130,35363.3,9,8461692431,49829345,258.0,2800.0
1131,35375.8,9,3240030410,49827508,671.4,7458.0
1132,35382.8,9,49763640,1379505538,224.7,2488.0
1133,35395.6,9,49745204,49782722,762.9,9601.0
1134,35397.1,9,635118613,5581929188,482.4,6583.0
1135,35421.0,9,49777795,49800716,344.1,3925.0
1136,35436.0,9,4807605970,644542318,177.8,2040.0
1137,35445.6,9,49825108,49772573,298.5,3356.0
1138,35474.3,9,49772987,49806152,627.3,7774.0
1139,35498.1,9,1618429530,49781276,493.2,6046.0
1140,35498.3,9,49809177,49754862,235.9,2660.0
1141,35498.9,9,49794431,783623543,739.0,8075.0
1142,35542.3,9,49762191,3665450120,712.5,8546.0
1143,35550.3,9,49809177,3006129398,391.6,4542.0
1144,35550.4,9,1484482239,49773663,757.3,9184.0
1145,35564.6,9,5433244222,262173356,437.9,5237.0
1146,35585.5,9,49745636,49759678,351.8,4084.0
1147,35596.8,9,49797596,49773008,226.1,2538.0
1148,35605.0,9,49792107,2627477675,665.2,8138.0
1149,35613.0,9,49822928,49843151,633.7,7433.0
1150,35614.9,9,49858017,49821087,725.3,8298.0
1151,35620.2,9,49741274,49773008,284.9,3205.0
1152,35665.5,9,49787884,49730229,950.5,13154.0
1153,35677.2,9,49753014,49844851,176.9,1961.0
1154,35685.6,9,49787863,49853917,294.7,3293.0
1155,35700.7,9,49770672,3302325145,87.9,981.0
1156,35714.4,9,49715981,49769182,317.1,3647.0
1157,35718.7,9,49765234,49750197,658.2,7555.0
1158,35725.6,9,6777089507,49750630,524.0,6066.0
1159,35725.9,9,1379495867,12937946004,357.4,3932.0
1160,35758.4,9,49764791,49815761,508.1,5764.0
1161,35768.0,9,49741695,11368228083,756.2,9868.0
1162,35769.4,9,49787160,49790081,367.3,4022.0
1163,35784.1,9,641116283,9136825811,66.5,747.0
1164,35811.1,9,49787640,49741807,486.7,5501.0
1165,35820.2,9,647026143,49870402,478.5,5351.0
1166,35828.1,9,49776928,49776468,603.6,6828.0
1167,35830.5,9,49748155,49817300,1275.0,15567.0
1168,35831.5,9,49844812,49775530,120.6,1362.0
1169,35912.1,9,655661924,49745693,559.4,6444.0
1170,35914.1,9,49765155,49732323,811.1,10099.0
1171,35916.0,9,49777546,49769215,398.6,4624.0
1172,35921.5,9,4935980603,647043633,359.8,4883.0
1173,35931.0,9,49764791,11608939093,385.5,4349.0
1174,35959.0,9,1484481847,49839666,677.4,7933.0
1175,35965.4,9,49794626,49764453,551.1,6457.0
1176,35970.5,9,958991607,49778213,488.0,5354.0
1177,35971.4,9,1440867110,11198265615,475.0,5301.0
1178,35976.1,9,49745680,641965187,679.2,8820.0
1179,35995.0,9,49780562,49817660,304.1,3439.0
1180,35997.9,9,49745628,655662364,229.4,2822.0
1181,36016.6,10,3798943060,5556599909,827.2,9609.0
1182,36019.7,10,49787486,1013396673,357.9,4004.0
1183,36056.9,10,49817415,49776928,222.8,2633.0
1184,36086.3,10,49745468,1462088983,1062.3,13410.0
1185,36095.5,10,6777089507,5354789671,844.5,10439.0
1186,36126.6,10,5180966153,49826530,150.6,1815.0
1187,36129.2,10,49873440,49775043,473.1,5707.0
1188,36138.8,10,49748716,3669554857,94.1,1100.0
1189,36144.3,10,49753516,641116252,127.9,1433.0
1190,36145.4,10,49845830,647030736,441.8,4930.0
1191,36159.0,10,49794626,638898969,1003.7,12012.0
1192,36162.4,10,49745240,49788308,254.6,2833.0
1193,36176.8,10,49764791,2899430534,269.6,3021.0
1194,36183.0,10,655680824,49842924,368.4,4702.0
1195,36189.3,10,3670756345,49764330,167.4,1916.0
1196,36199.0,10,49762379,49791702,225.1,2539.0
1197,36208.6,10,49756474,49747467,294.4,3476.0
1198,36215.4,10,5698252199,49751277,767.6,10007.0
1199,36217.2,10,3378222897,49751175,473.3,5391.0
1200,36227.2,10,49741274,3373860102,152.9,1709.0
1201,36228.0,10,49888300,49829364,1025.9,11801.0
1202,36240.6,10,9190361341,49804910,513.1,5812.0
1203,36251.8,10,647619114,1458951489,686.7,8419.0
1204,36278.8,10,49745193,49764467,201.4,2421.0
1205,36290.6,10,3240030410,49763149,261.4,2666.0
1206,36292.2,10,49748151,49753336,679.0,8258.0
1207,36323.1,10,49773036,49763138,403.2,4357.0
1208,36326.1,10,49820874,5564258806,1062.0,11856.0
1209,36339.4,10,49782130,49748302,429.6,5085.0
1210,36340.7,10,5128694815,49809841,589.7,7964.0
1211,36348.5,10,1381204541,11198265615,420.0,4689.0
1212,36357.0,10,6777089504,49764321,344.6,4047.0
1213,36359.4,10,49789376,937306541,418.4,4981.0
1214,36364.0,10,49773526,49764251,62.8,680.0
1215,36371.8,10,49789219,5556599906,362.1,4171.0
1216,36386.3,10,3672563449,49821246,896.5,11434.0
1217,36386.7,10,10181394607,49813535,540.1,6170.0
1218,36391.2,10,49888809,9300516161,940.4,11600.0
1219,36398.6,10,2896020586,49758244,1003.4,12534.0
1220,36415.2,10,49745240,49815664,663.9,7667.0
1221,36423.0,10,49770789,49762880,516.3,5887.0
1222,36426.2,10,49847649,49723977,1141.8,13911.0
1223,36439.1,10,49762379,49730747,316.2,3551.0
1224,36457.0,10,5445789508,3667950074,504.2,5719.0
1225,36458.2,10,5320434814,49819047,880.0,9938.0
1226,36461.0,10,49745186,49741174,298.6,3562.0
1227,36471.2,10,1381204541,4954895459,206.1,2303.0
1228,36472.2,10,49741274,49763283,353.5,3884.0
1229,36484.9,10,49773526,49765138,373.6,4180.0
1230,36502.6,10,49782599,49882753,564.0,6303.0
1231,36504.2,10,49745240,49809334,240.2,2679.0
1232,36530.7,10,49803595,649839110,1021.4,12684.0
1233,36553.0,10,49743955,49897085,1179.9,15398.0
1234,36555.9,10,49821658,49886287,660.2,7816.0
1235,36560.7,10,49797596,49875128,292.9,3280.0
1236,36567.1,10,3012535014,49734104,132.0,1498.0
1237,36578.1,10,49745204,49722667,551.2,7622.0
1238,36588.2,10,49803721,12673455705,615.4,7141.0
1239,36597.8,10,49752115,49817702,379.4,3619.0
1240,36607.9,10,49739609,649839280,356.3,5070.0
1241,36611.3,10,5180966153,49765092,396.1,4581.0
1242,36613.2,10,49762207,49774695,541.9,6155.0
1243,36630.7,10,49745636,4120116285,334.1,4042.0
1244,36631.7,10,49774081,49791870,508.7,5594.0
1245,36634.1,10,49809177,8903139402,599.3,7049.0
1246,36634.9,10,49773539,646031256,293.7,3698.0
1247,36658.1,10,49749838,49799262,736.3,9914.0
1248,36675.4,10,49789376,49788024,765.0,9210.0
1249,36676.5,10,3012829798,49797753,339.1,4034.0
1250,36678.5,10,49748151,49777955,888.2,10240.0
1251,36681.7,10,641116273,9166612489,115.7,1303.0
1252,36690.9,10,49743231,49747841,820.4,9144.0
1253,36695.5,10,49848293,49803398,1032.6,11769.0
1254,36702.4,10,49797192,49773558,309.4,3451.0
1255,36702.7,10,49845837,49787793,128.7,1417.0
1256,36711.6,10,1379496002,49741798,437.0,4882.0
1257,36714.9,10,49784285,49773599,548.2,6060.0
1258,36726.7,10,641116232,49792119,399.3,4607.0
1259,36739.4,10,49756373,49797717,179.9,1983.0
1260,36741.0,10,642317837,49787785,620.1,8366.0
1261,36745.1,10,49897085,49767044,686.1,7970.0
1262,36770.7,10,49743231,1482962009,1222.0,15293.0
1263,36771.6,10,9592908693,49764509,804.7,9643.0
1264,36772.3,10,49825409,49825190,445.1,4924.0
1265,36775.8,10,49752628,49825390,136.9,1327.0
1266,36787.3,10,5128694815,49717014,270.2,3202.0
1267,36810.6,10,49774081,49830359,556.8,7168.0
1268,36813.3,10,11332977605,49895526,201.5,2196.0
1269,36820.7,10,49810871,49785854,494.2,6801.0
1270,36823.1,10,49774093,49764359,403.0,4476.0
1271,36846.9,10,5128694815,49780677,455.5,6325.0
1272,36849.6,10,49748168,49747084,199.7,2368.0
1273,36850.9,10,49740442,1467728485,498.5,5702.0
1274,36866.7,10,641128680,49753280,390.8,4576.0
1275,36867.3,10,49756892,49801378,531.5,6976.0
1276,36926.7,10,655447275,49855275,917.2,10924.0
1277,36952.6,10,49765155,49746114,866.1,10881.0
1278,36953.0,10,11177333923,49741996,532.5,7201.0
1279,36953.3,10,49745636,49845027,348.8,4029.0
1280,36965.1,10,5698252199,49745945,793.0,10053.0
1281,36973.2,10,1017379708,49777955,407.1,4523.0
1282,36981.3,10,49773040,1564556245,682.9,9560.0
1283,36982.1,10,3670756345,9622473645,256.9,2885.0
1284,36984.3,10,1365050114,14073359321,304.6,3560.0
1285,36994.3,10,4597151559,49880689,666.7,9530.0
1286,37023.8,10,13790612928,2382483428,135.5,1558.0
1287,37029.8,10,49809200,49870137,302.7,3347.0
1288,37048.8,10,49866935,49778253,587.8,6684.0
1289,37066.7,10,3012535014,49745282,322.0,3633.0
1290,37086.4,10,49797586,49821922,650.5,7202.0
1291,37090.7,10,49810871,49882948,743.4,9197.0
1292,37093.7,10,49740442,49794394,496.7,5822.0
1293,37110.0,10,5128694819,49791870,639.7,8178.0
1294,37118.4,10,49743972,49745282,793.4,10928.0
1295,37129.8,10,49756373,49742293,419.4,4762.0
1296,37131.7,10,49819386,49719320,106.9,1142.0
1297,37153.4,10,49745632,49779721,673.9,8607.0
1298,37154.6,10,49863186,49861791,653.3,7513.0
1299,37154.6,10,49772633,49860421,604.5,7370.0
1300,37155.9,10,49776461,49727233,882.6,11249.0
1301,37166.2,10,9797239771,12405568217,192.9,2552.0
1302,37185.3,10,641127587,650017956,264.7,2989.0
1303,37190.6,10,5343232408,49762108,1290.6,15878.0
1304,37238.9,10,1379471556,49738769,700.1,9635.0
1305,37240.7,10,1013429968,9660139029,600.6,6985.0
1306,37244.6,10,49770640,641073501,139.5,1655.0
1307,37251.6,10,49822365,49761649,699.6,8481.0
1308,37252.4,10,638789448,49841785,295.7,3308.0
1309,37286.5,10,49716899,49778274,569.0,6781.0
1310,37287.7,10,49762207,3872966581,322.4,4297.0
1311,37291.2,10,982859843,49767423,371.1,4120.0
1312,37298.7,10,49773070,49782363,332.3,3775.0
1313,37298.9,10,49740448,49774091,339.5,3665.0
1314,37301.8,10,49810876,49807613,585.6,7846.0
1315,37329.4,10,49745677,1443727094,412.8,4506.0
1316,37331.9,10,49719895,49760955,832.9,10312.0
1317,37335.3,10,49745459,49759322,997.1,12402.0
1318,37343.0,10,49745186,49892879,278.0,4094.0
1319,37348.1,10,3669554866,49742705,232.2,2615.0
1320,37356.2,10,3672563449,49764899,579.8,7638.0
1321,37361.9,10,49845837,49738617,512.1,6584.0
1322,37362.9,10,49782277,49763606,372.6,4310.0
1323,37370.6,10,49793566,49746507,494.5,5666.0
1324,37390.8,10,4325552565,9591272192,390.7,4444.0
1325,37400.7,10,3125718572,4364801720,736.0,8909.0
1326,37409.4,10,12128376033,49717599,782.9,10087.0
1327,37409.4,10,49823986,1440867104,589.8,6559.0
1328,37411.4,10,1381204541,3001353540,298.6,3362.0
1329,37412.9,10,49785338,634011173,396.5,4489.0
1330,37430.0,10,49860783,49837552,904.2,10588.0
1331,37431.1,10,49774081,12864633721,309.3,3388.0
1332,37444.6,10,49772964,49758244,330.0,3536.0
1333,37446.0,10,1379505588,49800665,315.3,3775.0
1334,37450.4,10,4082394063,49759085,661.7,7399.0
1335,37458.0,10,1804420112,49773070,204.4,2266.0
1336,37466.5,10,49801673,49846831,281.9,3151.0
1337,37471.2,10,49809189,49763119,458.2,5042.0
1338,37503.4,10,49741058,3667966671,582.7,6637.0
1339,37518.4,10,3669554866,49862016,736.4,8956.0
1340,37521.8,10,4561710231,49767479,612.4,7089.0
1341,37529.9,10,49762210,49763155,461.2,4938.0
1342,37530.3,10,3125718572,49791951,598.9,6741.0
1343,37541.4,10,49822338,9642651666,682.9,8234.0
1344,37544.5,10,4697534335,49770689,141.5,1610.0
1345,37547.8,10,49752628,49770676,360.7,4058.0
1346,37551.9,10,49770423,49739795,478.3,5251.0
1347,37553.5,10,705729431,641964798,500.0,6034.0
1348,37557.1,10,3012784293,49745399,571.2,6726.0
1349,37565.1,10,49797586,49831338,703.3,7607.0
1350,37572.0,10,1804420112,49761439,970.7,11681.0
1351,37576.2,10,1017489190,49766030,422.2,4967.0
1352,37579.8,10,49809715,49758513,95.8,1070.0
1353,37602.1,10,641127560,49770676,192.9,2219.0
1354,37605.9,10,49787640,3415851740,521.4,6768.0
1355,37613.7,10,49801673,49825427,456.7,5126.0
1356,37623.8,10,49810122,49844958,479.0,5712.0
1357,37643.1,10,49810122,49727929,584.4,6750.0
1358,37655.0,10,49782599,49749097,556.7,5936.0
1359,37659.4,10,49745468,3798943056,512.8,5433.0
1360,37662.2,10,49821658,49774382,820.9,10842.0
1361,37662.5,10,49777795,49762355,82.6,885.0
1362,37669.2,10,5128694819,3531416325,489.3,6308.0
1363,37676.7,10,49820583,49791711,218.7,2435.0
1364,37682.9,10,49770782,49751772,768.7,9639.0
1365,37688.4,10,655442852,49827223,351.1,4058.0
1366,37712.0,10,3378222897,49764493,529.9,5985.0
1367,37717.9,10,49747457,1460627719,367.7,4084.0
1368,37720.6,10,49767194,2921295182,454.7,5325.0
1369,37722.3,10,4001557203,49837680,459.2,5216.0
1370,37732.0,10,49772964,49740100,403.3,4534.0
1371,37734.3,10,49773558,2432116752,528.7,6194.0
1372,37738.6,10,5380888621,49740244,416.7,4680.0
1373,37750.6,10,49809721,655662190,407.0,4935.0
1374,37777.2,10,49774081,13699194719,186.5,2032.0
1375,37779.5,10,3012535147,49791858,445.6,4902.0
1376,37787.1,10,49847837,49825142,352.3,3877.0
1377,37787.7,10,49820583,49746264,456.8,5049.0
1378,37791.5,10,49829250,49825523,598.6,6700.0
1379,37792.6,10,49756297,49814781,565.1,6273.0
1380,37795.1,10,49780558,49767384,424.5,4794.0
1381,37820.7,10,641073443,49866068,536.8,6354.0
1382,37829.5,10,655247775,3006171207,335.6,4008.0
1383,37856.7,10,647031903,49861091,226.3,2408.0
1384,37870.4,10,655442853,49773647,571.3,6634.0
1385,37873.6,10,49820743,49766721,592.9,6596.0
1386,37880.1,10,3012829811,49825190,120.6,1348.0
1387,37893.8,10,49776047,49781894,271.3,3037.0
1388,37905.8,10,5180966153,49729701,479.9,5855.0
1389,37924.6,10,622720915,49844377,470.4,5696.0
1390,37925.6,10,3125718572,13790270450,514.1,6440.0
1391,37931.4,10,49752584,49741724,489.4,5396.0
1392,37934.0,10,49762191,642044249,557.4,8247.0
1393,37945.7,10,49809721,49745451,185.5,2064.0
1394,37956.6,10,655661924,49753005,293.0,3977.0
1395,37964.4,10,49764867,49718776,114.4,1176.0
1396,37980.9,10,5180966153,49870708,520.2,6796.0
1397,37987.8,10,49745235,11347623954,496.0,5825.0
1398,37995.8,10,49789251,49741149,348.4,3984.0
1399,38005.2,10,49771030,49859579,706.8,7790.0
1400,38025.6,10,49741730,876615209,132.5,1496.0
1401,38025.6,10,49843692,49740653,339.9,3487.0
1402,38031.8,10,49747467,49770708,486.8,6277.0
1403,38034.3,10,49748151,49737946,232.7,2178.0
1404,38042.8,10,49805505,13141136442,466.5,5126.0
1405,38044.6,10,49773205,49794047,651.3,8052.0
1406,38045.4,10,6777089504,49828463,611.9,7249.0
1407,38046.9,10,1381216023,49794262,470.0,5172.0
1408,38076.7,10,49772987,11368228087,595.3,7783.0
1409,38084.3,10,49768440,49772874,295.1,3351.0
1410,38105.1,10,49848662,49765073,376.9,4777.0
1411,38121.6,10,49745677,647043735,369.1,4026.0
1412,38134.6,10,49797596,11569406868,164.6,1840.0
1413,38139.4,10,49774794,1937256110,400.3,4528.0
1414,38150.6,10,49809698,49758509,352.7,4466.0
1415,38182.7,10,49770423,49752115,621.9,6915.0
1416,38186.0,10,49805505,49752784,551.9,5965.0
1417,38197.7,10,958991607,49794318,588.8,8043.0
1418,38204.0,10,638062063,49776112,591.5,6910.0
1419,38208.7,10,641116270,12169187729,117.3,1306.0
1420,38224.0,10,49797401,49870111,740.0,8318.0
1421,38227.4,10,49799633,49791761,269.8,3057.0
1422,38230.4,10,49843692,49761744,434.3,5072.0
1423,38253.6,10,49770684,49727521,327.5,3589.0
1424,38256.6,10,49809715,49838202,287.5,3305.0
1425,38271.8,10,49829861,49765234,764.4,8438.0
1426,38279.3,10,9130874912,739515930,407.8,4693.0
1427,38283.2,10,49809200,49769081,807.5,10713.0
1428,38295.4,10,641128680,49790850,474.6,5693.0
1429,38296.6,10,5698252199,641107616,375.0,4303.0
1430,38314.8,10,49740442,5564258809,415.5,4541.0
1431,38333.5,10,49844812,49813634,530.4,6521.0
1432,38346.0,10,806521182,49846905,957.9,11716.0
1433,38351.5,10,646065021,49822230,472.5,6441.0
1434,38371.5,10,49797586,1014102329,634.0,6886.0
1435,38385.1,10,2440761314,49773544,33.7,366.0
1436,38406.0,10,1379471024,2462376171,166.0,2000.0
1437,38408.2,10,49764791,49749873,648.0,8767.0
1438,38418.7,10,49805505,1440867117,379.8,4234.0
1439,38422.3,10,655442852,1484785356,500.3,5909.0
1440,38439.8,10,49745247,49888305,630.2,7151.0
1441,38449.5,10,49817254,49790024,573.7,6534.0
1442,38452.8,10,49810831,647043808,292.5,3414.0
1443,38484.5,10,49809189,876615199,120.4,1332.0
1444,38537.4,10,49745204,49809334,284.2,3250.0
1445,38538.1,10,49809715,5563919611,410.2,4890.0
1446,38540.9,10,49745243,49760709,656.0,8511.0
1447,38548.2,10,49720045,49764445,453.9,5068.0
1448,38549.4,10,49773532,49765083,191.1,2142.0
1449,38598.9,10,49732272,49823408,842.7,9954.0
1450,38603.2,10,49741104,49842936,325.5,3620.0
1451,38651.7,10,49739609,3670782177,478.8,6311.0
1452,38676.5,10,49774088,49773943,237.2,2593.0
1453,38682.7,10,49741274,49743894,899.5,11329.0
1454,38690.2,10,1243974048,49827117,137.4,1531.0
1455,38692.8,10,12143083687,49765986,968.7,11123.0
1456,38706.4,10,4561710231,49841339,977.0,13215.0
1457,38715.4,10,655442847,3007965766,359.1,3758.0
1458,38719.9,10,49741274,49778262,563.4,6460.0
1459,38738.0,10,49777853,49770680,138.3,1550.0
1460,38747.4,10,49745455,49837617,208.9,2376.0
1461,38774.8,10,49817499,49769075,892.2,11762.0
1462,38789.7,10,1381216023,1804420109,334.5,3985.0
1463,38807.5,10,1381204541,49828469,379.7,4262.0
1464,38814.3,10,655247775,644537718,609.7,6805.0
1465,38816.0,10,49773539,644504509,585.8,6573.0
1466,38831.9,10,49720045,49823469,1087.1,13664.0
1467,38849.2,10,49813347,49852795,421.9,4751.0
1468,38854.8,10,3105427804,4630052969,387.2,4558.0
1469,38861.1,10,3007042409,3657249998,987.9,11351.0
1470,38864.8,10,49788610,3372448403,121.5,1230.0
1471,38882.1,10,2440761314,49814385,449.3,5135.0
1472,38902.3,10,1364961100,49741038,296.7,3354.0
1473,38912.3,10,49758271,49748067,407.1,4492.0
1474,38919.5,10,49875128,6773125499,681.6,8856.0
1475,38923.2,10,49745632,49816978,768.7,9725.0
1476,38923.6,10,4630137710,49774702,875.7,10258.0
1477,38932.1,10,49716899,49763119,486.7,5388.0
1478,38934.3,10,5128694819,49766330,606.6,8899.0
1479,38951.3,10,3240030410,49764911,267.3,3080.0
1480,38954.0,10,447591561,641116241,553.7,6323.0
1481,38960.0,10,49797586,49794220,405.7,4420.0
1482,38976.4,10,49767194,49776570,680.7,7662.0
1483,38988.1,10,49745204,49778002,503.4,5744.0
1484,39002.8,10,49843692,49748066,502.7,5588.0
1485,39004.9,10,49773040,49755563,667.7,8514.0
1486,39011.8,10,49793411,49749497,874.1,9179.0
1487,39014.9,10,5343232408,49745451,718.3,8936.0
1488,39015.8,10,49793670,49734111,182.8,2071.0
1489,39031.8,10,49748212,49791914,444.2,5253.0
1490,39052.2,10,3240030410,49746286,258.1,2880.0
1491,39067.7,10,49745680,49776082,409.4,4687.0
1492,39068.6,10,49748066,1484481494,329.4,3789.0
1493,39080.3,10,49783079,638905411,125.4,1342.0
1494,39082.4,10,5170081599,13256450884,687.7,8095.0
1495,39097.0,10,642334076,49815761,621.3,7178.0
1496,39110.9,10,49745676,49777993,763.2,8623.0
1497,39118.1,10,49772987,49723017,193.4,2181.0
1498,39121.8,10,49767517,49734729,389.9,4302.0
1499,39122.3,10,49793777,1243974139,105.5,1123.0
1500,39137.1,10,49797596,1366261587,555.1,6868.0
1501,39142.5,10,49743972,2921295149,827.4,11335.0
1502,39147.6,10,49744602,49741724,621.2,8257.0
1503,39161.3,10,4792249103,49757061,529.4,6926.0
1504,39163.5,10,6799665639,49780579,669.4,7453.0
1505,39178.2,10,49749203,49744095,242.6,2603.0
1506,39198.1,10,49799643,49814377,481.3,5520.0
1507,39203.2,10,49769187,49752640,262.9,2942.0
1508,39203.6,10,49884234,1440867110,601.6,7383.0
1509,39220.9,10,49820885,49862705,1387.1,16457.0
1510,39228.3,10,5698252199,11076193230,251.2,2892.0
1511,39236.1,10,49749851,5556599909,398.9,5041.0
1512,39250.8,10,49772633,49789337,278.2,3252.0
1513,39271.0,10,49844851,49795945,479.2,5597.0
1514,39284.8,10,9797239771,49743621,745.6,8306.0
1515,39287.8,10,12974478437,49827411,894.8,9869.0
1516,39296.7,10,1363151551,49870525,393.2,4594.0
1517,39326.0,10,49888809,49817660,120.9,1351.0
1518,39336.4,10,49845726,49828407,727.6,7977.0
1519,39339.0,10,3027663729,1243973976,134.5,1533.0
1520,39346.8,10,1243974048,49780489,164.8,1814.0
1521,39348.0,10,12974478437,3001431211,105.9,1183.0
1522,39350.5,10,49810877,49770980,493.6,5471.0
1523,39358.0,10,1004809645,49760367,825.0,10042.0
1524,39369.1,10,49740442,49828463,649.1,8265.0
1525,39370.2,10,49888809,49735404,496.4,5572.0
1526,39372.0,10,49829123,49813511,752.8,8088.0
1527,39379.7,10,49870940,641965296,450.2,6186.0
1528,39396.2,10,2046464958,49892134,670.8,7711.0
1529,39403.9,10,49741703,3415851740,441.9,5465.0
1530,39404.5,10,3012784293,3000719033,229.4,2729.0
1531,39410.4,10,2974621123,2927473940,369.8,3687.0
1532,39415.1,10,49750332,49739799,627.6,7781.0
1533,39415.8,10,49863611,49798012,551.4,6813.0
1534,39417.5,10,49787785,3001166927,326.1,3629.0
1535,39441.8,10,49844851,655680330,374.4,5089.0
1536,39451.3,10,9593199679,9591171716,679.5,7638.0
1537,39458.1,10,655680824,49758129,930.1,12360.0
1538,39468.9,10,1364989296,49744012,779.8,9815.0
1539,39471.7,10,7014093206,6004244727,875.0,11537.0
1540,39472.3,10,2629963167,49732128,483.1,5834.0
1541,39475.5,10,49745301,1440867108,593.7,6634.0
1542,39487.5,10,12529163241,49740634,187.1,1864.0
1543,39495.2,10,49803595,49801673,266.7,2923.0
1544,39498.5,10,49752628,49829883,227.3,2796.0
1545,39507.9,10,9130874912,649839141,774.8,9853.0
1546,39512.6,10,49810122,49827508,850.4,9701.0
1547,39513.2,10,49764791,4082394065,275.9,3146.0
1548,39517.9,10,5698252199,646229897,737.9,8729.0
1549,39523.1,10,49897085,49765870,787.0,9140.0
1550,39533.0,10,701602949,49795924,732.0,8211.0
1551,39535.7,10,49768440,49761401,161.0,1800.0
1552,39576.8,10,655247775,49752640,425.9,4960.0
1553,39581.3,10,49774087,49731284,571.0,9229.0
1554,39581.4,10,641116194,49861299,83.9,964.0
1555,39588.0,10,49745247,49781296,761.1,9914.0
1556,39595.8,10,49774098,5558783204,540.2,6207.0
1557,39602.0,11,49763049,49759320,545.4,6377.0
1558,39603.0,11,49782277,49797543,194.2,2192.0
1559,39603.6,11,49720045,1365002176,829.7,9278.0
1560,39609.7,11,49772964,639298273,795.7,9831.0
1561,39614.0,11,49792123,7814277237,317.6,4154.0
1562,39615.5,11,49745193,864941629,852.4,9608.0
1563,39615.7,11,49797586,49772565,345.5,3813.0
1564,39617.5,11,49741104,49775514,161.5,1804.0
1565,39617.9,11,3001288930,49828469,474.0,5265.0
1566,39626.9,11,4001470337,49765407,548.5,6777.0
1567,39631.0,11,49809189,49804041,775.4,9430.0
1568,39639.4,11,9130874912,49842461,789.6,9411.0
1569,39639.7,11,49745676,49744095,1056.0,13592.0
1570,39640.3,11,49881497,2428508041,735.6,8569.0
1571,39642.5,11,3531416323,49719416,62.6,704.0
1572,39643.4,11,49783079,49831110,546.1,7035.0
1573,39643.7,11,49756892,13141136444,444.4,4799.0
1574,39644.6,11,49774079,1443170224,272.9,2964.0
1575,39649.6,11,1381307998,49716541,763.1,10732.0
1576,39650.8,11,876615362,49728949,384.8,4418.0
1577,39656.9,11,49789205,1379442037,320.2,3583.0
1578,39658.4,11,5128694819,49762331,470.3,5573.0
1579,39658.5,11,701602949,1013367362,537.2,6174.0
1580,39659.3,11,49774794,49795990,603.3,8181.0
1581,39664.3,11,49752621,2987628337,1034.5,13528.0
1582,39666.4,11,49762191,2456351013,342.3,3898.0
1583,39672.9,11,49740442,610608392,360.6,4857.0
1584,39676.2,11,641054075,49753799,912.9,11319.0
1585,39678.2,11,655442847,648753368,619.0,7242.0
1586,39678.6,11,49807555,8496737168,289.9,3736.0
1587,39680.2,11,49767194,13437605385,231.2,2726.0
1588,39685.5,11,49770684,6445804777,653.1,7342.0
1589,39687.2,11,49770423,2960257404,364.7,3755.0
1590,39688.0,11,49715981,2382621917,769.7,9048.0
1591,39690.1,11,49797586,5277494848,477.4,6818.0
1592,39690.7,11,9136825802,49784158,366.1,4158.0
1593,39693.7,11,49756373,49755649,914.7,11272.0
1594,39697.9,11,49809189,965766236,237.5,2660.0
1595,39701.9,11,4001557203,49882353,369.5,4198.0
1596,39711.2,11,49770670,642436300,391.5,5069.0
1597,39711.6,11,49770640,49763640,307.1,3525.0
1598,39711.9,11,1060365691,49767439,545.8,6099.0
1599,39713.7,11,49817499,49853703,173.0,1951.0
1600,39715.4,11,3001353534,49743356,322.3,3564.0
1601,39715.7,11,49789342,49764380,402.1,4586.0
1602,39715.7,11,4935980603,49818968,615.8,8154.0
1603,39717.3,11,3012429028,49745691,426.4,4803.0
1604,39718.1,11,1439584651,1493859549,462.0,6627.0
1605,39718.6,11,49767194,49739903,218.6,2424.0
1606,39722.0,11,49809376,49761727,816.4,9760.0
1607,39723.0,11,3011107102,3001431211,197.4,2361.0
1608,39724.1,11,49889382,638462834,414.1,5434.0
1609,39726.4,11,49775514,49764326,188.4,2170.0
1610,39730.4,11,49789218,1458922948,598.7,6855.0
1611,39731.1,11,4807605970,1486524123,927.2,12261.0
1612,39739.1,11,1014110633,49724289,931.1,12015.0
1613,39739.5,11,49847649,49763143,484.7,5234.0
1614,39740.3,11,49745455,5128694815,652.7,8382.0
1615,39742.3,11,49870270,49746196,547.0,7091.0
1616,39742.4,11,49764884,774340109,309.2,4341.0
1617,39743.8,11,2927432297,49745680,389.9,4292.0
1618,39744.7,11,49745240,640564208,912.2,11107.0
1619,39748.5,11,49779907,49811975,301.6,3650.0
1620,39752.4,11,49821658,49769159,392.4,5289.0
1621,39752.8,11,49748066,49820692,489.7,5458.0
1622,39753.2,11,49894515,49753270,822.4,8906.0
1623,39754.6,11,447591561,49743563,834.9,9204.0
1624,39755.4,11,49745240,49815786,909.5,12439.0
1625,39761.6,11,49782277,49768000,504.3,5638.0
1626,39761.9,11,3011565329,49800092,750.8,9250.0
1627,39764.4,11,3125718572,638898827,314.3,3657.0
1628,39765.5,11,5128694819,49800109,487.2,6317.0
1629,39770.1,11,49751580,1243974324,221.1,2465.0
1630,39770.5,11,49803595,11569406867,293.1,3292.0
1631,39770.9,11,1364987325,49745273,196.4,2244.0
1632,39776.0,11,9676179707,49829367,500.2,5525.0
1633,39776.7,11,49784130,3369108594,651.1,8030.0
1634,39781.4,11,49809698,49734130,166.3,1857.0
1635,39781.9,11,4561710230,6004244727,508.4,6191.0
1636,39783.2,11,49809715,1013396337,392.4,4295.0
1637,39783.4,11,49749855,49752621,772.1,10246.0
1638,39786.2,11,49787863,49767479,638.7,7352.0
1639,39786.3,11,4807605970,49838698,626.1,7042.0
1640,39792.0,11,49773205,1493897776,871.3,9847.0
1641,39794.6,11,6777089507,49779734,570.6,8780.0
1642,39797.8,11,49820885,1471738541,1486.7,17646.0
1643,39798.8,11,2440761314,49751220,543.3,5913.0
1644,39802.6,11,49810876,49773622,204.1,2315.0
1645,39804.5,11,49787774,49764451,283.9,3232.0
1646,39804.9,11,49770423,49778964,488.8,5362.0
1647,39807.4,11,4629699772,12497001319,222.6,2734.0
1648,39811.4,11,49774093,49748155,829.3,9560.0
1649,39811.9,11,9130874912,5325469688,264.5,3097.0
1650,39816.0,11,1365013789,49729731,514.0,6216.0
1651,39818.3,11,3012429028,49774932,355.2,4061.0
1652,39818.5,11,49770423,13265637004,182.9,1857.0
1653,39820.7,11,49773543,49826412,425.8,4982.0
1654,39829.2,11,3669554862,49734598,362.7,3888.0
1655,39831.2,11,1379471024,49853696,188.8,2126.0
1656,39832.0,11,49745465,1443727150,45.3,463.0
1657,39833.8,11,814299119,49844804,295.6,3568.0
1658,39838.9,11,49860783,2377417303,902.0,10811.0
1659,39839.0,11,633923936,49813393,196.8,2218.0
1660,39841.1,11,3012535014,49763104,224.2,2567.0
1661,39841.8,11,49770657,49861091,80.7,919.0
1662,39842.5,11,49810122,49743990,410.2,4938.0
1663,39843.1,11,49770684,49853943,105.4,1178.0
1664,39847.0,11,49809200,5519663699,134.5,1493.0
1665,39848.9,11,11261031488,4633399537,841.6,10767.0
1666,39848.9,11,447591561,1484481512,991.9,11304.0
1667,39852.4,11,49779980,49823952,452.0,4960.0
1668,39852.8,11,49748223,2382621917,294.1,3348.0
1669,39856.5,11,49794206,49752193,719.5,8147.0
1670,39856.7,11,9768681893,49770833,600.1,6673.0
1671,39858.5,11,1017391970,646031300,349.6,4598.0
1672,39858.7,11,49789251,49766638,239.1,2574.0
1673,39858.7,11,49749855,49792002,546.3,5764.0
1674,39860.8,11,49853085,49791947,445.1,5022.0
1675,39866.6,11,49797401,4975093911,452.6,5422.0
1676,39866.7,11,1439584651,49729902,136.2,1554.0
1677,39870.1,11,12974478437,49843012,316.1,3556.0
1678,39870.5,11,49762243,3001683704,318.2,3633.0
1679,39875.9,11,3531416323,49798855,894.8,10987.0
1680,39876.3,11,49780840,49802357,317.2,3560.0
1681,39879.9,11,49809189,49718928,503.6,5663.0
1682,39881.4,11,49739559,49771469,203.9,2329.0
1683,39883.5,11,1381307998,49759178,751.6,8709.0
1684,39886.2,11,49716899,3001253755,298.3,3314.0
1685,39889.0,11,1060365691,641127549,131.9,1496.0
1686,39890.8,11,3240030410,49788673,445.4,4890.0
1687,39896.7,11,49773558,3415851740,355.5,4826.0
1688,39900.8,11,3013484875,49848437,461.6,6290.0
1689,39904.1,11,49789369,4365422595,848.0,9488.0
1690,39909.2,11,49855611,1004809376,631.7,7365.0
1691,39912.2,11,49809189,49741735,89.8,983.0
1692,39915.9,11,49778302,49827117,615.6,6705.0
1693,39918.2,11,4325552565,49738488,648.4,8725.0
1694,39918.4,11,49822928,389933768,350.8,3688.0
1695,39919.4,11,49745628,49807256,367.5,4176.0
1696,39920.1,11,49745129,49763581,615.7,7099.0
1697,39920.6,11,10921172728,49739903,860.0,10412.0
1698,39923.0,11,2974621123,49824748,85.4,959.0
1699,39924.0,11,49745193,638789448,184.7,2269.0
1700,39925.5,11,49789218,49751316,713.6,9413.0
1701,39926.5,11,1364987325,49804074,198.7,2281.0
1702,39929.6,11,641116257,49785802,373.6,4270.0
1703,39934.0,11,49745186,12673423895,488.1,5764.0
1704,39935.2,11,49884234,49820853,1080.5,12741.0
1705,39935.8,11,49810122,49801528,578.6,6802.0
1706,39936.8,11,49803595,2921295522,637.6,7326.0
1707,39936.9,11,49745468,49759085,659.7,7414.0
1708,39937.7,11,49762210,11198264296,306.0,3726.0
1709,39938.5,11,655680824,49741253,776.6,10375.0
1710,39939.6,11,655442838,49719416,527.5,5940.0
1711,39942.7,11,49745204,49861274,35.0,391.0
1712,39946.3,11,1362307924,49753804,888.2,11005.0
1713,39948.3,11,49745204,49817154,621.1,8178.0
1714,39949.0,11,49745465,49749954,888.3,11452.0
1715,39951.2,11,49809698,49766638,401.1,4609.0
1716,39952.0,11,49745676,641127568,522.7,6079.0
1717,39952.4,11,1363937841,647628141,489.1,5497.0
1718,39953.1,11,49773526,49717981,399.0,4578.0
1719,39953.9,11,49752115,49767457,682.4,7626.0
1720,39958.2,11,49773543,1462088957,752.6,9690.0
1721,39959.8,11,49793983,2099955610,893.3,10744.0
1722,39961.0,11,4635639617,49809841,747.2,9192.0
1723,39961.9,11,2616277014,49741174,302.6,3117.0
1724,39962.7,11,4951816813,49770578,927.2,12019.0
1725,39964.3,11,49842417,9688260452,255.4,2831.0
1726,39970.1,11,49789205,49807319,855.3,10725.0
1727,39972.0,11,3670756345,49777969,379.5,4009.0
1728,39974.9,11,49745207,647618716,256.5,2935.0
1729,39975.3,11,4325552565,49843200,764.3,9651.0
1730,39980.7,11,3798943055,49791685,636.0,7388.0
1731,39981.4,11,49816382,49722744,150.5,1658.0
1732,39986.2,11,49720045,1479713056,1408.0,16700.0
1733,39989.7,11,1362307924,49770680,194.7,2217.0
1734,39989.9,11,49749379,49745431,474.1,5871.0
1735,39991.2,11,1381204541,49782697,838.2,10500.0
1736,39998.7,11,49741274,49874974,264.0,2875.0
1737,39999.0,11,49825108,12232089294,566.9,6682.0
1738,40010.1,11,8461692431,49795789,276.3,3086.0
1739,40010.5,11,49866935,49753665,777.9,8610.0
1740,40014.7,11,3669554857,4807040760,107.5,1270.0
1741,40017.2,11,49746547,49778937,299.0,3271.0
1742,40021.0,11,49765234,49773519,272.0,3095.0
1743,40024.2,11,49847837,49734677,462.6,5358.0
1744,40026.5,11,49772615,49719435,584.0,6853.0
1745,40027.2,11,49768440,49854250,574.8,7160.0
1746,40028.5,11,49762207,49716868,405.2,4720.0
1747,40030.0,11,49770672,1233276142,819.8,10045.0
1748,40032.4,11,49773532,49749873,488.3,6722.0
1749,40040.2,11,2927432297,646031404,651.5,7837.0
1750,40045.6,11,3125718572,49769215,683.0,7735.0
1751,40045.8,11,655442839,645963548,241.4,2983.0
1752,40045.9,11,1205178199,49782400,997.5,10501.0
1753,40046.1,11,3012535014,49812037,690.8,8045.0
1754,40046.2,11,3012829798,49787770,202.3,2299.0
1755,40047.9,11,49787640,49810220,827.3,10851.0
1756,40055.6,11,49772747,49780235,94.6,930.0
1757,40056.7,11,1240476057,12497001318,253.6,2947.0
1758,40058.0,11,49762383,49813511,402.2,4545.0
1759,40061.5,11,49847837,641107725,443.6,5391.0
1760,40061.9,11,1379471556,2987627627,847.7,11157.0
1761,40064.0,11,49792107,9545143715,448.2,5159.0
1762,40070.7,11,9136825813,2462383184,145.6,1665.0
1763,40071.3,11,49745650,49807555,805.3,10554.0
1764,40077.2,11,49745247,49734600,179.4,1879.0
1765,40081.6,11,632879321,4697534335,167.5,1895.0
1766,40086.1,11,49809721,4807040760,119.1,1327.0
1767,40086.3,11,49741740,49816771,220.7,2473.0
1768,40086.8,11,11177333923,49764893,231.5,2687.0
1769,40091.3,11,49809376,49761421,615.2,7814.0
1770,40092.0,11,49780078,49790088,709.2,8350.0
1771,40098.9,11,49772964,49770179,324.1,3870.0
1772,40102.2,11,49824748,49732428,242.9,2763.0
1773,40103.2,11,49741274,11198779769,540.3,6254.0
1774,40107.7,11,49740442,49773639,531.2,6975.0
1775,40108.6,11,49845919,49813496,293.2,3226.0
1776,40109.9,11,3012784293,1004776680,567.2,6286.0
1777,40111.6,11,5128694819,647043964,402.9,5559.0
1778,40113.3,11,3012829798,638150141,382.6,4248.0
1779,40114.8,11,49756373,641110765,157.0,1751.0
1780,40119.0,11,49869068,3001353540,337.8,3757.0
1781,40125.0,11,635118613,49745650,397.1,4457.0
1782,40127.6,11,3013484854,49739298,324.0,3661.0
1783,40128.3,11,49769407,49773519,850.9,10448.0
1784,40132.6,11,3669554866,49765245,313.7,3430.0
1785,40137.1,11,49745186,3381778774,933.5,11511.0
1786,40137.2,11,49853094,49763632,167.4,1826.0
1787,40139.8,11,3012535014,49739799,440.5,5008.0
1788,40140.1,11,49796993,14073359311,207.5,2423.0
1789,40140.5,11,49752628,49782827,996.5,12494.0
1790,40142.2,11,2444588205,49750009,1008.9,14149.0
1791,40142.2,11,49772987,4059272480,544.8,6060.0
1792,40143.6,11,655447275,641899002,204.7,3283.0
1793,40146.0,11,49745129,49779734,1287.9,15808.0
1794,40146.5,11,1381216023,49846690,820.9,10310.0
1795,40149.7,11,49796993,1440867117,58.0,653.0
1796,40152.6,11,4325552565,49715936,561.3,6385.0
1797,40152.7,11,632879321,49734619,411.9,4651.0
1798,40152.9,11,49863186,49763143,693.2,7632.0
1799,40152.9,11,4792249103,1354487553,724.8,8685.0
1800,40155.4,11,49810122,49745453,649.4,7569.0
1801,40157.9,11,3013484854,647628098,138.2,1570.0
1802,40159.4,11,49845837,49823952,481.3,5274.0
1803,40162.6,11,49822338,11332977616,526.1,6066.0
1804,40165.3,11,49848293,655680327,931.7,11813.0
1805,40174.2,11,49774098,49745186,359.0,4134.0
1806,40177.2,11,4000799765,639415539,949.4,11247.0
1807,40177.4,11,3378222899,49763073,201.6,2238.0
1808,40179.8,11,4697534335,49748256,183.5,2006.0
1809,40182.4,11,1740764624,49847954,342.5,3875.0
1810,40182.7,11,49787453,49882347,130.1,1425.0
1811,40183.0,11,1379505588,49754466,427.3,4564.0
1812,40183.8,11,4561710231,650017980,497.1,6762.0
1813,40186.3,11,49769193,655661987,639.6,7486.0
1814,40187.5,11,49745636,644504380,585.4,7156.0
1815,40196.7,11,49756492,49823451,412.0,4796.0
1816,40197.1,11,49741274,49750338,591.4,7447.0
1817,40197.6,11,4001002050,11260344016,542.3,6128.0
1818,40202.5,11,49845830,49836705,411.8,4929.0
1819,40204.6,11,49762264,49825533,533.4,6050.0
1820,40207.1,11,49770680,49741362,177.0,1979.0
1821,40208.9,11,49741673,49804253,727.2,8348.0
1822,40211.0,11,49724395,49845521,627.9,7817.0
1823,40211.8,11,1379471024,49797753,283.1,3283.0
1824,40211.9,11,49777853,4365479390,232.6,3081.0
1825,40213.1,11,49796993,3665467710,631.4,7241.0
1826,40213.4,11,655662508,655680518,28.6,320.0
1827,40222.5,11,49780558,642334066,462.0,6326.0
1828,40222.9,11,11198264287,9526260022,383.7,5139.0
1829,40228.3,11,642317837,49773639,655.7,8782.0
1830,40229.3,11,49815687,3657250001,415.3,4417.0
1831,40229.9,11,49883336,49734612,616.1,7934.0
1832,40236.0,11,49741095,49764863,353.2,3860.0
1833,40237.2,11,655661924,647030730,328.0,4632.0
1834,40240.5,11,49809721,49774580,540.2,5897.0
1835,40243.0,11,5563919714,49741178,370.9,4063.0
1836,40250.5,11,49748155,1004759889,492.2,5878.0
1837,40251.2,11,49773040,49808583,282.5,3184.0
1838,40252.8,11,49745208,49879655,594.5,8426.0
1839,40253.5,11,3670756345,49767848,482.1,6418.0
1840,40255.0,11,1740764624,6773125514,734.1,9093.0
1841,40259.9,11,6777089504,49764867,141.4,1595.0
1842,40261.7,11,49797596,49747960,624.7,6870.0
1843,40261.7,11,49762379,3010919312,69.2,764.0
1844,40263.5,11,49747351,641128680,482.4,7111.0
1845,40267.4,11,3669554866,49757606,678.2,8442.0
1846,40269.5,11,1381216023,49814781,230.5,2584.0
1847,40270.1,11,9593199679,49790041,630.6,7037.0
1848,40271.3,11,49821763,49764348,504.6,5739.0
1849,40272.0,11,49782369,49761430,771.9,9563.0
1850,40272.1,11,49796993,5563919714,342.9,3849.0
1851,40277.2,11,49797401,49754658,712.7,8199.0
1852,40278.7,11,49749374,1475737793,1188.5,14378.0
1853,40278.8,11,49825108,49764921,267.2,4334.0
1854,40279.4,11,49777556,49749098,540.6,6136.0
1855,40279.8,11,11177333923,3469719651,126.3,1394.0
1856,40282.2,11,1381204541,49794206,367.2,4039.0
1857,40284.2,11,49771469,49813532,506.7,5661.0
1858,40285.5,11,4001470337,49748627,265.7,3040.0
1859,40294.6,11,647619114,2136710695,275.5,3147.0
1860,40294.8,11,49770789,49759974,801.6,10914.0
1861,40294.9,11,49744587,49777288,77.5,869.0
1862,40300.7,11,49881497,49861252,449.7,5298.0
1863,40303.5,11,5180966153,2921295156,534.8,6158.0
1864,40303.8,11,49741274,49860404,689.5,8379.0
1865,40309.1,11,49748460,1364971555,497.5,5636.0
1866,40310.9,11,642044494,49789376,1133.8,16237.0
1867,40312.7,11,49777792,49853710,250.0,2839.0
1868,40313.2,11,9136825802,49800760,530.0,6544.0
1869,40314.2,11,1484481512,655442842,232.4,2521.0
1870,40319.3,11,49745676,49768036,49.5,380.0
1871,40320.7,11,49865817,641965151,482.7,6261.0
1872,40322.0,11,49858932,49869576,383.2,4241.0
1873,40324.9,11,49745193,49842742,718.4,9123.0
1874,40325.5,11,3798943055,7133191832,598.7,7414.0
1875,40327.6,11,49827531,49796993,266.7,3008.0
1876,40328.7,11,49820874,3056586923,999.9,11183.0
1877,40330.0,11,3027665453,10041252781,261.3,2871.0
1878,40333.9,11,49745195,12405568217,676.8,8249.0
1879,40334.4,11,49745284,49775968,149.5,1641.0
1880,40335.7,11,49774081,49790881,811.4,9714.0
1881,40338.9,11,2428508011,49791973,178.7,1881.0
1882,40342.6,11,49787640,49763119,561.3,6286.0
1883,40347.5,11,49770684,647628098,100.6,1119.0
1884,40348.8,11,655680757,49749059,630.8,8112.0
1885,40352.3,11,49789284,49795273,531.3,6181.0
1886,40353.4,11,49720045,49883685,975.2,10976.0
1887,40353.9,11,49745628,49792806,252.8,3377.0
1888,40356.3,11,8245233135,5446746057,157.5,1763.0
1889,40359.4,11,49745650,49810831,404.8,4475.0
1890,40362.3,11,49882753,657211855,995.0,12500.0
1891,40362.4,11,49777795,49831085,334.2,3805.0
1892,40367.1,11,262430827,49717981,470.4,5444.0
1893,40369.8,11,9190361341,3678223274,675.6,7880.0
1894,40374.5,11,9136839220,49832850,237.0,2609.0
1895,40374.9,11,655247775,9166612489,137.7,1550.0
1896,40376.1,11,3012784293,49859579,295.7,3423.0
1897,40377.3,11,447591561,3027832454,659.6,7574.0
1898,40378.6,11,49865817,49750678,866.0,11698.0
1899,40379.8,11,49845837,49764352,272.7,3130.0
1900,40379.9,11,5180966153,49718877,389.0,4490.0
1901,40380.5,11,49756474,49795273,247.0,2755.0
1902,40380.9,11,49720045,49847197,655.8,7311.0
1903,40390.5,11,2502976209,49760268,723.3,8074.0
1904,40392.0,11,49772964,49807613,517.6,6862.0
1905,40392.6,11,49745457,12629467071,399.6,4561.0
1906,40398.3,11,49741038,1365013791,339.4,3844.0
1907,40398.6,11,49809715,642586207,241.5,2662.0
1908,40399.0,11,49770789,49852925,615.6,7126.0
1909,40399.0,11,49765155,3369181714,627.0,7224.0
1910,40400.5,11,49770670,49830548,376.5,4520.0
1911,40400.9,11,49883336,49865234,139.7,1903.0
1912,40404.9,11,49789205,49765083,252.0,2834.0
1913,40406.2,11,3005831881,3369108594,867.5,10929.0
1914,40407.9,11,49777792,49768693,235.5,2602.0
1915,40408.9,11,49753516,646076994,854.4,10225.0
1916,40411.1,11,49741058,49735125,434.4,4895.0
1917,40412.8,11,49772747,49761364,616.6,6995.0
1918,40415.0,11,49842421,11569406868,216.3,2289.0
1919,40416.1,11,262430827,49812261,859.6,10233.0
1920,40419.6,11,49764791,9660057374,116.1,1315.0
1921,40420.3,11,49749851,641127515,583.3,7969.0
1922,40422.0,11,6777089504,49849131,405.5,4980.0
1923,40427.8,11,49888300,49830496,354.3,3943.0
1924,40428.4,11,4366096286,49758528,164.9,1846.0
1925,40430.4,11,49752115,49819462,625.6,6933.0
1926,40430.7,11,49756297,5563919664,948.3,11378.0
1927,40437.2,11,49745461,3277042669,379.5,4366.0
1928,40437.2,11,49793777,49729400,760.1,9124.0
1929,40437.8,11,49801673,49752640,269.7,3042.0
1930,40444.8,11,2502976209,49887720,500.4,5938.0
1931,40444.9,11,49770680,3366676340,433.0,5034.0
1932,40445.4,11,8592032116,8202850999,402.3,5744.0
1933,40452.1,11,6777089507,49759112,468.6,5447.0
1934,40453.4,11,49837617,49896515,948.4,11459.0
1935,40455.1,11,49745335,49743563,328.6,3622.0
1936,40458.0,11,49809200,5354789656,632.8,6898.0
1937,40458.5,11,49780097,9136825795,87.3,992.0
1938,40459.6,11,49787160,49762108,1207.0,14644.0
1939,40464.9,11,642563716,49742352,174.1,1996.0
1940,40468.7,11,49822884,49773918,579.0,6618.0
1941,40468.7,11,49824748,5356541562,770.3,9154.0
1942,40470.1,11,49860783,49751291,1204.2,15462.0
1943,40478.8,11,49776031,1017391974,158.3,1755.0
1944,40480.1,11,49807555,3016605388,430.9,5889.0
1945,40480.7,11,638789448,49769205,115.4,1278.0
1946,40481.2,11,49774098,3415851740,345.4,3758.0
1947,40481.5,11,49740442,647628071,362.1,4874.0
1948,40483.3,11,49752584,49730747,697.5,8066.0
1949,40484.0,11,49787160,642857393,779.1,9278.0
1950,40484.5,11,6777089504,2748976055,212.9,2367.0
1951,40485.2,11,3670756345,3872966581,288.0,3899.0
1952,40485.5,11,8146198871,49861176,377.8,4377.0
1953,40486.9,11,1439584651,49843148,566.8,6889.0
1954,40488.2,11,49770708,49868820,433.7,5147.0
1955,40490.1,11,49824264,49769209,319.2,3880.0
1956,40490.2,11,49787160,49865817,544.9,6566.0
1957,40492.6,11,49745247,49746301,557.6,6799.0
1958,40493.9,11,1013429968,5519663699,642.6,7452.0
1959,40495.2,11,49741104,642336067,357.0,3883.0
1960,40498.4,11,49858017,1364961102,211.4,2367.0
1961,40498.8,11,9136839220,49198976,658.3,7817.0
1962,40499.4,11,49745208,49873430,499.2,5719.0
1963,40501.6,11,49745676,49774161,991.1,12309.0
1964,40503.1,11,2167451939,49748819,588.9,7450.0
1965,40510.9,11,49847837,49733995,683.9,8591.0
1966,40511.9,11,638062063,3006698832,510.4,6538.0
1967,40514.0,11,49793723,49801528,365.4,4159.0
1968,40516.4,11,3013484854,49827897,534.2,6726.0
1969,40517.0,11,4366096286,49741033,277.1,3168.0
1970,40518.4,11,5698252199,4059272474,374.0,4566.0
1971,40518.7,11,49784130,1466445325,648.8,9041.0
1972,40524.2,11,1363151551,49758306,423.9,4573.0
1973,40525.7,11,3669554874,2900167806,616.1,7677.0
1974,40526.5,11,49745680,1009113444,418.8,4777.0
1975,40527.4,11,49773040,49775459,503.9,5551.0
1976,40527.4,11,49754612,49776219,766.3,9657.0
1977,40527.7,11,655442853,1440867110,545.9,6262.0
1978,40528.4,11,641116194,49821214,557.2,7665.0
1979,40530.8,11,814299119,49777521,520.9,6396.0
1980,40531.8,11,49820583,2765102985,542.7,6703.0
1981,40535.1,11,49816382,49787483,302.9,3359.0
1982,40538.5,11,1379471223,49877840,199.0,2239.0
1983,40542.8,11,49799633,49770684,204.3,2323.0
1984,40544.6,11,49799643,49779910,242.9,2739.0
1985,40545.8,11,49767194,2975016185,261.4,3133.0
1986,40546.3,11,49810871,3667966669,439.6,5081.0
1987,40547.9,11,49808183,11260344016,688.3,8041.0
1988,40548.4,11,49745240,49810128,505.7,5900.0
1989,40548.5,11,49788610,49752632,501.8,5867.0
1990,40552.5,11,3012535147,49827112,351.8,3964.0
1991,40554.8,11,49767194,49716899,306.8,3368.0
1992,40556.9,11,49734622,49833682,1001.3,12668.0
1993,40557.7,11,655442853,49789927,871.4,9825.0
1994,40561.0,11,49749855,49830401,421.8,4773.0
1995,40562.3,11,4561710230,642885426,459.4,5647.0
1996,40568.9,11,49882753,49773931,559.7,6313.0
1997,40571.6,11,49741058,706911253,490.2,5635.0
1998,40573.2,11,49780840,49804974,509.7,5667.0
1999,40573.7,11,3012429028,49764785,296.2,3335.0
2000,40574.2,11,49793411,49826628,610.7,7578.0
2001,40576.1,11,641073443,49789333,658.4,7886.0
2002,40579.4,11,49749470,3388139635,602.1,6656.0
2003,40582.2,11,49768440,49747291,521.3,6108.0
2004,40583.4,11,49741274,3373476206,296.2,3285.0
2005,40586.1,11,49741058,49739815,483.9,5395.0
2006,40586.9,11,49866935,49749097,500.1,5548.0
2007,40588.5,11,1017489190,49773560,100.2,1120.0
2008,40590.1,11,49770676,8099163559,777.8,9398.0
2009,40593.3,11,49800238,49812175,85.0,1062.0
2010,40597.9,11,49739609,632935663,520.6,5997.0
2011,40601.6,11,49768181,49767277,481.8,5495.0
2012,40603.0,11,9130874912,49780579,538.0,7056.0
2013,40605.7,11,49863186,49751772,971.5,11954.0
2014,40606.2,11,9130874912,5556599906,260.2,3093.0
2015,40606.7,11,49742771,49759674,790.4,8248.0
2016,40617.1,11,49732272,641112617,595.1,6781.0
2017,40620.5,11,49776112,49813511,485.9,5443.0
2018,40621.0,11,49729831,49767417,484.6,5384.0
2019,40622.6,11,49782255,49744825,261.6,2836.0
2020,40625.3,11,4561710231,876615209,170.5,1908.0
2021,40626.4,11,447591561,49848459,1136.5,13976.0
2022,40626.8,11,706911255,49743895,872.1,10946.0
2023,40627.1,11,49779907,12068811315,74.3,844.0
2024,40631.7,11,49770782,2167451939,370.0,4189.0
2025,40632.8,11,3012784293,49777010,739.9,10591.0
2026,40634.9,11,49741058,49793936,332.8,4236.0
2027,40636.1,11,1381212154,1363151551,123.8,1363.0
2028,40636.3,11,3669554865,49824145,482.3,5580.0
2029,40637.0,11,49787863,49749059,218.8,2561.0
2030,40638.8,11,4561710230,49797044,60.2,673.0
2031,40641.9,11,49762210,5558800281,251.9,2860.0
2032,40643.4,11,49756373,1443727094,178.0,1983.0
2033,40647.8,11,49797063,49861176,146.9,1654.0
2034,40652.3,11,49789369,49775612,1246.6,17074.0
2035,40654.6,11,1804420109,49810152,662.6,7665.0
2036,40658.3,11,49797586,49818935,395.7,4395.0
2037,40662.1,11,49884234,49773560,455.4,5763.0
2038,40663.4,11,49741737,49777882,409.5,4630.0
2039,40668.7,11,49844851,1443727078,394.5,4442.0
2040,40670.7,11,1381204541,49755352,827.2,10744.0
2041,40675.5,11,49756492,49776570,569.4,6484.0
2042,40676.9,11,49741730,49784232,479.2,5397.0
2043,40681.0,11,49745676,2456351034,781.1,8837.0
2044,40684.8,11,4635639616,49764785,90.1,978.0
2045,40685.0,11,49787890,49866594,678.1,7445.0
2046,40686.5,11,49844794,5564258810,312.9,3507.0
2047,40691.5,11,49745301,49745289,28.0,314.0
2048,40692.0,11,49732272,655662483,581.4,7484.0
2049,40699.7,11,3005239459,640784713,857.5,9860.0
2050,40700.9,11,655442852,49772296,140.4,1540.0
2051,40707.5,11,49750332,49847434,551.2,7144.0
2052,40707.6,11,8530666832,49798784,179.4,2050.0
2053,40710.5,11,49770672,49718776,454.1,6218.0
2054,40714.4,11,3012784293,49826533,251.6,3658.0
2055,40723.6,11,49740442,49853703,443.6,6020.0
2056,40724.0,11,49745650,647618716,461.0,5441.0
2057,40731.0,11,49764374,3001016701,362.3,3965.0
2058,40732.5,11,8299152846,49779761,476.3,5528.0
2059,40733.0,11,49865817,13360530147,360.2,4122.0
2060,40736.8,11,49772964,638898969,347.1,4176.0
2061,40738.6,11,11177333923,3669554862,236.8,2702.0
2062,40738.9,11,49797596,49740649,594.6,6651.0
2063,40743.8,11,9676179707,49801161,349.3,3952.0
2064,40750.8,11,49770680,4561710230,102.9,1152.0
2065,40752.6,11,49763064,1443573427,503.9,6597.0
2066,40753.6,11,49829250,49759318,752.8,10350.0
2067,40755.0,11,49787487,3531416325,246.4,2746.0
2068,40755.1,11,1804420112,49759112,201.1,2253.0
2069,40757.7,11,11198264296,49732017,313.9,3505.0
2070,40760.9,11,49774081,49719895,421.6,4673.0
2071,40763.8,11,11177333923,49863346,302.3,3570.0
2072,40766.0,11,49771030,49717975,683.4,7636.0
2073,40767.9,11,447591561,1364987325,703.2,8012.0
2074,40768.7,11,49810122,11275506476,534.8,7007.0
2075,40774.2,11,2440761314,11569406867,72.1,786.0
2076,40774.5,11,49881497,49848639,598.9,7003.0
2077,40776.8,11,3672563449,49770968,288.5,3305.0
2078,40780.1,11,49745186,49769180,223.2,2559.0
2079,40780.5,11,49809200,49735138,610.9,6814.0
2080,40783.6,11,49758271,49824054,631.4,7281.0
2081,40784.7,11,3027665453,49808619,883.2,10850.0
2082,40787.2,11,49745247,49747955,441.8,4644.0
2083,40788.7,11,49793549,49760268,518.1,5627.0
2084,40790.4,11,11198264296,49803265,335.3,4715.0
2085,40792.5,11,49770782,49801283,600.5,7000.0
2086,40793.3,11,1381204541,49745717,820.3,11383.0
2087,40794.3,11,49763606,642333952,542.9,7277.0
2088,40795.8,11,49822928,49797717,329.9,3641.0
2089,40796.6,11,13259914865,49808317,865.4,10946.0
2090,40800.8,11,49810122,49791761,577.3,6578.0
2091,40802.7,11,49848293,49773979,200.3,2592.0
2092,40803.7,11,3000430293,49788317,869.2,10400.0
2093,40806.2,11,49764791,49770703,114.4,1269.0
2094,40810.6,11,49837617,49749865,681.7,9131.0
2095,40811.0,11,49866935,49809698,459.0,5118.0
2096,40812.7,11,49845850,49793537,419.9,4704.0
2097,40815.0,11,641119730,49770633,375.7,4138.0
2098,40817.9,11,49853085,1364989296,171.6,2145.0
2099,40818.9,11,655442852,55580453,705.2,8026.0
2100,40820.4,11,3672563449,49767450,445.8,4969.0
2101,40820.5,11,49752628,3376996953,557.5,6247.0
2102,40820.5,11,49745693,647030745,402.9,4485.0
2103,40823.0,11,49785338,2987628345,872.4,11752.0
2104,40823.0,11,49809189,2377417309,384.0,4342.0
2105,40829.0,11,49765113,647087545,441.6,4809.0
2106,40829.5,11,646190646,49756532,340.8,3988.0
2107,40833.4,11,49741058,9315321057,420.3,5377.0
2108,40833.5,11,1491097176,49802328,1148.6,16152.0
2109,40841.4,11,49773205,1462088988,1118.3,13147.0
2110,40843.4,11,49847649,49731261,1019.6,12541.0
2111,40845.8,11,49810876,49823944,440.6,5005.0
2112,40853.8,11,3669554866,2748976055,260.2,3055.0
2113,40855.9,11,1740764624,49768899,394.0,4763.0
2114,40858.4,11,5320434814,49813443,341.0,3807.0
2115,40864.4,11,49770670,55580453,325.9,3604.0
2116,40865.1,11,49866935,49817439,416.8,4633.0
2117,40866.9,11,49753014,49753817,530.1,6871.0
2118,40867.4,11,3012535147,49781417,789.4,9862.0
2119,40867.6,11,49820743,49849823,900.7,10731.0
2120,40868.0,11,5320434814,49818956,538.5,5983.0
2121,40871.8,11,6777089504,3531416325,406.0,4689.0
2122,40873.9,11,49740439,5356541562,947.8,12158.0
2123,40877.0,11,3012429028,641965187,195.1,2536.0
2124,40878.6,11,3027663729,2535854815,553.5,7061.0
2125,40878.8,11,49774081,49764447,451.7,4988.0
2126,40879.0,11,49779839,49796711,667.6,8253.0
2127,40893.1,11,49772987,49732411,402.5,4500.0
2128,40894.8,11,49741730,49734107,161.6,1823.0
2129,40898.0,11,49882753,5445781491,385.1,4151.0
2130,40900.7,11,49748151,655442842,984.6,11511.0
2131,40912.8,11,49773040,49745335,250.3,2773.0
2132,40914.2,11,641116226,49765285,398.6,4624.0
2133,40914.7,11,49745676,12270087211,793.0,9674.0
2134,40919.7,11,49773539,49769028,689.6,9452.0
2135,40925.1,11,49845777,49749041,961.7,11715.0
2136,40925.6,11,49773532,49730878,615.0,7504.0
2137,40926.0,11,49740244,6007151792,256.1,2858.0
2138,40928.0,11,3378222897,641939695,257.5,3268.0
2139,40928.4,11,1379495867,49745459,319.9,3807.0
2140,40930.5,11,49820757,49761501,132.9,1495.0
2141,40937.6,11,49873888,2765545529,639.2,7588.0
2142,40938.2,11,49870270,49716503,651.5,9414.0
2143,40944.2,11,655442834,49738129,173.4,2069.0
2144,40945.4,11,49748212,49782655,677.2,8122.0
2145,40946.1,11,49845837,49773461,956.7,11756.0
2146,40951.0,11,646031052,49856112,564.9,6661.0
2147,40955.3,11,49724395,3282259542,488.4,6162.0
2148,40955.5,11,49774081,49793670,402.6,4606.0
2149,40956.2,11,3007042409,486888915,347.6,4876.0
2150,40958.2,11,4635639616,49740448,429.7,5533.0
2151,40960.2,11,49741730,49747443,721.7,9319.0
2152,40960.8,11,9723903189,49734616,758.1,9222.0
2153,40961.5,11,49809177,3001334946,260.1,2915.0
2154,40961.9,11,638452596,49822760,821.4,9640.0
2155,40963.0,11,49770680,49768036,365.1,4161.0
2156,40963.9,11,49822365,49741362,645.0,7436.0
2157,40964.9,11,49800282,8530666824,726.0,9102.0
2158,40967.0,11,49878016,49845782,299.3,3443.0
2159,40968.8,11,3240030410,49789291,497.3,5802.0
2160,40972.7,11,49803595,49767293,641.2,7162.0
2161,40978.0,11,49765234,49788397,255.5,3004.0
2162,40980.0,11,49828695,642395201,221.3,2843.0
2163,40982.2,11,49745243,49841592,705.7,8421.0
2164,40984.9,11,642563716,783623535,418.4,4640.0
2165,40986.6,11,4695979927,49824189,375.7,4044.0
2166,40987.5,11,49745676,49765949,736.9,8335.0
2167,40989.3,11,49789251,2921295525,267.2,3190.0
2168,40996.3,11,1447308555,49727521,294.3,3108.0
2169,40997.4,11,3011107102,1482009088,635.9,7693.0
2170,41003.6,11,49741725,647030735,337.9,3686.0
2171,41005.0,11,49756373,1443482366,432.7,4977.0
2172,41010.6,11,8592032116,2428739670,402.1,4504.0
2173,41013.8,11,49741058,49781417,591.6,7546.0
2174,41015.7,11,49762383,3637842788,233.5,2770.0
2175,41015.9,11,3672563449,49789716,314.7,3545.0
2176,41016.4,11,9136825813,3006713664,400.4,4650.0
2177,41018.7,11,4807040759,49761915,787.0,10951.0
2178,41018.7,11,49866935,49825108,495.6,5551.0
2179,41019.9,11,3001046648,49741715,303.7,3511.0
2180,41022.4,11,49745240,3001019038,344.1,3760.0
2181,41022.8,11,49888809,49772964,385.0,4420.0
2182,41025.8,11,49740442,9480293897,332.6,3627.0
2183,41027.2,11,49882753,641939501,526.2,6779.0
2184,41027.6,11,11261031486,49781443,743.5,9013.0
2185,41035.1,11,49750332,49717971,486.8,6428.0
2186,41037.1,11,49809715,49789673,500.1,6057.0
2187,41044.7,11,1379471556,1233276142,839.8,10401.0
2188,41047.4,11,49789291,49743994,953.6,12871.0
2189,41047.7,11,647030735,49792364,386.3,4664.0
2190,41048.5,11,49773526,49729752,292.2,3289.0
2191,41051.8,11,1364987325,49782082,394.8,4618.0
2192,41052.1,11,9130874912,49846731,380.5,4361.0
2193,41055.4,11,49745461,49729179,408.7,4504.0
2194,41064.7,11,655442853,49762184,455.8,5575.0
2195,41070.0,11,49748155,655662478,945.4,11658.0
2196,41072.5,11,3012829811,49813365,56.0,614.0
2197,41074.9,11,49770676,11260162640,513.7,5744.0
2198,41076.2,11,3012535014,49788708,471.3,5542.0
2199,41077.2,11,655442853,49745709,222.0,2866.0
2200,41077.6,11,8461692431,49813634,774.6,9231.0
2201,41080.3,11,650017956,49741179,499.2,5990.0
2202,41082.6,11,49767194,49771201,642.8,8073.0
2203,41084.1,11,5380888621,641965151,869.7,10788.0
2204,41084.5,11,655442852,49742628,397.8,4178.0
2205,41088.3,11,49741058,49852968,737.4,8518.0
2206,41090.1,11,655662508,49788702,637.4,8081.0
2207,41091.0,11,3240030410,2502976209,246.0,2748.0
2208,41091.7,11,49797063,49764318,101.1,1140.0
2209,41091.9,11,49876468,49748223,561.4,6534.0
2210,41093.5,11,49745247,49882225,352.5,3804.0
2211,41098.2,11,49750009,49825445,1153.5,14253.0
2212,41100.9,11,49762191,1493828491,476.8,6479.0
2213,41102.1,11,1381216023,49824935,681.6,7794.0
2214,41103.9,11,1243974048,49790081,630.5,7037.0
2215,41105.8,11,2795614002,49818956,404.2,4113.0
2216,41106.9,11,3670756345,49771291,276.5,3102.0
2217,41111.2,11,49754612,49850681,494.3,5625.0
2218,41112.3,11,49765155,49731261,262.3,2977.0
2219,41112.6,11,1013429968,641965169,689.9,9212.0
2220,41112.8,11,49842413,49735907,538.0,6316.0
2221,41116.6,11,49865817,49719422,54.4,612.0
2222,41121.0,11,1004809645,5920737989,848.9,9659.0
2223,41125.2,11,49815281,1440867108,802.5,9263.0
2224,41130.4,11,49845777,49742388,546.2,6140.0
2225,41133.5,11,49774098,49745374,686.8,7812.0
2226,41134.5,11,3027663729,883610474,300.1,3862.0
2227,41136.5,11,49881497,49879049,74.7,755.0
2228,41142.2,11,49809189,49780489,208.0,2314.0
2229,41142.9,11,2502976209,49826805,591.9,6972.0
2230,41144.8,11,6799665639,49768681,279.6,2834.0
2231,41152.1,11,3001046648,49768258,874.5,10596.0
2232,41152.7,11,49763606,1486524329,836.7,11445.0
2233,41154.1,11,9797239771,49822775,280.6,3110.0
2234,41155.0,11,49742771,49785338,767.2,8196.0
2235,41158.8,11,49810122,49764330,441.1,5151.0
2236,41163.7,11,49740442,49742701,350.0,3766.0
2237,41164.6,11,49789376,2974581217,591.4,6682.0
2238,41170.1,11,49720045,49752603,525.0,5440.0
2239,41173.2,11,49729874,49739787,446.1,5043.0
2240,41173.7,11,49745691,49820853,482.3,5357.0
2241,41177.7,11,647619114,49826690,357.8,4054.0
2242,41181.0,11,49739609,7257628503,413.7,4507.0
2243,41183.3,11,49802545,49804967,330.9,3848.0
2244,41187.5,11,3669554866,4325552564,80.3,889.0
2245,41187.9,11,49765155,49854250,543.5,6612.0
2246,41188.4,11,1379471223,642045030,728.1,10077.0
2247,41190.8,11,49758282,49773560,445.5,5030.0
2248,41193.6,11,49778342,49734559,1065.2,13472.0
2249,41194.3,11,3240030410,3665453337,651.4,7562.0
2250,41200.9,11,641965169,49764785,436.6,5602.0
2251,41201.8,11,49764785,49752606,429.8,4898.0
2252,41202.9,11,11332977605,1021653174,369.4,4290.0
2253,41203.0,11,49741058,49748292,637.9,7338.0
2254,41205.7,11,1381204541,1475711530,822.6,9928.0
2255,41206.5,11,1021561602,3661066108,315.0,4210.0
2256,41206.6,11,49819386,3001353534,152.3,1670.0
2257,41207.0,11,6777089507,49776952,342.3,4776.0
2258,41208.6,11,8299152846,49775426,743.0,8793.0
2259,41210.2,11,49769580,49763072,160.6,1818.0
2260,41210.6,11,49773040,49748802,111.8,1250.0
2261,41210.6,11,49793411,49766292,1270.8,15754.0
2262,41213.6,11,49799147,49767372,745.6,9925.0
2263,41213.7,11,49796897,49781856,927.8,12008.0
2264,41214.4,11,4000799765,49770938,390.1,4150.0
2265,41218.3,11,1205178199,49789362,975.2,9880.0
2266,41222.1,11,49720045,12532857266,435.7,5405.0
2267,41223.9,11,49756297,1443727015,1264.6,16446.0
2268,41224.4,11,49776112,49869665,93.6,1046.0
2269,41224.7,11,1484482239,49775632,1149.9,14432.0
2270,41228.8,11,3012535014,49798170,599.5,7258.0
2271,41229.0,11,641116283,49744672,368.1,4189.0
2272,41230.3,11,49873888,49746295,775.3,9452.0
2273,41233.0,11,49745240,49843101,233.7,2666.0
2274,41235.0,11,49809698,49839144,217.7,2400.0
2275,41237.6,11,49779907,49809327,281.4,3090.0
2276,41239.3,11,641965169,49723161,316.8,4525.0
2277,41242.5,11,49773040,9983605758,198.4,2203.0
2278,41243.6,11,49876468,49842244,655.9,7904.0
2279,41244.3,11,49756297,262542282,515.7,5700.0
2280,41247.8,11,49820727,49767372,1038.0,13074.0
2281,41248.4,11,49741274,49847215,336.1,3703.0
2282,41250.2,11,49817387,49746301,416.9,4918.0
2283,41256.1,11,11347623954,13270967989,787.9,9605.0
2284,41259.5,11,49784130,4274261372,666.9,7456.0
2285,41264.0,11,49780074,49809674,689.1,10219.0
2286,41265.4,11,49776461,49778756,737.3,8345.0
2287,41266.1,11,49745632,7802243127,424.9,4959.0
2288,41269.4,11,7494204321,1443727116,258.0,2867.0
2289,41269.8,11,49809189,49793903,928.0,11143.0
2290,41270.1,11,1381204541,49773070,283.5,3178.0
2291,41271.8,11,49839140,49793217,156.2,1710.0
2292,41274.8,11,49745240,13256457603,337.2,3708.0
2293,41275.8,11,49780562,13790612903,282.7,3118.0
2294,41279.4,11,262173261,610608392,285.7,3157.0
2295,41282.2,11,49770423,49734130,322.9,3538.0
2296,41283.5,11,49734621,49764453,124.1,1392.0
2297,41285.6,11,49844794,49771208,265.0,3081.0
2298,41286.0,11,49749374,49740589,449.3,4511.0
2299,41286.3,11,49767194,49721610,436.2,5034.0
2300,41288.9,11,49750169,49849432,214.9,3371.0
2301,41297.9,11,3012784293,49869902,616.9,6726.0
2302,41298.4,11,49741730,49843072,286.6,3357.0
2303,41298.8,11,49855611,632879321,330.8,3899.0
2304,41299.7,11,49770423,49830330,566.8,7188.0
2305,41300.9,11,49845837,49765735,682.5,7506.0
2306,41301.2,11,635118613,49790081,475.8,5357.0
2307,41302.4,11,49731670,49769136,626.1,8278.0
2308,41306.2,11,49774087,2927432300,642.0,7253.0
2309,41307.3,11,9136825813,49823434,623.5,8181.0
2310,41309.6,11,49777546,49765273,481.4,5604.0
2311,41310.1,11,1364989296,49825464,557.9,6399.0
2312,41311.1,11,49827853,49756549,634.4,7262.0
2313,41314.1,11,1004839834,49831110,837.1,10327.0
2314,41318.0,11,49743972,3872966581,335.1,4402.0
2315,41319.5,11,9136825813,49847427,333.4,3896.0
2316,41325.9,11,49779896,1243974324,35.6,422.0
2317,41327.3,11,49816382,2462383188,449.7,5094.0
2318,41333.0,11,49745628,49780323,229.4,2631.0
2319,41333.7,11,1499921620,49753848,382.1,5252.0
2320,41336.6,11,49788457,49719230,237.0,2626.0
2321,41349.8,11,49745214,1443170227,452.1,5032.0
2322,41353.6,11,447823042,49776916,261.3,2898.0
2323,41360.0,11,49888300,1443727005,1388.9,18586.0
2324,41361.4,11,49843692,49780323,417.2,4585.0
2325,41369.8,11,1014110633,2900167806,870.1,10547.0
2326,41370.5,11,49853085,49807229,361.3,4004.0
2327,41372.9,11,1740764624,49746420,491.3,5641.0
2328,41374.2,11,49745240,49796363,130.3,1463.0
2329,41376.6,11,5320434814,971094631,533.6,6242.0
2330,41378.6,11,7494204321,49764867,371.8,4004.0
2331,41379.3,11,646065021,49852366,845.0,11738.0
2332,41380.6,11,7319959761,49763143,833.3,9758.0
2333,41383.9,11,49740442,49820527,575.3,7123.0
2334,41384.2,11,3798943055,1364987325,721.0,8436.0
2335,41386.6,11,49741274,49814843,888.1,11330.0
2336,41387.6,11,49817091,1017220740,650.7,7873.0
2337,41389.3,11,3240030410,49764899,257.3,2876.0
2338,41392.8,11,49789284,49775470,301.3,3615.0
2339,41395.0,11,1804420109,8207334273,401.6,4579.0
2340,41397.1,11,49745193,49773544,83.1,933.0
2341,41397.4,11,3670756345,49797390,277.7,3199.0
2342,41400.8,11,49787487,49790025,340.8,3808.0
2343,41402.4,11,1484331315,1484482239,95.1,1068.0
2344,41403.5,11,9130874912,49750783,843.3,9515.0
2345,41408.7,11,1618429530,5563919654,392.0,4297.0
2346,41409.0,11,49809177,2456351013,509.5,5775.0
2347,41409.6,11,9676179707,49824748,77.4,899.0
2348,41410.3,11,49810122,49800294,368.8,4295.0
2349,41411.4,11,1804420112,49832844,77.3,898.0
2350,41414.6,11,3670756359,1363151612,183.8,2144.0
2351,41415.2,11,641073443,49877985,424.8,5079.0
2352,41416.4,11,4630137710,49812217,972.3,12061.0
2353,41418.6,11,49774093,49884831,440.4,5878.0
2354,41419.0,11,49772551,641127587,439.8,5020.0
2355,41419.8,11,49810122,49809657,418.2,4808.0
2356,41420.6,11,1381204541,49739598,507.2,5610.0
2357,41425.9,11,49797586,641073501,147.2,1667.0
2358,41426.0,11,49762221,2921295178,437.0,4940.0
2359,41427.6,11,3007042409,49871865,908.3,10758.0
2360,41435.0,11,3661066117,4387066892,593.3,7380.0
2361,41435.4,11,49793983,49741724,750.0,9233.0
2362,41440.1,11,49777546,49810840,171.9,2071.0
2363,41444.1,11,49789218,1443727150,114.6,1250.0
2364,41444.2,11,4082394063,49791636,284.9,3163.0
2365,41450.6,11,49777795,49741362,354.9,4028.0
2366,41454.5,11,49865817,49767970,383.5,4409.0
2367,41456.5,11,49810876,49794394,291.9,3191.0
2368,41459.7,11,49824748,49739365,598.7,7066.0
2369,41464.4,11,1379495867,49825030,209.9,2389.0
2370,41468.1,11,3012784293,642857393,473.2,5402.0
2371,41469.0,11,49745232,641112617,263.7,2974.0
2372,41471.1,11,49772987,49752546,498.4,6798.0
2373,41472.3,11,49765155,49765083,81.5,926.0
2374,41475.5,11,49837606,49816414,493.4,5443.0
2375,41477.2,11,655247775,49748212,94.9,1018.0
2376,41478.2,11,49770639,49761978,744.4,9779.0
2377,41478.8,11,633085015,49847505,699.9,7893.0
2378,41479.1,11,1364987325,3125716147,504.2,5958.0
2379,41479.7,11,2502976209,49745282,488.6,5660.0
2380,41479.7,11,49780562,3302325145,142.3,1583.0
2381,41483.1,11,49776047,657211360,796.2,10371.0
2382,41490.3,11,9136839220,1443727058,456.7,5680.0
2383,41491.0,11,49785338,49824055,115.9,1310.0
2384,41495.3,11,1381216023,49730806,561.9,6321.0
2385,41496.4,11,49752115,9526260026,344.8,3873.0
2386,41498.6,11,49773070,49853917,110.9,1234.0
2387,41498.8,11,49745240,49734619,165.6,1856.0
2388,41499.2,11,4935980603,49769383,562.4,7173.0
2389,41499.5,11,49741730,49749230,668.9,8718.0
2390,41502.8,11,5698252199,13650509862,844.6,10202.0
2391,41503.2,11,49740442,49746423,666.7,8706.0
2392,41504.5,11,447591561,49750009,1208.3,14975.0
2393,41506.7,11,49789379,49754509,764.6,9175.0
2394,41509.6,11,641128680,4807040760,274.2,3077.0
2395,41510.6,11,3670756345,49788024,264.6,2911.0
2396,41512.7,11,49775993,49747376,476.4,6386.0
2397,41513.8,11,4635639617,3665462748,553.2,6111.0
2398,41514.6,11,1804420109,49744012,917.7,12137.0
2399,41516.7,11,49778050,49845161,271.8,3221.0
2400,41517.9,11,49770789,49732422,266.4,3072.0
2401,41519.7,11,1484481847,3744956565,941.4,11016.0
2402,41520.2,11,2286013912,49768409,546.1,6277.0
2403,41522.1,11,641127560,622721609,312.2,3936.0
2404,41533.8,11,49847837,49808619,1011.2,12130.0
2405,41534.8,11,49810876,49824135,261.2,3052.0
2406,41535.0,11,13790612928,49744817,74.9,841.0
2407,41541.0,11,1004839834,49764453,205.8,2381.0
2408,41542.0,11,3670756345,12937946005,381.5,4253.0
2409,41550.3,11,701602949,49756643,143.4,1542.0
2410,41554.6,11,1484481543,5587536525,889.3,9849.0
2411,41555.9,11,49763640,9545143715,217.5,2489.0
2412,41562.7,11,49756578,49774427,601.2,7369.0
2413,41564.9,11,3669554865,647084282,447.1,5819.0
2414,41568.5,11,49809189,9630558235,414.5,4613.0
2415,41569.2,11,49773526,6438732905,154.0,1691.0
2416,41570.2,11,49776047,49775545,211.3,2362.0
2417,41573.8,11,2896020586,49819386,888.1,11489.0
2418,41574.2,11,49810122,641127571,483.2,6044.0
2419,41575.0,11,10921172728,49861165,628.4,7663.0
2420,41576.0,11,49866594,49768706,747.2,8769.0
2421,41576.2,11,49809721,486888915,446.2,5489.0
2422,41578.2,11,655442838,49751288,356.5,4138.0
2423,41578.8,11,49765234,13324509620,423.3,4957.0
2424,41581.2,11,49779980,49816594,869.0,11624.0
2425,41588.1,11,49777795,5563919657,293.1,3381.0
2426,41594.3,11,49787884,49767123,316.0,3690.0
2427,41595.4,11,49883336,49865768,377.7,4786.0
2428,41598.2,11,49820874,49759091,1083.3,12214.0
2429,41598.9,11,49771030,49764371,581.1,6886.0
2430,41601.2,11,49741703,5564258808,516.4,5888.0
2431,41602.3,11,655442853,49734492,263.4,3090.0
2432,41603.3,11,49740442,2956751419,217.3,2395.0
2433,41605.0,11,49776461,49789593,1019.8,11893.0
2434,41607.3,11,8530666832,49778937,1026.4,12141.0
2435,41611.2,11,5698252199,3657250009,509.4,6197.0
2436,41617.3,11,49793729,1013367482,712.2,7793.0
2437,41618.8,11,49844851,641116231,238.3,2700.0
2438,41623.2,11,2975016185,49745453,612.9,7826.0
2439,41626.8,11,642317837,1499499879,511.1,6507.0
2440,41627.3,11,1243974109,49865706,120.4,1353.0
2441,41627.9,11,49773062,49733719,714.4,9853.0
2442,41628.7,11,655442839,5325469688,200.7,2300.0
2443,41629.9,11,49842421,49788441,352.8,3824.0
2444,41635.7,11,49828695,49848875,743.8,10009.0
2445,41636.8,11,1240476057,49780016,84.6,966.0
2446,41643.9,11,49866935,49751274,900.4,11575.0
2447,41644.1,11,5180966153,49778964,578.4,6648.0
2448,41647.8,11,49776461,49772763,822.5,9392.0
2449,41651.9,11,3125718572,49847434,656.2,7502.0
2450,41654.6,11,49809189,49768325,801.0,8713.0
2451,41656.2,11,5180966153,647043623,318.5,4528.0
2452,41656.4,11,655442853,1482009088,501.1,5938.0
2453,41657.7,11,3240030410,641127521,392.1,4396.0
2454,41658.6,11,49752628,49761924,924.7,11699.0
2455,41659.0,11,2974621123,13256457603,450.7,4994.0
2456,41665.1,11,1243973943,1218534945,279.7,3107.0
2457,41665.8,11,49865768,49734802,388.7,5031.0
2458,41669.4,11,49762191,49741058,183.2,2126.0
2459,41669.5,11,8530666832,49750717,555.1,6276.0
2460,41671.1,11,49751728,911590642,1026.3,13142.0
2461,41683.0,11,49799293,49804022,576.1,6473.0
2462,41686.8,11,49865768,49877844,182.5,2031.0
2463,41688.9,11,49828695,7153144746,579.3,7773.0
2464,41689.6,11,49848686,49824135,282.6,3203.0
2465,41694.2,11,49741730,49796970,243.7,2750.0
2466,41695.2,11,49816388,1493945562,541.3,6103.0
2467,41696.8,11,1021561599,49765918,668.8,7584.0
2468,41697.5,11,49764011,49750783,770.7,8586.0
2469,41697.7,11,49809715,49772573,125.4,1388.0
2470,41698.7,11,49771030,5019442992,1038.1,11885.0
2471,41703.0,11,49866935,49768712,706.7,7879.0
2472,41706.7,11,49741095,49813393,255.7,2748.0
2473,41708.2,11,49745232,49762880,564.0,6433.0
2474,41710.2,11,49762264,49746547,646.7,7363.0
2475,41715.1,11,49809698,641107616,335.5,3837.0
2476,41715.1,11,49765155,49764397,196.8,2215.0
2477,41715.5,11,49745628,1443727117,433.1,5050.0
2478,41716.2,11,2502976209,1462088991,576.8,6575.0
2479,41717.3,11,49774088,2954221698,811.8,9888.0
2480,41723.2,11,49721610,49730919,493.4,5507.0
2481,41723.9,11,49825409,1004313285,364.8,4126.0
2482,41728.9,11,829675288,11065795777,86.0,977.0
2483,41731.7,11,49743231,49812023,413.8,4079.0
2484,41731.8,11,806521182,1439584653,442.7,4894.0
2485,41732.2,11,49847837,1991035279,616.0,7640.0
2486,41736.4,11,49772964,10921172726,749.2,9251.0
2487,41736.7,11,49820743,49764326,493.2,5535.0
2488,41738.7,11,641116231,13821908378,529.5,6142.0
2489,41739.5,11,49763640,49789624,383.0,4474.0
2490,41742.7,11,49782349,49819549,219.4,2259.0
2491,41745.1,11,49822365,5519663699,828.8,9300.0
2492,41747.2,11,814299111,49731575,299.4,3635.0
2493,41748.2,11,6796840445,2921295153,527.3,6179.0
2494,41752.0,11,3240030410,1489220599,574.7,8893.0
2495,41752.3,11,49770789,49845521,851.7,10398.0
2496,41753.4,11,647026143,49816414,208.5,2329.0
2497,41754.7,11,5180966153,49800667,688.2,8225.0
2498,41757.9,11,11332977605,49767426,413.2,4509.0
2499,41762.9,11,49789219,49774851,244.9,2862.0
2500,41764.9,11,3378222897,647026148,154.6,1692.0
2501,41767.2,11,49839137,49768440,355.6,3966.0
2502,41767.6,11,1379495867,1493828504,652.7,8734.0
2503,41768.7,11,4635639617,641965187,353.6,4760.0
2504,41768.7,11,49773040,49718928,335.7,3756.0
2505,41772.3,11,49745628,49769187,305.8,3551.0
2506,41774.2,11,49770423,49753516,563.0,6307.0
2507,41774.9,11,49809721,3601521522,252.0,2705.0
2508,41782.3,11,49754612,49829936,857.3,10961.0
2509,41782.5,11,49734622,49763659,170.7,1794.0
2510,41782.9,11,49773526,49765006,685.8,8835.0
2511,41783.5,11,49745235,641127568,283.4,3233.0
2512,41783.6,11,49762191,1364961101,154.6,1711.0
2513,41791.2,11,49745204,49772861,651.0,7720.0
2514,41791.7,11,655442838,49748539,341.9,3847.0
2515,41797.0,11,49789337,49811754,457.5,5835.0
2516,41797.2,11,49826586,642334085,51.2,517.0
2517,41797.5,11,49789369,3012829798,540.2,6493.0
2518,41797.5,11,49810876,1466232814,694.3,9133.0
2519,41797.9,11,8411842743,49777899,401.1,5437.0
2520,41799.5,11,49809698,49877710,778.2,9744.0
2521,41804.8,11,49730129,49718409,875.9,11215.0
2522,41807.2,11,49897085,49852968,562.0,6874.0
2523,41809.0,11,3669554865,49789471,354.0,4027.0
2524,41809.8,11,49747467,49745465,609.9,7792.0
2525,41811.1,11,49820885,634784054,716.2,8153.0
2526,41811.4,11,49764341,49800667,411.8,4866.0
2527,41811.8,11,3670756345,49773008,95.4,1058.0
2528,41812.6,11,49741058,49819456,34.4,349.0
2529,41813.1,11,49745632,1499921620,440.7,5196.0
2530,41822.4,11,814299111,49792943,604.1,6583.0
2531,41823.6,11,49847837,49766620,339.8,3604.0
2532,41823.6,11,49770789,49730422,127.4,1400.0
2533,41824.0,11,49745465,49745455,16.8,189.0
2534,41827.2,11,49827531,49787530,430.7,4884.0
2535,41828.1,11,49810831,49755600,680.9,8738.0
2536,41831.0,11,3378110162,49745195,134.3,1531.0
2537,41831.7,11,49762379,49807329,723.0,9156.0
2538,41832.5,11,3669554865,49774928,312.5,3559.0
2539,41837.3,11,2696812482,49772315,368.8,4213.0
2540,41838.7,11,3669554866,49748318,578.4,6554.0
2541,41843.1,11,49780562,49771800,534.4,6295.0
2542,41844.8,11,5698252199,647031927,340.7,3794.0
2543,41849.1,11,49753516,647618716,114.2,1299.0
2544,41854.2,11,49745335,1013396337,279.2,2993.0
2545,41855.9,11,1362307924,49800146,280.1,3192.0
2546,41856.4,11,49845837,9130874912,427.3,4943.0
2547,41857.0,11,706911255,49751229,402.9,4359.0
2548,41864.2,11,49788610,49813480,615.6,6836.0
2549,41868.5,11,49827531,647084261,597.5,7167.0
2550,41871.3,11,49773012,12497001318,297.7,3597.0
2551,41872.6,11,3016605388,49863611,237.9,2710.0
2552,41873.9,11,49833602,49747089,421.4,5237.0
2553,41876.5,11,49820714,5698252199,304.9,3409.0
2554,41876.8,11,49849187,5446746057,322.4,3982.0
2555,41887.9,11,49774093,49792446,107.6,1342.0
2556,41888.0,11,49777795,49819549,263.5,2981.0
2557,41892.0,11,49735524,49734543,199.2,2148.0
2558,41896.0,11,49825108,49789764,876.3,9655.0
2559,41897.6,11,49779980,49774580,360.1,4036.0
2560,41898.5,11,49852777,49746651,162.9,1709.0
2561,41900.5,11,49789379,49758476,674.3,8310.0
2562,41901.2,11,49797586,49721268,524.7,5936.0
2563,41901.3,11,638062063,49822673,682.1,7838.0
2564,41902.2,11,49894515,49748054,459.1,5683.0
2565,41905.6,11,4635639617,49813381,99.9,1098.0
2566,41907.4,11,49825108,49777871,156.9,1781.0
2567,41909.6,11,11332977605,49765081,126.9,1418.0
2568,41909.6,11,49797192,49729179,463.9,5041.0
2569,41912.1,11,49741095,1443727078,230.4,2609.0
2570,41912.3,11,49822928,9590909203,719.0,8091.0
2571,41913.1,11,655442833,641107677,472.0,5955.0
2572,41914.1,11,49794626,610608392,671.6,8284.0
2573,41915.4,11,49873688,12497001318,403.3,4547.0
2574,41917.5,11,49873888,3012829811,423.0,4709.0
2575,41918.4,11,49724395,49790311,802.2,9860.0
2576,41927.1,11,49732272,1796371546,322.2,3904.0
2577,41934.2,11,49770684,13650509862,790.2,9568.0
2578,41934.4,11,3669554865,49886177,446.8,4960.0
2579,41934.9,11,49765155,49750816,722.1,8100.0
2580,41935.6,11,9136825813,3001253763,193.9,2184.0
2581,41939.4,11,49741274,641111009,243.7,2802.0
2582,41942.9,11,6777089507,1009113444,362.1,4835.0
2583,41942.9,11,49754612,49793999,777.6,9788.0
2584,41944.8,11,49792107,642436243,154.7,1769.0
2585,41949.2,11,49756297,49742530,729.4,7803.0
2586,41950.0,11,1499921620,49767856,437.4,4959.0
2587,41953.4,11,49776916,49752223,150.1,1791.0
2588,41954.1,11,3665450111,49734140,882.3,10628.0
2589,41958.0,11,49810876,49761416,719.3,9004.0
2590,41958.4,11,2616277014,3373860102,665.7,7641.0
2591,41959.7,11,1017391970,49756566,371.4,4137.0
2592,41961.1,11,13259914865,49753945,670.0,8937.0
2593,41962.4,11,49773012,49729182,113.7,1274.0
2594,41963.2,11,49774098,11255208745,1043.2,11837.0
2595,41966.4,11,49741730,49827624,126.7,1394.0
2596,41970.5,11,49762379,389074956,725.9,8255.0
2597,41973.5,11,3669554857,49786369,782.0,9070.0
2598,41976.0,11,1364961088,49729919,416.1,4582.0
2599,41979.1,11,49772964,49732416,429.5,4831.0
2600,41986.5,11,3000430293,49820527,452.5,5043.0
2601,41991.6,11,2896020586,49753941,985.1,14634.0
2602,41992.5,11,2440761314,49784013,727.5,9028.0
2603,41994.8,11,49758271,49760312,747.0,8454.0
2604,41997.8,11,49752115,655662478,724.4,8335.0
2605,42000.6,11,49765155,49776158,251.2,2822.0
2606,42002.6,11,49741710,49742316,413.0,4635.0
2607,42017.1,11,49773597,1443727064,477.4,6058.0
2608,42019.1,11,3011107102,49774702,735.3,8447.0
2609,42024.0,11,1379471024,49809230,64.8,714.0
2610,42024.6,11,705729431,49763401,427.9,5122.0
2611,42026.9,11,3012535014,12879827243,858.5,10445.0
2612,42027.0,11,3016605409,49765108,264.5,3028.0
2613,42027.1,11,49762207,49734615,344.6,3870.0
2614,42029.1,11,49752628,49770676,360.7,4058.0
2615,42029.3,11,49734802,49775736,688.4,9182.0
2616,42031.2,11,49802301,49846500,1139.0,14171.0
2617,42033.7,11,49803595,49816436,509.3,5713.0
2618,42040.7,11,49772987,49830063,462.3,6405.0
2619,42040.8,11,49787616,49873430,673.4,7797.0
2620,42041.9,11,49776031,49761441,913.9,11159.0
2621,42044.6,11,49866594,49778492,772.8,8529.0
2622,42044.9,11,49748460,1364961085,433.3,4823.0
2623,42046.1,11,49784130,641112617,251.7,2834.0
2624,42048.1,11,49741730,49788716,304.4,3328.0
2625,42054.8,11,49724395,49755415,567.3,7090.0
2626,42057.3,11,3012784293,49739554,348.9,4367.0
2627,42058.9,11,49770640,49741724,107.2,1176.0
2628,42061.8,11,49745465,49776244,1018.3,12241.0
2629,42062.4,11,7319959761,49773622,566.5,6275.0
2630,42066.8,11,49758282,49801528,596.6,6620.0
2631,42069.8,11,49820743,1014110633,393.2,4064.0
2632,42072.7,11,655442853,49767970,681.5,7992.0
2633,42075.1,11,49722409,1439584651,349.6,4779.0
2634,42079.5,11,3125718572,49750283,1013.4,12802.0
2635,42080.0,11,49739609,1364961095,327.8,3674.0
2636,42080.0,11,49845777,49743552,476.2,5557.0
2637,42083.1,11,447591561,49837635,410.3,4703.0
2638,42085.4,11,1365013789,49816086,550.8,6979.0
2639,42085.8,11,49720045,49857413,424.0,4535.0
2640,42086.3,11,1381204541,49835974,777.0,8916.0
2641,42090.6,11,49772964,49816494,230.6,2623.0
2642,42090.8,11,9136825813,49772763,598.9,6900.0
2643,42094.0,11,4001002050,5343233829,468.5,5499.0
2644,42094.5,11,814299119,49739593,397.6,4551.0
2645,42096.6,11,49773590,49750729,762.6,9731.0
2646,42096.7,11,49809698,13765588178,663.7,8210.0
2647,42097.9,11,1379471556,1017489190,245.1,2752.0
2648,42108.2,11,49783079,49859684,436.2,4849.0
2649,42110.2,11,49745240,49846544,766.5,9555.0
2650,42110.2,11,49754612,49746417,210.0,2453.0
2651,42113.5,11,49840739,1017391970,516.6,7252.0
2652,42113.9,11,49750803,49871713,647.7,7189.0
2653,42114.3,11,49774088,3366676351,627.7,7704.0
2654,42133.6,11,49825108,49821655,572.3,6772.0
2655,42135.8,11,49770782,49789192,334.2,3865.0
2656,42139.0,11,11332977605,262550683,297.5,3355.0
2657,42142.0,11,3125718572,1243974139,741.9,8877.0
2658,42144.1,11,3001016717,49741155,271.9,2990.0
2659,42149.5,11,49800755,49823347,842.8,9200.0
2660,42151.9,11,49792107,49744185,343.9,4098.0
2661,42152.2,11,1484482239,12937946006,585.5,7211.0
2662,42154.4,11,3001569202,655680486,245.6,3428.0
2663,42156.0,11,49788457,12673423897,664.3,7802.0
2664,42156.1,11,49741730,49765922,577.0,6471.0
2665,42157.3,11,49845837,1468884927,1004.4,13453.0
2666,42158.7,11,49762191,49773027,86.4,976.0
2667,42160.2,11,9136839220,647044265,305.4,3423.0
2668,42161.1,11,49805505,49743817,1123.8,13943.0
2669,42162.1,11,641127587,1564708943,726.9,9688.0
2670,42162.2,11,49745282,49882353,149.8,1675.0
2671,42162.9,11,49743686,49787740,751.9,10255.0
2672,42165.9,11,49772633,12169187729,384.4,4427.0
2673,42168.9,11,49715981,49763816,671.6,7191.0
2674,42173.7,11,1379495867,49768419,173.1,1960.0
2675,42178.1,11,641116226,49860839,384.7,4293.0
2676,42179.8,11,49745632,49813859,556.6,7438.0
2677,42180.3,11,1484482239,49763843,1164.9,14211.0
2678,42185.0,11,49729831,49749057,263.3,3008.0
2679,42186.1,11,49799147,49774875,490.1,5634.0
2680,42192.8,11,49772964,49824055,363.6,4344.0
2681,42195.7,11,49876468,49789663,142.1,1523.0
2682,42196.9,11,49745335,49827117,136.7,1566.0
2683,42198.6,11,49789376,49780087,513.9,6383.0
2684,42204.0,11,49770423,49773943,309.6,3241.0
2685,42204.4,11,49845850,49774966,246.7,2703.0
2686,42204.8,11,49810122,49722667,211.3,2362.0
2687,42205.5,11,49875128,49745098,686.0,7635.0
2688,42206.4,11,49776112,646229968,911.1,10962.0
2689,42209.3,11,49777277,647043710,643.0,8534.0
2690,42212.5,11,3378222897,1493828502,519.6,6863.0
2691,42220.4,11,2927473060,1937256110,537.2,5530.0
2692,42222.1,11,3125718572,2456351004,527.7,5971.0
2693,42222.5,11,49820874,3376996926,1006.0,11221.0
2694,42225.9,11,49873888,49731508,248.3,2966.0
2695,42226.2,11,49721277,49722744,351.7,3953.0
2696,42227.2,11,49744602,49813494,652.1,8748.0
2697,42227.3,11,641939501,9136682512,389.6,5217.0
2698,42231.7,11,49855611,49751580,542.9,6372.0
2699,42233.9,11,49797401,49745632,355.6,4189.0
2700,42239.2,11,11332977605,49743994,805.3,10926.0
2701,42240.5,11,647044393,49764326,211.5,2360.0
2702,42242.5,11,49745693,5277494834,613.1,8303.0
2703,42242.9,11,49773557,49739703,627.0,7012.0
2704,42246.3,11,3012829798,49745301,232.4,2575.0
2705,42250.9,11,3669554866,49804074,431.8,4900.0
2706,42251.5,11,3012829811,49824055,250.6,2953.0
2707,42255.1,11,49777795,1440867162,423.3,5590.0
2708,42260.7,11,774340109,13256237934,421.9,4684.0
2709,42261.0,11,4366096286,49892477,675.8,7548.0
2710,42263.2,11,49853878,49732422,278.6,3363.0
2711,42263.4,11,641116203,49788457,525.9,6138.0
2712,42266.9,11,3240030410,5446746057,241.2,2685.0
2713,42272.4,11,7494204321,3667950087,652.9,7668.0
2714,42274.5,11,12974478437,1458951481,343.1,4655.0
2715,42278.4,11,49780562,49789776,713.0,7954.0
2716,42280.5,11,8461692431,9768681893,128.7,1424.0
2717,42281.2,11,49774098,49802328,780.7,9104.0
2718,42284.3,11,9676179707,49768464,156.2,1798.0
2719,42284.4,11,49770323,49854250,644.7,7181.0
2720,42285.8,11,49749838,49882353,574.7,7754.0
2721,42288.2,11,49809698,49810034,540.1,6570.0
2722,42289.5,11,49777169,49743825,745.2,8780.0
2723,42289.6,11,49784130,1364971556,175.5,2075.0
2724,42292.0,11,49750009,49818968,900.5,11757.0
2725,42293.1,11,1243974109,49746295,547.9,6473.0
2726,42294.7,11,49820874,641965122,992.2,11997.0
2727,42297.0,11,49825108,49734600,358.5,3984.0
2728,42297.7,11,49777696,49744450,918.3,10980.0
2729,42298.3,11,49782255,49739770,551.9,6208.0
2730,42298.9,11,12529163241,2145946280,413.8,4183.0
2731,42303.0,11,633923936,1364989306,377.3,4402.0
2732,42303.6,11,1379471223,49802221,618.4,6923.0
2733,42305.5,11,49756297,3461396741,551.1,6145.0
2734,42311.1,11,49768440,2765102978,484.5,5989.0
2735,42312.5,11,49793549,49812234,736.2,8501.0
2736,42313.6,11,49809715,9088107710,215.4,2443.0
2737,42314.7,11,4325552564,647044168,235.9,2646.0
2738,42316.5,11,49789376,49717416,99.3,1176.0
2739,42316.5,11,49844851,49789584,699.8,8156.0
2740,42321.9,11,641128680,12937946001,495.0,5476.0
2741,42321.9,11,49793411,49741766,442.1,4794.0
2742,42322.0,11,1362307924,49797010,265.9,3021.0
2743,42323.4,11,49824748,1379549932,31.9,383.0
2744,42323.9,11,646031052,49845885,406.6,5175.0
2745,42326.5,11,641116203,12324905144,746.3,8331.0
2746,42328.9,11,49858932,49817300,902.8,12454.0
2747,42333.6,11,49745186,9526260023,58.6,654.0
2748,42334.7,11,49787160,3001375539,249.2,2880.0
2749,42335.9,11,3012429028,647043994,270.1,3187.0
2750,42335.9,11,49779980,49780064,347.7,3871.0
2751,42337.5,11,49765113,49812033,458.3,5270.0
2752,42339.0,11,49777792,49764487,501.7,5784.0
2753,42339.4,11,49719415,49826848,596.0,6628.0
2754,42339.7,11,49764791,49767523,466.6,5280.0
2755,42343.5,11,49762379,5235719627,383.3,4353.0
2756,42344.1,11,49774079,49849857,266.8,3290.0
2757,42346.9,11,49878097,49773519,97.6,1071.0
2758,42349.8,11,646031052,49766643,528.4,5994.0
2759,42350.7,11,2974621123,2382621927,527.2,5965.0
2760,42351.2,11,49778342,49755362,1163.2,15153.0
2761,42353.0,11,3005239459,49762251,327.5,3838.0
2762,42353.1,11,49777795,49717965,233.8,2656.0
2763,42353.3,11,49809715,49742320,390.7,4343.0
2764,42354.1,11,6796840442,9480293897,370.6,4539.0
2765,42355.2,11,3000430293,647044168,219.1,2375.0
2766,42360.8,11,49773040,3370911583,370.5,4859.0
2767,42363.0,11,49799817,49753014,343.0,3902.0
2768,42363.6,11,49770423,49746230,576.6,7321.0
2769,42369.3,11,5698252199,49790039,483.5,5366.0
2770,42372.3,11,49787487,13259893924,203.7,2245.0
2771,42372.7,11,49809698,5533679477,199.3,2228.0
2772,42372.7,11,3608395904,49758841,503.2,7687.0
2773,42373.4,11,49752628,49753810,901.3,11258.0
2774,42378.7,11,3665450111,49801324,203.4,2313.0
2775,42378.7,11,1364987325,49808583,317.6,3605.0
2776,42381.0,11,49745243,647030747,204.4,2284.0
2777,42382.4,11,49770755,49824135,302.5,3518.0
2778,42386.2,11,655247774,49744075,625.2,8354.0
2779,42387.9,11,3013484875,49750794,731.3,8175.0
2780,42387.9,11,49783079,49734077,189.1,2047.0
2781,42392.8,11,49745186,13256450893,425.4,4713.0
2782,42395.9,11,49730129,389067203,148.1,1513.0
2783,42396.1,11,49809189,49742370,475.4,5367.0
2784,42396.9,11,49770670,49836376,643.4,7839.0
2785,42405.4,11,49845850,49777245,544.5,6206.0
2786,42411.0,11,11198264296,2099955610,667.9,8498.0
2787,42411.3,11,49745193,5445781491,473.5,5198.0
2788,42413.3,11,3608395904,7802243127,450.8,5060.0
2789,42417.9,11,49777169,49837513,498.5,5703.0
2790,42418.2,11,49745200,49785338,218.6,2524.0
2791,42418.2,11,2896020560,262550683,431.4,5910.0
2792,42418.5,11,49820743,646229662,1212.4,14522.0
2793,42425.0,11,49779980,1387057053,468.1,5600.0
2794,42425.0,11,13790612928,262173356,544.1,6211.0
2795,42432.8,11,49773040,49809230,181.1,2024.0
2796,42433.0,11,3240030410,49763454,895.7,10056.0
2797,42435.2,11,49833602,49748067,574.1,7767.0
2798,42436.1,11,49820885,49801795,1275.4,15396.0
2799,42443.7,11,3012784293,49850541,241.0,2674.0
2800,42444.9,11,8636398137,1379505588,232.7,2581.0
2801,42447.1,11,49741095,49762940,510.5,5873.0
2802,42452.2,11,49820583,49772394,756.6,9964.0
2803,42457.2,11,49809715,49716137,743.3,9371.0
2804,42462.8,11,641073443,49773535,291.9,3597.0
2805,42463.9,11,49767517,783623535,281.2,3544.0
2806,42465.8,11,49765155,1484482233,745.3,9130.0
2807,42467.7,11,12974478437,2921295149,312.2,3486.0
2808,42470.1,11,642885424,49746697,790.4,9394.0
2809,42471.1,11,1484481512,49775296,1103.9,12411.0
2810,42474.1,11,4935980603,3001305333,229.8,3279.0
2811,42474.4,11,2921295172,1462088991,1011.4,12935.0
2812,42475.5,11,49810122,49776219,452.4,5769.0
2813,42477.2,11,49805505,49825561,555.5,6141.0
2814,42478.2,11,49782255,49739134,676.3,7801.0
2815,42482.1,11,49770684,49753945,609.9,8277.0
2816,42489.7,11,49870270,49849975,560.0,6682.0
2817,42489.8,11,4001557203,49750678,557.2,7424.0
2818,42489.9,11,49855611,705647747,353.9,4065.0
2819,42500.8,11,49721277,49756752,941.5,11274.0
2820,42500.9,11,49745628,49789387,685.3,8120.0
2821,42503.0,11,2927432297,1012017763,530.0,5710.0
2822,42505.0,11,49797586,3656193305,904.1,12388.0
2823,42506.8,11,49787890,3415851740,618.1,7765.0
2824,42515.8,11,49752115,49776234,1112.7,13337.0
2825,42517.1,11,49792107,49765989,247.4,2616.0
2826,42517.9,11,638452596,49842979,286.7,3204.0
2827,42522.3,11,638898885,49764318,460.1,5419.0
2828,42524.3,11,49793777,49756538,424.8,4811.0
2829,42525.1,11,655442838,1443726990,587.0,8089.0
2830,42530.1,11,49793759,705647680,466.0,5179.0
2831,42533.6,11,49793549,1243973921,224.9,2559.0
2832,42534.2,11,49745247,647043625,206.4,2291.0
2833,42536.6,11,49745676,11368228085,1030.8,12934.0
2834,42536.7,11,3013484875,49813696,696.2,8119.0
2835,42537.2,11,49720045,49749077,432.8,4767.0
2836,42544.2,11,49773647,12937946006,211.6,2248.0
2837,42545.6,11,49789369,2136710705,578.4,6751.0
2838,42549.3,11,49820885,49809778,792.4,8804.0
2839,42550.0,11,49878016,49820743,537.9,5998.0
2840,42550.3,11,49847649,8164478896,436.3,5199.0
2841,42550.8,11,3372235139,49745377,372.2,3889.0
2842,42553.8,11,49843692,49731544,643.7,7029.0
2843,42558.8,11,49845850,49741428,890.0,11809.0
2844,42562.6,11,1379471024,49775680,603.5,6748.0
2845,42563.0,11,49740442,49789550,945.6,11957.0
2846,42566.1,11,49756474,49728949,404.9,4588.0
2847,42567.9,11,49748151,49758554,957.7,11036.0
2848,42575.1,11,49809189,13790612903,274.6,3027.0
2849,42576.3,11,49843692,49764453,379.8,4135.0
2850,42576.4,11,49732053,13437605385,488.7,5971.0
2851,42577.2,11,49762379,49882347,244.7,2771.0
2852,42578.1,11,642317837,49741187,635.3,7808.0
2853,42578.8,11,49782255,49739819,398.3,4584.0
2854,42581.5,11,49820727,49789584,227.3,2506.0
2855,42584.7,11,655442852,9097753196,448.6,5796.0
2856,42584.9,11,49765155,49839247,396.2,4405.0
2857,42585.2,11,49774081,49743621,369.8,3898.0
2858,42586.5,11,12974478437,49817406,119.7,1337.0
2859,42587.1,11,3670756345,49882369,225.8,2531.0
2860,42590.5,11,49770789,1469286241,773.6,10093.0
2861,42598.2,11,49773526,1443727118,439.2,5225.0
2862,42606.5,11,49750332,49766330,561.1,8019.0
2863,42607.9,11,655680824,647622726,451.9,5462.0
2864,42609.1,11,49863614,49751498,636.9,7063.0
2865,42610.3,11,49740442,49795928,315.3,3438.0
2866,42611.9,11,49787785,49735128,650.7,7103.0
2867,42614.6,11,49745632,49767731,488.5,6605.0
2868,42617.3,11,1060365691,646216520,891.4,10824.0
2869,42626.5,11,1381307998,49841754,258.2,2959.0
2870,42628.0,11,49744587,49719904,1026.6,13375.0
2871,42631.5,11,1243974324,49882303,7.5,90.0
2872,42632.8,11,11261031488,8530666824,790.6,9892.0
2873,42633.6,11,1017379708,49888305,675.2,7870.0
2874,42633.8,11,49787160,49812037,908.7,10929.0
2875,42635.0,11,49878271,3378110162,355.2,4057.0
2876,42639.4,11,49813365,49735518,519.4,6107.0
2877,42639.9,11,806521182,49827468,215.5,2335.0
2878,42644.5,11,49810122,49841654,331.7,4048.0
2879,42646.8,11,49745468,49764397,190.3,2097.0
2880,42647.8,11,49825409,876615194,567.6,6058.0
2881,42648.0,11,49898275,49741287,440.3,5147.0
2882,42651.6,11,3011565329,3369093924,785.7,9795.0
2883,42654.2,11,49776047,1479893407,824.4,10042.0
2884,42655.7,11,49845726,49798162,789.7,9620.0
2885,42656.3,11,49763640,49734077,484.8,5531.0
2886,42659.0,11,49766721,49787536,128.8,1457.0
2887,42659.2,11,3000430293,49822808,879.9,9714.0
2888,42660.9,11,49741274,49793979,777.2,9469.0
2889,42661.9,11,49809698,727833099,632.2,9167.0
2890,42663.6,11,49762210,5533679477,177.4,1991.0
2891,42666.2,11,49774098,49782241,273.5,3162.0
2892,42669.4,11,49756892,49801532,716.5,8310.0
2893,42673.1,11,49745650,49837680,471.0,5336.0
2894,42673.1,11,49820757,6771799208,839.5,9326.0
2895,42675.8,11,49777712,655442856,495.9,6014.0
2896,42679.7,11,49845837,2628817381,420.3,4850.0
2897,42683.1,11,49762191,49854256,265.0,3097.0
2898,42684.7,11,49789275,1377274877,540.4,6091.0
2899,42690.4,11,49770782,49745284,233.1,2840.0
2900,42692.3,11,49772987,49743972,589.9,8198.0
2901,42694.3,11,49745188,49745305,168.2,1881.0
2902,42694.4,11,49745335,49726414,645.9,6862.0
2903,42694.8,11,49774098,49824196,151.4,1681.0
2904,42695.9,11,49742771,647043628,822.9,9122.0
2905,42697.2,11,1618429530,3012784288,336.9,4724.0
2906,42698.0,11,49774098,49745049,939.9,10442.0
2907,42699.2,11,49729831,49827979,861.3,10578.0
2908,42702.5,11,49741058,49857367,848.6,10273.0
2909,42705.2,11,49762191,49818900,550.5,6162.0
2910,42706.5,11,49881497,49766633,671.8,7229.0
2911,42710.8,11,49772551,49797421,519.9,6312.0
2912,42714.4,11,49743955,49809698,717.7,10081.0
2913,42719.8,11,49789208,11332977616,159.7,1814.0
2914,42721.2,11,11261031475,49738769,646.3,9039.0
2915,42722.7,11,49779839,2462383188,328.4,3885.0
2916,42725.7,11,3672563449,49768706,518.2,5735.0
2917,42728.6,11,49729182,49770633,387.4,4313.0
2918,42728.7,11,49750332,49813496,525.7,6849.0
2919,42729.7,11,49793670,11267271743,532.4,6292.0
2920,42730.9,11,5128694815,49809266,549.8,6896.0
2921,42734.6,11,1484269578,49734616,838.4,10318.0
2922,42739.6,11,3012429028,49734111,165.8,1890.0
2923,42741.1,11,49774098,49754610,410.5,4685.0
2924,42742.8,11,49738093,49759823,663.2,7651.0
2925,42743.7,11,1243974048,49813441,182.2,2084.0
2926,42749.4,11,49772633,49767514,324.4,3984.0
2927,42749.5,11,12292446080,49773816,1266.9,16936.0
2928,42750.4,11,49750803,49734413,1146.8,14022.0
2929,42751.1,11,49773040,1443727117,256.9,3014.0
2930,42751.9,11,12128376033,49849139,341.0,3832.0
2931,42752.7,11,2927473060,8930818787,826.8,9397.0
2932,42754.6,11,49747467,49746516,669.5,8508.0
2933,42756.0,11,2305183785,49884932,432.5,4664.0
2934,42758.9,11,49773597,49786649,864.0,11908.0
2935,42765.9,11,49773055,49739819,266.6,2991.0
2936,42773.8,11,49863186,49785433,251.3,2809.0
2937,42774.9,11,49767517,49764371,423.4,4902.0
2938,42775.5,11,49774079,49823736,157.8,1732.0
2939,42775.8,11,49840782,2428508011,391.2,4366.0
2940,42778.1,11,49744587,49773046,484.9,6911.0
2941,42780.7,11,49748066,663521278,632.4,8063.0
2942,42781.2,11,49829250,2444588183,286.7,3498.0
2943,42786.3,11,49769187,49750161,571.2,7552.0
2944,42788.5,11,49770680,1364961101,109.1,1233.0
2945,42790.8,11,49724395,49791954,160.2,1778.0
2946,42791.6,11,9130874912,49770938,655.0,7658.0
2947,42791.9,11,3013484875,49748627,103.3,1229.0
2948,42794.7,11,11332977605,49787504,62.7,674.0
2949,42795.9,11,4597151559,2664170695,134.7,1497.0
2950,42796.9,11,2502976209,9130918414,7.7,87.0
2951,42797.0,11,1645991534,49848835,677.7,7728.0
2952,42801.5,11,3016708830,49741153,300.3,3408.0
2953,42812.9,11,655442834,49773386,417.7,5628.0
2954,42813.1,11,1443727088,1482015590,910.2,10669.0
2955,42814.5,11,49770680,49803585,218.8,2449.0
2956,42815.0,11,49739609,49764785,500.1,5718.0
2957,42815.3,11,11261031475,49763072,329.9,3707.0
2958,42817.5,11,49797596,9082995718,745.8,8977.0
2959,42821.0,11,49763609,14073359310,168.4,1811.0
2960,42822.6,11,3669554857,49769703,313.4,3340.0
2961,42823.8,11,49803715,49843005,257.2,3004.0
2962,42833.2,11,641116273,49717288,669.8,8425.0
2963,42834.2,11,49770639,49752632,232.8,2626.0
2964,42840.3,11,49839137,49743621,285.4,2950.0
2965,42841.0,11,49752628,49788678,121.0,1329.0
2966,42844.0,11,1804420112,49869804,620.0,6720.0
2967,42847.7,11,49767517,4365479391,714.9,8353.0
2968,42849.0,11,2046464958,10724747584,405.5,4953.0
2969,42850.4,11,49773558,49768440,192.8,2228.0
2970,42854.1,11,49763049,49866317,613.1,8813.0
2971,42860.9,11,3240030410,2921295153,417.3,4620.0
2972,42861.2,11,49745186,646190842,531.8,7240.0
2973,42862.0,11,3661066117,3627567087,985.3,10636.0
2974,42864.5,11,49820727,49730820,964.4,12300.0
2975,42867.4,11,9134098214,49812451,545.4,7999.0
2976,42875.3,11,49807555,49787155,234.6,2619.0
2977,42875.3,11,49745465,49761630,489.1,5227.0
2978,42883.9,11,49750169,1379471024,533.1,6803.0
2979,42887.4,11,49745214,49828281,446.2,5418.0
2980,42887.9,11,1364987325,11332977616,203.1,2354.0
2981,42888.2,11,49750169,4561710231,552.2,6985.0
2982,42888.4,11,49873688,663521278,1268.9,15433.0
2983,42890.5,11,49740442,49745195,406.3,5368.0
2984,42897.7,11,262173261,49856771,242.2,2944.0
2985,42897.8,11,4807040759,5507179701,366.4,4113.0
2986,42902.6,11,647619114,1804420109,276.9,3116.0
2987,42904.3,11,5320434814,49769075,903.1,11877.0
2988,42907.2,11,49724395,12068811315,571.3,7138.0
2989,42908.7,11,49789333,49747428,948.6,12342.0
2990,42908.8,11,49797586,49758237,910.0,11154.0
2991,42909.3,11,49822338,49812451,1192.9,15819.0
2992,42918.1,11,8592032116,49755008,807.7,10618.0
2993,42918.8,11,1381204541,49811769,374.5,4147.0
2994,42920.5,11,13790612928,49789704,590.6,6499.0
2995,42922.3,11,5433244222,49803116,424.1,6177.0
2996,42923.9,11,3672563449,655442838,552.1,6195.0
2997,42923.9,11,49777795,49731194,459.8,5987.0
2998,42924.0,11,1243973943,1482962007,861.8,10498.0
2999,42927.4,11,49787160,3665450112,888.1,11371.0
3000,42929.9,11,49845850,2286013912,348.7,3821.0
3001,42932.5,11,49775514,3222223997,497.6,6349.0
3002,42934.3,11,829675288,49800648,322.7,3798.0
3003,42936.0,11,49787890,11332977611,193.0,2157.0
3004,42937.0,11,49820727,49773756,1245.7,16322.0
3005,42939.6,11,655442853,7505269058,522.5,7018.0
3006,42940.7,11,49770708,49829808,686.8,7429.0
3007,42942.7,11,49745335,49830330,938.5,11393.0
3008,42945.0,11,49741695,49794607,675.7,7766.0
3009,42945.3,11,3012429028,49836698,563.2,6880.0
3010,42946.5,11,49756373,49787530,334.0,3770.0
3011,42946.6,11,49844851,49773581,58.6,654.0
3012,42946.7,11,49767517,49861165,378.2,4262.0
3013,42948.4,11,49849239,49741043,457.9,5085.0
3014,42950.1,11,49759091,2900167809,332.0,4099.0
3015,42950.6,11,3012784293,1182753937,509.8,7101.0
3016,42952.5,11,49773526,49795905,558.9,7180.0
3017,42953.3,11,49770684,3001484259,253.7,2812.0
3018,42954.6,11,49771040,49788702,695.9,7341.0
3019,42955.0,11,49865817,49725844,737.0,8427.0
3020,42958.6,11,701602949,49826524,578.1,7370.0
3021,42965.8,11,49815553,1443482393,569.8,6668.0
3022,42972.9,11,6777089507,49755154,530.6,6889.0
3023,42973.3,11,49753014,5277494973,412.2,4768.0
3024,42973.4,11,3012784293,49816008,713.6,8874.0
3025,42973.4,11,49881497,1467732172,1255.5,15604.0
3026,42975.7,11,647619114,49773581,195.7,2215.0
3027,42978.6,11,49751728,49863346,763.7,9387.0
3028,42982.4,11,3001288930,49810451,186.4,2033.0
3029,42985.3,11,774340109,49728949,349.7,3876.0
3030,42987.9,11,3001171736,49748050,128.3,1395.0
3031,42988.9,11,5180966153,49817430,345.6,3951.0
3032,42992.7,11,3240030410,49776952,156.0,1721.0
3033,42993.0,11,5180966153,11267614267,503.7,6044.0
3034,42993.2,11,49772987,638905411,136.9,1546.0
3035,42997.7,11,49809376,49811628,641.5,6963.0
3036,42998.2,11,1379471024,49821390,837.2,10754.0
3037,42998.9,11,49833602,49745667,913.2,11756.0
3038,43001.3,11,49829250,1363151543,277.8,3101.0
3039,43002.5,11,2896020586,3665467710,909.0,10660.0
3040,43003.5,11,49803595,49822560,786.5,9160.0
3041,43011.0,11,49771040,9593230690,220.2,2433.0
3042,43013.3,11,49764867,49773663,570.8,7400.0
3043,43015.1,11,49763640,49752651,167.4,1789.0
3044,43015.9,11,655661924,49844794,258.8,3034.0
3045,43019.5,11,49845837,49853917,305.1,3412.0
3046,43020.0,11,3012535014,1364961101,199.7,2218.0
3047,43021.8,11,49771040,49796016,987.5,11272.0
3048,43022.4,11,49799643,49816679,671.6,8770.0
3049,43026.9,11,49809177,49745628,144.6,1628.0
3050,43030.7,11,49776461,49853042,356.7,4148.0
3051,43031.3,11,49809189,49777889,397.4,4437.0
3052,43031.5,11,49859632,49734570,844.2,10631.0
3053,43041.1,11,49801673,49791858,218.0,2398.0
3054,43045.1,11,49789362,49848673,485.5,5975.0
3055,43047.7,11,49803595,49788216,567.6,6136.0
3056,43049.1,11,49777556,49750696,484.6,6400.0
3057,43050.7,11,49883336,49809721,426.2,5833.0
3058,43052.7,11,49773543,1381251515,242.9,2715.0
3059,43053.8,11,49848293,1468884927,1378.7,18107.0
3060,43054.5,11,646065021,647087552,464.4,5457.0
3061,43058.3,11,1017489190,5563919668,410.3,5246.0
3062,43063.9,11,49809721,49770691,87.4,977.0
3063,43070.4,11,49743231,1475724282,1151.2,14345.0
3064,43071.7,11,49796993,49746417,365.3,4255.0
3065,43072.5,11,9130874912,49769028,641.5,7943.0
3066,43078.3,11,49777795,49809780,190.8,2155.0
3067,43083.3,11,9130874912,49815761,631.4,7183.0
3068,43084.5,11,641116223,49795924,528.1,5929.0
3069,43090.1,11,49774093,641965187,334.8,3665.0
3070,43091.2,11,49782277,49788868,626.2,7532.0
3071,43091.3,11,49787785,49800996,576.3,6213.0
3072,43091.8,11,5180966153,49749057,578.8,6631.0
3073,43092.7,11,49794626,49824135,539.5,6334.0
3074,43094.6,11,49853085,49718701,470.0,5990.0
3075,43096.1,11,49741058,49757909,227.9,2625.0
3076,43099.2,11,3000233170,13259893924,491.9,5650.0
3077,43099.5,11,49749374,49749097,464.7,5486.0
3078,43100.4,11,49870944,649839833,941.3,11712.0
3079,43108.2,11,49787453,49841162,774.8,9872.0
3080,43108.5,11,1363937841,1493828491,850.2,9768.0
3081,43111.5,11,49745677,647043864,417.2,4579.0
3082,43115.5,11,49773526,49841937,425.5,4875.0
3083,43121.0,11,49799643,49829936,694.6,8860.0
3084,43125.3,11,49745677,1366288772,611.4,6764.0
3085,43127.9,11,49776463,634011173,532.4,6155.0
3086,43130.7,11,49765155,663521278,881.8,10849.0
3087,43131.6,11,49772633,49758532,171.4,1867.0
3088,43132.6,11,49788610,10154670186,515.7,5745.0
3089,43136.0,11,1021561599,49773055,224.4,2613.0
3090,43138.8,11,49740448,9768681882,266.5,2906.0
3091,43143.1,11,49756373,49773669,343.1,3810.0
3092,43144.5,11,49797596,13256450893,492.8,5482.0
3093,43146.2,11,49772987,49861125,140.2,1591.0
3094,43147.3,11,49805505,49791004,570.1,6101.0
3095,43148.2,11,655442839,3006698832,228.4,2505.0
3096,43149.7,11,1021561602,13565725771,559.1,7427.0
3097,43151.7,11,49770680,1364961086,185.1,2069.0
3098,43151.9,11,49762264,638898827,594.9,6904.0
3099,43151.9,11,447591561,49829345,957.6,10764.0
3100,43152.1,11,655442853,9484974789,691.5,8442.0
3101,43152.2,11,49770680,49782599,670.4,7512.0
3102,43153.0,11,49775608,49753817,760.1,9460.0
3103,43153.9,11,49810876,49779721,650.9,8149.0
3104,43154.3,11,49745301,8549123230,324.6,3606.0
3105,43155.5,11,49866935,1488014519,1052.3,12926.0
3106,43158.4,11,3669554865,49757603,641.6,8137.0
3107,43160.7,11,49773532,49789379,625.0,7549.0
3108,43163.4,11,5180966153,1364961091,333.1,3950.0
3109,43165.0,11,49789337,49775993,406.4,4757.0
3110,43166.9,11,49770423,49774070,117.9,1187.0
3111,43167.1,11,49797063,1462088991,922.4,11595.0
3112,43167.6,11,4325552565,49764374,127.8,1623.0
3113,43168.5,11,6796840445,49726410,682.0,7771.0
3114,43174.1,11,4303519741,49734413,645.2,8664.0
3115,43175.2,11,49735524,49770719,377.9,4158.0
3116,43176.7,11,4635639616,49861549,718.8,7940.0
3117,43178.7,11,49720045,11332977609,509.7,5754.0
3118,43179.4,11,7319959761,49745459,607.2,6776.0
3119,43182.0,11,49745193,49797942,536.0,5895.0
3120,43184.0,11,49825108,49743898,614.7,8115.0
3121,43185.7,11,49821658,49791920,838.4,9814.0
3122,43189.4,11,638452596,49788660,350.1,3901.0
3123,43191.6,11,1379471024,49773070,220.7,2456.0
3124,43193.6,11,49822928,49809832,967.3,11672.0
3125,43195.8,11,49742771,49799017,367.1,3782.0
3126,43197.8,11,49745240,883610590,386.3,4466.0
3127,43199.2,11,49773557,49789458,515.1,7253.0
3128,43202.3,12,49793411,49743895,1313.0,17071.0
3129,43203.3,12,49809376,1466232947,691.6,8509.0
3130,43203.6,12,655442847,49768392,589.4,7299.0
3131,43205.9,12,49763628,2765545529,341.4,3957.0
3132,43206.9,12,49797586,10088220376,713.8,8139.0
3133,43208.0,12,3670756359,49854291,619.7,7239.0
3134,43208.9,12,49741703,5556599909,309.2,3493.0
3135,43211.0,12,49719895,49850735,608.2,6909.0
3136,43213.0,12,49740244,49789451,966.6,12599.0
3137,43214.4,12,49745461,10979910219,373.3,4237.0
3138,43215.8,12,49763609,49773943,508.0,6558.0
3139,43221.8,12,49745677,49763155,788.9,8890.0
3140,43222.8,12,3012784293,632879321,283.3,3205.0
3141,43224.2,12,49745208,49810636,594.8,6519.0
3142,43225.5,12,4792249103,641127587,121.3,1364.0
3143,43226.5,12,3125718572,49788100,369.7,4265.0
3144,43236.5,12,49770670,49731745,246.2,2777.0
3145,43238.7,12,49763640,49797794,823.5,10640.0
3146,43244.0,12,633923743,4387066892,251.0,2741.0
3147,43244.9,12,9983605758,49772565,324.1,3651.0
3148,43246.8,12,49777556,49758559,247.1,2795.0
3149,43250.3,12,9134098214,49761425,707.4,8859.0
3150,43250.7,12,3013407820,49772320,382.5,4339.0
3151,43250.9,12,49745214,49758559,495.0,5597.0
3152,43256.1,12,3151812441,49745296,329.4,3629.0
3153,43257.3,12,4630137710,3900798867,1167.3,13638.0
3154,43259.4,12,49772747,49717981,342.8,3367.0
3155,43260.6,12,49787890,49823768,641.5,7252.0
3156,43265.6,12,49782255,610608392,142.7,1594.0
3157,43267.9,12,1021561599,49795905,854.9,11010.0
3158,43269.9,12,49745240,49772615,147.9,1678.0
3159,43269.9,12,49888300,49752579,669.6,6921.0
3160,43271.9,12,49789205,49792123,484.1,5671.0
3161,43272.5,12,4082394063,49836926,632.2,6928.0
3162,43272.9,12,49745629,49768506,276.3,3197.0
3163,43273.3,12,49829861,49759988,1282.9,17001.0
3164,43273.6,12,49776047,49809230,44.2,383.0
3165,43274.8,12,11177333923,49850092,705.9,8920.0
3166,43283.7,12,49842421,49810152,345.6,3787.0
3167,43283.8,12,1017391974,49777556,335.4,3973.0
3168,43288.1,12,49763606,642886855,639.0,7746.0
3169,43289.2,12,49870940,49805528,419.9,5097.0
3170,43289.8,12,49870270,655442840,257.9,2885.0
3171,43291.8,12,49741274,49819077,549.0,6377.0
3172,43294.3,12,49828695,49747443,461.8,6618.0
3173,43294.4,12,49783079,49750713,590.7,7082.0
3174,43295.3,12,49724395,49866203,323.4,3414.0
3175,43296.7,12,8299152846,49822473,558.7,7052.0
3176,43301.6,12,6777089504,49797006,355.9,4113.0
3177,43302.0,12,633923936,49763351,902.7,11177.0
3178,43304.7,12,49777795,49763056,146.2,1674.0
3179,43306.7,12,1004839834,11260344015,168.4,1864.0
3180,43307.4,12,9983605758,49793690,151.9,1720.0
3181,43308.8,12,49803595,49768203,478.4,5317.0
3182,43309.7,12,49745650,49765376,281.8,3214.0
3183,43311.9,12,3012429028,1394275827,166.6,1901.0
3184,43312.5,12,49787863,8496737158,899.0,11609.0
3185,43317.9,12,1381204541,49886483,264.0,2967.0
3186,43318.3,12,49773040,1484266510,728.4,9255.0
3187,43320.5,12,49719895,49745934,702.8,9102.0
3188,43321.0,12,49745193,49777560,303.9,3607.0
3189,43325.7,12,49749374,1443726990,1408.6,18488.0
3190,43326.3,12,49770423,49791736,348.4,3858.0
3191,43329.7,12,1804420109,49763901,572.0,6496.0
3192,43330.7,12,49799633,1394275827,105.7,1201.0
3193,43331.2,12,49752579,3278871310,335.3,3529.0
3194,43333.8,12,49745465,7505269058,984.7,11961.0
3195,43334.3,12,49772551,49775316,692.6,7560.0
3196,43339.4,12,49741058,49800960,831.6,9280.0
3197,43340.1,12,49845850,49765718,478.8,5730.0
3198,43340.3,12,5180966153,49794253,377.0,4567.0
3199,43341.5,12,49759499,1363151578,405.4,5241.0
3200,43343.8,12,1017489190,49846416,550.7,6877.0
3201,43345.6,12,49799817,641119865,196.3,3035.0
3202,43345.8,12,633923743,655662364,338.1,3835.0
3203,43347.1,12,49797596,49848673,309.9,3447.0
3204,43351.4,12,1364987325,49731467,728.4,8175.0
3205,43354.7,12,646065021,49768693,255.2,3101.0
3206,43354.8,12,49883336,9723923043,524.1,7825.0
3207,43359.8,12,49756474,49800282,123.7,1367.0
3208,43361.8,12,3001353534,49833236,638.1,8050.0
3209,43365.8,12,49794626,13256450867,575.0,7017.0
3210,43367.6,12,3672563449,647043925,331.1,3787.0
3211,43370.5,12,49817091,49759886,769.5,9314.0
3212,43370.6,12,49787160,5019937939,250.7,2960.0
3213,43375.2,12,49772964,647084242,478.3,6183.0
3214,43375.4,12,655442853,49773628,527.6,6171.0
3215,43378.3,12,49745225,2440761314,142.6,1575.0
3216,43386.5,12,49801673,49861137,239.1,2685.0
3217,43387.0,12,49725576,11563313321,506.5,5882.0
3218,43388.2,12,49770684,49758552,45.6,510.0
3219,43390.9,12,49763640,49788695,36.0,418.0
3220,43392.0,12,49767517,49813511,280.7,3480.0
3221,43395.8,12,4597151559,49780074,132.9,1451.0
3222,43397.2,12,3670756345,1364971555,286.8,3348.0
3223,43406.2,12,13790612928,310957741,679.3,7449.0
3224,43406.3,12,2927432297,2921295181,407.2,4647.0
3225,43407.7,12,3240030410,3627567085,590.1,7226.0
3226,43410.3,12,49772615,49773519,109.1,1185.0
3227,43411.7,12,1379471105,3001305032,350.2,3937.0
3228,43412.1,12,49741737,49801532,289.6,3165.0
3229,43419.0,12,49881497,655442805,824.7,9661.0
3230,43421.7,12,49752628,49803759,1006.1,12370.0
3231,43421.8,12,49794047,49822382,741.2,9051.0
3232,43422.5,12,11198264287,49754643,675.6,8635.0
3233,43422.8,12,49789264,49772653,251.7,2574.0
3234,43425.3,12,2896020586,49777167,837.6,10129.0
3235,43430.3,12,49745650,49769366,872.8,10721.0
3236,43434.8,12,641116194,2000698376,681.4,9905.0
3237,43435.0,12,49855611,1364961105,250.5,3017.0
3238,43441.8,12,49843596,5966168899,461.7,5509.0
3239,43443.4,12,49762225,655447492,435.4,5388.0
3240,43446.1,12,8245233135,49829354,439.1,4941.0
3241,43447.8,12,49739609,641119722,637.2,7427.0
3242,43448.2,12,49784130,262542282,248.9,2815.0
3243,43450.6,12,4635639617,2456351043,467.6,5313.0
3244,43452.6,12,11261031475,646064675,539.4,7273.0
3245,43453.1,12,49809189,2131539103,496.9,6092.0
3246,43453.8,12,647044393,49822876,764.8,8503.0
3247,43454.3,12,49774098,49782592,1049.9,11728.0
3248,43455.9,12,701602949,647043898,412.2,4549.0
3249,43456.2,12,49745465,5556599908,472.8,5280.0
3250,43457.6,12,49764271,3007425104,648.0,7682.0
3251,43457.7,12,1365013789,49819504,412.6,4625.0
3252,43458.4,12,2629963166,49804603,661.1,8284.0
3253,43458.6,12,3000430293,49841930,484.1,5266.0
3254,43462.9,12,49797192,49797223,217.0,2408.0
3255,43463.7,12,49845830,49752775,581.6,6296.0
3256,43465.3,12,49770789,49734107,117.3,1314.0
3257,43465.4,12,12292446080,49809228,505.9,5983.0
3258,43469.2,12,3672563449,49853696,162.9,1820.0
3259,43469.7,12,49771040,5325469688,684.4,8342.0
3260,43470.0,12,1060365691,49772320,675.1,7666.0
3261,43471.2,12,49745468,49775344,953.9,11976.0
3262,43473.4,12,49898275,49794206,701.2,8375.0
3263,43474.9,12,3016708830,49764980,649.0,6941.0
3264,43479.2,12,12292446080,49848161,247.3,2571.0
3265,43481.7,12,1443482419,642886855,1033.8,11472.0
3266,43484.6,12,655247775,49748296,480.3,5467.0
3267,43485.5,12,49748151,2462383188,795.1,9414.0
3268,43490.0,12,49745636,49801795,561.6,7050.0
3269,43490.4,12,3125718572,49802517,1166.5,13292.0
3270,43490.8,12,49772633,13650509861,868.9,10499.0
3271,43493.2,12,49740442,1377274926,681.2,8516.0
3272,43494.9,12,49772987,49777451,724.1,8817.0
3273,43498.6,12,49865817,49846738,134.3,1501.0
3274,43499.1,12,49845919,3995094699,173.5,1853.0
3275,43503.6,12,49767194,646031210,355.9,4491.0
3276,43505.2,12,49809200,49842505,559.5,6680.0
3277,43505.5,12,49754051,49777990,411.2,4725.0
3278,43505.9,12,1804420112,49764858,552.7,7237.0
3279,43508.0,12,1440554109,49718911,415.7,4558.0
3280,43510.9,12,49770672,49809250,99.7,1036.0
3281,43511.2,12,49745282,49752034,896.2,10867.0
3282,43512.3,12,49825108,49761250,721.7,8912.0
3283,43512.5,12,49779980,49774087,569.1,6463.0
3284,43514.4,12,3125716147,3637842788,711.2,8009.0
3285,43515.9,12,4561710230,4805685480,248.8,2772.0
3286,43518.2,12,49782369,49788050,428.3,4812.0
3287,43524.2,12,49787774,3690617654,603.4,6893.0
3288,43524.5,12,49749106,49764321,92.8,1037.0
3289,43524.6,12,49741730,3253147394,843.7,10542.0
3290,43525.3,12,49870940,1443726990,953.8,13059.0
3291,43528.1,12,49745689,49769500,642.6,7419.0
3292,43532.1,12,49800282,49826576,327.4,4599.0
3293,43535.6,12,1381307998,49732126,413.1,4530.0
3294,43538.8,12,655247775,4695979927,328.9,3893.0
3295,43539.2,12,49870940,49759164,803.3,9240.0
3296,43540.4,12,1379471024,49813511,312.2,3520.0
3297,43542.8,12,49745680,49768712,621.1,7057.0
3298,43543.3,12,1379471556,49859632,304.4,3426.0
3299,43543.7,12,49881497,1460668162,926.6,12081.0
3300,43559.8,12,3012829798,49871743,83.5,911.0
3301,43562.9,12,49772987,3900798861,802.8,9367.0
3302,43563.4,12,3001375539,49817489,306.6,3440.0
3303,43565.2,12,655247774,49776474,337.8,3807.0
3304,43566.4,12,49866935,49772589,459.9,5024.0
3305,43566.4,12,49866935,49741178,653.5,7488.0
3306,43568.5,12,3415851740,49768029,637.4,8414.0
3307,43572.6,12,49741730,49759124,88.7,1006.0
3308,43574.9,12,49752621,49715932,165.4,1755.0
3309,43578.9,12,49829250,49782082,145.4,1653.0
3310,43580.9,12,49773526,3798943047,738.4,8847.0
3311,43581.6,12,49878016,49812502,89.3,1009.0
3312,43583.0,12,13790612928,1443727105,450.1,5158.0
3313,43583.0,12,49773205,3667950074,356.7,3681.0
3314,43586.0,12,3798943055,49763644,423.9,4868.0
3315,43586.5,12,2440761314,49745305,251.6,2779.0
3316,43590.9,12,49782599,49788498,866.2,10349.0
3317,43593.4,12,49826586,49785338,493.7,6614.0
3318,43594.2,12,11261031486,1218534935,377.8,4294.0
3319,43594.7,12,49787486,49758406,346.3,4156.0
3320,43594.8,12,5180966153,49754494,804.0,8992.0
3321,43596.6,12,4975093911,601807683,225.6,2490.0
3322,43598.9,12,49764791,49720155,432.1,5799.0
3323,43600.9,12,49743972,49859960,941.1,12577.0
3324,43601.5,12,6777089507,2444588194,692.2,8739.0
3325,43603.6,12,6777089504,49741766,666.7,7947.0
3326,43603.6,12,49749379,10148005826,205.2,2426.0
3327,43608.5,12,5180966153,4453801723,248.0,3568.0
3328,43611.3,12,49869068,49890765,858.8,11051.0
3329,43612.0,12,49777712,11198779769,411.8,4678.0
3330,43613.4,12,49793729,49817917,650.2,7527.0
3331,43618.0,12,49809177,655442840,466.2,5341.0
3332,43622.9,12,2896020586,49809702,726.1,8242.0
3333,43625.3,12,49802301,49827531,366.4,4155.0
3334,43627.6,12,49753516,49759112,230.4,2518.0
3335,43627.8,12,2927473060,49773597,450.5,4540.0
3336,43631.6,12,9768681893,49821922,994.3,11394.0
3337,43639.3,12,49776416,49840782,280.1,3085.0
3338,43642.7,12,701602949,49788157,502.1,5612.0
3339,43646.5,12,49745243,49789905,234.1,2570.0
3340,43648.0,12,641054075,647030734,436.7,4899.0
3341,43648.6,12,49745628,49776728,835.5,10026.0
3342,43651.2,12,1381204541,8596263644,414.1,4542.0
3343,43652.3,12,49730129,49734130,499.4,6046.0
3344,43654.5,12,49720045,49789520,103.5,1144.0
3345,43658.6,12,49731621,49849432,768.4,9470.0
3346,43658.7,12,49820583,645963249,428.8,4776.0
3347,43660.4,12,49769187,49763463,537.5,5869.0
3348,43662.9,12,1381216023,3278871310,815.2,8989.0
3349,43664.9,12,12232117844,49859694,305.0,3274.0
3350,43667.0,12,5128694815,49825124,249.7,3822.0
3351,43667.1,12,49793549,49778902,390.2,4335.0
3352,43668.1,12,641116203,5563919715,422.5,4835.0
3353,43670.3,12,4561710231,49787785,150.6,1736.0
3354,43672.3,12,49770639,49816494,152.2,1683.0
3355,43676.6,12,49810122,49820527,613.5,7082.0
3356,43677.2,12,49762379,49780097,166.2,1846.0
3357,43680.6,12,49787486,8903139403,325.7,4184.0
3358,43682.0,12,3672563449,705729431,318.3,3582.0
3359,43682.1,12,49772747,49802630,125.6,1398.0
3360,43682.3,12,49779980,49756545,620.2,7014.0
3361,43686.2,12,49748460,49759085,707.2,7979.0
3362,43687.0,12,49793566,49845895,85.4,880.0
3363,43689.7,12,49787453,49837502,381.5,4338.0
3364,43691.8,12,49794626,49774087,969.3,11644.0
3365,43692.6,12,49745208,2432116752,518.6,5778.0
3366,43695.2,12,49725576,647026143,63.6,738.0
3367,43696.4,12,3016605388,49841768,161.7,1868.0
3368,43697.2,12,1381212154,49801246,690.5,7511.0
3369,43697.8,12,49797596,9579235933,461.2,5212.0
3370,43699.9,12,49837606,49759627,802.4,10117.0
3371,43700.4,12,4635639617,7554685042,345.2,3917.0
3372,43701.8,12,49782130,49742320,360.9,4142.0
3373,43704.6,12,3670756359,49798166,569.6,7127.0
3374,43705.6,12,3001288930,3372448421,847.0,9859.0
3375,43709.2,12,49824264,2602417947,384.8,4710.0
3376,43712.2,12,49793411,2921295164,453.5,5728.0
3377,43712.8,12,49825409,3798943052,543.8,6616.0
3378,43715.5,12,49774098,49813480,424.4,4719.0
3379,43715.9,12,958991607,49769313,586.3,7385.0
3380,43716.0,12,49740442,1484481494,429.5,4769.0
3381,43716.1,12,3669554865,1013396332,495.7,6248.0
3382,43721.9,12,49740442,49792806,192.3,2439.0
3383,43727.2,12,49788610,641112578,688.2,7993.0
3384,43727.8,12,49770423,49778456,214.4,2223.0
3385,43735.0,12,49822928,49735269,808.3,9302.0
3386,43736.3,12,3669554857,49825445,645.5,7225.0
3387,43739.4,12,49724395,13759882747,764.5,8637.0
3388,43742.3,12,49782369,4325552566,464.0,5516.0
3389,43744.7,12,8288816498,49792973,909.4,9962.0
3390,43748.9,12,3000430293,49803116,458.8,5434.0
3391,43749.2,12,1381307996,49745455,436.4,4925.0
3392,43750.1,12,49745651,49731670,577.7,6740.0
3393,43751.2,12,49745247,641054075,324.0,3694.0
3394,43752.7,12,49762191,1484482233,518.9,6689.0
3395,43752.7,12,49787616,641965169,443.7,6112.0
3396,43755.1,12,49845837,49795355,528.7,6054.0
3397,43755.3,12,1645991534,49810451,428.5,4762.0
3398,43755.5,12,49777712,1443727085,579.5,6590.0
3399,43756.0,12,49787160,12937946005,500.4,5784.0
3400,43760.4,12,655661924,49836999,615.4,8151.0
3401,43761.6,12,49778050,49825128,216.4,2361.0
3402,43762.5,12,3388139632,5558800270,512.9,5535.0
3403,43762.6,12,6796840442,1618429530,223.4,2460.0
3404,43765.2,12,12292446080,49717965,924.9,10998.0
3405,43766.8,12,49809177,49749281,833.9,11042.0
3406,43767.1,12,1499921620,49793595,342.2,3944.0
3407,43767.4,12,49770423,647043876,194.5,2130.0
3408,43769.4,12,49745193,49748801,199.4,2239.0
3409,43770.7,12,5180966153,4618716073,380.1,4602.0
3410,43775.1,12,49770708,49795422,815.5,9978.0
3411,43777.4,12,49772615,5925999723,787.3,10081.0
3412,43781.6,12,49842421,49793843,554.0,6998.0
3413,43781.7,12,49758271,49849529,332.8,4093.0
3414,43785.9,12,49740442,649839304,642.4,8019.0
3415,43787.4,12,49772633,49832850,51.1,575.0
3416,43788.3,12,49828695,646190646,368.1,5598.0
3417,43791.3,12,49764271,49783121,591.0,7172.0
3418,43791.8,12,958991607,655442856,458.1,5224.0
3419,43794.3,12,49816382,3376996938,135.8,1563.0
3420,43795.9,12,49777696,49741182,512.6,5849.0
3421,43796.3,12,49782277,3373614233,700.8,8406.0
3422,43802.2,12,9676179707,3286086571,454.7,5235.0
3423,43802.5,12,1013429968,1482962007,1070.2,13340.0
3424,43810.9,12,49809721,49755550,726.8,9173.0
3425,43815.6,12,49743231,13733853857,845.3,12331.0
3426,43818.7,12,12974478437,1443727202,586.2,7003.0
3427,43819.8,12,49848293,49728828,958.7,12727.0
3428,43820.5,12,49729179,49787926,336.5,3835.0
3429,43825.6,12,655661924,3378222917,252.1,2946.0
3430,43829.3,12,49740442,49764877,56.2,575.0
3431,43829.7,12,49752628,49763997,672.5,8263.0
3432,43830.0,12,49764791,49728611,142.4,1574.0
3433,43833.1,12,1014110633,49764352,281.0,3145.0
3434,43835.2,12,49882753,647628019,203.6,2280.0
3435,43835.3,12,49773647,49837683,434.0,4877.0
3436,43840.1,12,49809698,49844434,257.0,3163.0
3437,43841.3,12,49740442,49826564,179.5,1976.0
3438,43841.5,12,1618429530,2440761314,397.5,5223.0
3439,43844.1,12,49852777,49746274,664.4,7565.0
3440,43849.1,12,49855611,49773597,355.2,4126.0
3441,43849.2,12,49780074,655442822,356.6,3996.0
3442,43849.3,12,49743231,49790881,388.2,4123.0
3443,43851.6,12,49756474,49742293,199.2,2330.0
3444,43853.2,12,49770680,49770633,162.1,1831.0
3445,43854.2,12,2502976209,49789985,854.4,10000.0
3446,43854.5,12,49789376,646031210,704.5,8689.0
3447,43858.5,12,1364987325,655442839,361.2,4079.0
3448,43862.9,12,4325552565,49797051,130.3,1463.0
3449,43864.0,12,49855611,3667950075,612.4,7172.0
3450,43864.1,12,49741274,1013367228,518.0,5939.0
3451,43867.9,12,3372235139,653947551,1040.7,11748.0
3452,43868.4,12,49748212,49754870,190.0,2102.0
3453,43871.2,12,49758271,818298885,596.6,6775.0
3454,43872.3,12,49793566,1462032494,620.6,9147.0
3455,43872.3,12,641939501,49800665,783.7,9866.0
3456,43875.1,12,49741095,49847505,209.0,2247.0
3457,43875.8,12,49776427,49734616,726.5,8121.0
3458,43876.3,12,49741095,49758696,529.4,6858.0
3459,43879.6,12,49754058,49843101,592.9,7102.0
3460,43880.3,12,49797586,1443726989,902.3,12276.0
3461,43883.2,12,49800238,49772296,1036.2,12124.0
3462,43884.2,12,49789337,3370866945,109.9,1241.0
3463,43886.3,12,49767194,1360048319,688.8,8330.0
3464,43886.6,12,49763104,49778332,638.4,8533.0
3465,43887.2,12,8461692431,49787128,166.2,2154.0
3466,43892.3,12,2440761314,49770672,181.6,2044.0
3467,43896.2,12,49748151,1243973909,680.7,8140.0
3468,43897.7,12,49772987,49886287,480.0,5917.0
3469,43901.4,12,49825108,1443727011,635.7,9466.0
3470,43902.1,12,49743415,49761382,118.4,1297.0
3471,43902.5,12,49817499,49772874,362.5,4122.0
3472,43902.9,12,49870940,49795992,676.0,9557.0
3473,43904.8,12,49743231,1364961100,574.1,6398.0
3474,43908.0,12,647043625,641965187,294.3,4421.0
3475,43909.1,12,12529163241,1485037069,919.9,12497.0
3476,43916.2,12,11177333923,3665462749,550.2,6406.0
3477,43921.0,12,49770423,49773679,722.3,8574.0
3478,43922.4,12,49770789,49786358,652.8,7678.0
3479,43923.7,12,49752632,3665019990,539.9,6273.0
3480,43925.6,12,49859632,49840739,692.1,9199.0
3481,43926.1,12,3669554866,49842903,510.8,6379.0
3482,43928.3,12,49820583,5354789656,537.0,5878.0
3483,43928.9,12,49745677,49795928,827.2,9375.0
3484,43929.6,12,49802545,8512220304,102.5,1331.0
3485,43929.8,12,49809715,49745365,364.7,3971.0
3486,43931.3,12,49829250,49777677,170.8,1963.0
3487,43933.3,12,1364989296,49757541,322.8,3757.0
3488,43938.2,12,49876468,49752851,766.8,9380.0
3489,43943.9,12,49774794,49732924,740.0,9276.0
3490,43946.5,12,49770423,49802245,916.2,10175.0
3491,43946.5,12,49772633,49762894,725.9,8141.0
3492,43951.1,12,49776112,49821610,722.0,8171.0
3493,43951.4,12,49799643,49748318,543.4,6162.0
3494,43954.0,12,1379471556,49731508,173.0,1952.0
3495,43955.1,12,5320434814,10992137994,364.2,4067.0
3496,43956.7,12,3608395904,3381778775,801.5,9978.0
3497,43960.3,12,49809177,1364961088,227.0,2561.0
3498,43960.4,12,49745468,49808583,94.1,1067.0
3499,43960.8,12,3012429028,49797713,398.4,4442.0
3500,43961.8,12,49794047,49727637,420.1,6390.0
3501,43965.6,12,3027665453,1484481543,455.6,5233.0
3502,43971.6,12,49787453,49716219,681.4,8270.0
3503,43974.3,12,49774098,642044249,538.3,8116.0
3504,43975.3,12,49782349,641107749,625.4,7133.0
3505,43979.0,12,5698252199,49746639,272.5,2912.0
3506,43979.9,12,774340109,49734616,300.8,3384.0
3507,43984.1,12,641116273,49758241,527.8,5793.0
3508,43984.2,12,49765155,1364072693,357.7,4083.0
3509,43986.3,12,49853085,49767970,301.2,3533.0
3510,43989.4,12,49773597,1004313285,311.1,3399.0
3511,43991.6,12,2927432297,11263240807,210.4,2362.0
3512,43992.2,12,655442853,3366676340,744.0,9017.0
3513,43992.5,12,49787890,49768161,354.7,3922.0
3514,43995.3,12,49780562,49806127,837.5,10146.0
3515,43997.6,12,49816382,49732193,246.6,2734.0
3516,43998.1,12,49827853,49716879,945.3,12746.0
3517,44002.9,12,49839137,49896765,646.5,7218.0
3518,44010.3,12,3012829811,49767123,211.8,2359.0
3519,44010.9,12,49770640,49800101,690.2,8154.0
3520,44012.3,12,49784130,49779907,212.3,2394.0
3521,44012.8,12,9136825813,2921295523,544.7,6441.0
3522,44014.3,12,1364989296,49764352,258.4,3121.0
3523,44021.1,12,49745465,1482962007,956.5,11675.0
3524,44021.9,12,6796840442,49745377,754.4,8942.0
3525,44022.4,12,49767517,49745193,402.1,4532.0
3526,44035.5,12,1379505588,49767451,413.3,4611.0
3527,44043.2,12,49753014,633923743,369.7,4215.0
3528,44043.5,12,1379496002,49795992,619.5,8451.0
3529,44043.7,12,2927432297,49832844,212.0,2370.0
3530,44047.6,12,49740448,49829936,441.5,5595.0
3531,44047.7,12,49762191,1493824963,418.9,5875.0
3532,44050.6,12,3007042409,49757879,909.3,11520.0
3533,44050.6,12,3012429028,49837243,673.0,8497.0
3534,44050.9,12,1804420112,49790968,118.6,1287.0
3535,44052.0,12,1365050114,49748627,518.6,6259.0
3536,44052.7,12,774340109,49768708,291.5,3208.0
3537,44055.8,12,1379495867,49817394,235.9,2686.0
3538,44056.2,12,4561710230,9647428770,101.0,1129.0
3539,44065.7,12,49774081,10921172728,800.3,9770.0
3540,44067.5,12,49758271,641112576,593.4,6814.0
3541,44069.4,12,49762210,49790298,605.2,6697.0
3542,44069.4,12,4935980603,49746560,733.4,9329.0
3543,44073.5,12,49801673,4365477286,355.5,4163.0
3544,44073.6,12,1379471024,49773921,475.8,5385.0
3545,44074.0,12,49888809,1367470208,466.7,5102.0
3546,44078.6,12,1484481512,49770661,466.7,5421.0
3547,44080.4,12,9800726207,49750488,552.2,7742.0
3548,44083.0,12,655247774,49877664,737.9,9172.0
3549,44085.3,12,655442838,49795422,507.8,6472.0
3550,44087.3,12,6777089507,9425958830,745.7,9094.0
3551,44089.4,12,49764251,49854164,325.4,3801.0
3552,44092.4,12,49841029,49762957,320.9,3565.0
3553,44095.3,12,49750332,49792806,180.0,2282.0
3554,44096.0,12,1381307995,49845895,217.5,2369.0
3555,44096.1,12,642885424,1488054227,1072.4,13863.0
3556,44100.0,12,1366261587,3001305032,326.1,4393.0
3557,44100.6,12,49797192,638789448,312.8,3478.0
3558,44101.4,12,49793983,49832899,500.4,5474.0
3559,44102.2,12,1240476057,49747486,395.7,5011.0
3560,44106.2,12,49764791,3670756358,294.7,3358.0
3561,44108.1,12,3669554857,49835163,931.1,11091.0
3562,44117.2,12,49771469,49822338,782.4,9355.0
3563,44118.1,12,49782369,12532857266,420.2,4376.0
3564,44118.8,12,49776461,49715970,758.8,8829.0
3565,44120.8,12,49777792,49746130,728.4,8674.0
3566,44121.4,12,49773581,6438732905,82.6,923.0
3567,44124.0,12,49844851,2000698377,712.8,10606.0
3568,44125.3,12,3005239459,49806844,759.3,9721.0
3569,44126.4,12,7494204321,49758541,317.2,3558.0
3570,44126.6,12,49809177,49767991,513.9,5644.0
3571,44130.9,12,49787785,49809694,499.1,5738.0
3572,44133.4,12,3378110162,49755530,606.4,7890.0
3573,44135.3,12,49774081,6771799208,211.5,2341.0
3574,44142.0,12,1502527108,49841754,541.9,6710.0
3575,44148.0,12,49740442,49760029,513.2,6075.0
3576,44148.8,12,49800238,49716098,975.0,11340.0
3577,44149.6,12,49770640,49826524,351.3,4452.0
3578,44150.5,12,49824719,49797973,667.1,7707.0
3579,44154.1,12,49793411,49763587,468.0,5970.0
3580,44154.3,12,49775993,49890377,229.6,2554.0
3581,44162.4,12,49756373,49842949,77.5,861.0
3582,44164.4,12,49769187,49721268,650.1,7357.0
3583,44166.6,12,774340109,49877844,132.4,1526.0
3584,44174.7,12,49749855,49813532,780.7,10252.0
3585,44175.3,12,49745455,49786941,453.5,5065.0
3586,44176.6,12,49803595,3657249999,883.2,10148.0
3587,44177.0,12,49745677,49757901,645.0,7498.0
3588,44177.2,12,49763606,1486632795,890.1,11777.0
3589,44181.0,12,4303519741,49761364,299.1,3587.0
3590,44182.6,12,49762191,8528073259,82.5,855.0
3591,44182.6,12,49773923,49747282,645.1,7139.0
3592,44183.3,12,49762191,3012829798,101.7,1156.0
3593,44184.6,12,49881497,49813381,463.6,5468.0
3594,44185.3,12,49793773,49897234,541.0,6383.0
3595,44185.9,12,3012829798,49758552,171.5,1970.0
3596,44187.1,12,4807040760,49828453,303.5,3487.0
3597,44187.2,12,49820583,49825445,570.5,6495.0
3598,44187.3,12,642563716,12937946006,341.9,3650.0
3599,44187.3,12,3672563449,49745693,153.2,1763.0
3600,44188.7,12,1379471223,49778454,584.1,6462.0
3601,44189.6,12,49770680,49851753,388.7,4318.0
3602,44189.8,12,49741274,49759080,566.0,6403.0
3603,44189.9,12,1362307924,958981230,439.2,4919.0
3604,44192.3,12,49764791,49781877,812.2,10391.0
3605,44192.4,12,49865817,49770179,330.6,3935.0
3606,44195.7,12,49821658,49817406,338.4,4842.0
3607,44199.0,12,49789379,49801232,177.6,2062.0
3608,44199.7,12,49894130,9752208329,619.6,8325.0
3609,44201.1,12,3669554855,49767423,219.8,2332.0
3610,44201.3,12,49843692,49764487,531.8,5932.0
3611,44201.4,12,655661924,49820527,470.4,5476.0
3612,44203.0,12,3378222897,13650509878,582.9,7468.0
3613,44203.4,12,49825409,1466232612,1203.4,14535.0
3614,44204.4,12,49764791,49773929,474.7,5384.0
3615,44207.3,12,49762210,2428510053,368.8,4190.0
3616,44207.4,12,1366261587,1387057053,1044.1,12725.0
3617,44208.7,12,641116270,49724289,727.5,9705.0
3618,44208.8,12,49807555,49792903,1038.9,13107.0
3619,44210.1,12,49772747,49765006,1178.4,14640.0
3620,44212.5,12,6541847546,3373497507,823.8,9789.0
3621,44212.7,12,49764337,49773663,291.5,3332.0
3622,44218.7,12,49741715,13256457608,625.1,7208.0
3623,44219.3,12,49799643,641073478,231.4,2745.0
3624,44219.9,12,1379505465,49763827,446.9,5304.0
3625,44221.5,12,4325552564,49839144,217.2,2484.0
3626,44222.4,12,11332977605,49810664,296.3,3315.0
3627,44225.5,12,49774794,49759643,413.3,4650.0
3628,44227.8,12,49748460,49804380,203.6,2151.0
3629,44229.3,12,49829250,655448762,602.4,8170.0
3630,44232.3,12,3012429028,49745701,415.7,5667.0
3631,44232.4,12,6799665639,49796124,924.3,10685.0
3632,44232.6,12,49745214,49782567,692.0,7618.0
3633,44237.5,12,49816382,49773049,198.3,2201.0
3634,44237.9,12,49789239,49765997,524.9,6088.0
3635,44238.2,12,1381204541,49776167,290.8,3325.0
3636,44240.8,12,49770423,1443727117,268.1,3021.0
3637,44245.1,12,447591561,49861299,581.7,6640.0
3638,44250.8,12,49809715,2975704779,478.4,5305.0
3639,44252.4,12,642317837,3665453332,956.7,12756.0
3640,44252.9,12,1804420109,1363151578,258.1,2894.0
3641,44253.3,12,49745240,49716159,790.4,9909.0
3642,44254.9,12,49810122,49780097,419.4,4887.0
3643,44262.1,12,641965169,1218534902,663.7,8212.0
3644,44262.2,12,49745193,49878289,251.9,2935.0
3645,44263.2,12,1243974109,641127592,140.6,1583.0
3646,44266.5,12,49856113,49795567,928.4,11367.0
3647,44267.0,12,3012784293,49721292,224.8,2541.0
3648,44269.0,12,8461692431,49850735,168.3,1906.0
3649,44270.4,12,49825108,49789369,558.8,6919.0
3650,44274.8,12,49729182,1004313386,580.7,6283.0
3651,44277.7,12,3240030410,49752816,727.7,8619.0
3652,44277.9,12,2927473060,1004313386,336.5,3270.0
3653,44278.2,12,49783079,11065795777,388.0,4291.0
3654,44279.7,12,49745214,49829883,525.8,6093.0
3655,44281.2,12,5180966153,49741695,305.4,3422.0
3656,44284.5,12,49774098,49748256,270.7,2949.0
3657,44285.3,12,49780562,1462032500,807.0,11323.0
3658,44286.4,12,1804420109,49876097,367.6,4460.0
3659,44291.7,12,11198264296,49855407,593.6,7645.0
3660,44292.4,12,3240030410,49751881,627.3,9035.0
3661,44292.9,12,49776916,49773891,1028.1,13231.0
3662,44293.1,12,2927432297,13650509862,1010.7,12065.0
3663,44297.7,12,49745628,49824135,283.0,3473.0
3664,44297.8,12,49741038,49774932,356.7,3894.0
3665,44301.0,12,49764791,3372235126,669.1,7643.0
3666,44303.3,12,49774079,49755426,472.0,6131.0
3667,44304.4,12,49765234,49773008,237.3,2718.0
3668,44305.4,12,49805505,49782553,363.0,4057.0
3669,44309.3,12,49865768,49798775,701.8,8853.0
3670,44311.0,12,49792107,49848686,380.5,4341.0
3671,44311.5,12,49840739,9591272192,281.8,3182.0
3672,44313.3,12,49778050,13607253872,291.6,3207.0
3673,44314.5,12,49820885,1443727117,846.5,9511.0
3674,44314.7,12,4629699772,641107659,199.4,2246.0
3675,44316.0,12,49776916,49790249,872.5,10378.0
3676,44317.3,12,49779907,49786431,817.7,10239.0
3677,44319.8,12,3798943055,49752305,599.2,6763.0
3678,44320.4,12,5698252199,3381778775,1038.7,12637.0
3679,44324.6,12,49771469,49758237,644.4,8064.0
3680,44328.0,12,6777089507,49764318,344.5,4024.0
3681,44330.0,12,49782255,49817499,282.3,3222.0
3682,44332.9,12,655442834,49848437,230.8,2725.0
3683,44332.9,12,3669554868,49745636,93.1,1027.0
3684,44333.6,12,49782040,49772902,562.0,6240.0
3685,44335.9,12,49797596,49184747,614.4,7304.0
3686,44337.0,12,49833602,49789192,695.3,9256.0
3687,44339.3,12,49833602,5250644776,605.0,6942.0
3688,44341.6,12,2927432300,9166612486,312.1,3508.0
3689,44343.6,12,49745335,49729400,458.9,5492.0
3690,44344.7,12,49777795,49792002,673.7,8518.0
3691,44345.0,12,49780562,49747480,460.2,5770.0
3692,44348.0,12,49777795,49777682,226.0,2524.0
3693,44349.0,12,642317837,49765285,695.2,9329.0
3694,44352.4,12,49741710,389074956,535.2,6216.0
3695,44354.1,12,11460035915,1458922831,600.9,7540.0
3696,44357.0,12,49770715,49792406,624.3,7234.0
3697,44357.8,12,49773590,49766026,438.2,4969.0
3698,44358.6,12,655247774,49801205,235.3,2594.0
3699,44359.3,12,49780562,49771006,258.6,2873.0
3700,44359.5,12,5128694815,49754516,435.8,4782.0
3701,44360.4,12,49845830,1004313285,441.6,5084.0
3702,44360.4,12,49770323,8207334273,666.5,8218.0
3703,44363.3,12,5563919714,3219165573,561.2,6275.0
3704,44363.5,12,49865768,49776216,710.7,8458.0
3705,44364.9,12,5563919714,49764330,424.2,4929.0
3706,44365.8,12,1804420112,49801537,481.1,5217.0
3707,44366.8,12,1381307996,958991607,347.0,3866.0
3708,44369.2,12,11177333923,49773485,522.4,6252.0
3709,44373.5,12,49716899,8496737158,763.2,10092.0
3710,44376.9,12,49745282,49772078,888.3,11226.0
3711,44377.8,12,49734622,49772815,302.4,3513.0
3712,44379.0,12,49752628,49819661,886.3,11486.0
3713,44380.2,12,49876468,49774864,411.2,5277.0
3714,44381.1,12,49741274,4695973848,199.0,2150.0
3715,44381.2,12,49866594,49760367,948.5,11362.0
3716,44383.6,12,3027616047,5703562302,564.3,6525.0
3717,44384.2,12,49772964,49767325,361.5,4225.0
3718,44388.1,12,49847370,49743669,799.9,10414.0
3719,44389.1,12,3012784293,49745434,648.9,7827.0
3720,44390.2,12,49777795,12497001319,330.3,3984.0
3721,44391.3,12,49789264,5277489271,777.6,10376.0
3722,44392.6,12,49741695,49769356,748.4,9328.0
3723,44393.3,12,49743972,49764330,709.0,9815.0
3724,44396.0,12,3151812441,647043654,237.6,2642.0
3725,44403.4,12,6799665639,49729981,658.2,7779.0
3726,44404.1,12,49764337,49754024,532.6,6082.0
3727,44411.8,12,49772633,1364989291,374.8,4112.0
3728,44412.0,12,49722409,49759085,147.5,1642.0
3729,44413.2,12,447591561,1804420112,549.2,5915.0
3730,44419.3,12,12974478437,49737722,389.8,4435.0
3731,44422.8,12,1379496002,49780852,285.2,3135.0
3732,44424.5,12,49756881,7319959739,690.5,8611.0
3733,44424.9,12,49764271,49816494,129.3,1463.0
3734,44425.2,12,49773532,641127571,242.7,2693.0
3735,44425.3,12,49777628,49749062,941.2,12167.0
3736,44432.2,12,3012784293,49745691,341.9,3800.0
3737,44432.3,12,2921295172,49772394,708.4,9567.0
3738,44433.7,12,49756578,3667966669,520.9,6231.0
3739,44435.7,12,49777795,49801228,581.9,7009.0
3740,44437.4,12,1365013789,641965169,484.2,6427.0
3741,44437.7,12,13686935904,641110826,277.7,3147.0
3742,44438.5,12,49741058,1484785680,535.1,6200.0
3743,44439.3,12,49878097,49843005,47.8,535.0
3744,44441.2,12,49762191,584597180,531.4,5917.0
3745,44441.5,12,49745284,49790039,414.8,4589.0
3746,44443.9,12,4635639617,49765167,92.3,999.0
3747,44445.1,12,11261031475,49760803,648.4,8432.0
3748,44445.6,12,4792249103,634784056,86.8,977.0
3749,44446.4,12,49756578,49802403,483.0,5764.0
3750,44447.1,12,49741703,49764863,430.8,5355.0
3751,44452.3,12,49848686,49741027,269.4,3016.0
3752,44452.8,12,49765155,49719230,529.8,6498.0
3753,44456.4,12,49810871,49781457,721.0,8582.0
3754,44460.2,12,49740442,49789162,1005.9,12975.0
3755,44461.1,12,3005831881,49866407,461.0,5239.0
3756,44464.9,12,655661924,49769201,471.2,5426.0
3757,44466.1,12,9676179707,49797631,95.7,1108.0
3758,44469.9,12,49774079,49730741,215.4,2350.0
3759,44477.3,12,49789376,49809657,1169.0,15057.0
3760,44478.2,12,49763640,49726341,662.3,8431.0
3761,44478.7,12,49863614,641107659,451.1,5105.0
3762,44479.3,12,3007042409,6823343098,364.0,4491.0
3763,44479.9,12,49775608,49752748,405.8,4633.0
3764,44482.7,12,49775608,49760895,532.4,7474.0
3765,44484.1,12,49873688,2456351055,967.6,11401.0
3766,44485.6,12,4366096286,647043654,313.9,3598.0
3767,44487.4,12,1017379708,49762970,601.5,8232.0
3768,44493.6,12,3013484875,49739554,468.8,5712.0
3769,44495.8,12,49741274,49764858,522.2,6707.0
3770,44510.8,12,49809721,49861165,95.0,1080.0
3771,44511.1,12,1014110633,49813493,150.3,1642.0
3772,44511.7,12,49803595,49753860,791.7,9394.0
3773,44515.8,12,49778302,1006151901,521.6,5577.0
3774,44518.0,12,49772747,49836903,749.8,8641.0
3775,44520.1,12,1379495867,1458922865,647.1,7992.0
3776,44520.2,12,49741274,49856433,934.8,11528.0
3777,44520.3,12,49845726,49763351,894.3,11225.0
3778,44530.1,12,641087352,49853878,210.9,2432.0
3779,44534.3,12,2502976209,13607253872,655.1,7700.0
3780,44536.6,12,49776047,641964562,448.7,5250.0
3781,44539.2,12,49845837,49775470,401.7,4518.0
3782,44539.5,12,49782277,49885662,524.2,5872.0
3783,44544.9,12,49817499,3995435800,549.7,6337.0
3784,44547.7,12,655442853,49866203,222.7,2492.0
3785,44552.2,12,49745628,49801620,491.2,6693.0
3786,44563.8,12,49748223,49764447,319.7,3829.0
3787,44565.4,12,49820981,49791888,366.4,4309.0
3788,44568.0,12,49797596,49823761,511.4,5774.0
3789,44571.4,12,1381204541,49828453,337.1,3933.0
3790,44572.9,12,49770680,49755537,776.4,9728.0
3791,44573.1,12,49829250,10119384254,108.1,1229.0
3792,44578.8,12,11198264287,49839247,309.3,3521.0
3793,44583.5,12,49725576,3001569202,76.3,918.0
3794,44586.9,12,49729874,647241842,371.6,4931.0
3795,44590.9,12,2440761314,8825268121,602.1,6869.0
3796,44593.3,12,3012829811,49773008,77.4,880.0
3797,44597.0,12,655442833,49813855,278.0,3433.0
3798,44601.6,12,49770657,49826461,407.2,4721.0
3799,44604.9,12,11460035915,49777586,330.9,3928.0
3800,44605.6,12,49773526,49727513,502.2,5641.0
3801,44605.7,12,49743415,49772870,565.4,6273.0
3802,44607.5,12,3027663729,49772535,321.6,3730.0
3803,44611.4,12,49777795,3006129370,211.6,2444.0
3804,44613.8,12,49803595,9768681883,561.4,6347.0
3805,44613.8,12,49796229,49745292,549.7,6353.0
3806,44614.3,12,5180966153,49776074,334.9,4574.0
3807,44621.4,12,12292446080,49754509,959.0,10980.0
3808,44622.4,12,49741730,49768392,933.9,11970.0
3809,44625.3,12,49764271,49745420,648.1,7658.0
3810,44625.5,12,641128680,1488252437,965.6,12959.0
3811,44626.9,12,49748066,2456351058,414.3,4557.0
3812,44629.0,12,49789264,49748054,262.0,3092.0
3813,44630.4,12,49843596,641116183,160.5,1901.0
3814,44630.6,12,701602949,3061294315,871.8,11671.0
3815,44630.9,12,49789205,49816640,805.4,10396.0
3816,44639.8,12,49881497,49747467,763.7,9662.0
3817,44640.2,12,49769187,2607280191,278.8,2970.0
3818,44640.8,12,49842413,49745650,495.6,5445.0
3819,44646.1,12,49797596,49838779,414.1,4544.0
3820,44647.8,12,49865817,49767443,404.7,4499.0
3821,44649.4,12,49734621,49764451,142.9,1606.0
3822,44650.7,12,958991607,49817430,57.0,637.0
3823,44655.0,12,49822928,49808583,382.8,4345.0
3824,44657.1,12,49774079,1460614432,583.9,6927.0
3825,44663.4,12,4695979927,49847501,359.3,4241.0
3826,44663.8,12,3012784293,49764445,267.5,3199.0
3827,44670.7,12,2921295172,49763489,470.8,5111.0
3828,44671.0,12,9130874912,49828469,569.5,6711.0
3829,44674.2,12,49745680,49763640,201.2,2264.0
3830,44676.1,12,49772987,49878441,680.2,8344.0
3831,44680.6,12,49820583,49764330,246.2,2789.0
3832,44682.0,12,49809698,1486620336,752.8,10109.0
3833,44684.3,12,3672563449,12687209031,373.3,4254.0
3834,44689.5,12,49853696,49797753,231.2,2604.0
3835,44689.7,12,49763609,49803726,904.2,10982.0
3836,44690.4,12,642044494,49731544,820.7,11943.0
3837,44690.5,12,655442839,1509379826,411.4,4945.0
3838,44693.1,12,49801673,49758776,1008.6,12098.0
3839,44694.4,12,49771030,49796861,858.3,10160.0
3840,44695.0,12,4975093911,5556599909,297.3,3368.0
3841,44696.4,12,49842413,647043808,241.0,2662.0
3842,44696.5,12,3027832454,5354789662,676.6,7576.0
3843,44700.1,12,49787774,4975093911,59.9,701.0
3844,44700.2,12,49772747,49763104,718.9,8299.0
3845,44701.4,12,49770680,49737931,318.5,3639.0
3846,44706.9,12,3012784293,49768722,666.6,7427.0
3847,44710.8,12,49845850,49741287,287.5,3156.0
3848,44711.3,12,49773040,638093913,648.2,7234.0
3849,44715.3,12,4635639617,49809775,267.8,3065.0
3850,44715.8,12,9134098214,1804420112,336.2,3789.0
3851,44722.5,12,49797596,13146473411,516.7,5878.0
3852,44723.1,12,49803721,49770627,333.1,3811.0
3853,44724.9,12,2502976209,1381307995,375.2,4216.0
3854,44726.5,12,49804146,3667966671,406.4,4401.0
3855,44727.6,12,3240030410,7818462163,672.2,7465.0
3856,44729.9,12,6777089507,49773622,509.7,5939.0
3857,44731.5,12,49756474,49769243,283.2,3260.0
3858,44732.6,12,49774098,49878328,444.3,4964.0
3859,44738.7,12,49792123,9592908693,179.4,2222.0
3860,44740.1,12,2896020560,14073909988,606.0,7563.0
3861,44740.4,12,49749106,5993559716,218.5,2411.0
3862,44740.9,12,49876468,49797753,298.2,3224.0
3863,44744.7,12,7802243127,1991035280,354.8,3953.0
3864,44748.1,12,1017379708,49822904,381.5,4247.0
3865,44749.8,12,49797586,49756170,523.4,5834.0
3866,44750.2,12,49780562,640784730,512.5,5933.0
3867,44751.2,12,49774098,49896757,876.4,10068.0
3868,44752.4,12,9676179707,49802301,408.5,4757.0
3869,44752.9,12,1466445325,4015360173,706.0,9323.0
3870,44755.1,12,49745468,1469286116,941.8,12498.0
3871,44755.5,12,49772633,1506916922,967.3,12734.0
3872,44756.4,12,49748050,647043625,71.7,785.0
3873,44756.4,12,49751728,49722454,672.0,7618.0
3874,44760.1,12,9723903189,49885664,1021.4,12217.0
3875,44762.5,12,3672563449,49798763,883.4,11762.0
3876,44764.6,12,49740442,3659250077,541.5,6378.0
3877,44766.3,12,49777795,49804385,533.4,6035.0
3878,44770.5,12,49741274,647618716,244.7,3012.0
3879,44772.7,12,49881497,49811242,175.4,1804.0
3880,44775.1,12,49801673,49797942,435.2,4984.0
3881,44776.9,12,49844794,49742711,630.9,7716.0
3882,44777.9,12,1365013789,49765730,341.0,3942.0
3883,44778.3,12,3672563449,49799808,279.7,3093.0
3884,44780.5,12,49789205,49734140,492.2,5570.0
3885,44780.8,12,49777795,49754633,493.7,5797.0
3886,44781.2,12,49764374,49764326,123.2,1375.0
3887,44781.4,12,3672563449,49782082,277.2,3231.0
3888,44781.7,12,4082394063,2900167809,846.9,10235.0
3889,44783.5,12,49762264,13437605385,433.9,4893.0
3890,44787.7,12,49773040,49848898,738.3,8504.0
3891,44787.8,12,49770789,49764321,92.5,1053.0
3892,44788.4,12,49748460,647053916,625.4,7291.0
3893,44791.7,12,49797586,49808317,800.1,10204.0
3894,44792.6,12,5445800908,49784173,76.1,818.0
3895,44795.4,12,1381307998,49726419,510.8,6218.0
3896,44799.7,12,49793670,49748539,182.5,2068.0
3897,44801.4,12,49889382,657211757,533.1,6018.0
3898,44804.6,12,49772964,49784971,900.2,10861.0
3899,44807.7,12,49770782,49790389,395.6,4461.0
3900,44807.7,12,1243974324,49809438,490.5,5413.0
3901,44808.5,12,647026143,49801386,558.5,7264.0
3902,44809.7,12,49740244,49823153,306.8,3292.0
3903,44809.9,12,49763049,49788305,493.8,5572.0
3904,44815.0,12,2974621124,49741996,329.8,4339.0
3905,44815.7,12,49809698,49787486,87.3,1047.0
3906,44817.7,12,1060365691,49758425,864.8,9942.0
3907,44822.5,12,49740442,3012829811,351.3,4765.0
3908,44822.7,12,49763640,657211360,905.0,11583.0
3909,44823.3,12,49772633,3006129376,588.2,6810.0
3910,44823.3,12,49773557,49752599,357.1,4088.0
3911,44824.1,12,3027832454,49891625,732.1,9083.0
3912,44830.0,12,49843692,13790612928,697.3,7874.0
3913,44831.1,12,49764791,49877985,257.2,2907.0
3914,44831.5,12,49729874,49746516,609.1,6773.0
3915,44837.2,12,49770323,49744462,699.5,8876.0
3916,44837.7,12,49749379,49788221,330.8,3685.0
3917,44838.1,12,8245233135,49759643,460.6,5234.0
3918,44849.0,12,9676179707,49762927,649.1,8553.0
3919,44853.1,12,49771469,49815855,1052.7,11721.0
3920,44854.4,12,1004839834,49768495,135.6,1491.0
3921,44857.4,12,1379471024,49820692,302.8,3390.0
3922,44865.5,12,641116226,639415539,572.8,7677.0
3923,44867.0,12,9593199679,49822473,413.6,4688.0
3924,44869.1,12,4001002050,49796975,255.7,2664.0
3925,44869.3,12,49739609,49837617,497.8,5571.0
3926,44872.6,12,49777792,4807040760,134.2,1560.0
3927,44874.6,12,49866935,49855407,517.7,5646.0
3928,44880.3,12,49740244,4120116285,138.5,1648.0
3929,44881.3,12,641116215,49742300,307.7,3484.0
3930,44881.4,12,49770640,49774088,360.8,4105.0
3931,44886.0,12,1017391974,642421191,389.9,5560.0
3932,44891.9,12,49745650,49745677,84.8,948.0
3933,44892.7,12,49789379,49746444,220.3,2484.0
3934,44895.4,12,49745650,49807307,1015.2,12441.0
3935,44897.8,12,9593199679,49744836,643.9,7095.0
3936,44897.8,12,1017489190,647057958,303.7,3497.0
3937,44898.4,12,49773526,49778836,741.3,8322.0
3938,44901.3,12,49724395,49772313,241.5,2639.0
3939,44904.5,12,49774081,49803306,499.4,5797.0
3940,44905.6,12,49748151,49772703,302.1,3103.0
3941,44906.3,12,49773070,641107659,356.6,4101.0
3942,44906.6,12,1804420112,49773669,86.7,925.0
3943,44907.9,12,814299119,49841495,697.1,8119.0
3944,44908.3,12,11460035915,1013396339,514.2,6123.0
3945,44910.7,12,3016605388,49830330,767.6,9380.0
3946,44911.2,12,49724395,13273976977,590.7,6683.0
3947,44913.3,12,49732053,49755118,910.1,11957.0
3948,44914.6,12,1379505465,3690617654,592.3,6784.0
3949,44917.5,12,647030735,49824103,366.5,4112.0
3950,44922.6,12,49724395,49778669,604.3,7075.0
3951,44922.6,12,2795614002,1520618350,757.8,8728.0
3952,44924.1,12,3012429028,49772747,611.7,6997.0
3953,44925.2,12,49773040,647044296,123.7,1305.0
3954,44925.2,12,1017391970,49764509,371.7,4172.0
3955,44925.4,12,49745457,2911584522,273.8,3052.0
3956,44928.1,12,1381307996,647043839,454.1,5154.0
3957,44928.3,12,3001288930,644537718,563.0,6765.0
3958,44930.0,12,1017489190,1482962272,705.0,8907.0
3959,44930.2,12,49809721,1484785356,771.3,10534.0
3960,44933.3,12,49821763,49763827,867.8,9997.0
3961,44937.1,12,49734616,49772913,194.0,2108.0
3962,44938.5,12,49778302,49735522,367.0,3571.0
3963,44940.5,12,49888300,4597151559,627.3,7715.0
3964,44940.6,12,655680824,49774952,466.4,6178.0
3965,44940.8,12,3027663729,49811975,475.2,5491.0
3966,44943.2,12,3669554865,49754166,325.3,3962.0
3967,44943.5,12,49741274,49789504,1000.8,13539.0
3968,44943.8,12,1381204541,49745106,595.4,6609.0
3969,44950.2,12,49810877,1468884927,793.7,11116.0
3970,44953.1,12,3000233170,49770670,345.0,4034.0
3971,44953.4,12,49842417,3006713647,329.5,3940.0
3972,44960.3,12,49776461,49724749,110.5,1360.0
3973,44961.2,12,655661924,641965187,151.8,1834.0
3974,44961.7,12,49716899,49765113,139.2,1547.0
3975,44967.9,12,3001046648,49774685,666.0,7628.0
3976,44968.7,12,447591561,1379549941,502.1,5760.0
3977,44969.4,12,3669554866,645963249,176.8,1989.0
3978,44969.6,12,9190361341,49783901,1247.8,15859.0
3979,44975.7,12,49772747,1233276142,1070.3,13179.0
3980,44976.5,12,49828695,49813829,977.9,11809.0
3981,44976.5,12,49789251,49859960,160.3,1688.0
3982,44978.1,12,49762225,49861299,155.0,1790.0
3983,44983.1,12,49797596,49744068,826.9,10902.0
3984,44983.8,12,49779839,49775621,695.1,8768.0
3985,44984.4,12,655442853,49796171,546.1,6264.0
3986,44987.6,12,641116187,3370866929,525.7,6015.0
3987,44988.3,12,1379505588,1364987324,258.9,2909.0
3988,44989.1,12,49745455,49741073,482.0,5351.0
3989,44989.5,12,49782599,1493859547,1231.9,15269.0
3990,44991.7,12,1004263862,11263106392,463.2,5116.0
3991,44992.7,12,49855611,49740589,748.2,8364.0
3992,44993.8,12,806521182,49823986,483.7,5354.0
3993,44994.1,12,49776112,49800294,352.1,3930.0
3994,45001.1,12,655442838,49855269,545.1,6104.0
3995,45002.2,12,3669554866,9635459064,543.0,7180.0
3996,45004.4,12,9797239771,49858107,799.3,9000.0
3997,45006.0,12,49745680,49851413,103.6,1027.0
3998,45010.8,12,49772633,49822010,506.5,5555.0
3999,45011.0,12,49816382,638898969,124.7,1442.0
4000,45011.4,12,646065021,49812332,600.9,6918.0
4001,45013.5,12,49745468,49847837,86.4,970.0
4002,45014.2,12,49873688,49861310,545.8,6595.0
4003,45019.4,12,6777089507,49807229,407.9,4805.0
4004,45020.7,12,701602949,49827852,1066.6,12846.0
4005,45021.5,12,49809189,49836837,546.7,6195.0
4006,45021.5,12,49752628,49800720,274.5,3008.0
4007,45023.3,12,633923743,49767426,450.3,5031.0
4008,45023.8,12,49745628,49810662,239.8,2723.0
4009,45026.1,12,49776916,49825190,491.7,5475.0
4010,45026.4,12,9136825802,13790612903,179.2,1934.0
4011,45027.8,12,49762191,9320542359,122.6,1401.0
4012,45030.0,12,49745650,49767293,583.1,6522.0
4013,45031.7,12,49837606,5507179700,302.1,3612.0
4014,45033.5,12,49746428,49752599,111.2,1184.0
4015,45036.6,12,829675288,49844804,208.1,2346.0
4016,45037.2,12,49747467,49798063,254.4,2898.0
4017,45038.4,12,3001353540,1364961102,230.5,2597.0
4018,45038.7,12,49797586,49769178,227.5,2550.0
4019,45039.2,12,1499921620,49721252,231.1,2504.0
4020,45040.2,12,49869068,1009113524,341.5,3899.0
4021,45040.6,12,49740244,49773936,608.0,6846.0
4022,45040.7,12,5128694819,49857731,350.1,3790.0
4023,45041.5,12,49752115,49789983,172.6,1785.0
4024,45042.6,12,5320434814,641127594,102.9,1157.0
4025,45043.4,12,3011107102,49809263,469.3,5267.0
4026,45043.9,12,5128694815,49740630,756.3,9327.0
4027,45045.2,12,12128376033,49777955,424.3,4632.0
4028,45051.5,12,2795614002,5556599909,694.4,7783.0
4029,45053.8,12,49762383,49731242,353.3,4048.0
4030,45056.6,12,1014110633,49797753,55.1,594.0
4031,45057.1,12,49809715,1443726987,869.2,12280.0
4032,45057.2,12,3013407820,49778332,749.4,10178.0
4033,45063.0,12,49779896,49764374,130.2,1472.0
4034,45065.9,12,2502976209,49807720,433.3,5762.0
4035,45066.9,12,49745676,49741095,530.3,6023.0
4036,45067.3,12,49774098,49771291,237.0,2618.0
4037,45067.6,12,49807555,5563919655,449.1,4935.0
4038,45068.1,12,49777277,49724384,740.4,9613.0
4039,45068.9,12,9166612489,49861274,62.5,709.0
4040,45069.2,12,49758271,49784285,1035.5,11674.0
4041,45070.5,12,49763640,2911584529,257.1,2912.0
4042,45073.3,12,49883336,11332977616,482.4,6453.0
4043,45074.8,12,10181394607,49781669,350.2,3937.0
4044,45075.1,12,49748155,49716928,586.0,6937.0
4045,45078.8,12,49787863,49745377,412.3,4790.0
4046,45079.2,12,49882753,49740442,541.2,6924.0
4047,45083.4,12,814299111,49773062,236.3,2910.0
4048,45084.3,12,49796229,49768048,530.8,5459.0
4049,45085.6,12,49853696,49764467,161.0,1816.0
4050,45088.8,12,49741673,655442853,430.7,5222.0
4051,45089.3,12,49866935,49743895,1052.2,13260.0
4052,45089.7,12,9136825802,5343233826,446.4,5274.0
4053,45089.7,12,3012784293,49812023,583.7,6707.0
4054,45100.7,12,3125718572,49805181,1141.6,12962.0
4055,45103.2,12,49752621,49876158,371.9,3879.0
4056,45104.3,12,49799293,2975704779,776.6,8744.0
4057,45107.3,12,8592032116,49742446,419.3,4951.0
4058,45109.2,12,49772987,49795957,388.3,4686.0
4059,45110.7,12,49797586,49748084,311.2,3489.0
4060,45113.1,12,9130874912,49817091,512.6,6316.0
4061,45118.9,12,1364987325,49776173,527.7,5934.0
4062,45120.1,12,11177333923,49808604,540.0,6433.0
4063,45121.0,12,49833602,49758528,739.3,9504.0
4064,45123.8,12,49773543,8530666824,734.7,9196.0
4065,45125.0,12,49763640,9768681890,589.6,6447.0
4066,45130.8,12,5128694819,647594353,253.6,2713.0
4067,45131.4,12,49809376,8528073259,156.2,1739.0
4068,45131.8,12,49845726,11569406868,130.7,1478.0
4069,45133.2,12,4792249103,49792145,536.8,6744.0
4070,45136.2,12,5170081599,49746233,681.7,8511.0
4071,45138.0,12,49776427,49726407,949.9,10610.0
4072,45138.2,12,3001569202,49731469,804.9,9140.0
4073,45141.4,12,3005831881,49800135,404.4,4605.0
4074,45144.5,12,1443727088,641127814,85.4,940.0
4075,45146.1,12,49833602,49760029,579.8,6189.0
4076,45150.7,12,49752115,49796363,230.1,2583.0
4077,45153.2,12,49809189,49813502,333.5,3722.0
4078,45155.0,12,2927432297,1466232947,1083.2,13374.0
4079,45156.1,12,49764791,49812332,282.9,3296.0
4080,45158.8,12,12128376033,49741398,574.9,6992.0
4081,45161.5,12,49745240,1497928123,917.6,11044.0
4082,45161.6,12,49762383,49855157,571.8,7260.0
4083,45161.9,12,49842421,639446410,457.7,6434.0
4084,45165.8,12,49842421,1364961112,218.2,2310.0
4085,45166.1,12,49774081,49758058,795.0,9537.0
4086,45169.3,12,49772987,49777013,257.1,2941.0
4087,45169.8,12,49809715,49772573,125.4,1388.0
4088,45173.7,12,647619114,49734140,515.2,5609.0
4089,45176.3,12,49855611,3006129370,95.4,1098.0
4090,45177.5,12,49770789,13141136443,376.7,4215.0
4091,45182.7,12,49845837,49722137,1024.2,12664.0
4092,45183.0,12,49777795,3012784293,51.3,601.0
4093,45183.5,12,49740442,49749098,605.5,7742.0
4094,45188.4,12,2616277014,1443727005,1166.6,15186.0
4095,45188.5,12,2502976209,49764380,455.6,5502.0
4096,45188.6,12,49825190,647043631,94.5,997.0
4097,45189.6,12,4630137710,1443727067,570.9,6781.0
4098,45190.8,12,49773653,49856113,149.4,1617.0
4099,45191.5,12,3016605409,8461692428,222.1,2622.0
4100,45192.4,12,4561710230,49745418,496.0,5971.0
4101,45192.7,12,1379471024,49722787,166.6,1852.0
4102,45193.5,12,49801673,49853330,451.5,5194.0
4103,45197.0,12,49789277,49741037,538.9,6211.0
4104,45198.0,12,876615362,10978669007,231.2,2629.0
4105,45200.0,12,49773012,49842996,215.3,2557.0
4106,45202.4,12,2927432300,49749059,293.1,3246.0
4107,45204.0,12,49770684,49843176,561.6,6976.0
4108,45204.6,12,49797596,6773125514,833.0,10177.0
4109,45207.4,12,3669554865,49794216,220.4,2353.0
4110,45208.4,12,49729182,49717396,508.3,6004.0
4111,45213.3,12,49767196,11255208746,855.6,10017.0
4112,45215.0,12,49745693,49765314,188.4,2118.0
4113,45216.2,12,49745282,49822568,490.0,5814.0
4114,45218.2,12,3669554865,49826598,274.6,3825.0
4115,45218.4,12,49787863,49838758,527.7,5826.0
4116,45223.0,12,49809721,1497983555,716.5,9045.0
4117,45224.4,12,49745650,49797015,291.7,3248.0
4118,45225.1,12,5170081599,1364961100,341.7,3998.0
4119,45226.7,12,49745457,49797620,293.7,3375.0
4120,45226.7,12,49779980,12250696725,475.6,5491.0
4121,45229.7,12,49745240,49886483,241.3,2661.0
4122,45230.7,12,655662508,49809228,504.7,6308.0
4123,45231.5,12,49745335,49870270,377.7,4202.0
4124,45234.5,12,3001046648,49759766,651.0,7901.0
4125,45235.1,12,49772747,49754321,450.1,5612.0
4126,45240.9,12,49810122,49761754,1070.4,12936.0
4127,45241.6,12,1484482239,49772863,1108.6,13561.0
4128,45242.5,12,49753516,641127614,205.9,2322.0
4129,45243.2,12,49789342,49877875,339.9,4126.0
4130,45243.9,12,2440761314,4001201376,209.8,2349.0
4131,45246.8,12,49770657,49768706,391.5,4463.0
4132,45250.7,12,49776047,49846367,593.0,7101.0
4133,45253.8,12,49762191,641964879,147.3,1731.0
4134,45257.5,12,49783079,1364961101,219.8,2322.0
4135,45264.7,12,49820714,4975134048,678.4,7758.0
4136,45266.3,12,701602949,642395689,598.4,7912.0
4137,45266.6,12,3661066115,49765161,711.0,8653.0
4138,45267.5,12,1379495851,49841785,221.9,2454.0
4139,45273.0,12,633923743,5291674142,375.7,4121.0
4140,45273.0,12,447591561,642395689,897.2,11376.0
4141,45273.2,12,49797596,49751444,239.1,2704.0
4142,45284.5,12,49809698,49870181,456.9,5216.0
4143,45284.5,12,3012784293,2535854812,466.6,6054.0
4144,45285.0,12,49789239,49755008,976.9,12148.0
4145,45285.3,12,49780078,49811658,531.3,5835.0
4146,45291.1,12,49773532,49828440,357.9,3931.0
4147,45292.5,12,49776031,49755335,886.7,10935.0
4148,45295.2,12,49777795,49741463,567.3,7975.0
4149,45302.6,12,641127587,49773104,858.0,10448.0
4150,45306.5,12,49876468,49723359,316.1,3374.0
4151,45307.1,12,49769193,49858012,255.7,2909.0
4152,45310.0,12,49813365,1441354047,571.8,7624.0
4153,45310.1,12,4001557203,49789719,582.6,6739.0
4154,45317.8,12,1004809645,49775714,1258.1,15110.0
4155,45319.6,12,49809189,49857731,549.7,6163.0
4156,45320.4,12,49843692,49765918,852.7,9623.0
4157,45320.5,12,3665450111,49806268,1155.5,14744.0
4158,45321.4,12,3027616047,49774834,520.8,6369.0
4159,45322.2,12,49819386,1013367366,816.1,9610.0
4160,45322.6,12,49822338,49797082,429.0,5357.0
4161,45323.6,12,1381204541,49760408,870.8,10533.0
4162,45324.8,12,49784130,49719902,224.1,2625.0
4163,45325.3,12,49829250,49797803,714.5,8162.0
4164,45325.9,12,49820583,647618716,248.0,3260.0
4165,45327.9,12,49763640,49779857,392.1,4338.0
4166,45331.8,12,49741274,49757901,453.4,5228.0
4167,45331.9,12,49745186,49752816,618.8,7168.0
4168,45336.0,12,49789219,1499921562,485.7,5880.0
4169,45337.0,12,49773055,49748302,456.6,5042.0
4170,45340.9,12,49810876,49762970,510.2,7293.0
4171,45341.1,12,49777795,49742316,190.6,2157.0
4172,45344.0,12,49776427,49830280,341.6,4206.0
4173,45346.5,12,49745129,49741766,665.7,6873.0
4174,45347.2,12,49740442,49790322,727.9,9546.0
4175,45355.9,12,4807040760,49790150,600.8,6660.0
4176,45358.6,12,49767517,49740516,779.8,8941.0
4177,45361.0,12,49849187,49784173,692.7,8104.0
4178,45369.2,12,5698252199,1364987312,295.8,3324.0
4179,45371.5,12,8427531415,49886199,464.5,5229.0
4180,45373.9,12,49745693,1466232612,1016.2,12588.0
4181,45375.5,12,49734140,49788673,591.6,6538.0
4182,45377.1,12,49774098,13259914865,453.5,5052.0
4183,45378.6,12,49774093,5343232408,261.9,2846.0
4184,45389.3,12,1618429530,49747351,116.1,1266.0
4185,45389.9,12,49799643,49781856,634.9,8251.0
4186,45393.9,12,49797401,49764877,155.3,1622.0
4187,45396.1,12,49809200,4807550266,75.4,808.0
4188,45399.0,12,4935980603,49729407,442.9,5991.0
4189,45402.3,12,5170081599,3370944892,691.7,8294.0
4190,45402.8,12,49799643,49841801,457.0,6259.0
4191,45404.0,12,49770639,1458951144,714.7,7876.0
4192,45404.8,12,1439584651,5563919614,417.2,4967.0
4193,45408.9,12,9800726207,4001201376,785.3,10671.0
4194,45411.9,12,49793729,49758282,407.1,4564.0
4195,45414.1,12,638452596,655662482,292.0,4307.0
4196,45414.5,12,49765155,49745214,169.4,1909.0
4197,45415.9,12,2896020586,3531416325,561.2,6949.0
4198,45419.9,12,49794206,49844977,772.9,9080.0
4199,45421.3,12,49820727,262550681,511.0,5860.0
4200,45421.7,12,49765234,9723923056,882.8,11059.0
4201,45425.1,12,49745628,49764867,312.3,3828.0
4202,45426.7,12,49772747,49764380,446.3,4841.0
4203,45430.8,12,49817415,49837552,232.7,2544.0
4204,45431.0,12,49765234,49758554,542.9,6158.0
4205,45432.1,12,49799643,1991035280,331.5,3886.0
4206,45432.3,12,9676179707,655680327,445.7,5635.0
4207,45432.4,12,13686935904,49778213,623.1,6995.0
4208,45435.3,12,1381204541,49753035,928.3,11236.0
4209,45438.5,12,641116270,49722745,268.6,2949.0
4210,45438.5,12,49794431,49860022,461.8,5303.0
4211,45441.7,12,10921172728,1469316086,1209.2,16333.0
4212,45442.3,12,49845830,49735130,716.5,7818.0
4213,45443.1,12,4325552565,49883599,407.5,4620.0
4214,45447.7,12,12143083687,1364987323,634.1,7308.0
4215,45456.5,12,49769187,49763483,551.2,5773.0
4216,45458.8,12,49822928,49847505,742.6,8214.0
4217,45459.9,12,49756373,49719434,523.0,6141.0
4218,45462.5,12,49745214,49765155,169.4,1909.0
4219,45466.5,12,49773647,3744938983,618.0,6736.0
4220,45468.8,12,49848686,12068811315,268.9,3028.0
4221,45470.3,12,49745677,49855877,332.0,4090.0
4222,45489.3,12,49837606,49762999,817.1,10427.0
4223,45497.8,12,5128694819,49796171,559.2,6940.0
4224,45498.0,12,49845837,49799918,330.2,4901.0
4225,45498.9,12,49756578,49759039,345.9,3887.0
4226,45499.4,12,49873888,1485051803,1027.8,13459.0
4227,45499.5,12,3012429028,49790050,403.8,4520.0
4228,45505.4,12,49762191,3661066108,680.2,8446.0
4229,45510.0,12,3001375539,49814781,233.5,2596.0
4230,45513.8,12,3358724761,1796371546,515.8,6213.0
4231,45513.8,12,3151812441,49773663,400.7,4377.0
4232,45517.5,12,49745632,49818173,451.5,5065.0
4233,45518.7,12,1366261587,49823347,553.2,6369.0
4234,45521.5,12,1381216023,49750691,720.5,9370.0
4235,45529.6,12,638062063,6438732905,264.0,3275.0
4236,45530.7,12,49741730,14073359321,382.7,4405.0
4237,45532.4,12,49743972,9082995718,1247.6,16519.0
4238,45532.4,12,5698252199,49764904,576.8,7602.0
4239,45532.7,12,49863186,49754519,655.6,7287.0
4240,45533.1,12,49770676,1017391970,149.9,1677.0
4241,45534.6,12,49780078,49806152,678.0,8147.0
4242,45536.1,12,10181394607,649839456,451.1,6026.0
4243,45536.8,12,655442853,1560146369,357.2,4063.0
4244,45537.2,12,49813365,9630558235,288.2,3204.0
4245,45537.8,12,49782277,5637726950,459.9,5636.0
4246,45546.1,12,11332977605,49748054,167.6,1871.0
4247,45546.5,12,1017391974,5563919611,394.4,4699.0
4248,45547.1,12,49765145,49782418,657.2,8037.0
4249,45549.5,12,49797596,49764321,120.7,1339.0
4250,45551.1,12,4561710230,649840270,788.7,9817.0
4251,45552.2,12,647031903,49782583,876.3,10031.0
4252,45552.3,12,49762191,49778238,594.0,7306.0
4253,45554.3,12,49773012,11608896680,170.5,1924.0
4254,45554.4,12,49805505,49850735,832.6,9428.0
4255,45556.5,12,49756373,49787453,117.2,1310.0
4256,45559.1,12,3670756345,7263569660,525.4,6486.0
4257,45559.8,12,49752579,49772805,280.1,2809.0
4258,45561.3,12,49819386,49771123,599.0,7037.0
4259,45561.4,12,49745628,49882353,183.4,2121.0
4260,45561.8,12,49777556,8266808753,405.2,4700.0
4261,45570.7,12,655247775,640784713,502.7,5999.0
4262,45571.5,12,3125718572,1460627719,901.2,10077.0
4263,45571.7,12,49817254,49797063,810.4,10149.0
4264,45571.8,12,49772987,49811771,560.4,6173.0
4265,45572.4,12,4951816813,1473898566,544.7,7562.0
4266,45574.1,12,49866935,8530666838,1140.1,13705.0
4267,45576.4,12,49740244,49789356,371.9,4405.0
4268,45577.6,12,49770782,647026088,239.7,2742.0
4269,45577.7,12,49773040,49739799,309.3,3416.0
4270,45578.1,12,49773062,49810871,118.7,1383.0
4271,45583.4,12,49745628,49803413,496.0,5547.0
4272,45584.0,12,49821763,49849744,678.9,7918.0
4273,45586.5,12,8411842743,49873430,252.6,3630.0
4274,45587.9,12,49750169,49878289,668.6,8407.0
4275,45592.7,12,655680824,49817140,332.8,4113.0
4276,45593.7,12,3012784293,646190777,456.1,6439.0
4277,45598.0,12,4597151559,49748292,391.6,4476.0
4278,45598.4,12,49809721,640784730,343.4,3912.0
4279,45601.1,12,49741058,49716936,498.8,5635.0
4280,45606.4,12,49870944,49805205,534.4,6293.0
4281,45606.6,12,49734140,13256457616,665.7,8096.0
4282,45606.9,12,49770423,49798012,540.2,6676.0
4283,45608.5,12,49762225,49729820,163.1,1950.0
4284,45612.3,12,633923743,49748079,375.6,4185.0
4285,45618.8,12,3669554865,49773628,302.0,3371.0
4286,45619.3,12,49764791,3000563555,401.0,4666.0
4287,45620.8,12,1004263862,641073501,460.9,5251.0
4288,45630.6,12,49799643,49773062,217.2,2439.0
4289,45632.7,12,49773040,49789482,457.4,5118.0
4290,45633.3,12,49764785,3012829798,163.9,1804.0
4291,45635.0,12,982859843,2765102980,843.0,10291.0
4292,45637.8,12,49845830,49817006,1018.2,12554.0
4293,45640.5,12,49767451,6564890907,561.1,6801.0
4294,45640.6,12,4082394063,49758244,645.8,7149.0
4295,45644.3,12,49810876,49743578,303.6,3567.0
4296,45644.7,12,2956751419,49737508,506.7,7448.0
4297,45646.0,12,49776916,49764858,672.5,8661.0
4298,45650.5,12,49770789,49755049,750.8,9861.0
4299,45651.5,12,49821763,13270967989,659.9,7670.0
4300,45652.9,12,49763640,49792963,392.6,4317.0
4301,45653.0,12,49820885,49739795,513.4,5678.0
4302,45654.5,12,49809177,6438732905,154.2,1747.0
4303,45656.2,12,447823042,2377417303,853.1,9743.0
4304,45657.2,12,638789448,3656199230,877.1,11491.0
4305,45659.8,12,49762210,9111790621,120.4,1349.0
4306,45663.5,12,1474747464,49718864,471.6,5890.0
4307,45664.3,12,49770684,49782565,645.0,7168.0
4308,45664.4,12,829675288,49769205,247.4,2761.0
4309,45666.9,12,49828695,49816427,426.5,5074.0
4310,45668.1,12,1379505588,739515930,62.1,679.0
4311,45669.0,12,641127560,49861274,243.9,2785.0
4312,45669.1,12,49747467,49794274,333.3,3488.0
4313,45670.1,12,49809698,49753058,821.0,10028.0
4314,45672.3,12,49809177,49745691,337.7,3786.0
4315,45677.0,12,9797239771,49781749,1302.2,16153.0
4316,45683.1,12,49770789,49758532,147.8,1697.0
4317,45685.5,12,49752628,11569406867,345.8,3903.0
4318,45689.6,12,647043625,49751220,644.7,7045.0
4319,45690.8,12,49770789,49825523,479.3,5588.0
4320,45691.0,12,49763640,49816883,865.4,10597.0
4321,45698.6,12,49865817,642886855,758.5,9205.0
4322,45700.3,12,3012535014,1017391974,254.0,2850.0
4323,45701.3,12,5180966153,49881497,684.8,8203.0
4324,45702.8,12,9136825813,49777981,517.2,5641.0
4325,45704.0,12,8592032116,49759112,460.2,5358.0
4326,45706.0,12,49845850,5637726946,721.5,9150.0
4327,45713.3,12,49793211,49753017,346.0,4843.0
4328,45715.1,12,2440761314,1017489190,148.7,1703.0
4329,45717.4,12,2927575470,49878328,540.7,5538.0
4330,45717.9,12,49773647,49877664,938.3,11292.0
4331,45719.7,12,1381204541,49832850,277.4,3004.0
4332,45719.7,12,641054075,9983605756,202.5,2242.0
4333,45719.9,12,49824748,3276948624,971.3,11811.0
4334,45720.0,12,49745129,876615335,664.6,8106.0
4335,45724.6,12,49770672,3601521522,346.5,3985.0
4336,45733.2,12,49758271,2456351043,34.8,377.0
4337,45733.5,12,4935980603,647241790,620.2,7878.0
4338,45734.5,12,49741274,49727240,598.5,6566.0
4339,45734.8,12,49829250,1364961086,412.7,4670.0
4340,45736.0,12,3240030410,3140059716,383.2,4342.0
4341,45737.5,12,49741095,49772820,650.0,7588.0
4342,45738.5,12,49741730,1394275827,140.0,1582.0
4343,45738.9,12,49809189,49791685,240.2,2690.0
4344,45739.6,12,3669554874,3669554853,92.8,1040.0
4345,45742.5,12,642334076,262173356,582.4,7894.0
4346,45744.6,12,49789219,49734134,928.6,11465.0
4347,45746.2,12,49809376,49767391,220.9,2512.0
4348,45747.7,12,6777089504,49764341,370.7,4397.0
4349,45753.4,12,49799147,49798734,895.8,11859.0
4350,45753.9,12,642317837,49772870,708.4,9397.0
4351,45754.6,12,49745644,1017508479,170.6,1920.0
4352,45755.7,12,774340109,49731670,195.2,2541.0
4353,45759.8,12,49745225,49774932,272.4,3126.0
4354,45763.2,12,655442847,49804253,805.0,9555.0
4355,45766.4,12,49741274,49777932,548.0,6018.0
4356,45769.9,12,3012535014,49739801,391.3,4581.0
4357,45772.4,12,3000430293,49844851,252.8,2702.0
4358,45773.7,12,49767194,642858825,531.3,6052.0
4359,45778.0,12,647044393,49790351,321.9,4660.0
4360,45781.3,12,49748151,641127549,828.6,9791.0
4361,45781.4,12,3012535147,1004263953,531.2,6163.0
4362,45782.9,12,49764791,49774932,387.5,4441.0
4363,45783.1,12,49751580,49890446,1037.6,12335.0
4364,45784.8,12,3669554866,705647736,388.1,4380.0
4365,45785.4,12,49741703,49800667,397.5,4869.0
4366,45787.3,12,49741730,49748056,260.9,2946.0
4367,45792.5,12,49821763,647622728,611.3,6972.0
4368,45793.7,12,641965169,49829335,349.0,3833.0
4369,45796.6,12,3669554865,49775344,613.4,7903.0
4370,45800.9,12,49743231,49779307,1010.0,11350.0
4371,45802.6,12,49752632,49761698,445.9,5061.0
4372,45804.9,12,49780097,2899430519,210.0,2362.0
4373,45805.2,12,49793549,49890166,375.5,4223.0
4374,45806.8,12,49787160,49739436,627.8,7113.0
4375,45807.1,12,49829861,49761421,1135.5,14183.0
4376,45809.1,12,4695979927,49800095,660.0,7562.0
4377,45812.6,12,3006022047,49793979,600.6,8333.0
4378,45812.7,12,49826586,49782933,778.4,9762.0
4379,45817.2,12,4792249103,49767295,615.7,6877.0
4380,45817.3,12,655442853,49797399,53.0,629.0
4381,45820.3,12,49795273,642886855,1066.4,12654.0
4382,45822.9,12,49741274,49731325,330.1,3740.0
4383,45825.4,12,3672563449,49815599,198.8,2165.0
4384,45826.9,12,49822928,49802116,552.3,6391.0
4385,45827.3,12,867659605,13141136443,341.7,3671.0
4386,45828.8,12,49741058,655442833,140.3,1540.0
4387,45829.0,12,49741274,655447494,617.9,7304.0
4388,45832.1,12,49845830,3665019988,573.0,6428.0
4389,45832.9,12,49817415,12497001318,251.9,2866.0
4390,45836.3,12,49845726,655662508,445.3,5657.0
4391,45836.3,12,1017379708,49742344,401.3,4477.0
4392,45840.0,12,49820583,49822994,1050.8,12672.0
4393,45843.1,12,49845830,49810877,326.3,3629.0
4394,45853.7,12,49863186,49815114,688.4,8047.0
4395,45854.9,12,49770789,49848006,745.2,8235.0
4396,45856.3,12,49770782,49756802,713.7,10043.0
4397,45864.5,12,49810122,49744688,125.1,1456.0
4398,45865.6,12,49734621,2456351046,709.4,7978.0
4399,45869.2,12,49762207,49793521,330.6,3685.0
4400,45870.1,12,641116257,49738510,741.4,9757.0
4401,45873.0,12,49797051,49765992,531.4,6018.0
4402,45880.9,12,49745636,12974478445,240.2,2765.0
4403,45883.0,12,2956751419,49782021,640.4,8097.0
4404,45885.4,12,49797401,49844434,454.7,5182.0
4405,45886.0,12,49763064,49830723,311.3,3408.0
4406,45886.1,12,641119730,49751220,295.4,3184.0
4407,45886.3,12,49772987,49741153,269.8,3025.0
4408,45887.8,12,49797596,4387066892,148.9,1662.0
4409,45892.4,12,3672563449,49739819,60.2,628.0
4410,45898.5,12,49773040,49765108,179.6,2034.0
4411,45899.0,12,49810876,49813499,250.7,2810.0
4412,45903.9,12,49770715,1364987324,195.5,2196.0
4413,45904.7,12,4001470337,49719706,445.8,5187.0
4414,45904.8,12,49799643,49774081,270.0,3035.0
4415,45907.0,12,49849239,49875128,325.9,3659.0
4416,45912.6,12,49752579,1443482391,461.7,5769.0
4417,45915.7,12,49797051,1364987324,235.3,2645.0
4418,45918.1,12,49773597,5443266985,154.4,1698.0
4419,45919.3,12,49748460,49790538,695.4,7962.0
4420,45921.2,12,49780562,49778902,604.7,6694.0
4421,45922.7,12,1740764624,49794206,307.2,3380.0
4422,45922.7,12,49844812,49789471,362.8,4181.0
4423,45923.5,12,49822928,49790448,1011.1,13839.0
4424,45923.6,12,49756578,2921449375,781.6,9363.0
4425,45924.9,12,11332977605,49811453,551.9,6173.0
4426,45925.0,12,49764791,1443727150,364.6,4050.0
4427,45928.8,12,49793566,49851439,530.1,6301.0
4428,45928.9,12,49765648,11275506145,830.1,13046.0
4429,45929.9,12,49870270,49745455,418.2,4652.0
4430,45930.1,12,3012784293,1443727110,363.2,4693.0
4431,45935.7,12,49741703,49860783,576.6,7288.0
4432,45936.3,12,1804420112,11261031490,290.4,3236.0
4433,45937.1,12,49762210,49756517,292.9,3320.0
4434,45941.4,12,1379496002,3657251444,726.4,8137.0
4435,45943.0,12,1004809645,49745282,312.0,3470.0
4436,45947.5,12,641119730,49801246,802.3,8740.0
4437,45948.3,12,49793773,49809273,180.9,2085.0
4438,45953.3,12,49752628,49823040,445.8,5430.0
4439,45955.4,12,49752584,49734101,803.1,10059.0
4440,45956.7,12,49777712,49775537,329.4,3733.0
4441,45957.7,12,1004809645,3378616474,556.9,6277.0
4442,45964.3,12,641127587,1243974350,145.8,1687.0
4443,45966.7,12,49787640,13768951934,372.2,4217.0
4444,45968.6,12,647619114,3373614193,495.9,5867.0
4445,45971.1,12,641127560,49816034,809.8,10526.0
4446,45974.0,12,11177333923,641116258,309.9,3572.0
4447,45974.2,12,49820885,2921295183,563.2,6445.0
4448,45974.9,12,49779896,5542846977,21.9,257.0
4449,45982.8,12,49787890,49775627,1060.0,12829.0
4450,45984.2,12,49883336,49741766,654.3,8485.0
4451,45985.9,12,49801673,49755423,904.7,10955.0
4452,45990.7,12,3012429028,640614764,599.4,7784.0
4453,45990.8,12,2440761314,49826530,276.0,4055.0
4454,45991.5,12,49764011,49785819,337.8,4903.0
4455,45992.6,12,10759641447,640614764,1228.9,15504.0
4456,45993.0,12,4975093911,5638509770,607.2,7498.0
4457,46001.9,12,49764884,49863387,449.8,5653.0
4458,46002.1,12,49776112,1443726987,1086.5,14583.0
4459,46004.9,12,49745650,12629467071,436.7,4977.0
4460,46005.7,12,49764314,49824196,351.3,3975.0
4461,46016.2,12,49774098,49828081,348.0,4796.0
4462,46018.8,12,3378222897,4365422605,483.2,5363.0
4463,46032.4,12,49762207,49811975,533.5,6125.0
4464,46032.5,12,49770789,49780058,220.7,2441.0
4465,46036.3,12,11261031486,49777677,98.8,1104.0
4466,46040.6,12,49787890,1364971555,395.1,4493.0
4467,46040.9,12,49770670,11608896680,326.4,3590.0
4468,46042.4,12,49797192,638452556,470.3,5279.0
4469,46044.1,12,49778342,642857393,225.5,2470.0
4470,46045.5,12,49748716,49852320,563.4,7319.0
4471,46046.2,12,49822338,3370911583,707.4,7713.0
4472,46046.3,12,49765245,49817189,689.2,9306.0
4473,46046.4,12,49779839,2711740471,666.1,7749.0
4474,46050.7,12,647044202,5993559716,152.0,1680.0
4475,46051.3,12,3012829811,49794213,269.5,2935.0
4476,46052.7,12,5320434814,49812478,933.8,11509.0
4477,46054.9,12,49825409,49813634,112.2,1189.0
4478,46055.1,12,49767196,49841106,573.0,8145.0
4479,46056.9,12,49788610,49790404,476.8,5528.0
4480,46062.1,12,49800238,49789520,269.0,2727.0
4481,46063.2,12,641128680,49764343,196.9,2233.0
4482,46063.9,12,5180966153,49719902,430.0,5001.0
4483,46064.6,12,49764791,49836672,882.4,10858.0
4484,46064.9,12,49773539,647628019,59.3,674.0
4485,46067.3,12,49846819,49801483,645.4,8300.0
4486,46072.8,12,49773526,642044249,567.1,8304.0
4487,46072.9,12,655247774,49764318,152.2,1682.0
4488,46073.4,12,2921295172,49755330,957.4,12094.0
4489,46073.6,12,6799665639,49755616,542.9,7025.0
4490,46074.4,12,655680757,49837469,733.2,9331.0
4491,46076.8,12,6777089507,49814323,724.2,8303.0
4492,46077.7,12,2696812482,49790399,508.2,5680.0
4493,46080.3,12,49756373,49793923,699.9,8264.0
4494,46080.7,12,1440867110,49812332,227.7,2644.0
4495,46082.6,12,655247774,49812437,667.0,7608.0
4496,46084.9,12,9797239771,3469719651,884.0,10469.0
4497,46086.5,12,11261031475,49831115,790.3,9784.0
4498,46086.9,12,49735120,49727496,1027.8,15212.0
4499,46089.5,12,49729874,3995094699,214.9,2411.0
4500,46094.0,12,5698252199,641965104,494.1,6596.0
4501,46094.4,12,1804420112,49775714,1041.6,12690.0
4502,46095.4,12,1381204541,49801673,228.0,2490.0
4503,46095.5,12,3027616047,49869665,475.3,5377.0
4504,46096.4,12,49799643,49745701,478.5,6423.0
4505,46100.1,12,49881497,49774851,599.8,6803.0
4506,46101.6,12,49764011,937306541,1102.6,12518.0
4507,46102.4,12,49804146,49792119,539.4,5955.0
4508,46104.6,12,49819386,49756456,815.1,9180.0
4509,46104.9,12,49748151,49780210,259.7,3279.0
4510,46108.2,12,49789379,49760309,411.5,4679.0
4511,46114.5,12,49776461,11198779769,254.6,2761.0
4512,46115.8,12,49772633,49758677,914.8,11182.0
4513,46117.0,12,49866935,49797102,226.2,2505.0
4514,46119.2,12,49842413,49745682,558.6,6355.0
4515,46121.7,12,49797063,647030735,293.0,3263.0
4516,46122.7,12,1618429530,1004759889,808.0,9866.0
4517,46123.9,12,49803595,49758513,237.4,2595.0
4518,46125.0,12,49780562,49746267,493.1,5583.0
4519,46126.5,12,5698252199,49772864,138.2,1499.0
4520,46128.7,12,49837606,1488022912,862.0,10645.0
4521,46133.2,12,49770423,49754505,146.0,1525.0
4522,46135.8,12,49716899,49774427,617.9,6834.0
4523,46137.0,12,49789379,49809376,579.6,7177.0
4524,46138.9,12,49883336,49787467,597.6,7282.0
4525,46141.0,12,1443727118,49789658,545.4,6011.0
4526,46144.1,12,11198264296,49826510,664.8,8489.0
4527,46151.0,12,49807555,641112576,636.0,8319.0
4528,46151.1,12,49762238,5446746057,188.0,2101.0
4529,46151.3,12,49782599,49761924,1383.8,16607.0
4530,46151.6,12,3531416323,49765968,554.4,6152.0
4531,46152.4,12,4001557203,645963551,177.3,2006.0
4532,46156.9,12,4001470337,49760552,707.5,9506.0
4533,46157.6,12,49810122,49878433,467.4,5608.0
4534,46157.8,12,641116231,49748151,756.9,9012.0
4535,46157.9,12,49741076,49726946,668.7,7414.0
4536,46158.4,12,655442847,49791610,331.2,3674.0
4537,46159.7,12,1379495851,647622726,75.3,881.0
4538,46167.3,12,49815687,1942042422,313.5,3685.0
4539,46168.2,12,2502976209,49755515,583.0,8366.0
4540,46175.6,12,1362307924,49738129,441.3,5064.0
4541,46176.2,12,4935980603,13790612901,296.5,4384.0
4542,46179.9,12,49772633,641116283,280.2,3215.0
4543,46181.2,12,49735524,2428510053,825.6,9211.0
4544,46181.5,12,49789264,49783937,901.1,11068.0
4545,46182.6,12,49770670,965725392,178.1,2072.0
4546,46183.1,12,447591561,705647741,1054.2,11918.0
4547,46183.5,12,49770670,1243960522,69.5,795.0
4548,46192.9,12,49777795,3370912493,478.5,5595.0
4549,46196.3,12,49715981,49752640,93.8,1247.0
4550,46196.5,12,49873688,13437605382,902.8,10777.0
4551,46203.9,12,7494204321,49765285,415.1,4713.0
4552,46207.8,12,49799817,1365013786,563.5,6828.0
4553,46209.2,12,49829123,522279711,1020.9,14016.0
4554,46209.3,12,49741798,49816067,871.1,10757.0
4555,46210.0,12,49741274,49771433,584.5,6420.0
4556,46213.9,12,49745636,49745214,125.6,1439.0
4557,46215.4,12,49776461,49783931,481.2,6069.0
4558,46218.0,12,49769187,49785973,482.7,5278.0
4559,46224.2,12,49777546,3302325145,242.3,2828.0
4560,46224.9,12,49762264,49766022,590.3,6642.0
4561,46227.4,12,642044494,640809773,814.9,11605.0
4562,46231.3,12,3672563449,49783889,940.9,11542.0
4563,46232.1,12,3372235139,13831133480,118.8,1316.0
4564,46233.5,12,49779839,13519914027,371.0,5179.0
4565,46239.9,12,49855599,49801673,438.4,5104.0
4566,46246.3,12,49870270,642486350,284.0,2987.0
4567,46248.6,12,49763640,49810204,958.8,11563.0
4568,46248.7,12,49882753,49756558,529.3,5906.0
4569,46255.2,12,49745632,1462089204,823.7,10324.0
4570,46255.6,12,8146198871,49761370,493.0,5772.0
4571,46257.8,12,49773647,49777416,524.0,5862.0
4572,46258.1,12,49787863,49773671,982.4,12490.0
4573,46258.8,12,49777795,3375199073,420.8,4757.0
4574,46259.5,12,49773597,49800319,185.4,2072.0
4575,46261.0,12,2629963167,49757401,492.2,5529.0
4576,46261.6,12,2502976209,49759112,495.6,5752.0
4577,46262.0,12,49745282,49858755,256.3,2805.0
4578,46263.7,12,49813347,49862640,799.6,10154.0
4579,46266.7,12,2440761314,49809866,764.5,9288.0
4580,46267.1,12,774340109,3373614210,646.4,7586.0
4581,46267.8,12,9136825813,3001569201,226.0,2567.0
4582,46273.1,12,49827853,49752811,829.0,9551.0
4583,46275.1,12,49863614,49729902,105.3,1194.0
4584,46276.2,12,642317837,49823851,274.7,3035.0
4585,46276.3,12,49741695,647628098,177.8,1944.0
4586,46278.6,12,49745284,49814377,264.3,2853.0
4587,46281.5,12,49748050,2462383188,331.6,3777.0
4588,46281.5,12,49777795,13256450897,458.5,5441.0
4589,46282.3,12,49743231,49761727,590.7,6392.0
4590,46283.4,12,3240030410,49733721,594.6,7330.0
4591,46283.7,12,701602949,49752599,376.8,4321.0
4592,46284.3,12,49762379,262251166,315.0,3565.0
4593,46285.8,12,8146198871,12864732632,495.8,5904.0
4594,46293.0,12,49745632,5563919654,409.2,4679.0
4595,46296.0,12,49873688,1012017912,516.6,5262.0
4596,46298.6,12,49878097,49760465,896.1,10899.0
4597,46298.8,12,3372235139,49858932,885.9,10175.0
4598,46304.9,12,4001002050,49745631,406.1,4638.0
4599,46309.3,12,1381204541,49816834,742.4,9160.0
4600,46310.7,12,49781395,9656370906,477.6,5355.0
4601,46310.9,12,49740244,49734600,59.2,645.0
4602,46312.0,12,706911255,49764038,479.0,5694.0
4603,46314.7,12,3125716147,2670838647,605.9,7285.0
4604,46315.6,12,641116215,646190624,508.2,6898.0
4605,46316.5,12,49845837,49772811,762.1,8720.0
4606,46318.6,12,49743231,3798943055,432.2,4713.0
4607,46320.6,12,49752628,49780193,437.4,4517.0
4608,46323.4,12,9136825813,49758746,864.5,10551.0
4609,46324.9,12,49799633,49720045,709.0,8051.0
4610,46325.4,12,49756578,49886177,350.9,3796.0
4611,46325.7,12,3531416323,49846831,205.3,2295.0
4612,46328.0,12,49750009,641127571,732.9,9644.0
4613,46330.0,12,3012535014,633969122,327.4,3699.0
4614,46332.3,12,49809189,49796897,206.5,2347.0
4615,46341.9,12,12128376033,49812476,733.4,9173.0
4616,46348.7,12,49777795,49745431,687.1,8326.0
4617,46349.6,12,1379471024,937306317,637.0,7127.0
4618,46350.1,12,1804420112,49759766,320.5,3709.0
4619,46352.7,12,49745240,49793411,611.5,7294.0
4620,46354.8,12,49844851,49807113,412.5,4635.0
4621,46355.0,12,49810122,49772729,774.8,8962.0
4622,46357.8,12,49843692,49766365,769.9,8732.0
4623,46358.7,12,49821658,49831070,276.3,2988.0
4624,46360.5,12,49810876,49770633,274.9,3153.0
4625,46360.8,12,49808183,49851828,800.0,9642.0
4626,46361.9,12,49770676,49822560,613.5,7360.0
4627,46362.5,12,49770657,1365013797,365.4,4465.0
4628,46364.1,12,3012829811,641939523,354.0,4848.0
4629,46364.3,12,3012784288,12220728708,490.5,5989.0
4630,46365.9,12,49801673,49843060,110.1,1332.0
4631,46366.1,12,49770680,49759650,334.6,3642.0
4632,46372.4,12,49777795,641965187,205.2,2972.0
4633,46374.2,12,3661066117,49797171,804.1,9642.0
4634,46375.5,12,11177333923,49821453,417.3,5489.0
4635,46378.3,12,49821002,12216257834,484.8,5421.0
4636,46379.3,12,49748151,49806862,587.8,6092.0
4637,46380.0,12,11198264296,3378222917,241.2,3417.0
4638,46380.8,12,49752115,49734111,390.7,4382.0
4639,46384.6,12,7494204321,49851445,576.2,6948.0
4640,46386.6,12,49764249,640613742,710.2,9559.0
4641,46389.2,12,49774098,1443726989,707.0,9140.0
4642,46390.4,12,49745188,3001431211,178.2,1905.0
4643,46393.3,12,49793549,49739260,523.9,5839.0
4644,46395.7,12,4807605970,49803963,869.4,10373.0
4645,46399.7,12,49787884,49795721,670.0,7414.0
4646,46404.1,12,647044202,49782966,615.3,7302.0
4647,46404.9,12,49787884,49827223,839.3,10821.0
4648,46412.9,12,49822338,49737482,758.9,8892.0
4649,46413.7,12,49793729,49772653,333.5,3856.0
4650,46426.6,12,806521182,49742434,707.0,8193.0
4651,46427.8,12,3001353534,1364961091,187.3,2048.0
4652,46433.7,12,4935980603,49717288,265.5,3111.0
4653,46435.7,12,3669554857,49778836,665.8,7448.0
4654,46438.6,12,49774081,49825124,181.7,2105.0
4655,46444.3,12,1060365691,49787176,587.4,7724.0
4656,46447.0,12,49745193,647043994,191.1,2249.0
4657,46448.3,12,49769407,49842949,732.9,9124.0
4658,46448.5,12,49865234,49725844,728.0,7886.0
4659,46456.2,12,11198440879,49855283,634.0,6938.0
4660,46458.7,12,49723539,49828430,531.4,6350.0
4661,46458.7,12,638452596,49767457,579.4,6353.0
4662,46460.2,12,3378222899,49823182,435.2,4900.0
4663,46464.8,12,49748223,49789719,454.3,5355.0
4664,46465.9,12,49797596,49747841,464.5,5137.0
4665,46466.7,12,49774093,49787451,985.8,11470.0
4666,46467.7,12,49848293,49835117,1304.2,16808.0
4667,46470.0,12,3012784293,49743563,308.4,3615.0
4668,46471.0,12,49894515,12305015449,787.9,8646.0
4669,46472.3,12,5563919714,49763073,137.5,1532.0
4670,46472.6,12,49869665,49817328,1106.1,13952.0
4671,46473.5,12,447591561,49789884,693.1,7397.0
4672,46475.3,12,641116223,49810896,213.6,2407.0
4673,46475.8,12,49762191,1471764518,743.9,9546.0
4674,46476.3,12,1381204541,49795794,405.3,4566.0
4675,46483.2,12,3001288930,49745122,788.1,9365.0
4676,46485.9,12,49787160,11275506481,540.2,7110.0
4677,46492.6,12,4935980603,49873404,413.5,4410.0
4678,46494.5,12,1379495867,49803568,150.9,1740.0
4679,46495.0,12,655442838,3370866920,684.8,7838.0
4680,46495.2,12,3358724774,49780558,702.8,8571.0
4681,46495.4,12,447591561,49752864,885.4,10336.0
4682,46498.1,12,49845919,49850735,346.0,3938.0
4683,46498.7,12,49796229,49791025,955.3,12181.0
4684,46499.2,12,1243974109,13918335846,393.3,4456.0
4685,46500.0,12,49773526,49761426,759.2,9236.0
4686,46506.2,12,1381204541,1381251515,97.2,1121.0
4687,46507.7,12,49745459,49789820,335.6,3826.0
4688,46508.1,12,49783079,5443266985,398.2,4413.0
4689,46509.0,12,1381204541,49741581,525.4,5860.0
4690,46509.2,12,49778342,49767448,740.6,8421.0
4691,46513.3,12,49764314,1013367366,583.6,6869.0
4692,46519.1,12,49829250,49739164,785.8,8548.0
4693,46520.6,12,49774088,601807683,466.7,5223.0
4694,46521.9,12,2974621123,49827117,111.2,1238.0
4695,46522.6,12,49845837,13918296300,627.1,6996.0
4696,46522.9,12,49797596,3995094699,148.1,1652.0
4697,46523.6,12,49745247,49844851,112.9,1261.0
4698,46526.8,12,49741058,49762184,425.0,4863.0
4699,46527.4,12,49810876,641073501,299.6,3422.0
4700,46528.6,12,49764791,49748250,261.4,2843.0
4701,46528.7,12,49770684,49766026,518.8,5870.0
4702,46533.0,12,49787453,49818019,572.9,6699.0
4703,46536.9,12,4082394063,49789246,171.9,1715.0
4704,46540.3,12,49762221,1424668588,678.5,8528.0
4705,46540.3,12,49716899,12232089296,325.7,4095.0
4706,46541.7,12,49866935,49813499,470.3,5140.0
4707,46544.1,12,49809189,49842505,571.0,6858.0
4708,46547.2,12,3669554862,49767978,469.2,5320.0
4709,46554.5,12,3240030410,49847501,265.1,2897.0
4710,46555.6,12,814299119,49808583,436.0,4867.0
4711,46555.6,12,705729431,49768181,547.1,6063.0
4712,46558.7,12,49762210,49892640,650.6,8412.0
4713,46560.2,12,49762207,3531416323,240.5,2697.0
4714,46564.9,12,49826533,1484481684,378.7,4192.0
4715,46565.1,12,49816382,6799800703,625.8,7491.0
4716,46568.0,12,49809189,647043631,347.7,3854.0
4717,46568.2,12,11332977605,49764330,140.2,1582.0
4718,46568.5,12,49769187,49817652,358.9,3997.0
4719,46570.6,12,49873440,49782415,1067.6,12204.0
4720,46572.9,12,49762264,49774851,402.4,4520.0
4721,46575.2,12,49748168,49775557,237.8,2792.0
4722,46579.0,12,49776461,642604672,269.3,3224.0
4723,46583.0,12,49763640,646065021,853.1,9603.0
4724,46583.5,12,1381216023,9171364000,523.0,5931.0
4725,46583.9,12,49845837,641127571,126.3,1433.0
4726,46586.2,12,49773062,49768080,402.4,4486.0
4727,46593.0,12,49745677,49807115,775.0,8783.0
4728,46598.8,12,49763049,49747467,187.2,2011.0
4729,46598.9,12,633923743,9768681898,504.8,5620.0
4730,46599.7,12,701602949,642421191,606.1,7793.0
4731,46600.3,12,49749374,649840270,1162.4,14294.0
4732,46608.8,12,8245233135,49794233,333.1,3685.0
4733,46608.9,12,49809189,49738815,830.3,10582.0
4734,46617.3,12,1381204541,49752366,328.5,3726.0
4735,46618.5,12,49741274,49745689,161.7,1857.0
4736,46618.6,12,49773590,49730831,421.2,4935.0
4737,46618.7,12,11255208766,49758776,1508.3,18192.0
4738,46623.8,12,49822884,49737105,947.3,10860.0
4739,46624.6,12,4561710231,49811825,352.1,3859.0
4740,46625.6,12,49745193,49773040,86.3,977.0
4741,46627.9,12,49889382,49741771,778.0,9714.0
4742,46628.2,12,49797401,49886177,318.2,3393.0
4743,46630.5,12,49762243,3006171207,444.1,5030.0
4744,46632.3,12,49748212,49789387,643.2,7978.0
4745,46633.9,12,3027832454,49842505,541.3,6867.0
4746,46634.8,12,49810122,49805210,1032.9,12449.0
4747,46635.4,12,49797596,49810877,203.4,2241.0
4748,46639.4,12,49756297,1484482233,1131.5,13431.0
4749,46642.3,12,49817254,9596032940,915.4,11333.0
4750,46652.5,12,5180966153,647043625,325.8,4610.0
4751,46652.7,12,49889382,49747851,765.3,9411.0
4752,46652.8,12,655442847,49756526,160.4,1728.0
4753,46653.0,12,49820743,49786388,114.9,1195.0
4754,46654.9,12,49809189,649839158,931.0,11636.0
4755,46656.8,12,13431097737,49774091,600.2,7048.0
4756,46660.5,12,49764867,49798855,661.9,7766.0
4757,46662.6,12,49821763,49768478,486.5,5810.0
4758,46662.8,12,5433244222,49850681,269.6,3383.0
4759,46663.3,12,49749106,1443482362,385.8,4514.0
4760,46671.4,12,3378222897,3461396741,136.3,1539.0
4761,46674.5,12,49847837,7802345979,558.9,6199.0
4762,46678.7,12,49805505,49775470,472.2,5257.0
4763,46680.4,12,49745188,49748155,677.5,7892.0
4764,46680.6,12,9130874912,1459468250,834.8,10478.0
4765,46681.0,12,49810122,49862388,940.0,10875.0
4766,46689.7,12,49793670,640784713,551.2,6357.0
4767,46692.5,12,49898275,49776244,1171.8,14560.0
4768,46696.5,12,49752632,645964157,386.8,4570.0
4769,46696.9,12,867659605,644504509,607.6,7079.0
4770,46703.7,12,49745680,49773461,1027.8,12563.0
4771,46704.1,12,49745676,49799301,611.7,6936.0
4772,46705.2,12,3798943055,49816236,1399.1,17519.0
4773,46706.8,12,5180966153,642446323,121.2,1302.0
4774,46708.0,12,49809177,49741798,470.8,5241.0
4775,46709.9,12,49789269,49759133,227.7,2701.0
4776,46713.2,12,49846816,49820885,789.6,8904.0
4777,46714.3,12,49752115,49795996,900.5,11560.0
4778,46719.0,12,3608395904,49726425,899.1,11227.0
4779,46721.0,12,5180966153,49841754,240.1,3517.0
4780,46723.7,12,49809177,49788384,381.9,4266.0
4781,46726.6,12,1381307995,49766364,854.9,9300.0
4782,46728.0,12,49745188,49863421,161.7,1771.0
4783,46732.5,12,49800238,49838768,889.7,10393.0
4784,46744.6,12,49720045,49844734,390.1,4961.0
4785,46749.1,12,49780078,1804420109,256.9,2860.0
4786,46751.7,12,3012784293,2616277054,440.2,4967.0
4787,46752.8,12,4270790281,49745650,313.1,3428.0
4788,46756.6,12,49792123,3125716138,656.6,7416.0
4789,46757.4,12,49745468,49813494,122.0,1335.0
4790,46760.7,12,49774098,13726208132,753.4,8307.0
4791,46762.0,12,49774098,49740100,560.8,6259.0
4792,46762.8,12,49776031,13790612928,431.4,4797.0
4793,46764.5,12,1004809645,49810049,1134.8,13655.0
4794,46765.6,12,641087352,49813502,443.0,4958.0
4795,46767.1,12,9983605758,49764467,271.2,3098.0
4796,46770.8,12,49752628,49823986,160.0,1764.0
4797,46772.1,12,49800282,9468883912,224.5,2567.0
4798,46779.4,12,49855611,49776928,465.4,5488.0
4799,46781.3,12,1014110633,49768722,436.5,4857.0
4800,46784.4,12,49745680,49778332,1183.4,15863.0
4801,46786.1,12,3016605388,649839769,698.7,8640.0
4802,46786.6,12,49772987,49772739,548.7,6201.0
4803,46787.4,12,49744587,1462089204,403.5,4494.0
4804,46788.9,12,49789239,49738129,439.4,5039.0
4805,46790.3,12,49743415,49773611,439.8,4849.0
4806,46791.5,12,49810128,49807319,525.8,6666.0
4807,46791.5,12,4935980603,49829195,957.1,12822.0
4808,46791.6,12,49744602,49870270,465.7,5309.0
4809,46793.7,12,49817092,49762184,551.7,6670.0
4810,46796.5,12,3000430293,3657250010,865.8,10366.0
4811,46797.9,12,12974478437,49772615,391.6,4343.0
4812,46801.1,13,49769580,705647749,96.2,1010.0
4813,46801.5,13,9676179707,49836903,496.2,5569.0
4814,46803.8,13,4635639617,49772296,467.7,5292.0
4815,46808.7,13,49797596,49850681,507.6,5736.0
4816,46811.5,13,49777795,49745200,173.1,1986.0
4817,46813.4,13,1804420112,49795992,753.5,9920.0
4818,46814.2,13,49747467,49790039,319.4,3407.0
4819,46815.4,13,3378222897,49764791,252.3,2843.0
4820,46816.0,13,49810122,49791685,433.3,5183.0
4821,46819.5,13,49753516,49730969,814.9,10885.0
4822,46820.2,13,3013484875,8636398137,249.7,2795.0
4823,46821.1,13,49809189,49773622,304.9,3414.0
4824,46821.9,13,49741710,49793234,525.2,5804.0
4825,46824.8,13,49754051,49764348,309.4,3662.0
4826,46826.8,13,49780078,49824214,329.3,3795.0
4827,46833.3,13,49829250,49765989,672.3,7695.0
4828,46833.6,13,49753516,49861644,627.5,7117.0
4829,46834.0,13,447823042,49776497,1262.5,15071.0
4830,46836.5,13,3240030410,49809494,554.5,6352.0
4831,46837.4,13,11347623954,1443727009,1227.8,17045.0
4832,46844.1,13,49764791,49768706,451.9,5151.0
4833,46846.2,13,8592032116,49792099,228.9,2989.0
4834,46852.0,13,49745629,49744604,471.9,6459.0
4835,46854.7,13,49797596,1364989296,381.7,4505.0
4836,46855.4,13,49770640,5128694819,458.9,5597.0
4837,46864.8,13,49845830,50824297,1145.4,13940.0
4838,46867.5,13,49779896,876615209,118.9,1343.0
4839,46871.0,13,641127560,641127568,2.6,27.0
4840,46874.3,13,3672563449,49832651,499.1,5746.0
4841,46881.6,13,49764271,49778245,624.8,7201.0
4842,46882.1,13,49745186,645963249,212.1,2381.0
4843,46884.7,13,49774098,49810893,322.2,3587.0
4844,46885.3,13,49848820,1363151543,560.5,6240.0
4845,46891.9,13,49745636,49767523,343.2,3873.0
4846,46892.9,13,49777795,49790395,552.3,6143.0
4847,46893.3,13,49817254,49754531,604.5,6489.0
4848,46898.3,13,49799147,49762870,713.5,8152.0
4849,46899.2,13,49780558,11198265632,490.8,5557.0
4850,46899.6,13,647619114,641116244,66.1,720.0
4851,46901.1,13,49752628,49770824,206.5,2296.0
4852,46908.8,13,8411842743,49792349,614.1,7844.0
4853,46910.4,13,9136825813,10921172728,704.1,8479.0
4854,46912.2,13,701602949,1009114106,427.6,4912.0
4855,46912.6,13,2629963167,9983605755,97.6,1014.0
4856,46913.0,13,1364989296,49809266,348.6,4093.0
4857,46916.4,13,49745628,49801205,294.6,3261.0
4858,46919.0,13,49809189,5563919611,540.9,6364.0
4859,46927.4,13,49753516,3796848017,835.7,9662.0
4860,46932.2,13,49763049,49896039,584.4,6827.0
4861,46932.5,13,49870270,49775898,908.2,10767.0
4862,46933.9,13,49825108,49743415,383.4,4277.0
4863,46934.2,13,49743686,49723322,1377.5,17065.0
4864,46934.4,13,49787640,49764359,255.7,2906.0
4865,46935.2,13,49845726,49812122,492.6,5348.0
4866,46936.3,13,49873888,49766950,736.0,8635.0
4867,46937.6,13,49777853,49746280,504.3,5663.0
4868,46943.6,13,49749379,49734407,749.7,9345.0
4869,46944.1,13,3000233170,1509379826,457.2,6082.0
4870,46947.0,13,49810876,49752408,705.9,8698.0
4871,46948.2,13,49849239,49741174,182.2,1964.0
4872,46950.7,13,49789251,49783207,498.1,5571.0
4873,46951.3,13,774340109,49828217,505.7,7035.0
4874,46952.4,13,1443727088,49849259,674.5,7677.0
4875,46953.8,13,49745468,49876119,404.7,4187.0
4876,46955.3,13,49809721,49885662,417.4,4666.0
4877,46956.0,13,49763640,5556599909,460.9,5129.0
4878,46957.9,13,49745632,49817489,175.1,2000.0
4879,46958.9,13,49776112,3370672847,886.1,10056.0
4880,46964.1,13,49847649,49767277,601.5,6448.0
4881,46965.4,13,1439584651,49750819,175.4,2028.0
4882,46967.1,13,49799643,49773031,150.9,1744.0
4883,46968.5,13,49774794,49814955,726.9,8407.0
4884,46968.7,13,49745335,1017220692,182.6,2102.0
4885,46969.6,13,49764867,49892793,233.1,3503.0
4886,46973.2,13,4270790281,3388139632,615.0,6877.0
4887,46974.6,13,49768181,49760380,630.2,7996.0
4888,46979.1,13,655442838,49732884,483.4,5376.0
4889,46981.2,13,49801673,3011565315,407.8,4688.0
4890,46985.7,13,3016605388,49770521,805.6,9917.0
4891,46985.8,13,49772633,49773008,338.5,3876.0
4892,46987.5,13,49772633,1509379826,886.1,11872.0
4893,46991.4,13,3016605388,49747376,353.0,4763.0
4894,46992.1,13,49829250,49746567,697.9,7691.0
4895,46993.4,13,49777795,1364961101,149.9,1677.0
4896,46993.6,13,49724395,644504380,742.1,8278.0
4897,46995.4,13,3012784293,49763122,294.6,3198.0
4898,46995.5,13,49748223,49772615,366.9,4346.0
4899,46998.7,13,655442853,1443482346,292.0,3280.0
4900,46999.4,13,49869068,49843005,204.9,2306.0
4901,46999.7,13,49759499,1467728500,497.1,5672.0
4902,47001.4,13,9136825795,49824135,223.4,2758.0
4903,47005.4,13,1381204541,1013396337,604.6,6784.0
4904,47007.2,13,49772987,641107671,302.3,3366.0
4905,47007.4,13,447591561,49816067,1246.0,14825.0
4906,47011.2,13,49809189,49773921,441.1,4985.0
4907,47012.3,13,49749106,641965013,317.4,3738.0
4908,47013.6,13,49758271,49753649,238.1,2457.0
4909,47019.5,13,655442847,49739585,184.5,2003.0
4910,47020.1,13,49881497,49811996,35.9,401.0
4911,47023.7,13,49741038,6007151790,264.1,3007.0
4912,47025.2,13,49749379,49821453,645.6,8652.0
4913,47025.9,13,9983605758,49754612,319.6,3623.0
4914,47026.5,13,2927575470,49763138,938.1,9896.0
4915,47027.8,13,49776031,49770708,59.2,662.0
4916,47028.7,13,49845830,49746449,540.3,6115.0
4917,47031.7,13,49764791,3672563449,152.4,1699.0
4918,47031.7,13,2502976209,747819125,1013.8,12351.0
4919,47034.3,13,3608395904,2896016983,791.4,10188.0
4920,47038.7,13,49764374,49763149,531.8,5923.0
4921,47038.9,13,655680757,3151812441,235.4,3341.0
4922,47042.3,13,49845837,647043864,506.0,5745.0
4923,47043.5,13,622720915,49825523,571.2,6633.0
4924,47046.8,13,49745636,49739903,293.8,3280.0
4925,47047.2,13,49740244,49766937,437.2,4880.0
4926,47047.5,13,1439584651,49767439,259.5,2930.0
4927,47049.9,13,49845837,49790220,335.6,3847.0
4928,47051.4,13,49745628,49790025,286.6,3269.0
4929,47054.9,13,49754058,49749165,1006.0,11363.0
4930,47056.1,13,49744602,49740160,799.9,10425.0
4931,47062.7,13,2696812482,49819083,662.8,7887.0
4932,47063.5,13,1381307998,1364961090,258.3,2892.0
4933,47068.7,13,49769187,1484481801,624.7,7214.0
4934,47068.9,13,49844794,655442842,313.0,3876.0
4935,47070.3,13,49762191,5445858813,215.2,2428.0
4936,47071.0,13,12974478437,49746693,215.1,2354.0
4937,47078.2,13,49807555,49731509,463.5,6661.0
4938,47088.1,13,49792107,8903139403,808.2,9955.0
4939,47092.6,13,49820743,49761707,141.6,1583.0
4940,47099.8,13,1379471556,49850691,494.7,5631.0
4941,47105.4,13,647619114,49734130,68.7,772.0
4942,47105.5,13,49782040,49791840,368.5,4388.0
4943,47109.3,13,49745628,49756914,311.8,3634.0
4944,47109.6,13,49825409,49764330,563.4,6026.0
4945,47111.3,13,49763775,6438732905,568.8,6585.0
4946,47111.9,13,49730129,49812451,1141.9,15134.0
4947,47115.4,13,49809715,49886199,449.7,4997.0
4948,47116.7,13,1364989296,49755512,604.3,7754.0
4949,47119.9,13,49807256,49741058,100.8,1123.0
4950,47128.2,13,3013484875,49782413,588.0,7191.0
4951,47130.7,13,3240030410,49787128,287.6,3232.0
4952,47133.2,13,49855611,49858119,457.0,5203.0
4953,47144.7,13,647030735,10978669007,160.8,1797.0
4954,47145.2,13,5698252199,49786572,428.6,4736.0
4955,47145.9,13,49789284,49762355,447.3,5182.0
4956,47147.0,13,3012829811,49739335,353.2,4406.0
4957,47147.9,13,49884234,1493875536,359.6,3888.0
4958,47149.3,13,49740442,645963446,263.8,3890.0
4959,47150.0,13,49803715,49755206,640.1,8617.0
4960,47154.0,13,1379496002,49749059,296.1,3509.0
4961,47155.6,13,647619114,11255208746,632.8,7355.0
4962,47160.4,13,1240476057,49760346,525.1,6388.0
4963,47161.2,13,49724395,1004313266,789.7,9759.0
4964,47164.1,13,1379471556,49884995,500.7,5572.0
4965,47164.3,13,49845830,49744817,550.8,6210.0
4966,47168.5,13,49845777,634784056,75.0,867.0
4967,47170.6,13,1060365691,3281938703,202.3,2202.0
4968,47170.6,13,3669554857,49797579,198.7,2195.0
4969,47171.2,13,49824748,49716093,542.8,6416.0
4970,47174.9,13,9593199679,49889425,665.3,7472.0
4971,47177.3,13,49762210,49745282,234.9,2640.0
4972,47180.0,13,49772633,49749910,795.0,10403.0
4973,47182.4,13,49779896,49788838,576.1,7171.0
4974,47187.7,13,49779907,49861176,166.8,1892.0
4975,47189.6,13,641116247,4120116285,350.1,4092.0
4976,47192.6,13,1381204541,49853085,285.5,3193.0
4977,47195.6,13,49740442,646064813,681.5,8409.0
4978,47196.6,13,49809698,49753063,811.9,9939.0
4979,47198.5,13,3672563449,49845782,211.9,2424.0
4980,47198.7,13,2616277014,49791642,459.6,5238.0
4981,47204.2,13,49769187,3370866946,357.1,4225.0
4982,47205.8,13,3669554857,49772902,426.7,4889.0
4983,47207.6,13,49732272,641107677,673.4,7997.0
4984,47208.4,13,49743415,13265637004,531.7,6009.0
4985,47211.1,13,5343232408,389067216,1029.2,12511.0
4986,47215.0,13,49762383,49817430,156.2,1795.0
4987,47219.3,13,49844794,49801795,465.2,6322.0
4988,47219.8,13,8411842743,49844050,1237.5,15728.0
4989,47219.9,13,49789251,49734619,110.4,1093.0
4990,47220.1,13,49842413,49827988,395.0,4722.0
4991,47220.5,13,49776112,49765797,162.4,1866.0
4992,47227.9,13,49782277,49799808,179.2,2035.0
4993,47230.0,13,49793595,1017379708,192.7,2207.0
4994,47233.0,13,49773539,49751284,524.5,7187.0
4995,47233.7,13,49845830,49817406,391.2,4429.0
4996,47234.1,13,49797596,49752190,373.2,4252.0
4997,47238.1,13,4635639617,49803398,520.6,5791.0
4998,47240.7,13,3415851740,641965187,55.9,618.0
4999,47241.6,13,701602949,3415851740,615.9,7741.0
5000,47246.0,13,3240030410,1443727119,338.4,3776.0
5001,47246.9,13,3027663729,49790351,320.1,4004.0
5002,47248.0,13,49793773,49841917,397.5,4419.0
5003,47252.4,13,49817387,49731621,484.4,5761.0
5004,47261.4,13,1443482419,49729820,486.8,5606.0
5005,47261.8,13,49805505,49755550,1074.7,13048.0
5006,47261.9,13,49775993,3669554876,196.0,2228.0
5007,47262.2,13,49743955,12879876803,1288.1,17460.0
5008,47264.6,13,49770423,49861310,293.5,3135.0
5009,47265.0,13,49743231,389933768,258.5,2650.0
5010,47265.3,13,49789379,49788487,574.7,6352.0
5011,47268.2,13,49833602,705734609,810.1,10501.0
5012,47274.0,13,3001016717,49732428,407.6,4761.0
5013,47274.5,13,49825409,49890197,430.7,4772.0
5014,47276.8,13,49752628,49781395,298.5,2973.0
5015,47278.5,13,49821763,49721776,733.1,8383.0
5016,47279.7,13,3670756345,646190624,408.7,5584.0
5017,47280.1,13,655661924,49769594,475.1,5767.0
5018,47281.2,13,49853085,49775446,559.1,6088.0
5019,47283.0,13,3125716147,49755064,1019.9,11475.0
5020,47289.9,13,655442853,49754246,1043.8,11833.0
5021,47291.3,13,49789376,11332977616,452.9,5365.0
5022,47291.9,13,49863186,49809228,242.2,2509.0
5023,47295.5,13,638789448,638898827,560.5,6587.0
5024,47298.1,13,49771030,49898814,1292.1,15606.0
5025,47298.3,13,49789275,6541847546,468.5,5366.0
5026,47299.3,13,3372235139,49726558,695.8,8337.0
5027,47302.6,13,49829250,646216604,872.6,10435.0
5028,47309.0,13,1381216023,49739655,858.2,10827.0
5029,47311.9,13,49829861,49738943,342.5,3741.0
5030,47314.3,13,49740448,49781553,418.7,4598.0
5031,47315.4,13,3001016717,5678291406,405.4,4572.0
5032,47321.7,13,12687209031,8636398137,540.6,6053.0
5033,47323.0,13,49855611,49797753,532.0,6419.0
5034,47323.2,13,1379505588,10806883924,464.9,5120.0
5035,47324.1,13,49776461,49838758,201.2,2165.0
5036,47325.4,13,49809177,3665453337,626.6,7181.0
5037,47327.0,13,49772747,49776416,876.4,9954.0
5038,47327.5,13,49826533,49764461,556.2,7159.0
5039,47329.8,13,641116257,641073501,116.5,1317.0
5040,47331.8,13,633085015,49745693,472.6,5263.0
5041,47331.9,13,49799293,49813393,369.0,4105.0
5042,47332.9,13,49767194,49811183,757.2,9321.0
5043,47335.4,13,1017391974,49764374,86.3,951.0
5044,47337.4,13,49776047,911549744,623.6,7819.0
5045,47338.2,13,49745193,49756611,275.5,3200.0
5046,47339.0,13,3011107102,13743706760,671.1,7936.0
5047,47342.7,13,49748725,11569406868,210.1,2307.0
5048,47343.3,13,49741274,49760283,228.0,2434.0
5049,47346.1,13,49773647,49772372,705.5,9329.0
5050,47349.7,13,49774088,49753799,374.5,5190.0
5051,47353.4,13,49745301,655442847,528.7,5847.0
5052,47356.3,13,49809177,49762243,53.6,600.0
5053,47357.5,13,632879321,49766729,846.7,11499.0
5054,47357.9,13,49809189,49722494,886.0,10803.0
5055,47359.4,13,49741104,3061294316,620.1,7226.0
5056,47359.8,13,633923743,49815997,886.6,11105.0
5057,47360.0,13,49774098,49766365,703.0,8517.0
5058,47360.1,13,3016605388,49763149,411.8,4338.0
5059,47361.2,13,49873888,11563313323,592.5,6632.0
5060,47362.2,13,49767196,49787128,348.6,4462.0
5061,47363.1,13,49772987,49800667,547.6,6409.0
5062,47363.1,13,49720045,49764330,597.1,6711.0
5063,47364.2,13,49745240,49755415,760.6,9498.0
5064,47364.4,13,49764794,49755515,808.1,10099.0
5065,47366.9,13,5698252199,49791610,268.2,3016.0
5066,47369.0,13,49752115,49790404,292.7,3099.0
5067,47370.3,13,3012784288,647031927,143.0,1566.0
5068,47371.5,13,49787453,49745186,220.2,2460.0
5069,47372.7,13,49759499,1484482203,469.6,6247.0
5070,47372.8,13,49800755,3995094699,573.4,6451.0
5071,47377.0,13,49863186,49847389,429.0,4743.0
5072,47378.2,13,49843596,49841785,301.5,3515.0
5073,47379.0,13,655442838,49745669,681.3,7714.0
5074,47379.4,13,49853085,49789239,163.9,1974.0
5075,47379.9,13,7802243127,49731559,542.3,6834.0
5076,47380.3,13,814299119,14073909988,341.6,4111.0
5077,47382.6,13,49764374,2456210938,153.0,1713.0
5078,47388.3,13,49740439,1443727143,694.8,8615.0
5079,47392.9,13,49773647,49754216,720.4,9510.0
5080,47393.7,13,49863611,4954895459,251.2,2734.0
5081,47396.2,13,49788457,3657250009,629.7,6385.0
5082,47399.9,13,49866935,806520674,155.3,1701.0
5083,47401.3,13,49749106,3670782179,842.3,10468.0
5084,47406.2,13,49745335,49764330,241.1,2713.0
5085,47406.6,13,49805505,49869665,247.6,2706.0
5086,47407.0,13,49769187,49824779,154.9,1742.0
5087,47409.5,13,1379496002,49792099,480.3,5568.0
5088,47412.4,13,49770680,49877664,883.0,10710.0
5089,47412.8,13,49777795,49810871,65.4,779.0
5090,47416.3,13,3012784293,49764318,106.0,1156.0
5091,47418.3,13,49740244,49813502,145.0,1651.0
5092,47419.8,13,641116257,5180966153,341.8,3936.0
5093,47423.9,13,647030735,49777509,488.1,6454.0
5094,47424.0,13,49809189,49764791,59.2,644.0
5095,47425.8,13,49810831,49748539,94.1,1084.0
5096,47426.4,13,1021561602,49848293,544.7,6079.0
5097,47427.8,13,49780074,49744667,282.7,3187.0
5098,47428.1,13,49775514,49854955,713.9,8745.0
5099,47428.4,13,49749106,49767368,630.0,8003.0
5100,47428.9,13,49824264,49764371,456.5,5460.0
5101,47430.7,13,49809715,646246183,704.6,8893.0
5102,47433.8,13,49765145,6697945789,310.0,3456.0
5103,47434.0,13,1017391974,49816016,783.4,9658.0
5104,47435.0,13,49775514,1363891620,243.0,2767.0
5105,47438.2,13,642317837,49842664,358.7,3916.0
5106,47440.0,13,11460035915,49801475,743.6,9327.0
5107,47441.7,13,3125718572,9592908693,614.2,6851.0
5108,47447.2,13,3013407820,49828453,371.1,4452.0
5109,47447.6,13,641054075,49771453,913.1,9900.0
5110,47457.8,13,9983605758,49827970,779.9,9672.0
5111,47458.8,13,49745200,49773008,142.4,1611.0
5112,47459.3,13,49853094,49771123,491.1,6290.0
5113,47459.5,13,49745335,49740162,125.8,1399.0
5114,47462.2,13,49780558,1440867114,82.8,986.0
5115,47462.9,13,49839137,49723087,668.3,8193.0
5116,47463.4,13,49853085,49790448,776.7,11288.0
5117,47469.6,13,3378110162,49817014,728.7,9258.0
5118,47476.3,13,49882753,49851413,384.0,4342.0
5119,47479.4,13,49772747,49750169,781.6,10016.0
5120,47480.2,13,3672563449,49746295,664.7,7771.0
5121,47481.5,13,49780562,49795794,410.0,4597.0
5122,47482.7,13,8530666832,49760367,514.8,6947.0
5123,47484.3,13,49825409,49785838,958.4,11854.0
5124,47485.9,13,49817092,49826868,144.6,1536.0
5125,47486.7,13,49803595,49741471,918.5,12779.0
5126,47490.8,13,9768681893,49790453,611.8,8235.0
5127,47490.9,13,49774087,49751721,462.8,6178.0
5128,47491.6,13,5128694819,49745399,853.6,10961.0
5129,47493.9,13,49745636,49798828,761.6,9597.0
5130,47494.7,13,49774098,49752606,558.2,6316.0
5131,47498.4,13,4325552564,3372443379,777.6,8846.0
5132,47498.8,13,49762243,49804027,453.1,5090.0
5133,47500.9,13,4975093911,49799085,610.5,7448.0
5134,47501.4,13,3012829811,49767439,289.3,3202.0
5135,47502.5,13,5128694815,634784056,455.2,5425.0
5136,47503.0,13,49772747,49743561,442.5,5135.0
5137,47503.8,13,49745193,647026153,255.9,2891.0
5138,47509.1,13,49797596,2602417947,234.8,2633.0
5139,47512.0,13,49765155,2899430519,335.0,3738.0
5140,47513.4,13,49763049,49719230,320.3,3865.0
5141,47513.4,13,49782277,2535854817,591.8,7498.0
5142,47513.9,13,49789376,1017508479,427.2,5377.0
5143,47514.3,13,49745240,49764445,95.5,1103.0
5144,47514.4,13,49745677,49769464,739.4,8492.0
5145,47519.0,13,641127560,49775539,362.1,4119.0
5146,47524.3,13,9136825795,11368228087,673.4,8822.0
5147,47525.2,13,49865768,3372235099,550.3,6144.0
5148,47525.9,13,5698252199,49742755,709.3,7515.0
5149,47526.9,13,647619114,49791642,222.6,2511.0
5150,47530.4,13,49772747,1443727090,585.4,6610.0
5151,47530.5,13,49765234,49745629,173.3,2002.0
5152,47533.6,13,1381204541,49750268,799.0,11065.0
5153,47535.1,13,49745680,1011917373,475.3,5076.0
5154,47535.7,13,3012829811,49763143,439.1,4712.0
5155,47535.9,13,49853696,49726541,636.4,7207.0
5156,47536.1,13,49743955,7505269058,679.8,8973.0
5157,47537.0,13,3358724774,49801246,253.3,2955.0
5158,47540.4,13,49796861,49815290,653.1,7608.0
5159,47547.7,13,49793759,49846738,259.3,2786.0
5160,47547.8,13,49797586,5343233826,538.5,6291.0
5161,47549.8,13,49797543,1482962009,856.6,10489.0
5162,47551.5,13,49853085,49851719,323.5,3777.0
5163,47554.5,13,49888809,49766356,974.1,11869.0
5164,47555.8,13,1381204541,49724253,318.1,3565.0
5165,47556.6,13,6796840442,49734130,329.8,3880.0
5166,47562.6,13,49841029,49734692,1066.4,12514.0
5167,47569.7,13,2286013912,49772633,127.0,1425.0
5168,47577.5,13,49763609,49749165,612.0,7062.0
5169,47578.0,13,958991607,49764326,149.6,1679.0
5170,47579.0,13,814299111,49744591,811.5,9669.0
5171,47580.2,13,6796840442,4117423518,437.1,5134.0
5172,47582.4,13,3012535014,49773027,131.5,1483.0
5173,47585.3,13,49793670,49743356,607.5,6810.0
5174,47588.8,13,49800238,5558800270,621.2,7290.0
5175,47590.1,13,49747467,49859684,611.2,7807.0
5176,47590.2,13,49748151,49816517,1311.4,15928.0
5177,47592.4,13,1004809645,49797631,302.1,3319.0
5178,47595.2,13,3669554866,49775612,754.6,10243.0
5179,47595.7,13,1804420109,49743561,330.8,3650.0
5180,47596.6,13,3001046648,11260162640,750.1,8455.0
5181,47598.8,13,982859843,3007511476,753.9,9175.0
5182,47604.0,13,49763044,49791920,674.3,7313.0
5183,47604.4,13,49756297,639446469,990.7,13311.0
5184,47604.6,13,1243973943,49755512,780.5,9761.0
5185,47604.8,13,1484331315,49754505,340.9,4507.0
5186,47606.2,13,49797401,1484481817,258.7,2871.0
5187,47610.1,13,49763640,49811069,371.7,4303.0
5188,47610.9,13,3001569202,49772987,63.0,773.0
5189,47611.9,13,8146198871,3678223274,577.2,6734.0
5190,47612.3,13,49776427,49789192,603.9,6864.0
5191,47614.3,13,49741737,49800299,159.0,1793.0
5192,47615.4,13,49809177,1466445325,802.4,10616.0
5193,47616.6,13,49742771,5581929186,1026.5,14184.0
5194,47618.6,13,641116283,49773581,242.1,2719.0
5195,47619.2,13,8592032116,4697534334,292.7,3489.0
5196,47620.0,13,3012429028,49844794,84.4,1026.0
5197,47620.1,13,11332977605,49782560,630.3,7022.0
5198,47626.7,13,49751728,49741153,656.5,8304.0
5199,47631.2,13,49734622,49852910,216.8,2476.0
5200,47645.8,13,49787453,49751580,148.2,1638.0
5201,47648.4,13,3011565329,49773611,338.6,3938.0
5202,47649.2,13,49782040,49851483,571.8,6397.0
5203,47652.1,13,1484481847,49797044,564.2,6589.0
5204,47653.7,13,1484481512,634784056,590.5,6790.0
5205,47656.3,13,49828695,49827917,643.5,8164.0
5206,47656.5,13,49735120,5277494817,370.3,6978.0
5207,47656.8,13,3012784293,49801483,628.2,8037.0
5208,47662.9,13,49772987,49745289,279.4,3154.0
5209,47663.3,13,11347623954,641127594,722.4,8591.0
5210,47666.4,13,49856112,49795355,546.0,6125.0
5211,47666.7,13,49853085,3023454834,568.3,6364.0
5212,47669.1,13,3670756358,11198100601,360.3,4053.0
5213,47669.4,13,2502976209,49734708,643.3,9630.0
5214,47674.1,13,49774098,49757982,817.8,9390.0
5215,47674.7,13,49771030,705734609,536.8,6176.0
5216,47676.8,13,3001288930,4015360172,314.1,3617.0
5217,47677.3,13,11261031488,49780323,188.1,2205.0
5218,47680.3,13,3798943055,49828154,1136.5,14782.0
5219,47681.9,13,2696812482,49765092,205.7,2328.0
5220,47682.4,13,6777089507,6799665643,474.5,6760.0
5221,47683.2,13,49762191,641127585,278.0,3165.0
5222,47684.8,13,49770670,49770651,48.5,543.0
5223,47688.3,13,49809177,49768712,415.2,4644.0
5224,47688.9,13,2428508011,49778012,123.9,1334.0
5225,47689.6,13,3001288930,49777749,339.3,3820.0
5226,47691.6,13,49734802,49745571,1055.3,13675.0
5227,47692.0,13,49797401,49816494,457.3,5199.0
5228,47693.4,13,1365050114,2967630728,633.2,8126.0
5229,47697.6,13,49848686,49771748,233.6,2920.0
5230,47698.4,13,11198264296,49734111,345.6,4711.0
5231,47699.4,13,49888300,49801324,422.0,5242.0
5232,47701.8,13,1440867110,3370866922,467.7,5128.0
5233,47703.3,13,49745459,641965169,569.3,7452.0
5234,47703.3,13,49799817,49793930,691.2,8335.0
5235,47704.5,13,49773070,3657251444,786.7,9022.0
5236,47708.8,13,7494204320,49758185,594.5,7601.0
5237,47717.6,13,49763606,49731261,326.4,3633.0
5238,47720.3,13,3013407820,49794324,657.3,8460.0
5239,47725.7,13,1017391974,49826805,226.5,2585.0
5240,47726.3,13,642044494,49873126,1214.3,16196.0
5241,47729.2,13,655442853,49746114,425.1,4973.0
5242,47738.0,13,49745650,49764348,310.9,3538.0
5243,47740.2,13,49770684,641127591,199.3,2251.0
5244,47740.7,13,49873688,49854955,1349.1,16105.0
5245,47744.2,13,49763104,49761698,972.5,10983.0
5246,47745.1,13,49787160,49773590,451.9,5681.0
5247,47745.3,13,49780840,49843693,414.7,4451.0
5248,47748.4,13,49762210,49750741,685.6,8666.0
5249,47750.9,13,4561710231,49787453,62.7,701.0
5250,47751.1,13,4000799765,49775872,533.3,6446.0
5251,47758.2,13,3669554857,13160144145,665.3,8018.0
5252,47763.1,13,49810876,49763659,372.8,4200.0
5253,47763.5,13,3672563449,641112615,255.5,2942.0
5254,47766.3,13,49809177,49757909,338.8,3941.0
5255,47767.4,13,49743231,49790025,762.2,9125.0
5256,47773.9,13,1740764624,49762043,711.9,9490.0
5257,47774.6,13,49787487,49823761,485.8,5497.0
5258,47781.2,13,49825108,447823042,675.8,7718.0
5259,47785.0,13,3669554866,49778882,729.5,8119.0
5260,47788.9,13,49845830,641110826,115.4,1328.0
5261,47791.8,13,49764337,49815908,582.4,7002.0
5262,47792.6,13,5128694815,49884932,855.4,10249.0
5263,47792.7,13,49734616,49775446,521.7,5635.0
5264,47794.5,13,49853085,49771006,138.3,1492.0
5265,47796.5,13,12128376033,49753984,572.3,7598.0
5266,47797.7,13,49817092,49813443,369.4,4592.0
5267,47803.9,13,655442839,49853943,408.2,4675.0
5268,47809.9,13,49745628,642436243,212.1,2553.0
5269,47811.6,13,3001288930,655680519,271.6,3366.0
5270,47814.1,13,49765155,9526260023,108.2,1220.0
5271,47814.4,13,3240030410,49851016,282.6,3165.0
5272,47818.9,13,49865774,49824214,341.2,3886.0
5273,47822.6,13,49741274,49813374,221.6,2470.0
5274,47823.5,13,49745628,49717262,807.4,9148.0
5275,47824.4,13,49748050,12512580989,531.4,5859.0
5276,47831.3,13,49820583,49763351,1059.6,13198.0
5277,47832.1,13,4935980603,49782669,886.7,11283.0
5278,47832.8,13,49863614,647618716,440.8,4990.0
5279,47835.0,13,5128694815,49770348,673.5,8544.0
5280,47836.3,13,49740442,9300516161,579.2,7167.0
5281,47837.1,13,49749379,49789673,429.1,5413.0
5282,47838.6,13,49774098,49801312,745.5,8686.0
5283,47839.5,13,6777089507,13256450893,671.8,8040.0
5284,47839.7,13,49821763,49727596,1096.3,12752.0
5285,47841.9,13,49810831,49716932,515.2,7139.0
5286,47843.7,13,49773543,2382483428,135.6,1500.0
5287,47844.2,13,655442853,4060172795,97.2,999.0
5288,47845.7,13,49753516,49845639,1106.9,13479.0
5289,47848.0,13,49848293,49745453,469.6,5255.0
5290,47848.5,13,49866935,49747955,742.9,8262.0
5291,47849.0,13,49776461,49795427,491.9,6171.0
5292,47852.0,13,49777546,262550681,331.7,3842.0
5293,47854.2,13,49853878,49895526,385.3,4512.0
5294,47854.4,13,49741095,1017391970,220.3,2462.0
5295,47855.8,13,1218534986,49750219,1018.6,13561.0
5296,47856.2,13,2927473060,9671298374,657.3,6855.0
5297,47859.6,13,3669554866,49824055,343.3,4087.0
5298,47860.4,13,49823986,49766022,514.5,5682.0
5299,47860.4,13,49772964,49752612,447.0,5177.0
5300,47860.6,13,49750009,49756611,946.4,11990.0
5301,47865.9,13,49770680,4629708498,397.4,4884.0
5302,47872.3,13,49810122,49770719,555.2,6517.0
5303,47873.2,13,3378222899,1013396952,641.5,7548.0
5304,47874.1,13,4792249103,49773557,317.6,3512.0
5305,47875.4,13,49847370,49754499,421.0,4612.0
5306,47878.7,13,49764271,2921295526,584.7,6857.0
5307,47880.9,13,49764791,49808317,820.5,10468.0
5308,47886.4,13,49823986,49776924,120.2,1312.0
5309,47887.4,13,49792107,49788859,598.8,6548.0
5310,47888.4,13,49888809,1364989276,522.0,6059.0
5311,47889.6,13,49789369,49763618,291.1,3639.0
5312,47889.9,13,3798943055,49718928,989.7,11431.0
5313,47893.2,13,9968466642,49817638,579.2,6744.0
5314,47901.4,13,49765234,49761968,629.2,8554.0
5315,47902.5,13,49809189,13790270471,267.9,2996.0
5316,47902.8,13,49762286,49716214,906.8,10896.0
5317,47904.6,13,49789275,3282259542,484.8,5421.0
5318,47905.7,13,49741058,10992264214,419.3,4850.0
5319,47905.9,13,49779907,49768464,94.9,1074.0
5320,47911.9,13,1474747464,49730747,375.3,4572.0
5321,47914.0,13,1014110633,1381307995,463.7,5224.0
5322,47917.4,13,1381204541,49734111,143.6,1586.0
5323,47918.7,13,12292446080,647031927,786.4,9112.0
5324,47921.6,13,49825108,49837506,500.4,5786.0
5325,47921.8,13,2167451939,49816427,218.5,2345.0
5326,47922.4,13,49809189,49791914,342.9,4033.0
5327,47923.8,13,49729831,49753649,500.1,5550.0
5328,47925.4,13,49796897,49772753,677.9,7712.0
5329,47936.5,13,49773036,49792145,350.4,4186.0
5330,47938.4,13,1381307998,9526260023,120.8,1345.0
5331,47941.3,13,49743415,642563700,478.6,5337.0
5332,47944.2,13,49810831,645963060,170.0,1932.0
5333,47945.7,13,774340109,9166612489,127.2,1423.0
5334,47947.9,13,9136825813,4365422595,329.9,3645.0
5335,47948.3,13,49745240,49813374,126.1,1414.0
5336,47959.6,13,49748725,49810317,677.6,8562.0
5337,47961.1,13,49739609,49744137,546.0,6008.0
5338,47964.3,13,49745247,49802810,585.2,6279.0
5339,47966.3,13,49825121,49756545,261.5,2962.0
5340,47967.6,13,49741274,3665450118,515.2,6169.0
5341,47969.1,13,3672563449,49765285,211.1,2375.0
5342,47972.5,13,49802545,3370672847,870.2,9846.0
5343,47973.6,13,49720045,49198976,240.8,2629.0
5344,47974.9,13,3670756345,49741274,326.3,3650.0
5345,47977.6,13,49817838,3006129398,878.1,10534.0
5346,47980.4,13,49732272,49787261,827.0,10075.0
5347,47981.3,13,49743972,642816801,948.9,12643.0
5348,47981.4,13,49898275,49775965,448.3,5610.0
5349,47985.1,13,49833602,49732428,803.1,10418.0
5350,47992.2,13,49793729,49747841,439.2,4891.0
5351,47992.3,13,2286013912,3627567085,848.7,9471.0
5352,47994.5,13,49825108,49774966,336.4,3797.0
5353,47995.6,13,49801673,49804568,818.9,10022.0
5354,47995.6,13,1439584651,49795928,404.6,4655.0
5355,47996.7,13,49749106,49793526,251.9,2838.0
5356,47998.1,13,49739609,49841113,570.1,7831.0
5357,47998.2,13,49845850,49734611,382.5,4212.0
5358,47998.3,13,1060365691,9068829825,742.6,8088.0
5359,47998.4,13,49881497,49819468,694.3,7877.0
5360,48004.2,13,49749379,6487879211,215.5,2408.0
5361,48007.6,13,49845830,49816319,815.9,9641.0
5362,48011.6,13,49776461,49745301,553.4,6360.0
5363,48013.0,13,49720045,4117423518,508.8,5677.0
5364,48022.9,13,49797051,49748318,357.3,4064.0
5365,48025.1,13,3669554874,10014632178,534.1,7031.0
5366,48028.0,13,5380888621,49843072,484.0,5327.0
5367,48028.9,13,49770789,49817439,174.4,1971.0
5368,48030.1,13,49787890,1460668162,769.9,10060.0
5369,48035.3,13,49748212,49767876,444.6,6162.0
5370,48037.1,13,2440761314,49734600,306.1,3360.0
5371,48037.2,13,49865768,49797753,326.8,3941.0
5372,48037.7,13,49732272,49789333,380.6,4564.0
5373,48040.2,13,49748066,5851387631,95.8,1069.0
5374,48041.8,13,49847649,49845782,840.4,10812.0
5375,48042.1,13,9136825813,49820872,650.8,7352.0
5376,48044.5,13,49776916,638898961,787.8,9093.0
5377,48048.3,13,4001002050,49741775,201.1,2290.0
5378,48049.1,13,49773557,49786167,594.7,6656.0
5379,48049.3,13,49780097,49741771,368.5,4204.0
5380,48053.5,13,642044494,641127560,777.9,10976.0
5381,48055.1,13,49779980,2587508256,751.2,8284.0
5382,48057.8,13,49770789,5564258802,449.9,5129.0
5383,48060.0,13,11261031488,971094753,480.8,5619.0
5384,48060.8,13,49756578,655448755,273.6,3310.0
5385,48061.3,13,49817406,49735404,197.0,2115.0
5386,48062.6,13,49797586,49728611,128.3,1442.0
5387,48065.6,13,646190646,49755423,384.9,4445.0
5388,48067.3,13,1499921620,49769213,470.9,5577.0
5389,48067.5,13,49787884,49877083,888.4,10706.0
5390,48071.5,13,49797596,49755465,561.4,6129.0
5391,48072.3,13,49780840,49746242,1013.5,12050.0
5392,48076.8,13,49805505,1443727067,752.6,8951.0
5393,48079.3,13,642317837,3027616061,438.8,6388.0
5394,48085.3,13,49772633,49797942,356.6,4059.0
5395,48086.3,13,49791685,49794324,753.8,9732.0
5396,48087.0,13,9983605758,2456351046,460.3,5137.0
5397,48087.8,13,49809698,49836253,135.6,1535.0
5398,48088.1,13,49740448,49740329,67.9,721.0
5399,48090.3,13,11261031471,49886287,542.2,6668.0
5400,48090.4,13,49743955,5354789656,1096.6,14490.0
5401,48092.4,13,49780078,49732211,41.6,481.0
5402,48093.1,13,49810122,49821260,353.8,4380.0
5403,48097.4,13,49789342,49825157,448.7,5526.0
5404,48099.3,13,49754058,49792957,796.0,9640.0
5405,48102.1,13,49829250,49748097,474.9,5216.0
5406,48105.1,13,5180966153,49819679,473.8,5731.0
5407,48108.5,13,49820583,49774687,219.7,2390.0
5408,48109.4,13,49745240,49748177,289.6,3292.0
5409,48109.7,13,49773070,49730313,347.0,4186.0
5410,48109.8,13,4001557203,663508699,497.3,6450.0
5411,48111.7,13,4935980603,49874972,404.9,5516.0
5412,48111.8,13,49845830,49806127,943.7,11417.0
5413,48118.2,13,49720045,49824943,350.3,4570.0
5414,48118.3,13,4001470337,49753017,794.1,10438.0
5415,48118.4,13,4635639616,49817415,210.0,2379.0
5416,48118.9,13,49756373,49829316,439.5,5021.0
5417,48123.8,13,49787863,49859632,221.2,2510.0
5418,48126.1,13,49774087,49742331,90.5,1016.0
5419,48126.5,13,49848293,4079385849,1078.0,12511.0
5420,48127.0,13,49795273,49740448,245.2,2624.0
5421,48129.8,13,8411842743,310957741,1072.6,12844.0
5422,48132.2,13,49865768,49754658,487.7,5377.0
5423,48133.6,13,4325552565,49755530,706.7,9044.0
5424,48137.4,13,49789376,49767277,726.9,8770.0
5425,48142.9,13,49763640,49853917,283.1,3212.0
5426,48148.4,13,2974621124,49800344,67.5,747.0
5427,48150.4,13,49848293,49766019,1003.5,11455.0
5428,48152.0,13,4082394063,49753848,930.6,11435.0
5429,48154.6,13,958991607,49791888,249.2,2680.0
5430,48157.2,13,3672563449,49791947,623.6,7093.0
5431,48160.9,13,49729831,49792903,673.7,7443.0
5432,48162.2,13,49803715,3656199230,692.5,9470.0
5433,48162.6,13,9983605758,49839137,270.7,2975.0
5434,48163.1,13,49773558,49790448,756.8,10864.0
5435,48164.6,13,49883336,49746176,596.8,6809.0
5436,48170.7,13,1491097176,49773485,947.6,13871.0
5437,48174.8,13,3125716147,49763122,483.9,5533.0
5438,48175.2,13,49741695,49746697,513.6,5579.0
5439,48176.8,13,49863186,705647635,725.6,8020.0
5440,48177.6,13,49765018,49760955,567.5,7324.0
5441,48183.1,13,9676179707,49791642,244.9,2766.0
5442,48184.4,13,49825108,49749862,408.1,6041.0
5443,48185.3,13,49741058,49880689,556.9,8206.0
5444,48185.7,13,49778050,49780235,325.8,3391.0
5445,48188.0,13,49745650,49787890,292.9,3279.0
5446,48192.1,13,49776461,49773046,378.8,4426.0
5447,48194.6,13,1240476057,49848835,638.4,7435.0
5448,48195.0,13,49780562,2136710708,285.1,3110.0
5449,48195.6,13,49888809,49789496,665.5,8496.0
5450,48197.7,13,49745232,5925999732,673.1,8598.0
5451,48202.4,13,49741274,49792364,583.0,6757.0
5452,48202.8,13,8592032116,49850758,392.7,5098.0
5453,48209.2,13,13790612928,49755154,655.2,7447.0
5454,48211.9,13,49748155,49749059,429.5,5172.0
5455,48213.9,13,49724395,49809327,698.5,8833.0
5456,48217.6,13,3798943055,49792107,983.6,11770.0
5457,48217.8,13,49773526,49789291,476.9,5483.0
5458,48224.8,13,9797239771,49726407,274.2,3129.0
5459,48225.8,13,655442852,49776408,134.4,1472.0
5460,48226.1,13,49799808,49792151,416.3,5083.0
5461,48232.6,13,49762191,49741274,324.9,3657.0
5462,48240.1,13,5380888621,11275506478,1340.1,16135.0
5463,48245.1,13,49842421,7554685042,190.3,2053.0
5464,48250.2,13,49793411,49809376,724.0,8759.0
5465,48251.0,13,642317837,11275506145,502.8,6042.0
5466,48251.3,13,5170081599,49764397,449.0,5433.0
5467,48257.1,13,11198264287,49741037,253.3,2740.0
5468,48258.1,13,647619114,3006171207,487.7,5599.0
5469,48261.4,13,49729831,6007151790,185.2,2071.0
5470,48264.8,13,49745186,49819134,815.3,9951.0
5471,48268.5,13,1379471223,49770481,736.4,9736.0
5472,48276.2,13,49780558,655662364,389.3,4531.0
5473,48281.7,13,3531416323,49804153,441.9,5361.0
5474,48281.9,13,49825108,49882269,219.9,2502.0
5475,48283.1,13,49743231,9688260452,934.6,11085.0
5476,48283.6,13,49787160,49861125,416.6,5132.0
5477,48284.0,13,1618429530,49793211,373.5,4072.0
5478,48287.9,13,3669554855,49827938,232.9,2752.0
5479,48289.0,13,49740442,3657249999,835.8,10018.0
5480,48289.4,13,49882753,49790834,446.1,5115.0
5481,48290.2,13,641054075,49758546,271.9,3060.0
5482,48292.4,13,49827853,705647736,708.2,8057.0
5483,48294.4,13,647044202,4331534193,841.7,10007.0
5484,48296.1,13,49863614,49726740,524.0,5827.0
5485,48298.7,13,49797596,49789018,686.6,7872.0
5486,48300.0,13,49787785,1472794359,970.2,12028.0
5487,48300.1,13,641116215,49763157,524.3,5617.0
5488,48306.7,13,2440761314,2921295156,286.2,3133.0
5489,48314.0,13,49776461,49791642,388.1,4517.0
5490,48314.6,13,49734005,49830069,388.7,4513.0
5491,48314.7,13,647030735,49752864,316.2,4144.0
5492,48316.6,13,49847837,49745381,251.3,2890.0
5493,48318.1,13,49753516,645963446,365.0,4099.0
5494,48321.1,13,641116223,49741253,723.8,8274.0
5495,48322.5,13,49809177,642909941,637.1,7311.0
5496,48329.1,13,49777795,49763735,575.0,6355.0
5497,48331.5,13,49780562,49785800,378.2,4284.0
5498,48332.0,13,49820874,3125718572,1112.8,12953.0
5499,48333.1,13,49769187,49787167,610.8,7380.0
5500,48335.9,13,1484331315,49750699,272.6,2976.0
5501,48336.2,13,13790612928,49792154,445.9,5758.0
5502,48337.0,13,3670756359,49785993,829.8,9352.0
5503,48338.7,13,12529163241,3415851740,611.1,8140.0
5504,48340.3,13,49863186,49765407,369.5,4427.0
5505,48341.2,13,3669554866,49722494,726.5,9087.0
5506,48344.9,13,2927473060,4387066892,390.7,3876.0
5507,48345.8,13,49820583,49847389,223.6,2506.0
5508,48345.9,13,1381307995,49835974,833.3,9510.0
5509,48346.7,13,49762191,49792364,551.6,6657.0
5510,48348.8,13,4935980603,49800989,990.7,11961.0
5511,48350.9,13,49847837,49795263,509.5,5628.0
5512,48353.9,13,641127560,49786576,420.0,4729.0
5513,48354.7,13,1804420112,49739135,567.3,6057.0
5514,48357.3,13,49750803,49784079,511.5,5133.0
5515,48359.5,13,1060365691,49769201,411.8,4550.0
5516,48360.3,13,49741274,49881791,415.0,4567.0
5517,48361.4,13,49777795,640809773,288.7,3289.0
5518,48361.5,13,49762383,49745468,442.4,4970.0
5519,48362.4,13,641116273,3286086571,498.1,5712.0
5520,48364.6,13,2974621123,49764791,35.1,383.0
5521,48365.6,13,49822365,647030742,543.2,5837.0
5522,48370.9,13,49789208,1493897361,730.9,9525.0
5523,48372.6,13,49741274,3370866933,418.5,4860.0
5524,48374.8,13,49770684,49854071,223.1,2455.0
5525,48375.4,13,49777277,1493824963,134.7,1457.0
5526,48376.0,13,9136839220,49758513,114.6,1307.0
5527,48382.1,13,1014110633,49790988,207.8,2342.0
5528,48382.5,13,49770684,49756545,456.2,5044.0
5529,48385.6,13,49807555,49881791,476.8,5295.0
5530,48391.6,13,4935980603,49754610,472.1,6447.0
5531,48392.2,13,4082394063,49789820,423.5,4727.0
5532,48393.1,13,49756373,49777443,437.5,5132.0
5533,48394.5,13,49809715,1243974350,156.2,1746.0
5534,48394.5,13,49741274,49772744,422.6,4817.0
5535,48395.0,13,49782369,49815563,548.8,6510.0
5536,48397.2,13,8592032116,49778964,618.4,7096.0
5537,48400.8,13,1381216023,49777932,423.0,4679.0
5538,48401.6,13,11275506476,12466174908,1490.1,17965.0
5539,48402.1,13,49764251,49787179,384.2,4712.0
5540,48404.2,13,641119730,11569406868,345.7,3915.0
5541,48414.1,13,49770423,49749809,847.9,10943.0
5542,48415.4,13,3001016717,49772589,400.8,4392.0
5543,48419.2,13,49787487,49841339,920.4,12868.0
5544,48421.9,13,49866935,49742352,730.5,8224.0
5545,48423.4,13,49769187,49764445,62.3,686.0
5546,48424.3,13,49845837,49732193,318.6,3616.0
5547,48424.6,13,49745689,49753955,771.6,10122.0
5548,48426.4,13,49860783,49777308,1191.4,15108.0
5549,48428.1,13,49810122,1459317187,499.9,6355.0
5550,48429.9,13,49860783,49898275,431.4,5458.0
5551,48431.8,13,49883336,49794917,506.4,6216.0
5552,48431.9,13,641116187,11347623954,626.4,7397.0
5553,48437.3,13,447823042,49755550,1283.6,15548.0
5554,48438.8,13,49773558,2136710697,361.3,4046.0
5555,48439.7,13,6541847546,49885662,635.3,7099.0
5556,48439.9,13,641116257,49788109,561.9,6336.0
5557,48440.7,13,49820757,49786690,406.7,4554.0
5558,48441.5,13,49810122,49752603,662.2,7887.0
5559,48448.7,13,49756892,1243974350,434.4,4876.0
5560,48453.0,13,6799665639,12128376033,407.5,5053.0
5561,48455.8,13,641127587,49793979,793.7,9731.0
5562,48456.7,13,8299152846,1386997336,555.3,6778.0
5563,48458.7,13,1381216023,49810434,336.7,3829.0
5564,48460.7,13,641116247,49726410,388.9,4293.0
5565,48464.2,13,49809715,49795949,532.5,6406.0
5566,48466.2,13,49809715,2587508256,478.3,5351.0
5567,48466.9,13,13790612928,49722743,828.5,9282.0
5568,48469.4,13,49777795,49723981,493.9,5899.0
5569,48473.5,13,6799665639,49787863,587.1,7031.0
5570,48474.0,13,2975016185,49794324,451.5,5065.0
5571,48474.4,13,49820583,49839140,483.0,5375.0
5572,48476.2,13,49822928,13765588194,968.6,11622.0
5573,48476.7,13,49769187,49791750,90.1,984.0
5574,48485.1,13,49845830,49809778,431.4,4863.0
5575,48486.8,13,49772747,13556260338,197.2,2161.0
5576,48490.2,13,49756892,3670756345,249.9,2891.0
5577,48492.0,13,49805505,2491649333,678.4,7964.0
5578,48496.1,13,49745284,3000430293,388.1,4257.0
5579,48499.4,13,49865774,3012829798,49.6,533.0
5580,48504.1,13,49787453,5966168898,390.1,4601.0
5581,48506.2,13,5698252199,958981263,340.6,3787.0
5582,48507.8,13,3012829811,645963551,135.0,1359.0
5583,48510.0,13,4561710231,3005643154,431.4,5134.0
5584,48519.9,13,49865817,1017391974,147.0,1631.0
5585,48520.0,13,49782599,49821610,681.8,8226.0
5586,48525.5,13,49780078,49837680,285.5,3236.0
5587,48529.8,13,49805505,639496379,959.8,11587.0
5588,48531.3,13,49853878,8530666824,756.0,9506.0
5589,48535.9,13,49792123,11569332801,424.6,4959.0
5590,48539.7,13,49753516,5277494817,579.9,8328.0
5591,48540.0,13,13790612928,49820506,495.8,5660.0
5592,48545.9,13,638062063,1482009064,724.7,9063.0
5593,48548.0,13,49866935,49843233,752.8,8433.0
5594,48549.5,13,12529163241,632935663,505.2,5697.0
5595,48550.9,13,655442853,2921295172,577.4,6883.0
5596,48552.2,13,2974621123,641116247,99.5,1113.0
5597,48552.2,13,49772964,3062846866,661.4,8383.0
5598,48556.7,13,49764791,49739937,968.2,11822.0
5599,48559.5,13,49773055,647043633,123.1,1318.0
5600,48561.9,13,49848686,49730806,268.1,2973.0
5601,48562.3,13,49741274,644537718,478.4,5173.0
5602,48563.8,13,4001557203,1486524351,538.5,6387.0
5603,48565.4,13,5180966153,49732193,313.5,3685.0
5604,48569.8,13,49734621,49743877,967.2,12549.0
5605,48573.0,13,49810877,49801232,517.8,5949.0
5606,48575.6,13,49745193,49761370,197.5,2210.0
5607,48581.5,13,3240030410,49826530,224.3,2551.0
5608,48591.2,13,49827531,646229662,893.0,11043.0
5609,48594.0,13,49888809,49817435,350.4,3858.0
5610,48595.2,13,49845850,49813511,494.5,5501.0
5611,48595.8,13,49746547,2696812482,522.3,6124.0
5612,48598.5,13,49827531,3670756365,306.6,3534.0
5613,48599.6,13,1379471556,3669515067,789.2,8736.0
5614,48600.1,13,49787863,49739448,577.7,6712.0
5615,48603.1,13,49745188,647043625,196.3,2197.0
5616,48604.4,13,49741730,49749768,934.1,11675.0
5617,48607.7,13,49894515,2921295178,723.6,7899.0
5618,48611.4,13,49865234,3370866926,670.8,7748.0
5619,48615.2,13,49741095,49763777,468.5,5576.0
5620,48616.8,13,8299152846,9800726207,556.7,7900.0
5621,48620.6,13,49820714,49813441,423.2,4761.0
5622,48621.0,13,49789218,49789275,92.0,1093.0
5623,48621.3,13,49763640,49813511,124.3,1317.0
5624,48622.1,13,10921172728,49800667,727.9,8537.0
5625,48622.9,13,3378222897,49755426,690.1,8555.0
5626,48623.6,13,8411842743,49841917,820.2,10219.0
5627,48624.6,13,49845850,49759633,846.1,11260.0
5628,48628.7,13,49745204,11332977611,80.5,1015.0
5629,48631.5,13,49833602,647594366,371.5,4740.0
5630,48633.2,13,49777792,3657249995,548.4,6852.0
5631,48633.8,13,49825121,49813494,290.4,3235.0
5632,48635.1,13,49825108,3665450111,638.9,7994.0
5633,48636.0,13,1804420109,49799977,656.4,7135.0
5634,48645.4,13,49789496,49754870,467.7,6025.0
5635,48646.6,13,3669554868,649839841,654.6,8451.0
5636,48649.4,13,655442839,49734797,541.2,6280.0
5637,48649.5,13,5180966153,622720915,103.4,1143.0
5638,48657.2,13,49770782,1804420112,321.1,3826.0
5639,48663.9,13,1439584651,49820604,359.0,4091.0
5640,48666.2,13,49762210,49768011,481.7,5353.0
5641,48667.7,13,49821658,5896031680,545.9,6156.0
5642,48669.5,13,49774098,49793799,301.2,4246.0
5643,48669.8,13,49784130,49809439,457.0,5251.0
5644,48672.2,13,49820874,49855434,1107.4,12400.0
5645,48677.4,13,655680824,49750741,482.5,5389.0
5646,48684.5,13,49843596,49780840,429.9,5036.0
5647,48685.1,13,49817254,49792806,519.8,6802.0
5648,48688.7,13,49797596,49761620,485.3,5961.0
5649,48689.3,13,49759091,49739801,609.2,7052.0
5650,48691.4,13,4001557203,49741725,415.4,4708.0
5651,48697.3,13,11198264296,49773036,312.4,4471.0
5652,48700.1,13,638452596,1484481646,274.2,3231.0
5653,48701.9,13,49796897,4274261372,384.3,4082.0
5654,48702.1,13,49734616,49754612,118.3,1364.0
5655,48703.3,13,49797063,49851016,361.3,4139.0
5656,48704.4,13,49725576,11255208746,843.0,9930.0
5657,48705.0,13,49748168,3001484259,145.3,1655.0
5658,48709.4,13,49772633,13256551001,363.4,4058.0
5659,48709.7,13,49770715,49758013,613.7,6986.0
5660,48713.4,13,49782369,11198017164,522.9,5983.0
5661,48713.4,13,49798625,9751954804,566.7,7243.0
5662,48714.0,13,49748460,49849366,479.8,5347.0
5663,48714.4,13,641127587,49827204,624.3,8322.0
5664,48720.2,13,49720045,49829878,384.6,4862.0
5665,48723.4,13,2440761314,49812443,562.3,6840.0
5666,48723.9,13,3012784293,49775581,107.7,1199.0
5667,48725.3,13,49773070,49741341,226.3,2376.0
5668,48727.6,13,1381216023,1484481494,489.0,5674.0
5669,48730.7,13,49809189,49775563,212.4,2399.0
5670,48733.9,13,49773040,49825157,49.1,544.0
5671,48734.6,13,10759641447,49823469,998.2,13121.0
5672,48735.1,13,3670756345,49863511,653.2,7737.0
5673,48741.2,13,49724395,2934346270,122.5,1300.0
5674,48754.3,13,13790612928,49807555,403.0,4639.0
5675,48762.1,13,49762238,49745673,476.4,5525.0
5676,48764.3,13,3358724774,13607253872,416.7,5159.0
5677,48765.8,13,49843692,3006129376,689.1,8308.0
5678,48773.0,13,49845777,49745296,291.8,3290.0
5679,48776.3,13,49745193,2765545489,381.4,4508.0
5680,48776.9,13,49843692,49767441,684.5,7672.0
5681,48777.4,13,3125718572,49780097,607.5,7404.0
5682,48778.1,13,49815553,49757541,675.9,7885.0
5683,48778.7,13,49799643,1253435643,671.9,8092.0
5684,48778.7,13,622720915,49747949,719.9,8096.0
5685,48781.8,13,5180966153,1443727150,589.2,6674.0
5686,48782.3,13,3378222897,10119384254,296.4,3324.0
5687,48789.2,13,49773590,3699313879,316.8,3545.0
5688,48789.6,13,12128376033,49861217,89.2,995.0
5689,48789.9,13,49770782,49819462,326.7,3700.0
5690,48790.3,13,49773040,49774952,224.1,2572.0
5691,48792.2,13,6777089504,9468883912,290.0,3726.0
5692,48794.5,13,49866935,1467728500,1154.5,14393.0
5693,48795.5,13,1381204541,49745200,178.6,2005.0
5694,48795.9,13,49848293,49759164,645.8,7869.0
5695,48796.0,13,49828695,647026051,295.6,3474.0
5696,48797.4,13,3240030410,12673423896,690.7,8063.0
5697,48800.2,13,49774098,3796854942,705.0,8602.0
5698,48803.6,13,49810122,49803409,318.8,3462.0
5699,48804.7,13,49824719,49732428,272.3,3116.0
5700,48810.8,13,49848293,49797713,407.7,4666.0
5701,48811.7,13,829675288,49847837,263.5,3029.0
5702,48818.6,13,647619114,1474747427,777.1,9556.0
5703,48819.1,13,13259914865,49789218,126.4,1424.0
5704,48821.4,13,3378222897,1467728485,724.9,8879.0
5705,48822.6,13,1381204541,49789381,670.2,7950.0
5706,48822.8,13,49738093,641964879,353.7,4158.0
5707,48825.7,13,49732272,49764348,428.1,4862.0
5708,48826.6,13,49774079,3665450116,781.0,9321.0
5709,48827.7,13,642317837,49742446,340.4,3706.0
5710,48831.7,13,2167451939,49808317,616.2,6953.0
5711,48833.4,13,49741274,49813454,125.1,1398.0
5712,48834.2,13,49773558,3744956563,645.5,7669.0
5713,48837.3,13,3012784288,2535854817,491.3,6272.0
5714,48842.7,13,49770672,49758370,436.0,5331.0
5715,48847.2,13,49825108,49841917,334.1,3854.0
5716,48849.0,13,49898275,49774079,682.2,8152.0
5717,48851.4,13,3027663729,49896326,778.3,9786.0
5718,48852.7,13,49799808,49741073,349.7,3986.0
5719,48853.7,13,49853094,705734609,188.5,2117.0
5720,48853.9,13,49797596,49755110,875.8,11385.0
5721,48859.1,13,49793549,49802297,766.1,8756.0
5722,48859.8,13,2927432297,49782565,397.0,4377.0
5723,48861.0,13,49745204,49866411,196.1,2151.0
5724,48861.7,13,49743415,3788079770,970.7,11804.0
5725,48863.1,13,3001375539,49758392,472.4,5412.0
5726,48868.1,13,5180966153,2502976209,87.5,983.0
5727,48868.1,13,7494204320,49849263,401.6,4472.0
5728,48878.4,13,49765155,640712600,924.1,11413.0
5729,48881.0,13,49873688,49765126,480.2,5331.0
5730,48884.6,13,49848820,49764899,752.7,9739.0
5731,48889.5,13,49750803,655442856,711.0,8073.0
5732,48890.4,13,5445800908,49717965,730.5,8218.0
5733,48892.9,13,49763049,49824259,479.6,5275.0
5734,48893.1,13,5698252199,49748048,269.2,2981.0
5735,48895.8,13,49820714,49778722,579.2,6421.0
5736,48896.7,13,49741058,1497983555,444.0,6011.0
5737,48900.6,13,49809715,49744012,759.7,10391.0
5738,48902.6,13,49810122,49778274,1101.9,12791.0
5739,48904.1,13,49793729,49778937,337.8,4060.0
5740,48904.6,13,49770789,49810128,443.6,5296.0
5741,48906.2,13,49763606,49811966,491.8,5503.0
5742,48918.6,13,49787160,3016605388,289.8,3917.0
5743,48922.3,13,49770670,49785338,267.2,3072.0
5744,48926.8,13,1379471223,49745305,195.3,2192.0
5745,48929.4,13,49865768,49721277,435.1,4955.0
5746,48931.2,13,49777795,49882753,310.8,3518.0
5747,48937.4,13,3012535014,2627477675,460.8,5308.0
5748,48939.6,13,49770670,10088243549,612.9,7092.0
5749,48940.5,13,49855611,2591046474,717.0,8806.0
5750,48942.7,13,3027832454,1937256110,452.8,5008.0
5751,48942.8,13,447591561,1467728485,1373.1,16760.0
5752,48943.8,13,49774087,9166612486,333.7,3842.0
5753,48944.3,13,5698252199,49789898,142.8,1609.0
5754,48948.6,13,49745632,49780847,337.5,4021.0
5755,48950.4,13,49743415,3012829811,331.6,3642.0
5756,48951.3,13,1017489190,49746651,325.2,3595.0
5757,48952.6,13,11198264296,49756578,247.8,3279.0
5758,48954.4,13,49773653,49853914,268.9,2944.0
5759,48955.3,13,49801673,49819392,536.5,6049.0
5760,48959.6,13,49809721,49765859,424.4,5205.0
5761,48961.2,13,49825409,49824055,358.0,4145.0
5762,48961.2,13,641116203,49750161,375.8,5289.0
5763,48963.1,13,49745455,49765974,639.8,7188.0
5764,48963.6,13,49825108,49734612,378.6,4501.0
5765,48964.0,13,49752628,49759650,104.9,1215.0
5766,48965.3,13,3000430293,49846819,190.1,2084.0
5767,48965.9,13,49773597,1466232814,819.6,10452.0
5768,48967.5,13,49748212,3998708781,157.5,1746.0
5769,48968.2,13,3012535014,49828677,74.0,954.0
5770,48968.9,13,1243973943,1471746324,893.9,11176.0
5771,48969.5,13,1379505588,1462088982,928.2,11673.0
5772,48969.6,13,3672563449,49780078,264.9,2976.0
5773,48978.9,13,3659095236,49793549,689.7,8310.0
5774,48980.1,13,2502976209,389074956,911.9,10575.0
5775,48984.0,13,49770640,49777919,390.0,4320.0
5776,48985.1,13,49809376,49821087,666.5,8824.0
5777,48986.6,13,3125716147,6007151792,662.0,8120.0
5778,48987.7,13,49863186,4807147204,356.8,3937.0
5779,48990.3,13,49762191,8636398137,215.3,2429.0
5780,48990.4,13,12232117844,49850681,893.3,10292.0
5781,48993.1,13,49815281,49800667,43.9,555.0
5782,48994.2,13,49748168,13650886150,297.8,3397.0
5783,48999.4,13,9593199679,8455846792,658.7,8246.0
5784,49003.5,13,49762191,49811975,567.7,6525.0
5785,49003.7,13,49777556,647628019,260.7,3097.0
5786,49005.9,13,49773040,9768681883,307.2,3380.0
5787,49008.1,13,49863614,49827112,423.6,4656.0
5788,49009.4,13,4697534335,727833099,586.0,8321.0
5789,49011.9,13,49745193,49829878,577.7,6660.0
5790,49012.4,13,49770423,49769182,431.3,4715.0
5791,49014.0,13,49820583,49815946,957.5,11633.0
5792,49014.7,13,3669554874,49755295,643.5,8151.0
5793,49014.8,13,6799665639,655661906,516.5,6792.0
5794,49017.9,13,49820874,49779786,893.0,10146.0
5795,49018.5,13,49797586,49782613,777.7,8779.0
5796,49018.5,13,49822338,49719440,22.0,242.0
5797,49018.7,13,49803595,11198017167,730.9,8347.0
5798,49035.1,13,49741737,49777511,609.4,7474.0
5799,49036.4,13,49770423,49796554,691.7,7751.0
5800,49037.3,13,49793566,1443727058,306.9,3906.0
5801,49038.0,13,11255208766,49816406,1041.9,12106.0
5802,49041.5,13,49848293,49839144,805.4,9369.0
5803,49041.8,13,49820583,49849131,580.1,6444.0
5804,49042.3,13,49800282,1462089010,753.9,9752.0
5805,49044.7,13,8427531415,641116239,249.5,2929.0
5806,49044.9,13,5180966153,5521303041,342.2,3859.0
5807,49051.7,13,49825409,49842417,565.8,6662.0
5808,49052.5,13,641116257,655680330,463.8,5830.0
5809,49053.0,13,3012829798,641107656,251.6,2842.0
5810,49053.7,13,49741058,49745652,564.0,6222.0
5811,49053.8,13,49741703,49782082,71.6,818.0
5812,49054.0,13,49746547,49754814,545.3,6145.0
5813,49056.0,13,9134098214,49745468,401.3,4520.0
5814,49056.9,13,49853094,49739609,345.9,3871.0
5815,49057.7,13,49828695,49747251,747.0,8524.0
5816,49066.3,13,1379471556,49832844,211.2,2423.0
5817,49067.2,13,49745247,3358724761,534.6,6434.0
5818,49071.7,13,49855599,8146198871,134.4,1615.0
5819,49074.0,13,4635639617,1365013786,468.8,5796.0
5820,49076.0,13,49754051,49806810,526.1,6428.0
5821,49077.3,13,8245233135,49757541,699.2,8057.0
5822,49079.2,13,49817406,49735318,763.6,9297.0
5823,49081.0,13,4270790281,49765285,232.9,2677.0
5824,49083.1,13,11275506476,49758554,548.1,6967.0
5825,49086.0,13,49817499,642563700,398.5,4484.0
5826,49086.4,13,49787160,49734296,546.2,7219.0
5827,49087.2,13,49775514,3665019983,215.1,2402.0
5828,49087.5,13,49745186,49729919,380.0,4352.0
5829,49093.6,13,3125718572,49752377,523.9,6125.0
5830,49096.5,13,8146198871,3669554866,261.4,3057.0
5831,49097.5,13,49787616,49799834,115.5,1305.0
5832,49098.0,13,49787863,49783147,658.6,7652.0
5833,49101.9,13,655442834,49773093,477.8,5521.0
5834,49104.3,13,814299111,49871562,435.8,4578.0
5835,49104.6,13,49752621,49777350,594.7,6344.0
5836,49105.2,13,49869068,49797044,107.1,1213.0
5837,49107.8,13,49774088,49813454,385.3,4308.0
5838,49108.3,13,49750009,49747851,923.2,11734.0
5839,49109.9,13,1381204541,1472831218,919.8,11600.0
5840,49116.5,13,49789269,49777919,552.3,6254.0
5841,49119.7,13,49789218,1459299349,655.0,7336.0
5842,49120.6,13,3012535014,49878433,645.3,7782.0
5843,49125.4,13,49770715,49846989,823.2,10159.0
5844,49125.6,13,5556599906,11198779769,253.6,2848.0
5845,49125.6,13,1205178199,49750794,1159.3,11882.0
5846,49135.8,13,49787863,641116271,237.9,2670.0
5847,49136.7,13,49793777,49770684,181.3,1997.0
5848,49140.6,13,49774794,641116349,95.6,1123.0
5849,49140.8,13,49816382,49761407,503.6,6379.0
5850,49141.8,13,49748460,13265637012,461.0,5173.0
5851,49142.8,13,49774098,49816774,699.1,7754.0
5852,49142.9,13,11460035915,49861386,352.9,4168.0
5853,49143.2,13,49741703,49747301,693.0,7798.0
5854,49143.4,13,655442840,2444588197,787.9,10267.0
5855,49146.1,13,3798943055,49840055,801.5,9473.0
5856,49147.4,13,1218534986,49800648,218.0,2378.0
5857,49148.6,13,3011107102,49787467,517.3,5783.0
5858,49151.0,13,4270790281,49745273,146.5,1630.0
5859,49152.1,13,49772987,3319975330,515.5,5939.0
5860,49159.3,13,49776461,49787350,497.0,6214.0
5861,49160.1,13,49762210,2921295156,359.1,4021.0
5862,49160.2,13,641116247,49797803,616.4,7202.0
5863,49163.1,13,49752621,49748832,1021.5,12575.0
5864,49165.8,13,3669554855,49783679,621.6,7625.0
5865,49167.9,13,49762238,3872966581,426.1,5799.0
5866,49168.4,13,1804420112,49776015,179.0,2084.0
5867,49168.9,13,49820714,49875128,563.8,6276.0
5868,49170.4,13,9676179707,49758386,537.3,6416.0
5869,49170.9,13,6799665639,49741724,503.0,6027.0
5870,49174.5,13,49743972,4459063257,1108.5,14790.0
5871,49178.0,13,701602949,4000829364,554.7,6647.0
5872,49183.5,13,49797063,49788673,288.2,3209.0
5873,49184.2,13,49805505,49778226,511.4,5706.0
5874,49186.5,13,49741695,49868764,799.4,9039.0
5875,49187.7,13,3415851740,647043621,312.1,4496.0
5876,49197.1,13,49764791,49878289,268.6,2925.0
5877,49197.3,13,11347623954,49841937,326.2,4070.0
5878,49198.2,13,49777795,49831110,631.9,8085.0
5879,49201.5,13,49745676,49741274,277.2,3206.0
5880,49202.7,13,49869068,49831110,878.8,10744.0
5881,49204.5,13,49787863,2765545482,335.5,3907.0
5882,49204.9,13,3672563449,49758425,579.6,6812.0
5883,49205.0,13,49773036,49826524,278.3,4102.0
5884,49205.4,13,3012535014,49789907,461.0,5290.0
5885,49207.3,13,49769580,49751213,872.7,9747.0
5886,49207.3,13,638898885,49773663,577.4,6715.0
5887,49213.3,13,49820743,611230384,1227.6,15077.0
5888,49215.3,13,49842421,49764445,342.4,3832.0
5889,49215.4,13,655247774,49786131,892.8,9842.0
5890,49222.9,13,49766721,49819462,194.0,2115.0
5891,49224.7,13,49787453,49842505,446.3,5060.0
5892,49226.0,13,49776112,49740362,905.7,10459.0
5893,49229.7,13,49774098,49878441,663.8,7333.0
5894,49236.3,13,49789376,3415851740,793.7,10603.0
5895,49238.5,13,49825190,49745417,509.3,6261.0
5896,49244.4,13,49870270,49779778,407.0,5313.0
5897,49248.2,13,1364987325,49743578,170.5,2005.0
5898,49249.6,13,1439584651,49885034,670.1,7505.0
5899,49251.0,13,49809200,49801406,905.0,11147.0
5900,49253.8,13,447591561,49719895,490.7,5520.0
5901,49254.4,13,49745677,7494204321,560.7,6355.0
5902,49254.5,13,49764791,49770805,260.1,2916.0
5903,49257.0,13,2440761314,49767441,250.5,2820.0
5904,49258.4,13,49748725,1486632849,606.7,7880.0
5905,49267.1,13,1364987325,49768301,863.5,9794.0
5906,49269.8,13,642044494,49773008,617.8,9441.0
5907,49272.2,13,49775514,49811058,506.3,5910.0
5908,49272.8,13,3798943055,610608392,600.4,7329.0
5909,49276.2,13,49793777,49823952,406.5,4472.0
5910,49276.2,13,9592908693,49882741,623.9,7481.0
5911,49279.7,13,49789362,49822876,284.7,3800.0
5912,49281.6,13,49741104,49738826,427.5,5570.0
5913,49281.8,13,49878097,49793889,1020.0,12431.0
5914,49286.5,13,49773040,3667966669,365.0,4233.0
5915,49287.3,13,49765155,13733853857,591.4,8086.0
5916,49288.1,13,9136825813,3056586921,360.1,4007.0
5917,49290.7,13,49741058,49740160,559.1,6270.0
5918,49291.2,13,49773012,2911584522,128.3,1408.0
5919,49293.9,13,49765145,49805172,594.3,6608.0
5920,49295.2,13,8146198871,49824719,394.9,4511.0
5921,49299.8,13,49749374,9124461219,648.3,7729.0
5922,49302.1,13,49797596,49765245,128.0,1415.0
5923,49302.2,13,49777696,49765285,449.5,5038.0
5924,49304.2,13,867659605,1484482232,718.7,8827.0
5925,49305.2,13,5445789508,635178708,59.7,680.0
5926,49305.4,13,11460035915,49840055,449.4,5273.0
5927,49305.7,13,49756297,49769366,1190.9,14228.0
5928,49308.1,13,49777795,8266808753,350.5,4161.0
5929,49313.7,13,49822365,49761746,583.8,7122.0
5930,49314.8,13,1484481543,49794286,49.8,490.0
5931,49326.8,13,49819386,13765588195,403.2,4971.0
5932,49327.4,13,4082394063,647044168,360.4,4043.0
5933,49331.7,13,3006022047,2900167803,581.0,8114.0
5934,49333.6,13,49774081,49778382,833.5,9937.0
5935,49333.7,13,49853696,49800319,168.6,1885.0
5936,49335.9,13,49748212,9660139029,286.9,3199.0
5937,49339.0,13,642563716,49839471,542.9,6771.0
5938,49340.7,13,774340109,642395689,275.8,4374.0
5939,49343.4,13,49732272,49773590,307.7,3672.0
5940,49344.4,13,49745232,49716219,733.6,8747.0
5941,49348.2,13,49750332,3798943074,1091.9,13104.0
5942,49352.6,13,49773532,49792973,645.4,7883.0
5943,49353.9,13,49725576,49750630,383.9,4268.0
5944,49356.6,13,49745676,1443727116,305.5,3507.0
5945,49359.2,13,49745240,49805505,334.3,3743.0
5946,49361.1,13,49731621,49807229,751.7,8784.0
5947,49364.9,13,49721277,49839482,326.6,4005.0
5948,49365.0,13,3661066117,3900798353,735.0,8679.0
5949,49369.7,13,5445800908,8455846792,747.0,9385.0
5950,49372.7,13,49745636,49812478,724.0,9141.0
5951,49376.0,13,49788457,49762999,918.8,10283.0
5952,49379.2,13,49738093,2136710718,281.1,3204.0
5953,49379.5,13,49758271,49854250,238.7,2652.0
5954,49380.0,13,49779896,12232117844,407.2,4766.0
5955,49380.2,13,9676179707,641965151,405.1,5252.0
5956,49381.1,13,49816382,49835163,986.1,11682.0
5957,49382.3,13,49881497,49764397,411.5,4534.0
5958,49390.1,13,1484481847,3670782170,408.6,5471.0
5959,49390.5,13,49764251,49731575,501.0,6383.0
5960,49390.9,13,49774087,49752784,773.6,9243.0
5961,49390.9,13,49777712,3665467710,816.9,9499.0
5962,49395.3,13,3378222899,49767443,259.0,2941.0
5963,49395.5,13,49745457,49877844,207.4,2302.0
5964,49397.7,13,49763640,49752709,188.9,1936.0
5965,49401.1,13,49762286,641073478,40.8,508.0
5966,49404.3,13,4635639617,49768478,172.0,1990.0
5967,49406.1,13,1381204541,49810664,106.1,1196.0
5968,49407.3,13,49741730,49717477,76.3,806.0
5969,49407.7,13,49741730,49846738,223.8,2493.0
5970,49410.4,13,647044393,49743224,684.1,7815.0
5971,49413.5,13,8411842743,7554685045,422.8,5575.0
5972,49414.4,13,49888809,3656193305,1023.7,13962.0
5973,49416.8,13,49779896,49764863,441.7,5810.0
5974,49417.4,13,3637842788,49756088,835.6,10346.0
5975,49417.7,13,49810128,49752366,411.0,4681.0
5976,49418.3,13,9797239771,49766030,940.4,11014.0
5977,49420.9,13,49770684,49882347,49.1,550.0
5978,49425.3,13,3378222897,49788601,840.4,9492.0
5979,49425.7,13,49767517,49761370,569.7,6742.0
5980,49433.0,13,49748050,49829604,767.3,8800.0
5981,49434.0,13,49848293,3672563449,427.5,4901.0
5982,49439.5,13,13431097737,3667951405,196.5,2148.0
5983,49440.6,13,3661066115,49803409,955.6,10973.0
5984,49444.0,13,262173261,49770676,263.7,2929.0
5985,49445.5,13,49793729,12532857266,506.6,5588.0
5986,49455.2,13,3012535147,3665453350,771.4,8535.0
5987,49459.5,13,3378222897,49804364,616.9,6978.0
5988,49463.8,13,49745468,641127560,470.0,5347.0
5989,49470.6,13,49777795,49773609,274.0,3137.0
5990,49473.2,13,49745186,49823743,386.4,4412.0
5991,49477.9,13,49802301,49780323,450.5,5057.0
5992,49480.7,13,49745676,49815138,204.1,2461.0
5993,49485.2,13,49720045,49871037,749.9,8415.0
5994,49486.6,13,814299119,49749097,459.2,5079.0
5995,49486.6,13,49809715,49873440,672.1,7943.0
5996,49486.6,13,1381204541,49766026,557.4,6279.0
5997,49488.2,13,49720045,49794286,1030.7,11454.0
5998,49488.7,13,49773532,49764352,154.6,1848.0
5999,49491.0,13,49774098,2896020706,941.4,11941.0
6000,49495.5,13,2927432297,642486244,667.2,7731.0
6001,49495.8,13,49773647,3377015959,601.6,6709.0
6002,49498.1,13,49740442,9111790621,398.3,5267.0
6003,49499.7,13,49740442,3665450112,861.0,11499.0
6004,49499.9,13,49776112,49870111,230.0,2445.0
6005,49506.2,13,12292446080,49831085,1025.3,12148.0
6006,49507.7,13,49772747,49790082,385.5,4281.0
6007,49507.8,13,4001470337,49824103,354.0,3919.0
6008,49510.4,13,49740442,49797753,653.4,8360.0
6009,49511.2,13,49845726,49754661,496.5,5487.0
6010,49511.4,13,49770676,49776924,341.5,3768.0
6011,49511.9,13,49845837,49753005,435.1,4882.0
6012,49512.1,13,49765155,49859960,316.0,3644.0
6013,49516.0,13,49771030,49811686,285.2,2985.0
6014,49517.8,13,655661924,49860372,828.8,10249.0
6015,49520.5,13,49745200,49847501,451.9,4953.0
6016,49523.3,13,49774098,49830330,430.8,5749.0
6017,49527.8,13,49745188,3001334946,210.1,2387.0
6018,49530.8,13,49741058,655662478,339.1,3720.0
6019,49531.0,13,1060365691,49776068,451.9,4999.0
6020,49531.9,13,3672563449,49811714,417.7,4551.0
6021,49532.3,13,1013429968,49816269,1222.2,15526.0
6022,49534.8,13,49764374,3006129374,453.9,5258.0
6023,49536.2,13,1484481847,49811143,623.4,7340.0
6024,49537.0,13,49828695,647622726,316.0,3677.0
6025,49544.6,13,49829250,49865706,300.5,3354.0
6026,49545.6,13,1379471024,49716137,874.9,10832.0
6027,49546.8,13,49774098,13256450893,605.1,6887.0
6028,49547.6,13,3001046648,49865774,206.3,2386.0
6029,49548.2,13,49764791,647069617,414.7,4639.0
6030,49557.0,13,49740439,49729915,742.6,9266.0
6031,49560.1,13,49774098,49753017,357.7,4985.0
6032,49560.7,13,3798943055,49768161,624.6,6825.0
6033,49567.4,13,3125718572,1364987317,507.8,5920.0
6034,49569.6,13,655442853,49769686,1161.5,13952.0
6035,49571.1,13,49782277,49741027,230.6,2716.0
6036,49578.9,13,49782277,49830548,201.3,2525.0
6037,49580.2,13,13259914865,49741020,474.1,5269.0
6038,49581.1,13,655442839,49800294,332.3,3804.0
6039,49582.1,13,49745677,2899430519,562.7,6334.0
6040,49583.9,13,3012784293,49809266,277.1,2980.0
6041,49586.5,13,49767196,49790249,607.0,7426.0
6042,49588.9,13,1381216023,49775483,251.8,2828.0
6043,49592.2,13,3669554855,645963446,19.1,241.0
6044,49597.7,13,49853085,49734879,736.3,9935.0
6045,49597.8,13,49745188,49747844,388.1,4259.0
6046,49604.8,13,3125716147,49793217,410.6,4718.0
6047,49605.3,13,49776461,5851387631,444.0,5142.0
6048,49618.2,13,49745214,1486620277,789.3,10192.0
6049,49619.1,13,10921172728,49732114,446.9,5168.0
6050,49620.3,13,49745468,49830069,827.4,10467.0
6051,49622.1,13,646031052,8530666836,526.6,6977.0
6052,49622.2,13,49883336,49802317,783.4,9839.0
6053,49622.6,13,3240030410,49822464,507.3,5571.0
6054,49625.9,13,49792123,49858012,262.6,2749.0
6055,49626.7,13,49741038,647044202,269.1,3002.0
6056,49627.2,13,49758271,49847959,211.2,2346.0
6057,49627.6,13,49774087,49774088,9.3,104.0
6058,49629.5,13,49853094,49735019,597.3,8126.0
6059,49635.2,13,11261031488,49767423,337.2,3678.0
6060,49635.9,13,1205178199,49765234,359.2,3112.0
6061,49637.6,13,49779896,49775980,192.5,2142.0
6062,49648.1,13,49782277,49850671,281.8,3302.0
6063,49650.1,13,49764314,49796711,543.3,6508.0
6064,49650.6,13,49776461,49848835,763.9,9114.0
6065,49652.6,13,49770715,49747865,345.8,3901.0
6066,49655.5,13,49764271,1479893407,691.7,8645.0
6067,49657.7,13,4935980603,49789329,695.6,9271.0
6068,49665.7,13,3011565329,883610590,446.0,5665.0
6069,49666.1,13,3027663729,4643951068,379.2,5036.0
6070,49669.1,13,49873440,49826533,984.2,12281.0
6071,49672.2,13,49745677,49741782,131.1,1217.0
6072,49672.6,13,49827853,49745289,389.0,4294.0
6073,49677.2,13,49841029,647043994,692.6,9153.0
6074,49678.1,13,49770684,49803265,279.8,3074.0
6075,49680.9,13,49773040,641127521,308.9,3539.0
6076,49681.4,13,49771030,49787261,1406.6,16656.0
6077,49681.6,13,49773040,49764893,372.4,4981.0
6078,49682.4,13,49870940,49792357,751.2,8961.0
6079,49683.9,13,49764271,49877875,235.4,2615.0
6080,49684.7,13,655442853,876615362,341.5,4113.0
6081,49694.5,13,49809177,49752671,396.4,4614.0
6082,49696.2,13,49745232,49764980,532.9,5612.0
6083,49697.0,13,49749203,641116186,502.5,6737.0
6084,49709.5,13,3669554866,12497001318,344.4,4098.0
6085,49715.2,13,49756297,49756643,460.3,4888.0
6086,49718.0,13,49745693,645963249,381.9,4247.0
6087,49719.1,13,49789379,49791711,478.3,5684.0
6088,49721.0,13,49745468,641127591,452.1,5145.0
6089,49722.4,13,49769187,49848490,630.5,6780.0
6090,49722.8,13,4629699772,49829971,374.5,4499.0
6091,49722.8,13,4561710230,49745296,126.5,1414.0
6092,49729.2,13,1243973943,655662484,472.4,5593.0
6093,49732.8,13,49741095,2974621124,385.2,4255.0
6094,49733.6,13,1484482239,49789229,686.3,8585.0
6095,49737.4,13,49762225,1009070282,454.5,5446.0
6096,49738.0,13,49793411,49831447,710.4,8221.0
6097,49740.6,13,1363151551,9768681883,309.2,3444.0
6098,49742.2,13,49740244,49856113,17.3,194.0
6099,49742.6,13,49745650,1462088982,1075.5,13561.0
6100,49745.2,13,49789284,49850691,664.5,7682.0
6101,49746.6,13,49745677,49837606,304.5,3579.0
6102,49747.3,13,3016605388,49745296,298.7,3354.0
6103,49747.8,13,3001353540,49763568,465.5,5219.0
6104,49748.7,13,49845837,49774382,806.5,9314.0
6105,49749.8,13,49825108,49761678,730.5,8210.0
6106,49752.0,13,49747457,49788128,462.1,4944.0
6107,49754.8,13,49889382,49764911,278.6,2891.0
6108,49758.7,13,49810876,49751279,530.6,7377.0
6109,49763.9,13,49745636,11267614267,336.5,3921.0
6110,49765.2,13,5698252199,49837084,418.4,5049.0
6111,49770.8,13,49873688,641127587,522.6,6392.0
6112,49771.7,13,3669554866,49823020,853.6,9775.0
6113,49774.5,13,49888809,49741033,530.4,6066.0
6114,49774.5,13,13790612928,49794431,460.6,5333.0
6115,49775.9,13,49821002,49792270,218.1,2381.0
6116,49778.6,13,49730129,49764321,502.0,6067.0
6117,49780.5,13,3240030410,5564258805,236.1,2591.0
6118,49781.6,13,1362307924,49825121,308.2,3455.0
6119,49784.5,13,3001016717,49776008,293.9,3295.0
6120,49785.9,13,49770789,1493945484,631.5,8294.0
6121,49788.0,13,49777815,49787740,217.6,2475.0
6122,49789.2,13,1381307998,3366676341,576.1,6599.0
6123,49790.3,13,49770680,3000324000,370.5,4294.0
6124,49796.2,13,49745284,49768706,422.5,4645.0
6125,49799.7,13,3672563449,1364961100,235.2,2628.0
6126,49799.7,13,49858017,49741735,381.6,4263.0
6127,49805.8,13,49745200,49765108,102.0,1167.0
6128,49806.6,13,49827531,49886177,682.0,7571.0
6129,49808.3,13,3669554866,49806987,595.8,6683.0
6130,49809.7,13,49782369,49747351,602.1,6880.0
6131,49812.1,13,5180966153,49787486,436.5,5222.0
6132,49814.0,13,1381212154,49770680,151.9,1703.0
6133,49817.4,13,1381216023,49893410,280.4,3170.0
6134,49818.1,13,49762210,642701953,343.3,3977.0
6135,49819.1,13,646031052,49764451,538.4,6375.0
6136,49819.1,13,10921172728,49739795,530.1,6359.0
6137,49821.5,13,49756373,1747739825,451.5,5447.0
6138,49822.6,13,49772747,49825108,549.2,6285.0
6139,49823.2,13,642317837,49863421,630.5,8496.0
6140,49823.8,13,49770676,49809715,129.3,1554.0
6141,49826.8,13,49729179,49772825,641.1,7189.0
6142,49829.2,13,49751728,1013367404,1153.3,14451.0
6143,49833.9,13,49756474,49747457,277.5,3378.0
6144,49834.0,13,49768440,1017220740,294.5,3445.0
6145,49841.0,13,3001016717,49770338,499.5,6084.0
6146,49843.6,13,1381216023,7131110940,672.6,7814.0
6147,49843.9,13,4935980603,49749062,639.6,8206.0
6148,49845.4,13,2629963166,49752307,816.2,10168.0
6149,49845.8,13,49777795,49772805,622.9,7245.0
6150,49847.5,13,8299152846,49715946,670.8,8304.0
6151,49850.5,13,2046464958,5192159439,116.6,1319.0
6152,49855.0,13,4792249103,10125817774,318.0,2383.0
6153,49856.6,13,49740442,3661066118,942.0,12585.0
6154,49862.5,13,49772551,49773519,163.0,1795.0
6155,49865.9,13,49756566,49804586,315.9,4391.0
6156,49874.7,13,49743231,49773543,541.0,6546.0
6157,49874.9,13,49764337,49734107,98.1,1101.0
6158,49877.8,13,49856113,49751881,962.6,13223.0
6159,49880.2,13,49772987,49810245,745.0,9239.0
6160,49882.2,13,49816382,49820727,725.5,8081.0
6161,49886.1,13,641127560,1482962008,890.9,10413.0
6162,49890.0,13,655442853,49729902,219.2,2541.0
6163,49891.2,13,49829250,5343232402,668.0,8679.0
6164,49895.0,13,3669554865,49745923,454.3,6156.0
6165,49895.5,13,49865768,49875116,200.5,2245.0
6166,49897.5,13,49762243,638452556,327.4,3738.0
6167,49900.5,13,3012535014,49797437,246.6,3331.0
6168,49902.6,13,49853878,49781377,700.5,7698.0
6169,49905.6,13,3378222899,49821787,583.8,6994.0
6170,49905.8,13,49770708,49779846,243.2,2727.0
6171,49907.3,13,49799808,3667950066,674.9,7760.0
6172,49909.0,13,638062063,634784056,499.7,6009.0
6173,49909.8,13,49817254,49758493,1013.4,11253.0
6174,49914.9,13,49839140,4630052969,285.4,3173.0
6175,49917.8,13,49777795,49797678,319.9,3649.0
6176,49918.2,13,447591561,49748539,587.1,6700.0
6177,49923.3,13,49762191,49723047,604.5,7665.0
6178,49927.5,13,49745457,49741160,404.7,4463.0
6179,49927.7,13,49764791,49759660,379.4,4151.0
6180,49927.9,13,49745247,49764863,450.7,6076.0
6181,49929.1,13,12687209031,49791920,803.3,8983.0
6182,49931.5,13,49752115,7615491509,1000.5,12538.0
6183,49932.1,13,49771030,9166612489,571.7,6810.0
6184,49935.9,13,49789376,876615209,585.8,6857.0
6185,49939.2,13,774340109,49816305,564.5,6672.0
6186,49942.1,13,49745677,49760465,1085.0,13104.0
6187,49942.9,13,49780558,3657251450,623.5,7651.0
6188,49946.4,13,49782599,3370866929,542.3,6648.0
6189,49948.2,13,49773558,3001166927,176.1,1989.0
6190,49949.6,13,49762383,49889179,452.7,5099.0
6191,49950.9,13,655247774,641107725,312.8,3936.0
6192,49952.6,13,49782599,5564258808,1100.8,12236.0
6193,49952.9,13,49776112,49777792,447.9,5014.0
6194,49953.0,13,49876468,641939695,751.8,9780.0
6195,49956.0,13,49803595,632935663,130.8,1500.0
6196,49958.7,13,49759499,4000786670,877.4,11634.0
6197,49958.8,13,49820583,49766682,540.0,6235.0
6198,49960.9,13,49822338,49808317,1274.2,16100.0
6199,49962.2,13,655442853,4894487931,495.6,6003.0
6200,49962.2,13,3011107102,1364961115,295.9,3478.0
6201,49964.4,13,49741703,641940023,510.8,6235.0
6202,49964.8,13,49758271,49826533,257.5,2782.0
6203,49965.2,13,49741703,49739355,589.3,6982.0
6204,49965.3,13,5698252199,49797044,204.5,2369.0
6205,49966.0,13,49843692,4365422595,291.7,2753.0
6206,49967.2,13,49774093,49817660,701.7,7951.0
6207,49969.3,13,49741095,49840836,509.3,5833.0
6208,49969.9,13,1804420112,49764326,237.6,2659.0
6209,49970.9,13,49792123,49789482,179.9,2052.0
6210,49972.2,13,49820743,49745434,465.4,5123.0
6211,49973.0,13,8592032116,3373614208,873.1,10393.0
6212,49973.6,13,1804420112,49812378,345.4,4030.0
6213,49980.2,13,49756892,584597180,714.8,8304.0
6214,49981.8,13,49860783,49741149,847.8,9906.0
6215,49984.2,13,6541847546,49819015,690.4,8281.0
6216,49984.3,13,49725576,49858952,473.5,5301.0
6217,49985.7,13,49825409,49850541,402.1,4138.0
6218,49988.4,13,4001470337,49869665,373.4,4536.0
6219,49991.0,13,49865817,49818046,635.4,7450.0
6220,49992.5,13,1362307924,49813499,399.0,4391.0
6221,49999.6,13,647619114,49726541,562.1,6811.0
6222,49999.7,13,49797596,49828440,330.6,3680.0
6223,50001.1,13,49756578,5558800238,441.0,4765.0
6224,50006.8,13,49777792,1502527414,622.8,7635.0
6225,50009.7,13,49722409,49745415,885.7,11440.0
6226,50010.8,13,655661924,49846416,936.9,11675.0
6227,50011.3,13,49773055,49837454,401.7,4733.0
6228,50015.8,13,49829250,3665450117,805.7,9284.0
6229,50019.4,13,3358724774,49865768,717.0,8576.0
6230,50021.7,13,11460035915,49756530,377.8,4132.0
6231,50024.4,13,49856112,49861165,251.1,2799.0
6232,50024.6,13,49763640,49789251,168.6,1745.0
6233,50025.3,13,49745636,49786369,725.5,8449.0
6234,50029.0,13,49774087,1014110633,564.2,6241.0
6235,50030.2,13,49732272,49772296,579.5,6302.0
6236,50040.7,13,1381204541,1014110633,423.3,4768.0
6237,50042.5,13,49778302,647030745,783.9,9338.0
6238,50053.6,13,49748725,49770805,436.3,5092.0
6239,50053.9,13,49789333,49881997,477.8,5418.0
6240,50055.7,13,49776461,49769213,504.7,5820.0
6241,50060.1,13,49770684,49760923,767.2,9599.0
6242,50062.7,13,49792123,49843060,541.6,6898.0
6243,50066.1,13,49793566,49809721,208.4,2229.0
6244,50068.1,13,1618429530,2602417947,595.9,7669.0
6245,50068.6,13,49821763,1381251515,676.4,7711.0
6246,50068.6,13,49787486,49768706,382.5,4299.0
6247,50077.5,13,641116226,49841785,246.0,2662.0
6248,50078.4,13,49844851,3998708781,89.6,1007.0
6249,50079.2,13,49799633,9136682512,146.0,1605.0
6250,50079.5,13,3358724774,49860839,850.8,10218.0
6251,50082.7,13,3016605388,11332977611,238.8,2911.0
6252,50084.4,13,9797239771,1277879211,265.8,2820.0
6253,50085.3,13,49756892,49739795,603.8,6835.0
6254,50085.7,13,11831784024,3378222907,487.5,6805.0
6255,50087.6,13,8592032116,1012017708,722.7,8676.0
6256,50090.4,13,49809177,49776262,900.1,11082.0
6257,50090.6,13,49759091,13607253872,706.4,7943.0
6258,50094.9,13,1484331315,49861125,704.2,8556.0
6259,50094.9,13,2286013912,49776015,165.4,1708.0
6260,50095.6,13,655442853,49778964,654.4,7542.0
6261,50100.1,13,447591561,49793690,543.9,6215.0
6262,50101.0,13,49751728,49788448,772.0,9654.0
6263,50104.6,13,49878097,5966168898,331.5,3957.0
6264,50106.3,13,4325552562,49738815,697.1,9113.0
6265,50106.9,13,4597151559,49719416,183.7,2126.0
6266,50109.4,13,49743686,645963548,540.8,7624.0
6267,50109.8,13,49797596,49817430,232.8,2608.0
6268,50110.1,13,49762383,49803373,352.1,4157.0
6269,50111.2,13,3012829811,49756545,349.1,3878.0
6270,50113.4,13,49776461,3373614232,979.1,11560.0
6271,50116.4,13,641116232,49800308,103.8,1152.0
6272,50118.9,13,49848293,49856163,443.0,4999.0
6273,50125.7,13,3012829811,49756606,327.0,3715.0
6274,50135.0,13,11198264296,49760280,737.3,8844.0
6275,50140.2,13,49756578,49771194,615.3,7978.0
6276,50141.9,13,1014110633,49766365,332.0,3372.0
6277,50142.7,13,49878097,49739598,511.5,5705.0
6278,50145.9,13,49863614,49742701,20.4,200.0
6279,50146.0,13,49799808,49800308,128.5,1453.0
6280,50147.6,13,1379471556,647628071,114.7,1296.0
6281,50148.7,13,49741737,49786207,484.5,5718.0
6282,50153.4,13,49769407,49729820,813.9,10062.0
6283,50154.0,13,641116257,1364961088,257.1,2895.0
6284,50154.6,13,49769580,641110826,570.8,6598.0
6285,50156.9,13,49767517,3895350118,644.3,8121.0
6286,50157.9,13,3240030410,49750206,649.8,7571.0
6287,50159.1,13,655447275,49788603,1121.9,13194.0
6288,50169.8,13,49745240,49848412,660.4,8662.0
6289,50174.5,13,49765234,49734616,368.1,4195.0
6290,50175.2,13,49825190,49788100,366.3,4068.0
6291,50182.3,13,3012429028,49764352,234.5,2763.0
6292,50188.2,13,49767517,5445932105,621.4,7051.0
6293,50188.8,13,49748212,49765992,301.3,3512.0
6294,50194.0,13,49782349,49798186,546.3,6201.0
6295,50198.2,13,49724395,49842421,346.7,4003.0
6296,50200.1,13,49845850,11608939093,525.5,5890.0
6297,50208.4,13,49762191,3390097469,163.6,1856.0
6298,50215.6,13,2927432297,49762897,809.0,9149.0
6299,50220.1,13,49774098,49779105,388.1,5273.0
6300,50222.1,13,49745232,3661066113,552.3,6592.0
6301,50222.3,13,4561710231,11563313320,324.6,3778.0
6302,50226.6,13,1440867110,49827979,857.8,10555.0
6303,50227.3,13,1017391970,965778739,236.1,2583.0
6304,50227.4,13,49748725,49804425,619.4,6956.0
6305,50228.3,13,49843692,1473511592,1099.9,13338.0
6306,50234.3,13,1618429530,49761419,614.0,7604.0
6307,50236.4,13,4935980603,49776216,533.5,6224.0
6308,50236.9,13,49792107,3378616474,276.2,3248.0
6309,50242.8,13,49858017,49745240,264.2,2952.0
6310,50244.8,13,9983605758,2046464958,121.8,1343.0
6311,50247.3,13,2974621123,49735124,583.8,6729.0
6312,50247.4,13,49779907,49726708,470.7,5109.0
6313,50255.3,13,49846816,49843005,219.0,2590.0
6314,50255.8,13,49773070,49815006,521.5,6463.0
6315,50257.9,13,49721610,5556601526,325.6,3639.0
6316,50260.2,13,49745680,49753909,940.4,12067.0
6317,50262.5,13,49793729,49730741,403.4,4528.0
6318,50264.0,13,49793411,49770680,668.5,8149.0
6319,50265.7,13,49741730,2099955610,284.3,3166.0
6320,50268.2,13,49770670,49801673,160.2,1791.0
6321,50268.7,13,641087352,49780856,576.4,7859.0
6322,50271.6,13,49865234,9983605755,284.1,3230.0
6323,50274.5,13,49716899,49811714,421.2,5264.0
6324,50279.3,13,49809200,49804253,606.7,7027.0
6325,50280.3,13,49769187,49745235,134.0,1494.0
6326,50282.7,13,49793670,49816978,912.2,11320.0
6327,50286.8,13,49772987,49771291,209.8,2345.0
6328,50287.1,13,49763064,3391713444,701.8,8490.0
6329,50288.4,13,9723903189,2748976055,460.7,5608.0
6330,50297.7,13,49741695,10806883923,547.9,6003.0
6331,50300.9,13,49772987,49843101,435.1,5185.0
6332,50304.0,13,49725576,49818935,434.9,4851.0
6333,50307.2,13,49744587,641111009,599.1,8484.0
6334,50314.5,13,49797596,49831064,530.8,6021.0
6335,50315.7,13,1364987325,49818173,567.4,6309.0
6336,50322.1,13,1379471024,49720056,500.4,5600.0
6337,50324.3,13,4082394063,49747949,359.1,3778.0
6338,50327.2,13,49752628,49856112,245.5,2699.0
6339,50328.9,13,49810876,49846846,17.7,174.0
6340,50330.3,13,49873688,1364989296,750.2,8476.0
6341,50331.5,13,49787160,49797753,680.5,8231.0
6342,50332.0,13,49820874,49836899,1081.6,12065.0
6343,50336.0,13,49803721,49847215,342.1,3829.0
6344,50338.8,13,9968466642,49741341,526.9,6000.0
6345,50341.8,13,49801673,49810877,279.9,3117.0
6346,50343.5,13,2927432297,49823438,840.3,10915.0
6347,50350.2,13,3661066526,5558783202,913.7,11002.0
6348,50363.2,13,49809189,1243974177,57.5,642.0
6349,50366.2,13,49745243,49812437,514.2,5618.0
6350,50367.7,13,49773040,49841339,802.7,11370.0
6351,50368.3,13,49797063,49755648,902.3,11139.0
6352,50369.0,13,49770627,2629963166,280.3,3113.0
6353,50372.9,13,49774087,49849857,284.1,3508.0
6354,50378.7,13,49787890,49770627,145.2,1607.0
6355,50379.7,13,11198264296,49744361,623.1,7097.0
6356,50381.4,13,49810122,49773369,437.1,5531.0
6357,50381.5,13,49724395,49771085,727.1,8323.0
6358,50383.5,13,8146198871,49870525,719.6,8428.0
6359,50383.9,13,49778050,49863346,228.2,2520.0
6360,50388.0,13,655680824,49847649,445.2,5010.0
6361,50388.3,13,49741710,49847427,388.0,4295.0
6362,50389.3,13,49768440,49735021,733.1,9634.0
6363,50395.3,13,49888300,49810877,687.3,8345.0
6364,50395.9,13,49748725,11267614265,402.0,4659.0
6365,50396.0,13,2629963167,49772729,540.6,5970.0
6366,50399.0,13,49769187,3027832454,309.8,3524.0
6367,50410.3,14,49799643,13610567875,522.9,6256.0
6368,50412.6,14,1379495867,49818974,435.2,5056.0
6369,50430.5,14,49770627,49870181,344.7,3782.0
6370,50436.4,14,49750332,13437605384,118.6,1295.0
6371,50444.1,14,1021561602,49764352,304.2,3222.0
6372,50445.1,14,1804420112,2456351046,657.8,7350.0
6373,50453.1,14,3007042409,49748387,772.1,9163.0
6374,50460.6,14,49745193,49803409,490.2,5431.0
6375,50462.7,14,4697534335,646190836,512.8,7039.0
6376,50474.0,14,49803595,3006713664,547.1,6618.0
6377,50481.1,14,49756892,49777843,373.7,4205.0
6378,50485.3,14,49748223,49811771,578.1,6368.0
6379,50492.5,14,9968466642,49768414,474.7,6646.0
6380,50495.0,14,49773557,49752837,329.1,4505.0
6381,50524.5,14,49878097,49878531,915.6,11477.0
6382,50527.9,14,3005831881,49773653,546.4,6450.0
6383,50529.8,14,633923743,2305183793,251.7,2751.0
6384,50546.6,14,49788610,49886287,876.0,10459.0
6385,50558.3,14,1017391970,1497928122,862.6,10428.0
6386,50560.0,14,49745282,49721268,572.2,6382.0
6387,50563.6,14,814299119,1443727189,486.1,5316.0
6388,50567.9,14,49829250,49813496,425.7,4699.0
6389,50582.4,14,49777712,49741735,129.1,1527.0
6390,50611.6,14,49741274,2428739670,248.1,3141.0
6391,50617.7,14,49745677,49755025,1179.9,14189.0
6392,50618.2,14,49782130,49825405,682.1,7557.0
6393,50619.0,14,49800282,9751954814,689.3,9442.0
6394,50659.2,14,1379471105,9593237038,241.8,2680.0
6395,50682.8,14,3669554865,1473898566,643.5,7955.0
6396,50688.5,14,9676179707,7676315863,360.6,4078.0
6397,50693.3,14,49825108,49739815,341.9,4005.0
6398,50701.0,14,49745629,49729831,219.8,2568.0
6399,50736.0,14,49888809,49842979,268.9,2946.0
6400,50741.5,14,49745129,2921295166,587.4,6511.0
6401,50753.8,14,3012829811,49802597,564.1,6467.0
6402,50754.3,14,49809177,49793670,83.5,904.0
6403,50759.8,14,2502976209,3531416323,486.5,5624.0
6404,50780.2,14,49745676,49765988,719.2,8186.0
6405,50781.0,14,3125716147,49853001,928.2,9767.0
6406,50790.9,14,49863611,49839180,278.7,3018.0
6407,50792.7,14,3670756345,49744836,297.8,3204.0
6408,50801.8,14,1004809645,1493897288,1012.2,12528.0
6409,50811.8,14,9130874912,49776068,395.1,4510.0
6410,50812.0,14,2927432300,639415544,856.8,10855.0
6411,50814.1,14,49797401,49751728,459.9,5515.0
6412,50825.3,14,49770680,49892627,764.3,9877.0
6413,50839.4,14,8245233135,49766019,456.2,5185.0
6414,50840.6,14,5170081599,646216604,532.9,7056.0
6415,50842.6,14,49817092,1493946174,571.1,6480.0
6416,50843.4,14,49777795,1013429968,538.7,6491.0
6417,50844.6,14,11255208766,49797006,683.7,8396.0
6418,50851.4,14,49789376,3376996968,751.3,8347.0
6419,50865.5,14,49800238,49861005,413.4,4381.0
6420,50888.8,14,49826586,49754311,1073.8,12831.0
6421,50891.3,14,4935980603,647030730,331.9,4571.0
6422,50893.9,14,49869068,9526260024,133.6,1502.0
6423,50920.5,14,49741703,49746651,589.2,6664.0
6424,50934.4,14,49762238,49744222,737.0,9578.0
6425,50938.2,14,49752115,647069598,405.9,4386.0
6426,50951.2,14,49745188,49782141,193.5,2222.0
6427,50957.0,14,647031903,49875724,785.7,8739.0
6428,50966.4,14,12128376033,49745374,497.0,5493.0
6429,50969.2,14,1618429530,49849529,257.7,3274.0
6430,50975.5,14,5433244222,3608370820,923.6,11024.0
6431,50975.7,14,1205178199,49745296,648.1,6038.0
6432,50977.7,14,49721610,49781673,262.1,2875.0
6433,51000.5,14,49752628,49794626,585.4,6442.0
6434,51004.6,14,3012829798,641127591,248.8,2816.0
6435,51017.9,14,49752621,49809230,389.6,4263.0
6436,51041.0,14,1379495867,49741163,323.6,3892.0
6437,51045.7,14,1381307995,12068811315,216.7,2315.0
6438,51084.1,14,49797586,49817070,693.6,8264.0
6439,51084.3,14,4951816813,634784054,360.5,4392.0
6440,51092.1,14,49799147,9526260022,255.0,2858.0
6441,51092.2,14,49820583,9723923050,959.1,11757.0
6442,51125.7,14,3013407820,49726402,497.5,5619.0
6443,51141.9,14,49719415,4325552566,232.3,2666.0
6444,51158.2,14,49820874,49727929,525.3,5873.0
6445,51190.5,14,49770672,11198265615,400.1,4467.0
6446,51196.0,14,49820583,49757982,671.2,7618.0
6447,51201.7,14,49876468,49858823,343.9,4399.0
6448,51209.9,14,641116203,49719416,164.8,1924.0
6449,51212.2,14,49774093,49777566,338.2,3742.0
6450,51227.0,14,3378222897,4365422605,483.2,5363.0
6451,51242.8,14,49773040,1440554109,473.2,6868.0
6452,51265.0,14,1205178199,649840270,1173.5,13283.0
6453,51276.1,14,49882753,49765949,587.4,6559.0
6454,51279.9,14,9983605758,5564258808,456.0,5126.0
6455,51281.6,14,1017391974,49752864,394.7,4752.0
6456,51288.1,14,49793566,49765073,282.7,3502.0
6457,51288.5,14,49748716,49741807,549.8,6548.0
6458,51298.3,14,3012429028,1364971556,246.0,2867.0
6459,51314.9,14,3001016717,49826848,283.0,3093.0
6460,51316.4,14,49722409,3001171736,247.4,3636.0
6461,51318.3,14,49782369,49824145,592.0,6971.0
6462,51323.8,14,49745193,49849131,375.6,4093.0
6463,51326.3,14,49801673,49744686,516.1,5786.0
6464,51331.8,14,5180966153,2664170700,336.9,3926.0
6465,51339.6,14,4001557203,49740100,522.9,5906.0
6466,51346.5,14,49741076,2765545523,688.2,8029.0
6467,51359.8,14,49770684,49748172,292.1,3312.0
6468,51361.1,14,8245233135,49734570,584.0,7625.0
6469,51362.6,14,49769580,49779994,418.4,4597.0
6470,51375.5,14,9136825795,49756558,392.2,4382.0
6471,51378.1,14,49825409,49792278,601.7,6526.0
6472,51384.0,14,49756566,7131110940,811.5,9584.0
6473,51384.8,14,1017391974,49756857,38.9,421.0
6474,51386.6,14,4635639617,49785947,603.2,6815.0
6475,51390.5,14,49820743,49787774,478.4,5383.0
6476,51406.0,14,49775993,49734618,222.6,2478.0
6477,51407.9,14,49770789,49842996,185.9,2108.0
6478,51424.7,14,3012784293,49734729,241.5,2708.0
6479,51428.9,14,49825108,3376996930,275.1,3053.0
6480,51463.1,14,49745644,638452556,193.0,2176.0
6481,51489.7,14,49810831,49811185,693.2,8665.0
6482,51494.3,14,49745335,49724754,929.7,11170.0
6483,51521.0,14,49827624,49813384,163.7,1801.0
6484,51521.0,14,49776416,262542282,546.4,6432.0
6485,51531.1,14,11460035915,4059272468,641.9,7113.0
6486,51542.1,14,49793777,49860783,585.9,7367.0
6487,51554.4,14,49809698,49718410,470.5,5578.0
6488,51577.2,14,49745461,262249791,389.7,4449.0
6489,51577.3,14,49793211,49801021,1014.2,11428.0
6490,51594.8,14,49745691,1243974177,279.4,3227.0
6491,51596.8,14,49776112,49850686,702.6,7863.0
6492,51617.1,14,49800282,49772857,695.2,8589.0
6493,51620.5,14,49741673,49723087,736.6,9385.0
6494,51628.5,14,3016708830,49860792,665.0,8107.0
6495,51632.8,14,49894515,49858173,674.8,8320.0
6496,51634.5,14,49845830,49758776,1058.2,12763.0
6497,51651.6,14,49787616,1443170224,573.0,7698.0
6498,51654.6,14,49865234,49747702,969.5,11219.0
6499,51656.7,14,49773205,49830896,1059.8,14285.0
6500,51669.8,14,49749838,49769178,653.9,8798.0
6501,51670.1,14,49774081,49889089,843.8,10148.0
6502,51677.7,14,49797596,49793211,507.5,5696.0
6503,51703.6,14,49793983,49775344,526.1,5521.0
6504,51723.0,14,641128680,49862016,704.7,8569.0
6505,51746.7,14,1618429530,49751207,863.4,10471.0
6506,51749.3,14,49773040,49754531,342.8,3838.0
6507,51756.9,14,49745676,49855269,450.5,5112.0
6508,51764.5,14,49745284,49797015,122.7,1358.0
6509,51766.5,14,49745240,49783893,821.8,10198.0
6510,51770.4,14,49767194,7554685045,204.4,2374.0
6511,51771.5,14,49772633,49797543,356.8,4007.0
6512,51782.9,14,49745628,49767970,516.4,5878.0
6513,51786.6,14,1362307924,49777474,917.3,11031.0
6514,51789.7,14,49772964,49789496,346.6,4387.0
6515,51798.7,14,49777628,49748539,671.2,8924.0
6516,51802.0,14,49820757,49773485,358.6,3911.0
6517,51810.9,14,3016605388,49724253,264.9,2972.0
6518,51816.8,14,1740764624,49850691,434.6,4944.0
6519,51818.6,14,49745193,5564258801,416.5,4575.0
6520,51821.8,14,49809189,49803963,773.3,9401.0
6521,51822.0,14,49853094,49853914,134.6,1492.0
6522,51845.5,14,49778302,49853917,659.3,7484.0
6523,51866.1,14,49795273,9131079912,123.0,1415.0
6524,51880.2,14,49741730,49773756,870.3,12127.0
6525,51882.9,14,49762210,4117423518,214.5,2465.0
6526,51889.2,14,49817092,1379505465,477.8,5814.0
6527,51906.2,14,1804420112,49755469,277.2,3068.0
6528,51925.1,14,49743972,49734630,992.9,11591.0
6529,51926.3,14,262430827,49793537,195.8,2405.0
6530,51927.2,14,3415159798,49770670,460.9,5893.0
6531,51927.7,14,49773581,1484269578,678.0,8567.0
6532,51940.5,14,6541847546,3005713074,179.3,2278.0
6533,51959.2,14,49842421,4059272484,420.5,4565.0
6534,51965.3,14,49866935,49765851,792.3,9332.0
6535,51966.3,14,49839137,49768419,448.7,4964.0
6536,51968.5,14,49810122,49775360,746.8,9956.0
6537,51977.4,14,49789218,49809694,482.7,6423.0
6538,51978.0,14,49756892,644504509,641.7,7163.0
6539,51989.8,14,814299111,49788104,335.1,3938.0
6540,51991.1,14,4001557203,49797421,131.8,1530.0
6541,51996.9,14,49809189,647069617,447.8,5025.0
6542,52015.2,14,49770782,49751277,602.0,7733.0
6543,52015.3,14,49809177,646229803,657.1,8037.0
6544,52018.0,14,49824719,49878067,192.4,2213.0
6545,52023.8,14,3240030410,49747428,455.7,5509.0
6546,52029.0,14,655442853,49788042,154.4,1683.0
6547,52030.9,14,3670756345,3370788210,729.7,8568.0
6548,52039.7,14,49809189,3378222907,266.9,2983.0
6549,52042.5,14,49770672,49774864,260.1,2963.0
6550,52046.4,14,49788457,13428997379,312.9,3757.0
6551,52050.5,14,49741058,49804128,352.6,3993.0
6552,52072.9,14,49745650,3000563551,597.0,6911.0
6553,52074.9,14,49809189,49868291,528.6,5885.0
6554,52080.1,14,49785338,49744817,454.0,5209.0
6555,52087.1,14,49780562,642604676,262.0,2939.0
6556,52090.0,14,49774093,49770805,555.0,6177.0
6557,52099.3,14,49770680,49814074,286.5,3397.0
6558,52099.3,14,3415159798,49789504,517.9,6965.0
6559,52111.8,14,49863186,49762845,921.6,12117.0
6560,52113.0,14,49780562,49816494,132.3,1486.0
6561,52117.2,14,49752628,1379549941,478.3,5385.0
6562,52124.5,14,2167451939,49843151,689.4,8054.0
6563,52163.6,14,1004809645,49776928,335.7,3586.0
6564,52167.0,14,49802301,49746280,881.1,10097.0
6565,52175.1,14,49820714,3370788209,675.0,7193.0
6566,52179.0,14,49797596,5521303041,64.2,747.0
6567,52181.6,14,49752115,49716936,974.3,12277.0
6568,52206.2,14,49809200,49757909,373.5,4331.0
6569,52206.5,14,49770715,2987628345,890.0,11741.0
6570,52217.9,14,8592032116,10992137994,492.5,5696.0
6571,52220.4,14,646031052,3007587814,486.5,5210.0
6572,52224.9,14,1379495867,1486620614,802.7,10239.0
6573,52234.2,14,49787160,3665480425,332.3,3615.0
6574,52236.1,14,49719415,49800101,743.2,8599.0
6575,52237.6,14,49793773,49743994,751.8,10094.0
6576,52246.5,14,3016708830,1472831401,783.4,10074.0
6577,52249.3,14,49866935,49801475,1106.6,13365.0
6578,52259.0,14,641116223,3373614196,544.3,6499.0
6579,52264.8,14,1364989296,49796906,516.9,5991.0
6580,52275.3,14,49845830,49801378,968.2,11894.0
6581,52290.3,14,3240030410,13757592207,750.3,8391.0
6582,52293.1,14,49866935,49847389,479.1,5250.0
6583,52294.6,14,49752115,49826874,770.2,8496.0
6584,52300.2,14,49833602,49773581,649.8,8658.0
6585,52313.7,14,642334076,49744817,178.2,1967.0
6586,52316.9,14,49787487,3900798865,694.7,7910.0
6587,52353.7,14,49774091,647628019,316.1,3654.0
6588,52372.6,14,6777089507,9591171716,388.0,4548.0
6589,52399.9,14,49881497,10154670182,297.9,3264.0
6590,52400.6,14,49753516,49759988,1001.1,13399.0
6591,52401.5,14,49780840,1443727108,236.8,2622.0
6592,52404.0,14,4561710231,13556260338,519.9,6259.0
6593,52408.6,14,49773581,10921172726,566.6,7061.0
6594,52414.2,14,49770670,49756545,431.5,4864.0
6595,52446.4,14,49821763,49878328,222.2,2887.0
6596,52470.1,14,49767196,13790612928,263.6,3003.0
6597,52471.0,14,655680757,49773012,273.4,3866.0
6598,52471.3,14,9136825795,49741274,221.0,2494.0
6599,52480.6,14,49745225,49809897,877.9,10572.0
6600,52485.3,14,49808183,49838779,439.0,4805.0
6601,52485.9,14,11831784024,49844851,613.4,8778.0
6602,52494.5,14,11255208766,13259914865,601.4,7012.0
6603,52498.8,14,3665450111,49845486,1115.2,14211.0
6604,52498.9,14,5698252199,49861176,222.4,2501.0
6605,52511.0,14,49776427,49781749,481.8,5264.0
6606,52513.4,14,49770423,49762602,424.9,5963.0
6607,52519.5,14,49741730,49804191,519.9,6336.0
6608,52527.9,14,49746428,1443482393,521.8,6492.0
6609,52537.6,14,5445800908,49826530,669.0,8643.0
6610,52548.6,14,3012784293,9130918414,282.1,3295.0
6611,52554.9,14,49797401,3665019990,229.6,2546.0
6612,52556.9,14,49827531,3151812441,338.7,3754.0
6613,52559.2,14,49752579,13765366376,732.8,8688.0
6614,52566.3,14,6796840442,8099163559,596.7,7719.0
6615,52581.5,14,6777089504,49843253,254.4,3219.0
6616,52583.0,14,49740442,49765040,37.9,394.0
6617,52585.9,14,2974621123,2765102972,534.1,6520.0
6618,52599.2,14,49752628,9526260027,402.0,4428.0
6619,52619.7,14,49752621,49782592,520.1,6008.0
6620,52621.1,14,7494204321,49744314,655.8,8163.0
6621,52642.8,14,49769187,3001288930,399.0,4419.0
6622,52649.2,14,5433244222,49831503,845.5,10286.0
6623,52650.8,14,49772633,1381251515,344.8,3916.0
6624,52656.4,14,49888300,49749077,498.6,5746.0
6625,52661.6,14,3001016717,649841275,576.4,7396.0
6626,52669.2,14,49734621,49761847,985.2,12291.0
6627,52674.5,14,3012429028,9983605755,192.8,2101.0
6628,52683.1,14,49773539,49754024,421.9,4855.0
6629,52710.5,14,2286013912,49800662,254.1,2934.0
6630,52714.4,14,49801673,49845885,277.9,3081.0
6631,52722.7,14,49764794,49766029,582.4,6537.0
6632,52744.5,14,646065021,2136710698,739.3,9011.0
6633,52759.3,14,49756297,49828453,496.7,5143.0
6634,52769.7,14,4697534335,49752851,327.7,3867.0
6635,52772.6,14,49820743,3667950068,481.9,4967.0
6636,52777.9,14,49794431,1377259040,578.0,6546.0
6637,52778.4,14,12687209031,4325552565,523.8,6320.0
6638,52790.4,14,49745247,3461396741,141.0,1574.0
6639,52793.3,14,49770684,5170081599,373.6,4500.0
6640,52802.3,14,49853085,49756456,492.7,5468.0
6641,52810.0,14,49770789,49813859,624.7,8211.0
6642,52810.1,14,5180966153,1443727118,518.0,6908.0
6643,52838.1,14,49846819,49877875,196.9,2207.0
6644,52840.4,14,49745193,486891548,291.2,3427.0
6645,52859.0,14,12128376033,49816414,397.1,4434.0
6646,52861.4,14,49820743,49845486,1155.4,13827.0
6647,52884.3,14,49824748,2921295150,362.1,4074.0
6648,52885.2,14,49745232,49770946,337.2,3750.0
6649,52890.9,14,49782241,49742460,364.2,4002.0
6650,52894.7,14,49817091,49869068,517.5,6294.0
6651,52917.5,14,49741673,49862580,934.3,11220.0
6652,52919.8,14,49753516,1443727143,806.2,9569.0
6653,52928.8,14,3608395904,1493859547,237.0,2807.0
6654,52936.7,14,1205178199,12532857266,920.9,9033.0
6655,52966.3,14,49767451,3372255996,419.8,4975.0
6656,52971.6,14,8288816498,1937256110,735.6,7445.0
6657,52974.4,14,1484481543,1486524329,632.6,7142.0
6658,52974.7,14,4597151559,11255208754,700.6,8203.0
6659,52976.3,14,49741695,2954221698,774.7,9112.0
6660,52989.3,14,1484269578,49843101,933.2,11390.0
6661,52997.8,14,655442853,49784079,969.7,11768.0
6662,52998.4,14,49787774,49763637,310.8,3611.0
6663,53002.5,14,1379471556,49844851,234.9,2660.0
6664,53005.7,14,4792249103,49811067,760.8,8750.0
6665,53033.9,14,49797596,4633399537,967.3,12100.0
6666,53035.8,14,5320434814,49797275,828.8,10847.0
6667,53045.7,14,49765245,1243974350,169.5,1880.0
6668,53049.5,14,49787160,49735154,799.0,9702.0
6669,53059.8,14,3672563449,49742460,698.7,7746.0
6670,53063.6,14,49773558,49750455,319.4,3595.0
6671,53074.3,14,49750169,9480293895,259.3,2906.0
6672,53088.2,14,49817254,2921295479,970.1,12169.0
6673,53097.6,14,49752579,641964879,600.7,6869.0
6674,53106.9,14,49782040,49754685,535.9,6192.0
6675,53107.6,14,49873888,49730919,688.5,7970.0
6676,53126.5,14,4630137710,3657249999,419.5,4803.0
6677,53127.4,14,49773526,3669554871,30.2,334.0
6678,53129.7,14,49769187,49806714,552.4,6418.0
6679,53138.3,14,1060365691,49863611,475.4,5328.0
6680,53181.7,14,49770684,49723532,500.2,6456.0
6681,53182.2,14,3240030410,49770646,261.1,2965.0
6682,53182.8,14,49801673,1386997334,722.1,8151.0
6683,53198.6,14,49773539,5325469688,129.2,1476.0
6684,53218.3,14,3105427804,49751453,824.8,9348.0
6685,53231.0,14,49748050,3900798861,807.1,9373.0
6686,53237.0,14,3672563449,49769171,72.4,769.0
6687,53237.1,14,8461692431,49803715,274.8,3141.0
6688,53245.1,14,49720045,7059740321,264.6,2923.0
6689,53252.9,14,49845830,1443482364,562.6,6453.0
6690,53253.0,14,49774079,49823491,416.6,4816.0
6691,53258.0,14,49849239,49756905,597.7,6605.0
6692,53265.8,14,3240030410,3006085743,156.9,1768.0
6693,53275.4,14,49773040,49760268,455.8,4883.0
6694,53292.1,14,4935980603,49774932,471.3,6051.0
6695,53302.2,14,49774093,49771085,429.4,5142.0
6696,53302.4,14,3125718572,49821453,874.6,9826.0
6697,53310.6,14,49777795,49878967,296.1,3484.0
6698,53326.1,14,7802243127,9723903189,164.6,2510.0
6699,53345.3,14,49762191,49811156,688.3,8514.0
6700,53345.7,14,2286013912,1472831199,1123.0,13477.0
6701,53351.1,14,9676179707,3001569199,259.4,2936.0
6702,53354.6,14,49762191,49789128,653.9,8209.0
6703,53368.1,14,3000233170,49790534,754.2,9065.0
6704,53395.4,14,49745282,49745461,144.0,1616.0
6705,53416.7,14,49805505,49828164,950.4,12026.0
6706,53421.0,14,49724395,49780579,364.0,4050.0
6707,53423.5,14,3240030410,49825825,341.2,3764.0
6708,53426.1,14,49825409,49832655,621.0,7367.0
6709,53441.2,14,4325552565,655442853,393.2,4547.0
6710,53444.8,14,49779980,2921295183,541.2,6142.0
6711,53446.5,14,49756892,49809334,669.0,7500.0
6712,53452.4,14,49853085,49785802,145.3,1691.0
6713,53457.0,14,4975093911,49765376,672.2,7681.0
6714,53458.5,14,1439584651,49767417,275.6,3065.0
6715,53465.9,14,49777795,49764321,149.1,1726.0
6716,53474.6,14,49810122,49722667,211.3,2362.0
6717,53474.7,14,49863614,49734622,506.8,5515.0
6718,53475.6,14,5128694815,49744867,351.6,3897.0
6719,53479.1,14,646190646,49779784,279.0,2941.0
6720,53482.9,14,49825108,13790612928,188.3,2173.0
6721,53508.6,14,49773040,49812502,40.0,432.0
6722,53509.9,14,49762207,49854704,925.4,11117.0
6723,53517.6,14,49745284,49819186,882.5,10741.0
6724,53518.5,14,49748168,49809694,160.7,1783.0
6725,53526.6,14,49745677,49802547,665.6,7612.0
6726,53551.6,14,49801673,49776426,695.0,7863.0
6727,53558.9,14,49797596,646031256,458.1,5400.0
6728,53571.0,14,4697534335,49859960,311.2,3725.0
6729,53580.7,14,49745232,49754013,560.6,6386.0
6730,53585.9,14,12529163241,49813480,216.6,2377.0
6731,53586.6,14,1060365691,49775043,223.1,2439.0
6732,53589.5,14,49801673,49764867,559.5,7139.0
6733,53595.8,14,49820583,49749085,238.9,2714.0
6734,53598.6,14,8146198871,13437605384,41.9,447.0
6735,53610.1,14,49740442,49753799,580.1,7179.0
6736,53612.3,14,655247774,49762286,270.1,3001.0
6737,53612.6,14,49809715,49803409,466.5,5243.0
6738,53634.0,14,4000799765,49754681,279.7,3064.0
6739,53675.3,14,49777556,49817459,333.4,3910.0
6740,53675.5,14,49820981,13446783792,608.3,7440.0
6741,53675.9,14,49777696,49764445,298.4,3368.0
6742,53679.2,14,49734621,2921295183,128.4,1363.0
6743,53693.4,14,49777795,49778882,679.1,7587.0
6744,53699.9,14,49820874,49755512,1324.2,15830.0
6745,53700.0,14,49771030,1484481700,1049.9,12278.0
6746,53722.8,14,49745240,10738980702,257.2,2788.0
6747,53771.2,14,49762210,49841106,636.3,8881.0
6748,53791.7,14,641073443,1479893407,902.6,11520.0
6749,53794.0,14,655662508,49764911,85.1,958.0
6750,53799.5,14,49881497,641940023,843.6,10602.0
6751,53820.2,14,4792249103,49773055,383.5,4282.0
6752,53834.3,14,3358724774,49777899,871.9,10695.0
6753,53851.6,14,9983605758,49784169,351.8,4011.0
6754,53855.5,14,9968466642,655662478,63.7,713.0
6755,53880.3,14,655442840,49743898,450.3,5408.0
6756,53888.1,14,49803595,49884234,631.5,8371.0
6757,53888.3,14,49770789,49846416,769.4,9332.0
6758,53888.7,14,49778302,49770703,598.7,6659.0
6759,53906.5,14,11261031488,49772857,714.1,8727.0
6760,53917.2,14,49762225,49722499,561.4,7797.0
6761,53917.6,14,49801673,49773558,248.6,2778.0
6762,53925.2,14,5180966153,3377015965,509.4,6066.0
6763,53947.1,14,49780562,9484974789,651.2,7244.0
6764,53961.2,14,49810871,49774341,624.5,8074.0
6765,53968.0,14,5128694819,6799800703,883.2,11457.0
6766,53970.4,14,49800282,49765113,174.3,2067.0
6767,53972.6,14,49782369,49764782,878.9,10312.0
6768,53998.2,14,655247775,49719434,595.0,6990.0
6769,53998.3,14,655442853,49809715,439.0,5193.0
6770,54003.4,15,49745636,13437605384,332.0,3982.0
6771,54004.6,15,12974478437,49788716,465.1,5169.0
6772,54018.7,15,1379471223,1482009088,966.7,11513.0
6773,54019.8,15,49789376,49809266,494.0,5779.0
6774,54036.9,15,49745301,49717288,747.1,9668.0
6775,54044.4,15,49816382,5564258806,164.9,1838.0
6776,54049.9,15,6777089507,49825155,297.3,3726.0
6777,54053.9,15,2975016185,1243973909,474.3,6036.0
6778,54093.8,15,49719415,49780198,589.4,6547.0
6779,54097.0,15,8288816498,49796023,964.5,10280.0
6780,54097.7,15,4303519741,49748067,298.8,3468.0
6781,54098.2,15,3240030410,49839912,156.0,1755.0
6782,54120.2,15,49748212,49887704,283.6,3176.0
6783,54156.3,15,49809189,1013367449,623.2,7376.0
6784,54161.2,15,49839137,49780852,476.2,5258.0
6785,54193.8,15,11198440879,49792943,587.4,6674.0
6786,54196.4,15,49804146,49773008,374.2,4529.0
6787,54201.3,15,6541847546,3000563555,116.6,1316.0
6788,54208.0,15,49770708,49743894,840.6,10670.0
6789,54222.6,15,647044393,648753368,384.4,4992.0
6790,54224.3,15,1017391974,5020305616,788.7,9758.0
6791,54226.4,15,49863614,49741274,425.7,4679.0
6792,54229.5,15,3125718572,1360061145,780.0,8552.0
6793,54244.3,15,2629963166,49889658,175.3,1971.0
6794,54265.0,15,49774098,49811662,811.7,9118.0
6795,54287.2,15,49773040,49745193,97.8,1086.0
6796,54306.8,15,3012829798,49856917,781.8,9622.0
6797,54307.1,15,49797596,49856113,208.0,2319.0
6798,54345.2,15,49774093,10806883917,403.0,4272.0
6799,54361.6,15,49853037,49763018,622.3,8380.0
6800,54369.7,15,447591561,49764371,542.3,6170.0
6801,54391.4,15,9797239771,49824135,392.2,4458.0
6802,54404.4,15,49720045,49809228,513.6,5575.0
6803,54416.1,15,12687209031,49723252,1156.4,14205.0
6804,54429.1,15,3012784293,49727929,267.3,2993.0
6805,54446.0,15,49762383,2440761314,126.9,1467.0
6806,54446.0,15,49815809,49868924,1086.0,12857.0
6807,54450.2,15,49763104,49862705,425.3,5608.0
6808,54460.6,15,49752621,49770691,347.9,3796.0
6809,54502.2,15,49741730,49793537,286.6,3239.0
6810,54505.3,15,3005239459,49752651,784.0,8782.0
6811,54530.4,15,49773581,10978669007,52.6,588.0
6812,54555.9,15,49789376,49820781,385.3,4793.0
6813,54584.4,15,49770684,49757541,631.5,7292.0
6814,54598.0,15,49776112,900114288,1079.5,13083.0
6815,54608.5,15,641128680,49780087,255.8,2876.0
6816,54613.9,15,1740764624,2967630728,764.7,9610.0
6817,54623.5,15,49762243,9300516158,798.9,10013.0
6818,54632.5,15,3001016717,8455863520,271.5,3533.0
6819,54652.0,15,49774091,49859675,557.1,6208.0
6820,54708.3,15,49752621,12626290815,520.9,5382.0
6821,54710.6,15,49772964,1467728483,703.8,8677.0
6822,54726.5,15,49803595,49765108,250.2,2738.0
6823,54749.4,15,49745461,647044100,361.4,3977.0
6824,54755.7,15,49848293,49749851,1049.4,13792.0
6825,54756.0,15,49817254,49823438,180.7,1988.0
6826,54774.1,15,12128376033,49774382,655.7,7666.0
6827,54781.4,15,49734622,3027832454,410.4,4668.0
6828,54782.7,15,49789205,49788237,364.9,4072.0
6829,54796.4,15,49745628,49776469,359.8,4204.0
6830,54798.1,15,3659095236,49802328,193.7,2331.0
6831,54815.2,15,49762383,655442834,297.0,3665.0
6832,54819.9,15,3670756345,647043645,328.7,3821.0
6833,54824.2,15,641116184,49865706,70.6,808.0
6834,54835.3,15,49774079,49718001,600.8,7494.0
6835,54840.1,15,11460035915,49778464,462.7,5177.0
6836,54845.7,15,49866935,49882039,529.4,5810.0
6837,54869.3,15,49778050,1443727079,444.2,4977.0
6838,54876.2,15,49745193,642421191,373.1,5178.0
6839,54895.5,15,49773062,49774070,261.2,2804.0
6840,54903.8,15,1379471556,1017391844,228.6,2582.0
6841,54922.0,15,49822338,49752651,502.4,5257.0
6842,54926.9,15,49825108,1486620277,603.4,8082.0
6843,54927.5,15,4629699772,49852910,549.9,6408.0
6844,54937.9,15,49869068,49791858,418.7,4644.0
6845,54948.6,15,49762191,635178708,184.1,2080.0
6846,54951.6,15,49785338,9124461219,226.3,2559.0
6847,54973.9,15,49810122,49741798,660.0,7971.0
6848,54975.0,15,8636398137,7818462163,513.9,5639.0
6849,54977.6,15,3012784288,13001964548,761.1,9504.0
6850,54984.0,15,1364961100,49790029,296.4,3221.0
6851,54987.9,15,49772987,49856917,715.2,8999.0
6852,55009.0,15,49799643,2899430519,175.6,1902.0
6853,55037.6,15,638452596,49789800,544.8,6807.0
6854,55050.1,15,3672563449,8496737174,811.5,10534.0
6855,55092.9,15,1381307998,49760543,736.0,9622.0
6856,55112.3,15,12520587443,49860792,185.0,2210.0
6857,55140.7,15,13686935904,49792270,36.8,404.0
6858,55141.8,15,1484481512,49750710,380.1,4543.0
6859,55158.4,15,1381216023,1017391970,251.6,2819.0
6860,55169.1,15,49762207,13768951934,204.6,2296.0
6861,55172.8,15,49745200,1484481847,475.7,5507.0
6862,55181.1,15,49777556,49766721,292.8,3470.0
6863,55181.2,15,49774091,1243974048,417.0,4786.0
6864,55181.7,15,49762225,1466232612,791.5,10347.0
6865,55201.9,15,49845830,6799665643,594.9,7143.0
6866,55207.6,15,49789251,49739513,427.8,4645.0
6867,55212.9,15,49842421,49810434,74.0,771.0
6868,55214.2,15,49820583,49781414,1092.9,13107.0
6869,55214.9,15,647026143,649839521,537.0,7107.0
6870,55221.3,15,49750169,49717971,517.5,6753.0
6871,55222.1,15,633923743,49763143,572.2,6211.0
6872,55257.6,15,49776461,49817116,989.8,11102.0
6873,55260.5,15,49745204,49893618,732.2,9853.0
6874,55276.2,15,49741730,647628141,130.2,1466.0
6875,55284.5,15,49852910,49854250,805.4,9960.0
6876,55296.2,15,49809715,49811905,429.7,4769.0
6877,55301.7,15,4000799765,2896020536,1010.5,11442.0
6878,55313.1,15,49745214,49872045,261.2,2950.0
6879,55328.9,15,3125718572,2921295151,641.1,7392.0
6880,55333.2,15,1381307998,49770708,209.2,2304.0
6881,55335.4,15,49753516,49896776,249.9,2762.0
6882,55356.4,15,655680757,49789291,618.6,8270.0
6883,55373.5,15,49797586,49790389,356.7,3959.0
6884,55374.9,15,49845830,647026222,425.8,4887.0
6885,55377.5,15,49776916,49746512,684.9,7564.0
6886,55378.2,15,1379471556,49826805,400.2,4486.0
6887,55409.0,15,49774098,49723285,457.9,5144.0
6888,55425.6,15,49816388,49811096,790.0,9721.0
6889,55432.0,15,49773040,647043735,220.2,2562.0
6890,55442.6,15,3012535014,49750470,196.3,2253.0
6891,55463.9,15,49763640,49858012,429.7,4777.0
6892,55468.0,15,49752628,49796711,214.3,2365.0
6893,55503.1,15,49758282,2921295149,585.6,6484.0
6894,55512.4,15,49756892,49896597,1125.8,13357.0
6895,55532.1,15,49763640,262249791,327.2,3707.0
6896,55537.3,15,49797596,49755047,824.5,10919.0
6897,55545.7,15,49782255,49790968,395.9,4499.0
6898,55576.5,15,1363151551,5993559715,140.9,1584.0
6899,55636.1,15,49845726,647628098,96.1,1067.0
6900,55662.5,15,4001470337,49803424,622.8,7011.0
6901,55718.0,15,49782349,49750696,774.3,9432.0
6902,55719.5,15,49774093,49750630,546.5,5955.0
6903,55724.0,15,49764791,49816319,715.0,8457.0
6904,55727.4,15,49865768,49814377,415.2,4782.0
6905,55737.7,15,49842421,49770676,301.4,3366.0
6906,55778.1,15,49774081,49777955,146.3,1618.0
6907,55778.7,15,49888809,49804397,320.6,3594.0
6908,55800.2,15,3798943055,49807113,988.4,11763.0
6909,55831.4,15,5180966153,49828368,652.2,8762.0
6910,55836.0,15,12974478437,49739815,387.8,4293.0
6911,55863.4,15,49762191,49745137,759.3,9079.0
6912,55867.1,15,49752621,49809439,85.3,829.0
6913,55879.8,15,49774091,49782655,724.3,8644.0
6914,55897.6,15,706911255,49760727,722.9,9573.0
6915,55901.9,15,49787774,49764899,501.1,6591.0
6916,55902.4,15,49789362,49849432,763.6,9605.0
6917,55902.9,15,706911255,1493824963,662.8,9036.0
6918,55907.4,15,3669554857,1574810799,754.5,9779.0
6919,55912.9,15,49828695,49773027,257.6,3080.0
6920,55936.2,15,49797063,9257612257,672.4,8084.0
6921,55974.8,15,7494204321,49789967,695.3,7581.0
6922,55980.1,15,49853085,49801203,263.8,2931.0
6923,55992.1,15,49776916,49763357,1162.4,14510.0
6924,56010.0,15,49774098,49715946,647.3,7652.0
6925,56020.4,15,49799643,49766721,241.8,2751.0
6926,56028.5,15,4935980603,610608392,365.2,4909.0
6927,56028.5,15,1014110633,3370788209,386.5,4382.0
6928,56033.4,15,49741695,49747895,616.1,6796.0
6929,56042.1,15,49782349,49764326,436.9,4926.0
6930,56042.5,15,1618429530,49740620,809.4,9015.0
6931,56045.5,15,49770423,3286086576,311.3,3375.0
6932,56058.8,15,49741274,49777795,319.9,3619.0
6933,56065.6,15,4792249103,49764461,397.0,4412.0
6934,56066.1,15,13790612928,49859675,540.7,5944.0
6935,56067.7,15,3001353540,49770627,394.5,4510.0
6936,56075.0,15,12232117844,49789385,536.1,6417.0
6937,56102.5,15,49801058,49745106,251.7,2692.0
6938,56103.8,15,49744587,657211757,365.3,4113.0
6939,56140.4,15,49815281,49815786,1201.4,15782.0
6940,56143.4,15,1365050114,49785338,398.0,4615.0
6941,56147.7,15,655442839,49820714,844.4,9567.0
6942,56151.5,15,49800238,9591301826,918.1,10799.0
6943,56151.9,15,3001046648,49745693,460.7,5187.0
6944,56155.2,15,655442838,1379505588,479.7,5399.0
6945,56158.9,15,49763606,49765113,222.0,2494.0
6946,56164.4,15,11261031486,1439584651,77.5,895.0
6947,56166.7,15,49803595,49757901,471.6,5569.0
6948,56170.0,15,49807555,49716549,334.2,4416.0
6949,56191.0,15,641127560,49823743,441.1,5281.0
6950,56203.6,15,1440867110,49861125,170.1,1902.0
6951,56226.2,15,49774098,49810204,419.1,5404.0
6952,56231.9,15,655680757,49765992,391.4,4348.0
6953,56240.4,15,49779907,3370866947,496.3,5819.0
6954,56253.3,15,49748460,49813443,367.0,4087.0
6955,56261.5,15,49747457,49873888,672.9,8322.0
6956,56265.1,15,49774098,965778739,574.8,6354.0
6957,56275.1,15,49799643,49769159,679.5,8848.0
6958,56277.3,15,3016605388,49794324,654.0,8417.0
6959,56290.2,15,5320434814,49765797,326.7,3693.0
6960,56309.1,15,8427531415,1012017912,625.2,7067.0
6961,56318.2,15,1013429968,49747879,218.9,2138.0
6962,56334.9,15,4792249103,49815565,366.6,4475.0
6963,56347.8,15,701602949,49766187,350.5,3855.0
6964,56352.5,15,49748151,49765138,417.3,4908.0
6965,56376.6,15,49853085,1499499879,736.6,9036.0
6966,56395.2,15,655442853,49771006,536.9,6234.0
6967,56399.8,15,49742771,49731194,946.6,9878.0
6968,56434.1,15,447591561,49825717,835.0,9788.0
6969,56440.3,15,4975093911,49724754,864.7,10197.0
6970,56444.8,15,49792107,49793979,394.0,4831.0
6971,56451.5,15,49745240,11267636269,203.8,2305.0
6972,56504.8,15,49816382,49794216,118.7,1133.0
6973,56508.7,15,9968466642,49790968,573.0,6648.0
6974,56527.6,15,641116283,1364961102,187.5,2115.0
6975,56538.6,15,1017489190,49746670,303.1,3583.0
6976,56544.3,15,49797543,49791126,813.5,10040.0
6977,56548.1,15,9136825813,49768453,175.4,2007.0
6978,56549.6,15,49776461,49741778,660.0,7601.0
6979,56553.2,15,49810876,49803373,410.6,4592.0
6980,56571.5,15,49794206,49774079,63.4,665.0
6981,56575.1,15,641116213,49870183,461.5,5270.0
6982,56580.9,15,49773526,7615491509,555.3,7144.0
6983,56585.3,15,49853085,11569406867,106.6,1182.0
6984,56590.9,15,2440761314,49727240,644.1,7634.0
6985,56602.2,15,4597151559,49778690,554.9,7250.0
6986,56603.1,15,3105427804,49816494,363.2,4285.0
6987,56604.7,15,49763628,49877840,138.7,1522.0
6988,56645.8,15,3798943055,49797032,540.3,6643.0
6989,56658.7,15,3665450111,1484482232,1032.4,13144.0
6990,56663.5,15,6777089507,49818935,622.0,7079.0
6991,56671.4,15,49741095,49780230,517.1,6011.0
6992,56675.3,15,829675288,3125716145,786.6,9329.0
6993,56680.9,15,49773558,49764447,201.6,2360.0
6994,56683.3,15,1804420109,49824719,358.8,4093.0
6995,56684.5,15,49747467,3415851740,35.1,368.0
6996,56689.5,15,49770423,49723161,131.0,1413.0
6997,56699.0,15,49856112,49744160,931.7,11681.0
6998,56704.2,15,9130874912,49779868,507.6,5976.0
6999,56724.3,15,49793983,49737931,977.0,11825.0
7000,56759.2,15,701602949,646229586,848.1,10170.0
7001,56768.5,15,49797543,641073501,83.8,939.0
7002,56785.0,15,49839137,49837617,346.4,3864.0
7003,56786.0,15,49773557,49811628,525.6,5783.0
7004,56829.7,15,655447275,49741069,257.0,2972.0
7005,56847.6,15,9134098214,49831447,524.0,5875.0
7006,56861.7,15,49853085,4082394063,245.8,2720.0
7007,56868.0,15,11261031488,3056586923,317.9,3559.0
7008,56868.8,15,49779896,2765545510,472.5,5641.0
7009,56886.6,15,1740764624,958981230,295.9,3333.0
7010,56903.5,15,641127560,49802900,817.5,9841.0
7011,56910.4,15,2616277014,1379442037,377.7,4001.0
7012,56912.6,15,3378222899,49847215,366.3,4196.0
7013,56916.8,15,49793670,49774871,403.8,4595.0
7014,56921.7,15,49776112,49764512,597.6,6764.0
7015,56941.6,15,49773581,2921295525,453.9,5134.0
7016,56954.6,15,1379496002,3005678324,378.9,4467.0
7017,57013.0,15,49748212,5343232402,363.1,4552.0
7018,57017.9,15,1381204541,49768681,462.9,5229.0
7019,57020.0,15,49866594,49802597,107.5,1066.0
7020,57084.2,15,49797596,3369181715,633.3,7276.0
7021,57100.5,15,49745200,49753848,743.9,9370.0
7022,57109.9,15,10181394607,642395201,320.3,3466.0
7023,57188.7,15,650017956,1462032494,533.3,7724.0
7024,57193.3,15,4679133344,49747457,332.7,4492.0
7025,57204.6,15,3240030410,1364971556,208.9,2341.0
7026,57205.3,15,876615362,49768161,435.8,4886.0
7027,57224.9,15,49772633,49716672,565.0,6559.0
7028,57238.9,15,6777089507,49770727,481.8,5697.0
7029,57245.7,15,49774088,49743902,624.3,6999.0
7030,57260.0,15,49805505,49770639,238.4,2666.0
7031,57260.7,15,49799643,49841162,511.6,6764.0
7032,57265.0,15,3012535014,49765285,419.8,4786.0
7033,57272.8,15,12128376033,49848614,185.1,2073.0
7034,57283.7,15,3012535014,3027822526,80.9,966.0
7035,57334.6,15,49741274,641127592,259.4,2976.0
7036,57335.7,15,8903139403,49793218,741.1,8817.0
7037,57374.3,15,49762225,3669554868,151.8,1726.0
7038,57410.6,15,49745465,49765834,500.6,5539.0
7039,57410.9,15,49789239,49765363,238.6,2894.0
7040,57424.4,15,49749838,49842520,740.4,9857.0
7041,57432.6,15,49853037,49787931,372.9,4247.0
7042,57441.2,15,49743686,642486289,399.7,5208.0
7043,57445.3,15,646190646,645964147,475.2,5557.0
7044,57448.5,15,49734621,641116231,384.4,4386.0
7045,57463.0,15,49870940,49776570,855.3,9704.0
7046,57464.4,15,11460035915,3006129374,330.6,3897.0
7047,57476.1,15,49748066,49743552,163.1,2006.0
7048,57481.5,15,650017956,4894487931,306.3,3495.0
7049,57483.2,15,49748716,49797980,634.7,7951.0
7050,57487.7,15,49782349,49841930,241.2,3092.0
7051,57505.5,15,49762207,49870181,506.0,5775.0
7052,57509.1,15,49769187,10992264214,263.5,3025.0
7053,57515.6,15,49756892,641119742,571.9,7349.0
7054,57526.8,15,49845837,49764318,250.2,2792.0
7055,57527.2,15,641127587,49896765,394.0,4479.0
7056,57540.2,15,49772987,49763109,239.0,2608.0
7057,57552.2,15,2502976209,49818173,693.2,7954.0
7058,57554.4,15,49809189,49719539,443.3,4919.0
7059,57566.2,15,49762210,655247775,43.0,480.0
7060,57576.5,15,3378110162,49774859,195.2,2176.0
7061,57584.2,15,49752628,49882295,400.2,4514.0
7062,57620.3,16,3001171736,49861294,204.1,2313.0
7063,57620.6,16,1440867110,641899767,656.0,8402.0
7064,57624.4,16,1618429530,49775581,430.9,5616.0
7065,57634.8,16,49799643,49812500,140.0,1573.0
7066,57649.2,16,49787160,49786446,439.2,6296.0
7067,57651.2,16,49810122,49777174,658.0,7611.0
7068,57675.8,16,49770179,647087545,285.2,3403.0
7069,57678.5,16,49750803,49739903,615.5,6850.0
7070,57680.7,16,49762264,12466174907,644.9,8190.0
7071,57696.8,16,49789379,49782130,721.1,8548.0
7072,57724.1,16,49845726,49761531,539.9,6031.0
7073,57732.7,16,49777628,3388139635,1186.9,14645.0
7074,57732.7,16,11177333923,49770689,398.8,4675.0
7075,57745.9,16,49878016,1243974177,230.6,2597.0
7076,57770.9,16,2440761314,49877083,604.6,7504.0
7077,57774.1,16,49789205,49795913,759.5,9945.0
7078,57775.9,16,49724395,49812339,670.1,8518.0
7079,57783.4,16,49848686,49855157,556.3,6979.0
7080,57796.0,16,641116257,49759660,443.3,4854.0
7081,57796.5,16,49745636,11198107341,419.1,5273.0
7082,57825.7,16,9136825802,49774369,504.6,5569.0
7083,57842.3,16,49820874,49813374,715.7,8003.0
7084,57845.7,16,49756578,49845521,624.4,7755.0
7085,57861.3,16,49787884,49744115,990.5,12427.0
7086,57885.2,16,49715981,49822681,203.6,2508.0
7087,57885.2,16,49745676,49754814,464.4,5471.0
7088,57909.1,16,49773070,49773027,89.9,1005.0
7089,57922.3,16,641119730,49754618,479.5,5291.0
7090,57929.3,16,49720045,49846738,577.2,6479.0
7091,57941.6,16,1243974048,49833236,849.4,11304.0
7092,57942.6,16,49878016,49758390,343.2,4196.0
7093,57947.5,16,1014110633,49809168,402.7,4598.0
7094,57978.3,16,49776461,639381973,427.9,5585.0
7095,57980.2,16,11261031488,11198107405,338.7,3821.0
7096,58008.6,16,49774093,49718716,599.9,6507.0
7097,58015.7,16,49837617,49726338,326.2,3561.0
7098,58020.2,16,1381216023,49780074,211.2,2341.0
7099,58028.6,16,3240030410,49726708,768.6,9142.0
7100,58055.1,16,655447275,49848716,464.1,5493.0
7101,58062.7,16,49845830,49874972,456.2,5106.0
7102,58068.3,16,1004839834,49773519,180.9,2013.0
7103,58069.7,16,638062063,649839110,688.8,9070.0
7104,58070.4,16,9593199679,49741717,189.5,2086.0
7105,58075.7,16,958991607,10978669007,21.0,234.0
7106,58077.8,16,3240030410,49715999,638.6,7210.0
7107,58083.1,16,49776916,49873641,377.5,4456.0
7108,58088.3,16,49772987,49797006,151.5,1674.0
7109,58089.5,16,49842421,49826805,369.3,4297.0
7110,58108.5,16,3378222897,610608392,129.2,1460.0
7111,58120.0,16,647619114,4117423518,90.8,1016.0
7112,58125.2,16,642044494,49740561,1128.9,14892.0
7113,58154.7,16,49865768,49852925,580.6,6435.0
7114,58162.4,16,1474747464,647043925,527.7,6662.0
7115,58167.5,16,49856112,768973159,289.8,3233.0
7116,58169.7,16,49822365,641107616,831.3,9343.0
7117,58181.5,16,49764337,647628019,70.4,785.0
7118,58186.6,16,12687209031,49817499,418.4,5096.0
7119,58195.7,16,49816388,49761626,824.7,9464.0
7120,58210.0,16,4807040759,49822541,633.2,7073.0
7121,58221.0,16,49824748,49791025,503.1,6231.0
7122,58225.1,16,5433244222,49777443,799.1,9464.0
7123,58263.1,16,2974621124,1017391864,196.2,2192.0
7124,58272.2,16,49878097,49796545,893.7,11306.0
7125,58274.0,16,3637842788,49726439,891.1,11171.0
7126,58290.7,16,49745676,775930987,549.9,6040.0
7127,58295.1,16,49793729,49720056,667.7,7559.0
7128,58304.3,16,49773070,49793843,688.4,8507.0
7129,58308.4,16,49797063,49839137,335.5,3788.0
7130,58308.5,16,49770672,13265637003,373.0,4234.0
7131,58309.0,16,49782599,3370866937,516.4,6439.0
7132,58312.1,16,1484481543,49752263,881.3,10151.0
7133,58313.3,16,49844851,49742701,210.5,2290.0
7134,58341.9,16,5128694819,49801883,416.0,4759.0
7135,58361.3,16,49770639,49746286,692.4,7777.0
7136,58361.6,16,49752115,49747282,648.8,7175.0
7137,58369.9,16,6823343098,13141136442,297.8,3163.0
7138,58377.9,16,49787160,49791640,384.4,4927.0
7139,58399.4,16,49745636,49745225,133.0,1521.0
7140,58405.5,16,5320434814,49845837,62.6,691.0
7141,58407.2,16,49822338,4364801720,1335.6,15862.0
7142,58427.6,16,1381204541,49854901,861.9,10870.0
7143,58437.8,16,49888300,49793884,1526.6,18544.0
7144,58461.9,16,2927432297,49767420,664.7,7388.0
7145,58463.7,16,49820727,49745208,461.7,5159.0
7146,58517.2,16,49793729,10806883921,414.4,4563.0
7147,58531.9,16,2927473060,49773653,466.1,4802.0
7148,58538.1,16,3001016717,49762383,78.5,913.0
7149,58538.9,16,12143083687,641073478,545.9,6652.0
7150,58551.5,16,4082394063,49829514,498.3,5459.0
7151,58561.5,16,49745247,3219165573,145.1,1621.0
7152,58575.1,16,49845850,1482009088,1044.4,12420.0
7153,58590.6,16,49774098,49778487,93.8,1077.0
7154,58594.1,16,49770640,49801634,602.4,7985.0
7155,58596.5,16,49763640,49812500,308.6,3481.0
7156,58608.1,16,49810122,49802209,1163.4,13228.0
7157,58617.9,16,49770676,49780318,472.1,5161.0
7158,58626.2,16,5180966153,2456351037,332.2,4125.0
7159,58643.6,16,49845830,12270087211,615.8,8058.0
7160,58647.0,16,49860783,5343233826,1034.6,12266.0
7161,58673.6,16,4975093911,49731575,557.0,6926.0
7162,58690.8,16,49773055,2974621123,207.0,2304.0
7163,58696.5,16,1364987325,49829528,747.9,8697.0
7164,58713.9,16,4000799765,49836938,644.0,7243.0
7165,58721.0,16,1017489190,49804664,422.2,4706.0
7166,58730.7,16,49821002,49766931,485.2,5704.0
7167,58731.0,16,1381216023,49819456,326.0,3722.0
7168,58741.7,16,3669554866,49743898,656.6,8126.0
7169,58749.4,16,49825409,3000233153,751.4,8756.0
7170,58749.9,16,49723539,49760329,815.3,9932.0
7171,58753.4,16,49770782,49745680,488.1,5688.0
7172,58756.7,16,49774098,49767450,91.3,1005.0
7173,58769.7,16,3240030410,49789898,462.2,5308.0
7174,58770.3,16,49789264,49758541,303.8,3272.0
7175,58777.3,16,49810122,646190490,119.5,1478.0
7176,58821.5,16,49741740,49825991,524.8,5761.0
7177,58823.3,16,49770680,49809279,157.4,1629.0
7178,58838.1,16,11831784024,49876119,1142.2,14945.0
7179,58857.4,16,49821763,5716106723,747.3,9338.0
7180,58861.9,16,49770789,5558783204,149.7,1717.0
7181,58882.7,16,49774079,49719416,448.0,5151.0
7182,58884.6,16,49858149,645963548,270.1,3212.0
7183,58887.9,16,1379495867,49777308,647.5,8381.0
7184,58888.1,16,49817254,2461134264,786.3,10566.0
7185,58890.2,16,49774081,49786167,829.7,9414.0
7186,58900.2,16,49787884,49812478,970.0,11779.0
7187,58912.5,16,49839137,49823207,517.9,5785.0
7188,58926.2,16,49789275,49750470,603.5,6875.0
7189,58929.9,16,655442847,49801031,967.2,11104.0
7190,58945.9,16,5563919714,49846846,374.6,4128.0
7191,58947.5,16,49743415,49752784,808.9,9098.0
7192,58964.2,16,4325552565,49804022,303.7,3438.0
7193,58977.8,16,49789342,49870181,617.0,6925.0
7194,58983.6,16,2696812482,49793595,58.2,674.0
7195,58992.6,16,3672563449,49747467,550.5,6998.0
7196,59000.6,16,49858932,49758677,995.7,12747.0
7197,59003.7,16,9136825802,49748832,828.7,10323.0
7198,59012.7,16,12292446080,49760348,1063.7,12996.0
7199,59014.4,16,49772987,3531416323,261.3,2945.0
7200,59020.5,16,49772987,641056242,283.7,3505.0
7201,59037.0,16,3016708830,49752632,403.5,4530.0
7202,59048.4,16,49843692,49783207,918.3,10516.0
7203,59049.0,16,49741274,49803409,610.0,6839.0
7204,59050.1,16,11347623954,49887704,461.4,5686.0
7205,59102.7,16,49787486,49719422,241.5,2612.0
7206,59106.2,16,49883336,9591272171,271.2,2933.0
7207,59119.3,16,774340109,49826805,313.9,3681.0
7208,59120.5,16,647031903,49789205,254.3,2966.0
7209,59132.9,16,49774079,49780329,353.9,3855.0
7210,59134.9,16,49793759,10154670182,258.1,2915.0
7211,59143.5,16,49745457,11267636269,122.1,1251.0
7212,59162.9,16,49801673,49723366,411.2,5093.0
7213,59171.1,16,3378222899,49739903,208.5,2311.0
7214,59213.9,16,655442838,49784158,655.5,7675.0
7215,59217.5,16,3012784293,49761986,445.9,6438.0
7216,59221.9,16,447591561,49765428,138.5,1389.0
7217,59228.8,16,2629963167,49856113,296.2,3433.0
7218,59242.7,16,4635639616,1443726989,869.6,11926.0
7219,59250.9,16,49789275,49851811,166.6,1821.0
7220,59251.8,16,49777546,49883599,260.8,2971.0
7221,59261.3,16,49866935,1462088983,1132.6,14178.0
7222,59275.6,16,49777795,646229968,484.9,6284.0
7223,59301.7,16,4001002050,5277584187,692.5,8512.0
7224,59316.2,16,49741730,646190499,587.2,7746.0
7225,59317.7,16,49770670,49738304,470.1,5226.0
7226,59324.6,16,1381204541,49810179,569.9,6740.0
7227,59335.4,16,655442838,49873670,894.5,10256.0
7228,59357.7,16,4951816813,9190361341,784.3,10360.0
7229,59360.3,16,3016605388,49850686,322.9,3672.0
7230,59360.9,16,3012784293,49830330,716.2,8947.0
7231,59373.7,16,5445789508,49745183,708.0,8301.0
7232,59387.1,16,49821763,649839280,758.1,9586.0
7233,59413.5,16,49820874,49728949,1055.5,11783.0
7234,59450.2,16,11255208766,49811925,452.0,5565.0
7235,59451.3,16,49744587,49801242,901.1,11696.0
7236,59455.3,16,3016605388,49776068,263.5,2974.0
7237,59485.6,16,49773055,49745651,310.8,3409.0
7238,59495.9,16,49810876,49758045,604.5,7420.0
7239,59512.8,16,49769187,49754724,283.3,3228.0
7240,59524.4,16,1381204541,49820714,461.2,5103.0
7241,59525.3,16,49751580,642563716,677.7,8155.0
7242,59530.4,16,49765245,49747466,457.0,5857.0
7243,59532.6,16,49787774,3278871307,822.1,9366.0
7244,59534.5,16,49741673,49843011,299.2,3345.0
7245,59535.7,16,1381204541,49722458,852.1,10554.0
7246,59538.5,16,9983605758,13256450900,503.2,5671.0
7247,59551.5,16,49777795,49726893,415.4,4653.0
7248,59557.6,16,49770670,13273976977,419.0,4551.0
7249,59563.2,16,49745243,1484482203,585.8,7127.0
7250,59568.1,16,867659605,49744672,447.6,5067.0
7251,59568.5,16,1645991534,13265370798,412.7,4714.0
7252,59574.1,16,447591561,49749077,525.5,5672.0
7253,59577.9,16,641073443,644467782,806.8,9747.0
7254,59593.9,16,4597151559,49744095,715.5,9669.0
7255,59610.5,16,49787160,1493881843,423.3,4718.0
7256,59624.7,16,49772633,49747882,257.7,2886.0
7257,59648.6,16,641116257,49756572,506.7,5735.0
7258,59654.6,16,4325552562,262173261,277.7,3085.0
7259,59667.4,16,49842413,49715970,576.9,6513.0
7260,59671.5,16,49767517,49781686,236.3,2535.0
7261,59672.2,16,3378110162,10609139613,357.0,4417.0
7262,59682.8,16,3358724761,638898827,880.6,10287.0
7263,59710.9,16,49773539,5445858813,178.7,2001.0
7264,59721.0,16,49829861,655442855,875.6,10485.0
7265,59742.0,16,3000430293,7263569661,505.2,5779.0
7266,59757.8,16,49780562,49837606,157.4,1766.0
7267,59763.2,16,49829250,49716098,669.0,7862.0
7268,59763.4,16,5180966153,647030732,268.8,3974.0
7269,59765.2,16,49773040,649839769,654.9,8273.0
7270,59771.4,16,12128376033,49745204,91.7,1021.0
7271,59781.1,16,49770670,49765167,77.6,886.0
7272,59783.4,16,49779980,49764321,243.1,2729.0
7273,59799.1,16,814299119,14073359310,197.7,2265.0
7274,59803.8,16,2046464958,49822568,638.3,7674.0
7275,59824.8,16,49782241,2664170700,207.1,2402.0
7276,59844.1,16,3415159798,10979910219,807.0,10445.0
7277,59853.5,16,11177333923,49816636,527.8,6283.0
7278,59864.1,16,49719895,3278871309,657.8,7590.0
7279,59912.1,16,49776047,49790039,479.6,5347.0
7280,59912.6,16,49888300,49739770,839.5,9763.0
7281,59915.1,16,49756492,49759039,324.8,3614.0
7282,59926.2,16,1381216023,49742713,483.3,6114.0
7283,59932.4,16,1364989296,49825124,238.1,2745.0
7284,59938.1,16,49882753,49819478,381.9,4259.0
7285,59946.7,16,49764794,647622728,69.5,751.0
7286,59954.0,16,5128694815,49847954,364.9,4065.0
7287,59961.2,16,49888300,9443946632,1318.3,17858.0
7288,59964.3,16,655661924,49773526,184.0,2221.0
7289,59968.7,16,49817838,49716159,1317.4,16097.0
7290,59969.5,16,1240476057,645963089,245.4,2765.0
7291,59971.5,16,49745204,9097753196,702.1,8827.0
7292,59971.8,16,4975093911,49836253,197.5,2176.0
7293,59973.4,16,49869665,49754870,468.2,5232.0
7294,59974.9,16,49799633,647043710,363.8,4175.0
7295,59996.1,16,1381212154,49754525,495.1,5529.0
7296,60036.4,16,49829250,49762918,759.4,10442.0
7297,60073.4,16,3012784293,49887850,588.4,6602.0
7298,60083.8,16,49799817,49789239,461.4,5111.0
7299,60084.1,16,49749374,1363937819,508.1,5225.0
7300,60087.2,16,49810122,11332977611,526.5,6265.0
7301,60093.2,16,49722409,49778464,330.7,3686.0
7302,60132.9,16,49762191,49745693,397.0,4473.0
7303,60137.3,16,49788457,49807063,178.5,1896.0
7304,60150.3,16,49777792,49808299,235.9,2522.0
7305,60155.5,16,1060365691,7505269058,1016.1,12414.0
7306,60161.0,16,49745651,49735518,407.8,4370.0
7307,60162.3,16,4561710231,649839456,841.7,10506.0
7308,60166.4,16,641128680,5895569863,558.6,6841.0
7309,60170.2,16,49773647,647044670,302.8,3333.0
7310,60175.8,16,3000430293,1460614432,588.0,6994.0
7311,60176.1,16,49845850,49752183,365.0,4096.0
7312,60184.6,16,49810877,49718911,376.0,4106.0
7313,60187.2,16,49770789,1458951144,669.9,8323.0
7314,60206.3,16,49777795,876615199,134.5,1566.0
7315,60221.9,16,49842413,49837643,420.9,4758.0
7316,60230.6,16,49809200,49756921,836.3,11633.0
7317,60232.2,16,655442840,49828949,655.9,7497.0
7318,60244.9,16,1379471556,1462088988,913.3,11417.0
7319,60247.6,16,49810876,4643541070,177.1,1840.0
7320,60254.2,16,49745247,2899430534,283.3,3165.0
7321,60257.9,16,49748168,49772296,274.2,3133.0
7322,60263.2,16,49787160,3661066109,899.4,11498.0
7323,60279.4,16,8592032116,49842421,316.3,4459.0
7324,60295.5,16,641116247,49835173,901.6,11422.0
7325,60324.6,16,49748151,49863346,682.4,7881.0
7326,60349.7,16,49752584,2664170695,342.5,3760.0
7327,60354.0,16,49772964,3670782176,716.2,8862.0
7328,60355.7,16,3001046648,1482908348,686.9,8480.0
7329,60369.6,16,49770640,49790319,570.5,6569.0
7330,60372.3,16,49747351,10125817780,733.2,9762.0
7331,60415.0,16,49773558,49735074,667.1,7996.0
7332,60420.7,16,49764374,49826576,501.9,6564.0
7333,60432.3,16,49740442,5277494818,142.4,1587.0
7334,60433.5,16,49745465,49823434,859.3,10836.0
7335,60433.5,16,49749379,49788043,387.7,4254.0
7336,60442.7,16,4635639616,49731838,628.6,7691.0
7337,60465.5,16,49752115,49765735,803.6,8969.0
7338,60470.7,16,8461692431,49751518,657.8,7442.0
7339,60473.0,16,1379505465,1443726991,954.7,12994.0
7340,60505.2,16,49817091,49776469,343.2,3533.0
7341,60511.4,16,3125718572,49819940,440.0,4957.0
7342,60535.0,16,3027832454,49825518,474.1,5352.0
7343,60548.2,16,49770423,49845027,251.4,2619.0
7344,60552.2,16,1466445325,14073359314,830.3,10890.0
7345,60562.1,16,49770680,49839180,566.2,6327.0
7346,60564.1,16,3669554868,3672563449,342.7,3822.0
7347,60576.0,16,49763606,49764461,145.1,1598.0
7348,60584.2,16,49817499,49811092,669.4,8127.0
7349,60597.0,16,49745243,49851463,302.3,3285.0
7350,60608.0,16,49740448,1381210497,455.9,5507.0
7351,60625.2,16,49842421,673025727,765.5,9416.0
7352,60647.4,16,3358724774,49762264,816.2,9787.0
7353,60664.5,16,6796840445,49758841,519.4,8397.0
7354,60667.2,16,6799665639,49734318,534.1,6700.0
7355,60672.3,16,49816382,49741730,401.4,4378.0
7356,60679.6,16,9136825813,2456351034,463.2,5264.0
7357,60680.9,16,49779839,3669554878,125.9,1555.0
7358,60696.1,16,49772987,49859579,338.3,3906.0
7359,60726.4,16,49716899,49722787,190.8,2124.0
7360,60729.7,16,49845850,49747348,867.2,10224.0
7361,60759.5,16,49754051,49760126,629.7,7284.0
7362,60760.5,16,49810122,6773125507,419.5,4801.0
7363,60764.6,16,1017391970,49773369,604.5,7548.0
7364,60764.7,16,49745225,49777749,255.7,2884.0
7365,60768.2,16,49793983,9908447530,331.4,4100.0
7366,60782.1,16,1004809645,49717981,367.3,4111.0
7367,60782.4,16,49794047,49741341,782.0,9358.0
7368,60788.3,16,655442838,49842501,564.0,6940.0
7369,60827.0,16,49770782,1243973976,102.4,1202.0
7370,60829.6,16,49764314,3001046648,214.1,2421.0
7371,60833.6,16,49793983,49811996,1082.4,13180.0
7372,60846.2,16,49741710,49752285,493.0,5658.0
7373,60846.9,16,49789284,3748710020,624.1,6609.0
7374,60868.3,16,49770684,49771172,876.1,10702.0
7375,60868.9,16,49762191,1364971556,212.5,2461.0
7376,60886.5,16,49793729,49836982,450.7,5555.0
7377,60888.8,16,49843692,2911584529,431.3,4790.0
7378,60889.8,16,49772964,49760309,472.2,5553.0
7379,60898.8,16,49729179,1443727088,324.5,3667.0
7380,60906.1,16,1474747464,1243974350,705.2,8752.0
7381,60920.4,16,49817092,49766682,604.1,6944.0
7382,60931.6,16,49771469,49762659,442.2,5314.0
7383,60944.2,16,3661066115,49774877,646.9,7881.0
7384,60948.9,16,49794626,49773558,697.8,8575.0
7385,60954.2,16,3125716147,1488873885,1027.3,12033.0
7386,60956.9,16,642317837,49776471,201.3,2287.0
7387,61002.0,16,49773040,49750640,653.7,9897.0
7388,61030.6,16,6777089507,49822464,626.8,7163.0
7389,61036.3,16,49773012,49765735,372.1,3944.0
7390,61039.9,16,49860783,49829345,1001.6,11533.0
7391,61040.9,16,49793729,11267636468,458.2,5203.0
7392,61041.5,16,49796861,49874447,841.2,10270.0
7393,61046.0,16,49756578,3376996968,307.9,4045.0
7394,61053.8,16,49772987,262542282,272.0,3050.0
7395,61085.0,16,49777546,644537712,715.8,8256.0
7396,61095.0,16,49793773,641112617,116.9,1343.0
7397,61103.0,16,49724395,4082394065,657.5,8369.0
7398,61135.9,16,49810871,49747079,287.3,4104.0
7399,61142.0,16,49756373,3372235132,660.2,7524.0
7400,61153.9,16,49774081,49856097,477.7,5276.0
7401,61159.2,16,49748212,49806333,613.5,8611.0
7402,61173.5,16,49745193,641127623,219.6,2541.0
7403,61191.9,16,642563716,49764863,176.6,2483.0
7404,61197.3,16,1381216023,49745193,144.1,1662.0
7405,61199.5,16,49767194,49772653,449.3,5067.0
7406,61209.3,17,5180966153,49749057,578.8,6631.0
7407,61212.5,17,1017391974,49813494,147.7,1610.0
7408,61213.9,17,1804420112,49861299,222.8,2496.0
7409,61217.1,17,12292446080,49743856,1366.0,17199.0
7410,61225.8,17,49793729,49743356,459.6,5165.0
7411,61231.4,17,3012784293,49769201,218.5,2395.0
7412,61250.8,17,49845777,49747944,650.9,7053.0
7413,61262.3,17,49752115,1443482376,647.7,7534.0
7414,61265.3,17,49841029,49769580,599.5,6926.0
7415,61270.4,17,3672563449,49848639,360.8,3993.0
7416,61270.9,17,49845837,646065254,675.8,8423.0
7417,61278.0,17,49820727,3001431544,649.9,7298.0
7418,61285.7,17,49805505,49870270,585.3,6528.0
7419,61286.6,17,49745461,49824970,973.7,12591.0
7420,61300.8,17,5433244222,10921172727,913.0,11349.0
7421,61301.0,17,49764867,1469285958,363.3,4981.0
7422,61305.9,17,49753014,49851413,526.0,5969.0
7423,61310.2,17,49820727,49779772,1119.3,13268.0
7424,61311.3,17,49741695,1017391864,314.1,3485.0
7425,61314.2,17,447591561,49825351,683.7,7321.0
7426,61320.3,17,638452596,49829354,214.8,2329.0
7427,61331.9,17,49817254,49789967,1175.3,14195.0
7428,61338.3,17,1017379708,8728438271,783.1,9622.0
7429,61340.1,17,3669554857,1443727078,380.8,4288.0
7430,61346.2,17,2974621123,49795424,857.7,10394.0
7431,61354.2,17,49845726,49813374,121.5,1350.0
7432,61356.0,17,49833602,49773398,358.7,4253.0
7433,61363.0,17,49739609,1366265378,205.8,2481.0
7434,61364.0,17,641116257,5564258808,513.7,5836.0
7435,61376.2,17,49722409,632935663,520.0,6735.0
7436,61383.4,17,49775993,49817626,338.8,3768.0
7437,61388.0,17,49741038,4633399537,586.6,7711.0
7438,61396.7,17,12128376033,1379549941,147.0,1661.0
7439,61398.8,17,49743231,2921295178,775.2,8714.0
7440,61399.8,17,49745465,49756506,544.7,5977.0
7441,61404.4,17,49820743,49779152,1201.4,15119.0
7442,61410.7,17,49822338,49845895,607.5,7347.0
7443,61413.0,17,49777795,49827833,541.7,6256.0
7444,61413.7,17,49777795,10289480222,35.5,444.0
7445,61415.3,17,49843596,49761430,767.0,9543.0
7446,61429.6,17,655442838,1479847898,455.5,5881.0
7447,61434.7,17,3012829811,49745335,263.5,2924.0
7448,61451.5,17,49747467,4975093911,411.1,5265.0
7449,61452.0,17,8461692431,49741349,555.2,6247.0
7450,61466.6,17,5698252199,49803345,593.0,6639.0
7451,61472.4,17,49878097,49810280,486.9,5638.0
7452,61500.6,17,3125716147,2896386324,1319.5,15003.0
7453,61513.7,17,49724395,49874444,938.7,12329.0
7454,61514.2,17,49792107,49760283,793.4,8940.0
7455,61517.4,17,2927473060,3001130394,675.8,7174.0
7456,61524.4,17,49741274,49767667,782.9,9979.0
7457,61530.7,17,49777795,49751758,624.7,7978.0
7458,61533.5,17,9136825802,49794206,272.1,2965.0
7459,61538.2,17,49788610,49770809,490.8,5423.0
7460,61571.3,17,49750332,49780064,320.4,4529.0
7461,61577.3,17,4935980603,49756643,602.7,7715.0
7462,61583.4,17,11198264296,642395201,75.3,793.0
7463,61585.5,17,49745240,49746276,540.6,6023.0
7464,61589.3,17,641128680,49818040,755.0,8987.0
7465,61599.3,17,4975093911,49813525,441.4,4887.0
7466,61601.0,17,49734140,49767451,163.1,1793.0
7467,61604.5,17,49770423,49774649,646.0,7110.0
7468,61618.8,17,3007042409,49825121,357.1,4384.0
7469,61624.4,17,49773055,649839158,773.7,9866.0
7470,61633.1,17,647026143,1488865242,537.8,6037.0
7471,61633.6,17,641116215,49814074,364.4,4285.0
7472,61645.3,17,49777795,49748250,99.4,1115.0
7473,61658.1,17,49825108,49716160,692.3,8916.0
7474,61665.4,17,49787863,49816132,927.2,11357.0
7475,61678.6,17,49820583,49778492,652.7,7446.0
7476,61697.0,17,1004809645,49748862,1069.1,12725.0
7477,61707.6,17,49773062,49751483,581.3,6403.0
7478,61710.9,17,11332977605,1364961100,133.3,1490.0
7479,61712.6,17,4082394063,49830896,1032.7,14045.0
7480,61723.3,17,1379471024,49760312,256.5,2854.0
7481,61724.6,17,1381307998,3669554876,195.2,2203.0
7482,61727.7,17,49843692,49728175,263.1,2940.0
7483,61738.9,17,49773062,49873784,679.7,7622.0
7484,61740.1,17,1804420112,49804041,825.0,9948.0
7485,61747.3,17,49845726,49789128,827.9,10498.0
7486,61776.2,17,49765234,49768756,827.4,9241.0
7487,61777.7,17,49800282,876615209,47.1,537.0
7488,61778.6,17,1443727088,49745699,635.6,8384.0
7489,61778.8,17,3012784293,49772313,348.4,3973.0
7490,61800.7,17,3531416323,49724285,794.5,10438.0
7491,61803.7,17,49764867,49776924,545.4,7171.0
7492,61814.3,17,49764341,49741073,331.1,3694.0
7493,61820.5,17,49741725,1017391844,256.4,2868.0
7494,61825.9,17,49789269,49810149,650.8,7801.0
7495,61836.7,17,49846819,49776031,197.1,2214.0
7496,61838.4,17,49745240,49749077,215.0,2418.0
7497,61848.7,17,49815809,49824055,194.6,2172.0
7498,61851.4,17,4697534335,49802301,464.9,5407.0
7499,61863.4,17,49881497,49776471,832.4,9662.0
7500,61865.9,17,49743972,5563919625,758.0,9088.0
7501,61868.6,17,1243974048,655680327,480.7,6236.0
7502,61875.3,17,49741730,876615194,123.8,1392.0
7503,61877.6,17,49756892,49728947,303.0,3316.0
7504,61881.6,17,4000799765,5445858813,466.8,5515.0
7505,61897.6,17,49770657,647043994,249.3,2910.0
7506,61902.4,17,49865234,49767439,321.9,3669.0
7507,61906.0,17,49848686,641112615,378.8,4361.0
7508,61908.7,17,49741274,49765285,232.5,2614.0
7509,61921.7,17,9768681893,49761847,528.6,5860.0
7510,61925.6,17,49809200,49764397,183.6,2044.0
7511,61927.2,17,1379505588,7131110940,559.0,6446.0
7512,61944.7,17,1804420109,49893410,119.7,1294.0
7513,61966.0,17,49793777,49788042,446.5,4966.0
7514,61971.3,17,701602949,11569406867,291.4,3274.0
7515,61973.0,17,49745193,49745461,257.8,2887.0
7516,61973.3,17,49789284,49778426,597.9,6890.0
7517,61974.0,17,3001353534,1439840056,532.7,6932.0
7518,61989.6,17,3013484854,49839474,606.9,7698.0
7519,61996.2,17,49842413,12143083693,718.9,8515.0
7520,62000.8,17,3669554857,49806100,627.4,7811.0
7521,62002.2,17,1363937841,49821069,992.3,11841.0
7522,62002.8,17,1379471556,49789229,363.1,4099.0
7523,62009.2,17,8461692431,49841754,212.2,2354.0
7524,62023.8,17,49809721,1443727163,335.8,3673.0
7525,62028.8,17,5128694815,1443727170,711.0,9299.0
7526,62048.8,17,49774081,49802317,696.4,8153.0
7527,62060.5,17,49809698,1574783762,485.9,6949.0
7528,62067.3,17,49770715,49878016,135.9,1521.0
7529,62072.0,17,49803595,13256457603,601.6,6666.0
7530,62075.6,17,49748212,49764330,178.6,2029.0
7531,62090.4,17,49853878,49784173,426.3,4847.0
7532,62102.5,17,49745243,49728947,453.5,5377.0
7533,62103.3,17,5170081599,49793218,460.9,5515.0
7534,62111.0,17,49779907,49852904,528.0,6029.0
7535,62114.0,17,49743972,49817083,701.9,8462.0
7536,62117.0,17,774340109,49801588,530.6,7280.0
7537,62122.9,17,11261031475,49778259,318.7,3713.0
7538,62130.7,17,49780074,49794264,370.9,4014.0
7539,62134.0,17,655447275,49748212,312.9,3769.0
7540,62138.6,17,49810122,5277584266,209.9,2539.0
7541,62140.5,17,49773653,49800299,293.5,3222.0
7542,62140.7,17,49770670,49869500,295.4,3331.0
7543,62151.6,17,49771030,646031404,962.1,11719.0
7544,62155.3,17,49888809,49748539,286.5,3207.0
7545,62157.4,17,49787160,641116183,367.5,4677.0
7546,62162.0,17,655442833,49849087,128.3,1441.0
7547,62165.1,17,49741104,3282259542,443.3,5041.0
7548,62167.8,17,3001353534,49778937,464.6,5256.0
7549,62176.1,17,49743686,49815563,998.9,12575.0
7550,62184.1,17,49829861,6407542292,1129.7,13781.0
7551,62185.3,17,7319959761,49776262,1202.7,15096.0
7552,62188.5,17,49820583,1459327647,1081.6,12982.0
7553,62196.0,17,655442834,49853914,407.8,4806.0
7554,62212.4,17,49777853,49856097,271.1,3032.0
7555,62230.9,17,655442853,622721012,215.9,2729.0
7556,62233.1,17,4951816813,49811092,836.6,11096.0
7557,62236.2,17,5380888621,12864633721,691.0,7695.0
7558,62255.4,17,49797586,49759285,752.2,9522.0
7559,62256.9,17,49770755,49773036,241.8,2697.0
7560,62257.6,17,2305183785,49754539,490.5,5595.0
7561,62260.8,17,49865768,49823451,516.5,7263.0
7562,62264.8,17,49773040,1443727015,718.6,10465.0
7563,62265.8,17,3125716147,49892640,894.4,10157.0
7564,62272.9,17,49745677,49743669,1027.5,13146.0
7565,62274.0,17,49769187,49807765,948.9,11469.0
7566,62276.9,17,3000430293,1364961095,249.5,2696.0
7567,62277.4,17,49770789,49739585,459.0,4982.0
7568,62298.2,17,49801673,49769209,133.3,1440.0
7569,62299.2,17,3669554862,49822473,412.6,4757.0
7570,62300.4,17,49815553,649840206,963.9,11754.0
7571,62341.7,17,49787487,49842505,280.2,3602.0
7572,62343.2,17,49762191,5564258801,315.3,3613.0
7573,62344.0,17,49745232,1381204541,213.2,2436.0
7574,62346.2,17,49789337,49752115,420.4,4655.0
7575,62351.6,17,49793773,49790448,818.5,11392.0
7576,62357.6,17,49741695,49839137,337.8,3830.0
7577,62361.5,17,49745677,49762905,853.3,9724.0
7578,62377.8,17,49752628,49741157,405.5,4510.0
7579,62377.9,17,49797051,49763632,264.0,2898.0
7580,62385.9,17,49853085,49790034,295.8,3268.0
7581,62396.1,17,49720045,49814377,308.2,3378.0
7582,62401.1,17,49829250,49754519,648.5,7232.0
7583,62403.8,17,1740764624,49846341,693.9,8613.0
7584,62415.2,17,1804420112,49764330,244.0,2744.0
7585,62421.9,17,9968466642,3390097469,274.8,3540.0
7586,62452.3,17,49745455,49869500,518.7,5783.0
7587,62465.2,17,4561710230,1443727092,218.8,2447.0
7588,62466.5,17,49845919,49822473,407.8,4452.0
7589,62472.5,17,49776112,49730863,694.5,8113.0
7590,62475.0,17,49724395,13929554879,1073.1,13618.0
7591,62492.3,17,3125718572,5564258806,379.4,4384.0
7592,62493.4,17,49849187,49823491,688.1,7955.0
7593,62495.0,17,49878016,49744222,690.1,8940.0
7594,62496.0,17,49777795,49743812,622.8,8320.0
7595,62503.8,17,12292446080,1520628285,858.5,9965.0
7596,62505.6,17,49809715,10119384254,305.4,3444.0
7597,62505.7,17,49787160,647087532,667.2,8253.0
7598,62521.1,17,3125718572,49721251,545.9,6168.0
7599,62524.3,17,49772964,49851512,810.9,9446.0
7600,62527.0,17,49853085,7802243128,424.6,4776.0
7601,62536.1,17,13259914865,49793723,258.6,2896.0
7602,62542.6,17,49773205,3000563551,620.0,6792.0
7603,62542.9,17,447591561,49805638,237.8,2408.0
7604,62546.6,17,9190361341,49758058,70.9,804.0
7605,62558.6,17,49770789,673025726,752.6,9343.0
7606,62558.9,17,49753516,49803306,865.3,9900.0
7607,62564.1,17,3001171736,3667911780,853.1,10462.0
7608,62566.4,17,49773070,49885288,388.5,4597.0
7609,62578.6,17,49764791,49773581,195.0,2197.0
7610,62580.4,17,49740244,2377417303,511.3,5777.0
7611,62580.8,17,49744587,49741573,774.2,10097.0
7612,62586.0,17,5180966153,49785425,303.5,3570.0
7613,62594.3,17,49741730,8439855811,515.6,7242.0
7614,62608.6,17,49770423,49717477,411.6,4602.0
7615,62615.4,17,49762191,49759112,304.5,3457.0
7616,62619.4,17,49762225,49778964,388.1,4553.0
7617,62628.0,17,49777795,647030743,120.9,1388.0
7618,62634.1,17,1379471024,49763787,554.8,6095.0
7619,62637.2,17,49769187,49741027,505.5,5711.0
7620,62645.7,17,49793773,49767978,533.9,5868.0
7621,62651.7,17,49750803,49764447,515.8,5921.0
7622,62656.0,17,1618429530,49763143,351.7,3758.0
7623,62670.1,17,49845830,1439584653,380.1,4194.0
7624,62679.3,17,49745240,49769178,91.2,1050.0
7625,62684.7,17,49787487,647084242,261.0,3423.0
7626,62690.0,17,49866594,49789264,366.0,3951.0
7627,62694.9,17,49745650,49743874,980.7,12718.0
7628,62702.4,17,4679133344,49739277,93.4,979.0
7629,62721.8,17,9676179707,49746651,533.2,6071.0
7630,62725.6,17,1618429530,49763119,283.5,2996.0
7631,62728.2,17,655442853,49766633,658.0,8108.0
7632,62728.4,17,49745669,49803721,493.9,5677.0
7633,62733.6,17,1379471105,49810434,324.2,3581.0
7634,62738.7,17,11261031475,49787486,286.0,3341.0
7635,62739.4,17,6799665639,49808604,523.4,6289.0
7636,62741.4,17,1017379708,49847389,121.3,1267.0
7637,62765.4,17,49749379,3665450115,452.9,5852.0
7638,62776.0,17,641116273,49761393,367.3,4115.0
7639,62777.4,17,49793773,3665450118,694.5,8253.0
7640,62781.8,17,49787160,49745186,402.2,4977.0
7641,62784.0,17,1440554109,49786029,1181.1,14494.0
7642,62785.3,17,49769580,49813532,614.4,6941.0
7643,62785.4,17,49803595,49773609,388.5,4289.0
7644,62785.8,17,3240030410,1484481512,249.0,2797.0
7645,62797.6,17,9130874912,49758319,610.1,7593.0
7646,62798.5,17,49741058,1363151578,264.5,3090.0
7647,62823.1,17,49881497,5558800273,360.6,4292.0
7648,62826.1,17,49845837,49812033,372.1,4302.0
7649,62840.5,17,49777792,1364989296,273.7,3170.0
7650,62848.2,17,2440761314,12477168151,370.4,4687.0
7651,62859.1,17,1440867110,8455846779,546.3,6999.0
7652,62863.6,17,11460035915,49782585,732.5,8261.0
7653,62866.9,17,9190361341,49787504,451.1,5358.0
7654,62870.8,17,9797239771,49855434,964.6,11102.0
7655,62884.8,17,3125716147,3531416325,727.0,8719.0
7656,62928.5,17,49810876,49826530,282.5,4145.0
7657,62935.6,17,5556599906,49789196,322.8,3665.0
7658,62940.2,17,3669554866,49756373,279.1,3164.0
7659,62940.4,17,5343232408,49790298,875.6,10749.0
7660,62988.9,17,3011107102,49744535,777.8,8870.0
7661,62990.2,17,1017489190,49769178,125.0,1359.0
7662,62999.8,17,49770676,5354789663,570.3,6276.0
7663,63002.0,17,12128376033,49777919,357.0,3970.0
7664,63005.5,17,49772964,3533318556,173.6,1986.0
7665,63008.2,17,49825108,49790937,522.2,6360.0
7666,63010.4,17,646190646,11263106392,444.0,6202.0
7667,63017.7,17,49797596,49812332,305.9,3592.0
7668,63025.9,17,5180966153,49789219,488.1,5870.0
7669,63027.0,17,49776916,9136825811,370.7,4153.0
7670,63027.7,17,49780562,49873670,503.9,5894.0
7671,63031.9,17,49876468,49739283,486.9,5598.0
7672,63032.5,17,655662508,49801205,243.4,2636.0
7673,63034.1,17,49825108,12512580989,514.9,5710.0
7674,63037.0,17,49732053,13259914865,331.4,3651.0
7675,63042.1,17,49722409,49765363,761.5,9654.0
7676,63044.9,17,3240030410,49766018,264.8,2891.0
7677,63045.4,17,1381216023,5564258809,474.6,5425.0
7678,63049.2,17,49897085,49809698,539.4,6090.0
7679,63077.0,17,49845726,49744361,920.0,10927.0
7680,63089.8,17,49716899,49724042,601.9,7031.0
7681,63101.6,17,49775514,49764858,334.9,4825.0
7682,63101.7,17,49793566,49892062,398.2,4547.0
7683,63103.0,17,9676179707,49802328,408.2,4819.0
7684,63115.0,17,49863186,49794445,693.4,7948.0
7685,63117.1,17,2502976209,49746417,694.2,8156.0
7686,63127.8,17,49779839,1013367366,756.2,9158.0
7687,63143.7,17,4697534335,49875799,441.5,5472.0
7688,63146.2,17,49780562,5433244222,339.7,3920.0
7689,63149.2,17,2167451939,3006142403,431.6,4689.0
7690,63151.0,17,49800238,2748976058,996.5,11645.0
7691,63162.6,17,1379496002,49797401,471.5,5354.0
7692,63169.2,17,49739609,49837513,677.7,7774.0
7693,63180.5,17,4792249103,49820407,225.8,2452.0
7694,63182.8,17,3125716147,642436265,740.8,9940.0
7695,63183.7,17,49748151,49811067,148.9,1695.0
7696,63189.2,17,3798943055,49772535,576.5,6619.0
7697,63194.7,17,49801673,49812437,522.8,5776.0
7698,63194.7,17,49741058,49896039,627.1,7275.0
7699,63196.1,17,49745650,49835112,995.6,13052.0
7700,63206.3,17,49789218,49813441,161.9,1837.0
7701,63220.2,17,13686935904,49741733,224.1,2544.0
7702,63235.6,17,49745193,49802580,59.2,664.0
7703,63260.8,17,3672563449,1381251515,259.4,2984.0
7704,63261.4,17,49756373,49807229,519.6,5775.0
7705,63265.9,17,655661924,10088220376,795.6,10222.0
7706,63273.3,17,49745301,5558783204,324.8,3938.0
7707,63277.1,17,9130874912,49789291,625.6,7299.0
7708,63279.5,17,1381204541,49768161,484.8,5301.0
7709,63280.9,17,655442834,49756263,902.6,10438.0
7710,63292.5,17,49817092,49796605,481.9,5378.0
7711,63298.0,17,49828695,3370866930,695.4,8058.0
7712,63301.1,17,1362307924,49815664,416.7,5717.0
7713,63302.7,17,49779839,49858017,322.7,3629.0
7714,63302.9,17,49789205,49723302,372.4,4141.0
7715,63319.6,17,49866935,49835974,886.7,10105.0
7716,63319.6,17,5698252199,49744252,881.2,11243.0
7717,63350.2,17,4975093911,49770179,422.4,4975.0
7718,63353.1,17,49827853,49797437,549.9,7877.0
7719,63359.5,17,5128694815,49825124,249.7,3822.0
7720,63360.0,17,1014110633,3219165573,215.0,2406.0
7721,63360.1,17,5556599906,49823775,182.3,2041.0
7722,63371.5,17,49808183,645963249,381.9,4361.0
7723,63373.0,17,49756578,7554685045,110.0,1243.0
7724,63406.3,17,1381307998,12497001318,295.0,3355.0
7725,63410.2,17,49756892,49771208,503.5,5747.0
7726,63418.3,17,49745636,610608392,43.0,516.0
7727,63424.8,17,49739559,641107725,558.2,6620.0
7728,63427.7,17,49822884,49791973,675.4,8210.0
7729,63437.5,17,49787640,49770666,206.7,2354.0
7730,63442.3,17,49770423,49741031,176.2,1781.0
7731,63442.3,17,49745636,641127571,189.7,2099.0
7732,63445.1,17,49865768,49839482,761.7,8959.0
7733,63477.0,17,8530666832,49763618,919.5,10969.0
7734,63482.0,17,49748212,49777882,143.3,1626.0
7735,63485.4,17,3798943055,49816305,1203.5,14215.0
7736,63485.4,17,641116232,49819456,354.7,4010.0
7737,63493.2,17,49767517,49812353,465.1,5130.0
7738,63512.3,17,4001002050,49773639,112.9,1406.0
7739,63520.6,17,1474747464,49760346,359.8,4106.0
7740,63533.6,17,49773526,2456351034,347.8,4016.0
7741,63533.6,17,3669554865,49798763,598.3,8246.0
7742,63534.3,17,49809721,49752606,273.6,3114.0
7743,63540.5,17,49764791,49874092,664.8,7867.0
7744,63545.8,17,1804420109,49745292,70.8,793.0
7745,63551.2,17,49863614,49722454,357.5,4009.0
7746,63554.7,17,49828695,5301966775,53.3,554.0
7747,63557.8,17,1379495867,3670756345,201.1,2236.0
7748,63559.0,17,49809721,49745282,58.7,641.0
7749,63561.2,17,49881497,8930818787,778.4,9551.0
7750,63572.7,17,641116215,49763499,686.2,9979.0
7751,63573.6,17,1243973943,5993559716,173.3,1926.0
7752,63582.3,17,655680757,641119730,566.9,7243.0
7753,63585.7,17,49769193,49765400,523.5,5767.0
7754,63598.1,17,49817092,646216756,433.8,5532.0
7755,63598.1,17,49853094,49761843,753.8,9664.0
7756,63604.5,17,641127560,49763873,625.0,7466.0
7757,63611.3,17,49774098,49791858,530.6,5880.0
7758,63616.6,17,701602949,1231568389,321.6,4126.0
7759,63620.8,17,3670756345,49758252,355.7,3849.0
7760,63623.6,17,655442838,49745652,660.9,7357.0
7761,63640.3,17,49865234,49895208,763.2,10391.0
7762,63659.1,17,9136825795,3011565315,170.2,2023.0
7763,63662.6,17,49745188,49719725,299.8,3427.0
7764,63665.4,17,633085015,49841865,520.4,5725.0
7765,63669.6,17,49741274,49795905,826.2,10575.0
7766,63669.9,17,49793983,49787445,1275.5,15418.0
7767,63676.4,17,49789239,49875920,739.5,8010.0
7768,63688.0,17,49765155,49755648,933.3,11486.0
7769,63689.1,17,3013407820,49828276,402.3,4607.0
7770,63694.3,17,49774098,49777174,561.7,6191.0
7771,63695.3,17,1381204541,1017621632,454.8,5163.0
7772,63695.4,17,3240030410,49748231,107.9,1239.0
7773,63699.2,17,641116257,647594353,382.0,4327.0
7774,63699.3,17,49845726,3005678324,379.4,4467.0
7775,63713.9,17,49770657,49759907,661.3,8026.0
7776,63720.9,17,3240030410,49843101,536.3,6079.0
7777,63725.1,17,3012784293,49851016,258.7,2993.0
7778,63727.1,17,6796840445,49764309,295.9,3493.0
7779,63731.5,17,13790612928,13181373685,529.0,6102.0
7780,63733.3,17,49769187,3372235145,559.7,6475.0
7781,63737.2,17,49745195,49763662,282.2,3292.0
7782,63742.1,17,1243974109,3669554862,207.9,2358.0
7783,63744.0,17,4561710231,642885424,456.5,5435.0
7784,63750.5,17,3669554865,647594353,206.4,2327.0
7785,63756.5,17,2974621123,49784130,191.3,2143.0
7786,63766.4,17,49770680,49747421,687.3,8922.0
7787,63778.8,17,3012535147,49816679,610.2,8049.0
7788,63787.5,17,3240030410,49757545,598.2,6757.0
7789,63814.4,17,641054075,49771085,784.2,9583.0
7790,63819.2,17,9190361341,1468884920,1340.3,18311.0
7791,63836.6,17,3661066117,49735074,1228.8,15183.0
7792,63847.2,17,49782369,49768307,875.0,10000.0
7793,63848.0,17,3013407820,49819801,734.1,8850.0
7794,63858.5,17,49745204,49763644,225.5,2636.0
7795,63868.3,17,3012829798,49734789,603.6,8224.0
7796,63868.9,17,49745676,49723267,954.4,12230.0
7797,63870.8,17,4935980603,645963060,330.2,4183.0
7798,63872.0,17,49748690,8728438271,703.9,8733.0
7799,63877.6,17,3240030410,49777871,54.9,631.0
7800,63886.8,17,9136839220,9983605755,90.1,935.0
7801,63942.3,17,49773557,49769043,746.2,10094.0
7802,63944.0,17,49745644,49764371,124.8,1595.0
7803,63948.0,17,49809698,49854861,470.6,5781.0
7804,63965.9,17,49787890,5558800270,322.2,3648.0
7805,63966.1,17,49817499,49747854,407.9,4643.0
7806,63967.7,17,49732272,49745918,865.0,10089.0
7807,63968.8,17,49779839,49817439,299.9,3509.0
7808,63976.6,17,49772987,49747094,282.1,3529.0
7809,63977.8,17,49774098,49785798,273.1,3012.0
7810,63995.1,17,49849181,9111790621,377.8,4612.0
7811,63998.0,17,49824264,49733427,569.7,6780.0
7812,64003.0,17,49777795,49803413,383.5,4295.0
7813,64005.6,17,49821658,13437605382,115.5,1251.0
7814,64007.7,17,3125718572,49749416,554.5,6246.0
7815,64009.8,17,49746547,49748801,439.4,5496.0
7816,64011.7,17,49789251,49763104,507.4,5819.0
7817,64012.7,17,3001046648,5587536526,709.3,8004.0
7818,64032.4,17,49767517,647043628,253.7,2766.0
7819,64045.0,17,49745650,49770824,133.7,1479.0
7820,64045.5,17,638789448,3001434616,372.3,4145.0
7821,64046.3,17,49799808,49792154,801.1,9723.0
7822,64051.4,17,1804420112,49730313,551.4,6452.0
7823,64056.2,17,49799633,647043651,335.4,3859.0
7824,64095.0,17,49746428,49851828,900.2,11159.0
7825,64095.7,17,49793773,49797753,355.2,4169.0
7826,64112.2,17,6777089504,49734854,484.9,5653.0
7827,64120.3,17,3669554865,49773628,302.0,3371.0
7828,64122.6,17,49797596,12629467071,76.8,886.0
7829,64129.2,17,3000430293,49743470,618.1,7456.0
7830,64130.3,17,49741058,49884991,803.4,9108.0
7831,64130.9,17,49720045,5558800270,657.4,7394.0
7832,64138.5,17,1381307996,49749057,443.6,5061.0
7833,64151.2,17,49745669,49854250,731.7,9040.0
7834,64156.3,17,49780562,49753799,801.4,9967.0
7835,64161.5,17,2444588205,647622726,349.0,4361.0
7836,64164.0,17,49745650,1458923136,782.3,8720.0
7837,64184.0,17,655442833,7802243127,268.9,3055.0
7838,64188.9,17,49773012,646190624,399.4,5665.0
7839,64191.2,17,3012784293,49782773,703.6,8959.0
7840,64203.9,17,49773539,2456351034,366.3,4201.0
7841,64215.6,17,49773581,49794133,640.6,7952.0
7842,64217.9,17,9723903189,49776178,981.8,11883.0
7843,64220.0,17,1804420112,49838779,412.6,4592.0
7844,64223.1,17,49842421,49784130,163.7,1848.0
7845,64229.7,17,49789337,5925999732,943.4,12323.0
7846,64240.4,17,11261031475,1467726006,832.7,10542.0
7847,64244.0,17,49782349,49790324,416.5,4484.0
7848,64247.8,17,4679133344,49770833,424.8,4666.0
7849,64249.0,17,3240030410,638093913,743.2,8705.0
7850,64253.8,17,5180966153,49722667,315.4,4493.0
7851,64254.4,17,1379496002,49793999,828.5,10306.0
7852,64255.4,17,49748212,49741471,576.9,8862.0
7853,64262.6,17,4975093911,49849366,393.6,4345.0
7854,64275.3,17,1484481847,4364801720,305.4,3836.0
7855,64283.8,17,1440554109,49763132,348.0,3856.0
7856,64284.7,17,49744602,11230125801,457.3,6058.0
7857,64286.2,17,49819386,5301966772,244.3,2992.0
7858,64308.5,17,49764791,49765988,554.2,6291.0
7859,64310.3,17,49770789,49839247,311.8,3530.0
7860,64333.4,17,3016708830,1475737875,649.5,7929.0
7861,64344.1,17,49793729,49758546,161.5,1871.0
7862,64345.1,17,49820583,49751316,825.0,10319.0
7863,64353.6,17,49745468,49801561,871.7,11243.0
7864,64354.4,17,49888809,49811797,201.4,2185.0
7865,64381.9,17,4270790281,12879827243,782.2,9052.0
7866,64383.2,17,49826586,49789719,672.3,8719.0
7867,64385.5,17,11255208766,49778902,1160.9,13380.0
7868,64392.2,17,1484331315,49748050,595.1,7347.0
7869,64393.0,17,12974478437,965754980,305.3,3415.0
7870,64396.6,17,3672563449,4387066892,101.6,1127.0
7871,64416.2,17,49741274,49842417,396.3,4398.0
7872,64426.3,17,49763104,49731254,653.5,7407.0
7873,64427.6,17,49739609,49871743,408.5,4698.0
7874,64430.4,17,11332977605,5638315243,737.3,9237.0
7875,64436.2,17,49794626,49829808,183.7,1995.0
7876,64438.3,17,1021561602,49779980,491.9,5352.0
7877,64441.7,17,49773647,12123627613,419.9,4746.0
7878,64446.8,17,11347623954,49755649,1192.2,15108.0
7879,64449.8,17,2927473060,49762894,955.3,10361.0
7880,64450.1,17,49745247,2462376171,301.9,3421.0
7881,64451.1,17,49825108,49763606,286.3,3381.0
7882,64455.6,17,49770670,49801276,517.0,6010.0
7883,64460.6,17,1004809645,3669554865,502.6,5657.0
7884,64462.3,17,49809177,49755034,956.9,11639.0
7885,64462.4,17,49770423,49752584,501.0,5596.0
7886,64470.0,17,49763049,49809266,445.7,4947.0
7887,64472.4,17,49888300,49744350,1450.7,17773.0
7888,64478.8,17,4366096286,49732422,235.6,2871.0
7889,64479.1,17,49863614,49815946,490.1,6428.0
7890,64481.4,17,1443727088,965754980,171.2,1934.0
7891,64490.5,17,49756578,49786446,527.4,6901.0
7892,64493.9,17,3125718572,49753520,910.1,10920.0
7893,64499.0,17,49803595,49764326,250.8,2815.0
7894,64510.3,17,49878097,1443727020,894.8,12095.0
7895,64537.0,17,49776112,49869800,818.0,8939.0
7896,64547.2,17,8299152846,49822592,767.7,10199.0
7897,64557.8,17,958991607,49788128,474.2,5195.0
7898,64566.7,17,1381216023,12532857263,572.7,6533.0
7899,64567.3,17,3000430293,10806883924,398.3,4133.0
7900,64587.9,17,49810876,49744361,789.3,9562.0
7901,64591.4,17,1804420112,49826524,532.8,7041.0
7902,64598.9,17,9130874912,876615194,270.5,3170.0
7903,64601.8,17,5445789508,49745335,270.5,3220.0
7904,64602.3,17,49759499,9723923059,552.5,8121.0
7905,64602.6,17,49745689,49777981,637.5,7088.0
7906,64607.6,17,49752115,49739787,243.5,2652.0
7907,64609.4,17,4635639617,49772772,611.4,7026.0
7908,64609.7,17,8146198871,49759091,311.6,3446.0
7909,64611.7,17,49762210,641127594,229.4,2584.0
7910,64614.3,17,1366261587,49765018,480.1,5529.0
7911,64617.2,17,49748716,49764858,198.4,2384.0
7912,64619.7,17,49772633,49773925,604.1,6755.0
7913,64629.4,17,49747351,49850686,100.7,1081.0
7914,64630.0,17,1004263862,49810876,435.9,4862.0
7915,64637.2,17,49767194,49745693,440.9,4863.0
7916,64650.1,17,49741274,3531416325,101.8,1137.0
7917,64650.3,17,49826586,49739683,828.6,10029.0
7918,64661.5,17,3669554866,49774875,272.1,3083.0
7919,64669.2,17,3012829798,49764858,298.9,4206.0
7920,64672.0,17,3637842788,49759988,551.3,7169.0
7921,64674.5,17,3240030410,6777089504,271.1,3289.0
7922,64681.8,17,9130874912,5556601526,276.4,3275.0
7923,64693.9,17,1013429968,49858119,637.8,7131.0
7924,64702.1,17,9797239771,49743947,1220.1,15886.0
7925,64702.2,17,49716899,49762845,841.5,11231.0
7926,64702.5,17,2444588205,2377417316,728.2,9062.0
7927,64714.1,17,49746428,49767978,75.6,715.0
7928,64716.0,17,49815687,49808317,896.9,10101.0
7929,64719.9,17,49777795,49792357,501.0,6149.0
7930,64729.4,17,49787863,1482962007,983.9,11967.0
7931,64732.3,17,49774081,49726613,973.9,11139.0
7932,64744.3,17,4629699772,1364961115,144.0,1608.0
7933,64745.1,17,49853085,49748097,90.0,967.0
7934,64748.3,17,49789251,49816494,296.0,3260.0
7935,64756.3,17,49715981,49823153,542.9,5959.0
7936,64769.4,17,3240030410,876652192,665.7,8278.0
7937,64770.9,17,49752115,49851508,157.9,1723.0
7938,64788.9,17,2927473060,49734005,959.0,10609.0
7939,64791.7,17,49845830,49861176,287.8,3274.0
7940,64793.4,17,49770640,3669554876,154.2,1726.0
7941,64799.9,17,632879321,49823153,405.3,4622.0
7942,64802.1,18,49799643,49793759,90.7,1046.0
7943,64803.9,18,1017379708,876615199,151.0,1699.0
7944,64806.2,18,49858017,1243973976,349.0,3803.0
7945,64806.7,18,49787160,3000323991,210.4,2692.0
7946,64808.1,18,641116184,3415851740,342.1,4551.0
7947,64808.7,18,4635639616,649840226,757.1,9481.0
7948,64808.8,18,49745240,49759338,662.6,7971.0
7949,64814.2,18,49756578,49763004,573.4,6444.0
7950,64815.2,18,49833602,12937946003,706.5,8573.0
7951,64816.0,18,49805505,49809228,294.2,3123.0
7952,64818.8,18,655442838,49826530,121.3,1279.0
7953,64819.2,18,655442853,11230125796,314.7,3586.0
7954,64819.8,18,49715981,49741362,398.6,4532.0
7955,64821.9,18,49744587,646190840,150.1,2035.0
7956,64822.9,18,4635639617,9630558235,361.4,4026.0
7957,64825.2,18,11460035915,49789166,206.3,2304.0
7958,64826.9,18,49773581,12292446080,596.8,7004.0
7959,64828.4,18,49768440,1796371546,112.2,1229.0
7960,64828.6,18,49782130,7818462163,464.2,5419.0
7961,64830.6,18,49734802,4314488734,730.0,9066.0
7962,64831.0,18,49734621,49773543,363.0,4039.0
7963,64831.3,18,49789362,49777010,1229.4,16890.0
7964,64831.8,18,49764884,49788695,611.5,7826.0
7965,64832.0,18,49770423,49892640,654.8,7375.0
7966,64836.3,18,1466445325,49829936,145.9,1490.0
7967,64836.6,18,3669554862,3998708781,132.8,1486.0
7968,64838.1,18,1443727088,49752562,679.9,8890.0
7969,64841.1,18,3240030410,49730008,231.6,2970.0
7970,64843.0,18,49763104,49741467,517.1,6040.0
7971,64846.5,18,49745207,49787890,238.6,2686.0
7972,64848.1,18,49883336,49748172,194.6,2678.0
7973,64852.1,18,647044202,3000138182,357.5,5038.0
7974,64853.8,18,447591561,49822775,379.2,4048.0
7975,64855.8,18,3659095236,49797051,473.4,5852.0
7976,64858.6,18,3240030410,3281966192,378.0,4271.0
7977,64863.5,18,49756578,49751274,476.5,5492.0
7978,64864.1,18,49809715,641107672,311.0,3522.0
7979,64865.8,18,49762210,49841197,453.5,5133.0
7980,64869.2,18,49763640,49798869,1000.5,12151.0
7981,64869.7,18,49772615,647043876,287.1,3165.0
7982,64872.7,18,1804420112,306513964,428.3,4847.0
7983,64873.9,18,49762207,49837680,263.2,2959.0
7984,64879.1,18,3358724774,49863611,781.9,9653.0
7985,64879.4,18,49875128,49730297,215.8,2406.0
7986,64881.3,18,5698252199,49760955,865.9,10659.0
7987,64881.6,18,1804420112,49729902,403.0,4446.0
7988,64881.9,18,1379471024,49773519,166.6,1846.0
7989,64883.4,18,3240030410,49746114,600.9,7003.0
7990,64883.6,18,49820727,49763143,932.4,10403.0
7991,64885.1,18,49774087,49792300,318.8,3429.0
7992,64887.4,18,9593199679,49831093,858.7,11056.0
7993,64887.7,18,49764337,1375406095,403.1,4427.0
7994,64888.4,18,1364961088,49765992,355.4,4057.0
7995,64888.8,18,49741725,49777919,501.2,5549.0
7996,64889.2,18,49792123,13256450884,629.7,7933.0
7997,64890.6,18,3672563449,49829936,958.6,11977.0
7998,64890.9,18,3125716147,49716928,803.7,8874.0
7999,64892.0,18,49794626,49767506,867.8,10045.0
8000,64893.1,18,646190646,49774093,347.9,3900.0
8001,64893.5,18,641116226,5851387630,210.9,2368.0
8002,64894.1,18,49797596,49729915,371.3,4072.0
8003,64896.0,18,49774093,49762897,221.9,2416.0
8004,64896.3,18,4325552562,1460572891,595.1,7804.0
8005,64900.0,18,49824748,49792438,636.8,7132.0
8006,64904.3,18,447591561,49800308,523.9,5991.0
8007,64905.1,18,49745468,49747510,702.4,8530.0
8008,64907.0,18,49842417,49793690,401.9,4544.0
8009,64909.8,18,49770680,49744012,781.3,10554.0
8010,64911.9,18,4629699772,3001527475,203.6,2333.0
8011,64913.9,18,5128694819,637994550,514.9,7164.0
8012,64914.4,18,49793777,49800101,724.6,8496.0
8013,64914.8,18,655662508,49738769,317.6,4235.0
8014,64914.9,18,49756297,49745669,561.4,5843.0
8015,64916.0,18,1243973943,49787487,259.4,2906.0
8016,64919.8,18,1618429530,2415024588,282.1,3103.0
8017,64920.8,18,49848686,49762978,548.8,7389.0
8018,64922.2,18,49745243,641112603,275.6,3113.0
8019,64923.4,18,49752628,49749097,142.7,1508.0
8020,64926.6,18,8636398137,49755034,860.9,10549.0
8021,64927.2,18,49773062,49753984,585.8,7770.0
8022,64927.6,18,49770423,49764467,443.6,4893.0
8023,64927.7,18,2305183785,49896039,848.2,11287.0
8024,64929.8,18,49772987,49776262,722.7,9172.0
8025,64930.1,18,3012535014,49842229,787.2,9233.0
8026,64930.3,18,12529163241,641964879,555.3,6662.0
8027,64931.6,18,49863186,49768698,604.0,6765.0
8028,64932.0,18,1366261587,641127591,608.0,7616.0
8029,64935.7,18,49745644,49860783,637.5,7823.0
8030,64936.9,18,49884234,49837606,601.8,7447.0
8031,64939.9,18,49844851,8461692428,343.4,3777.0
8032,64941.1,18,49778302,49884225,904.7,12504.0
8033,64942.7,18,5128694815,2765475177,962.6,12694.0
8034,64946.7,18,49741695,642604582,283.4,3210.0
8035,64956.7,18,49799643,49763073,260.6,2902.0
8036,64958.1,18,49745284,1364961100,149.1,1653.0
8037,64958.3,18,49745240,49789264,241.3,2676.0
8038,64959.1,18,1205178199,7676315863,787.5,7648.0
8039,64959.9,18,49740442,49728175,512.7,6430.0
8040,64960.6,18,49740442,1004263953,738.2,9264.0
8041,64961.8,18,49738093,638898961,569.6,6677.0
8042,64962.0,18,49799643,49763653,385.7,4498.0
8043,64967.1,18,49788457,49793723,489.8,5804.0
8044,64967.1,18,49787160,8596263644,773.5,9231.0
8045,64969.8,18,49772987,49769407,582.6,7573.0
8046,64972.0,18,8146198871,1243974324,442.8,5113.0
8047,64973.1,18,49745465,647618716,437.0,5172.0
8048,64974.9,18,3027663729,9526260027,70.1,804.0
8049,64976.6,18,49793729,13502526528,442.4,5371.0
8050,64977.4,18,3240030410,49745335,443.7,4892.0
8051,64979.4,18,49767451,49837376,568.3,6304.0
8052,64982.1,18,49820874,49890446,1407.4,16463.0
8053,64982.7,18,49750332,49739137,445.9,6716.0
8054,64985.0,18,4082394063,49750206,329.3,3611.0
8055,64986.3,18,9676179707,646190627,562.3,7498.0
8056,64987.9,18,49802545,49758666,578.8,8358.0
8057,64988.3,18,49809200,1991035279,482.7,6002.0
8058,64991.9,18,49741695,49716680,395.0,4599.0
8059,64993.8,18,2927432297,1748885246,937.8,11665.0
8060,64998.4,18,49774079,49758406,422.1,4711.0
8061,64999.7,18,49809189,2899430534,256.2,2845.0
8062,65002.0,18,2305183785,641968474,418.3,4848.0
8063,65003.5,18,3012829798,2456351013,398.8,4549.0
8064,65003.9,18,49724395,49727452,375.6,4113.0
8065,65006.4,18,3012429028,49716680,172.6,2008.0
8066,65006.6,18,49762191,876615209,122.9,1404.0
8067,65008.9,18,49776112,49740620,845.7,9634.0
8068,65008.9,18,641116247,2602417947,267.9,3009.0
8069,65009.4,18,49750332,647043898,394.2,5289.0
8070,65012.9,18,1381204541,1017391970,271.4,3036.0
8071,65014.0,18,49764785,49767269,471.9,5215.0
8072,65015.8,18,49820714,49739815,293.9,3201.0
8073,65019.1,18,49756373,49837617,92.8,1026.0
8074,65026.5,18,1381212154,49806127,801.1,9817.0
8075,65028.1,18,49741274,12974478432,333.0,3713.0
8076,65028.3,18,49772964,49800238,768.1,9077.0
8077,65028.7,18,49787160,7554685045,130.3,1518.0
8078,65031.1,18,1645991534,49780058,279.0,3090.0
8079,65031.8,18,49782369,49823952,217.0,2835.0
8080,65033.3,18,49797063,1468884920,935.4,12794.0
8081,65034.4,18,3012429028,49787487,294.3,3380.0
8082,65035.9,18,49770680,49734570,714.7,9228.0
8083,65037.3,18,49762210,49759333,533.7,7119.0
8084,65041.2,18,49792123,49847120,576.2,7394.0
8085,65043.2,18,49740439,49809263,546.6,6781.0
8086,65048.2,18,5698252199,49821658,585.6,7596.0
8087,65051.3,18,49745680,49755034,1173.6,14161.0
8088,65051.6,18,12232117844,49817415,610.5,6758.0
8089,65055.6,18,647026143,49762331,356.8,4054.0
8090,65063.2,18,49748690,49821164,639.1,7445.0
8091,65063.7,18,49774093,49735514,779.9,9033.0
8092,65064.9,18,49756297,1030456645,987.9,11113.0
8093,65070.7,18,49865774,49759080,373.7,4258.0
8094,65071.8,18,49797596,642334085,512.0,7047.0
8095,65072.5,18,49770680,2765545510,421.8,5117.0
8096,65073.2,18,49773532,49854250,353.5,4264.0
8097,65073.8,18,3669554865,49739787,377.4,4279.0
8098,65075.4,18,2444588205,647241790,205.1,2255.0
8099,65076.7,18,3669554868,3370866945,633.4,7582.0
8100,65076.9,18,49764271,49768166,419.0,4661.0
8101,65077.1,18,49787774,5019937940,680.1,8881.0
8102,65077.2,18,49729874,9124461219,296.1,3371.0
8103,65078.8,18,49764904,49784189,839.5,10406.0
8104,65081.4,18,49782369,49793879,869.7,10836.0
8105,65084.2,18,49745207,49766029,461.9,5367.0
8106,65084.6,18,49745628,49754166,347.2,4136.0
8107,65084.9,18,49762210,655680623,347.4,4633.0
8108,65086.3,18,49749379,2377417303,364.0,4053.0
8109,65089.0,18,1381204541,5277489271,654.9,8828.0
8110,65093.8,18,655247774,49838764,252.4,2843.0
8111,65095.6,18,49741740,49809273,77.9,870.0
8112,65096.7,18,655662508,49763499,398.5,5739.0
8113,65096.8,18,49745214,49767269,366.7,4067.0
8114,65098.2,18,1379471223,701602949,122.8,1385.0
8115,65100.6,18,867659605,1469286241,875.6,11588.0
8116,65100.6,18,49773647,7802243126,569.9,6452.0
8117,65103.0,18,1364987325,49745457,330.4,3720.0
8118,65106.2,18,49789208,49758237,868.6,10816.0
8119,65108.9,18,3240030410,3388139632,733.9,8246.0
8120,65110.4,18,655442838,3001431544,207.2,2292.0
8121,65119.0,18,49748151,49747955,199.9,2146.0
8122,65119.7,18,4630137710,49847403,543.3,6564.0
8123,65121.1,18,3000430293,49826530,240.2,2496.0
8124,65124.7,18,49745214,49769081,772.3,10463.0
8125,65125.2,18,49773070,641107671,346.7,3994.0
8126,65127.4,18,3669554865,7554685042,214.7,2442.0
8127,65133.8,18,49779896,49795779,357.7,4114.0
8128,65135.1,18,49825108,646202862,443.8,5146.0
8129,65136.7,18,49780558,49747116,438.0,5080.0
8130,65137.1,18,49780562,649840953,927.4,11618.0
8131,65138.6,18,49745335,49793211,519.4,5786.0
8132,65141.4,18,49748690,2843194025,278.9,3199.0
8133,65142.2,18,655247775,49838768,242.3,2748.0
8134,65143.1,18,2974621123,1574783781,693.7,9369.0
8135,65143.8,18,49743955,49748399,913.9,11961.0
8136,65144.6,18,49741703,49751444,247.7,2810.0
8137,65149.2,18,49767451,49858173,196.9,2345.0
8138,65151.0,18,4082394063,49765085,208.0,2379.0
8139,65159.4,18,49842421,638462834,58.2,644.0
8140,65163.3,18,49797401,49749754,385.5,4495.0
8141,65165.0,18,49789218,49825121,268.9,3174.0
8142,65165.8,18,49808183,9751954814,869.5,11377.0
8143,65167.4,18,49774081,49793906,292.1,3734.0
8144,65168.3,18,641116194,49854291,584.7,6627.0
8145,65170.5,18,49809177,5495854057,374.9,4149.0
8146,65171.1,18,49865768,1493897291,613.6,8048.0
8147,65171.4,18,49721610,49823347,247.2,3225.0
8148,65179.0,18,49771469,49759674,407.0,4642.0
8149,65180.4,18,49802545,49763644,506.7,5970.0
8150,65180.5,18,49763049,3669554874,193.7,2173.0
8151,65180.8,18,49889382,3021624703,795.5,9802.0
8152,65187.2,18,49810122,3358724774,959.2,11999.0
8153,65187.5,18,5698252199,49757055,559.1,7041.0
8154,65187.6,18,49741095,49751468,803.9,8894.0
8155,65188.1,18,1060365691,13591803324,329.3,3765.0
8156,65188.7,18,2046464958,49787884,193.8,2157.0
8157,65188.8,18,647031903,2444588215,691.0,8239.0
8158,65190.0,18,49863186,49738129,497.4,5697.0
8159,65193.1,18,49776112,49827508,165.2,1808.0
8160,65193.4,18,49773055,647087545,348.3,4551.0
8161,65194.3,18,49762207,49842543,656.0,7390.0
8162,65196.8,18,49809698,49787131,501.2,6142.0
8163,65197.5,18,49789496,3665019989,322.9,3661.0
8164,65197.9,18,1218534986,49827159,824.2,11398.0
8165,65198.6,18,49816382,49795949,344.8,3771.0
8166,65199.4,18,3358724774,49811628,562.0,6397.0
8167,65201.0,18,49800755,49804253,805.8,9389.0
8168,65203.9,18,49771030,49861091,627.5,7441.0
8169,65206.2,18,655447275,49798063,220.8,2509.0
8170,65206.4,18,49745465,49771172,1001.9,12110.0
8171,65207.0,18,49741730,10966490810,617.8,7013.0
8172,65210.3,18,49741274,49771006,137.4,1462.0
8173,65214.2,18,49741730,49871743,96.6,1104.0
8174,65214.2,18,49756297,49795928,985.6,11117.0
8175,65215.0,18,49821002,49762355,289.4,3241.0
8176,65215.9,18,49821658,49836977,601.9,7207.0
8177,65217.5,18,49778050,49769171,207.3,2268.0
8178,65221.4,18,49732272,49744825,495.2,5383.0
8179,65221.9,18,2286013912,49769201,187.4,2045.0
8180,65222.7,18,3013407820,49741027,230.1,2618.0
8181,65225.6,18,49810831,49783121,534.1,6533.0
8182,65225.9,18,3358724774,49830496,852.8,10045.0
8183,65230.0,18,49828695,641127521,298.5,3408.0
8184,65230.7,18,49810122,49795949,117.8,1390.0
8185,65230.8,18,5180966153,49852384,584.1,7917.0
8186,65231.1,18,49747467,644504509,720.9,8303.0
8187,65231.8,18,49723539,13181373685,253.6,2782.0
8188,65233.5,18,49763640,5192159439,363.2,4113.0
8189,65235.0,18,49745232,9545184620,124.4,1405.0
8190,65241.5,18,49735524,49799817,505.9,5665.0
8191,65248.6,18,49801673,9596032940,94.0,1051.0
8192,65252.2,18,49799147,647044100,479.7,5523.0
8193,65253.1,18,3001375539,49789376,645.9,7836.0
8194,65253.1,18,3240030410,49769186,425.2,4916.0
8195,65253.3,18,49847837,49774966,218.5,2533.0
8196,65255.5,18,49745240,49777892,402.6,4373.0
8197,65256.0,18,49809189,49767443,403.4,4504.0
8198,65256.7,18,49801673,49763775,584.9,6850.0
8199,65257.6,18,2440761314,11260344015,252.5,2830.0
8200,65258.4,18,12974478437,9526260027,276.8,3055.0
8201,65258.8,18,49748460,9425953059,839.2,9584.0
8202,65259.0,18,49740244,876615376,297.0,3326.0
8203,65260.1,18,655661924,49773669,599.5,6758.0
8204,65263.1,18,49873688,632879321,516.2,6248.0
8205,65265.1,18,49723539,647031903,502.7,5607.0
8206,65272.5,18,49793983,49776234,212.5,2386.0
8207,65273.5,18,49825108,49750794,616.0,6776.0
8208,65279.7,18,3001016695,49749416,264.0,2829.0
8209,65283.6,18,49758282,2921295149,585.6,6484.0
8210,65285.6,18,49774081,49762002,447.5,5097.0
8211,65287.2,18,49820727,49892627,1169.0,14412.0
8212,65287.4,18,49745186,49777919,366.6,4103.0
8213,65288.3,18,49793549,1364989308,237.2,2826.0
8214,65288.4,18,49741695,49715932,661.2,7415.0
8215,65288.8,18,1740764624,49830359,878.5,10849.0
8216,65290.3,18,49789219,641112578,444.1,5027.0
8217,65293.1,18,49821763,49780323,402.3,4836.0
8218,65294.3,18,2428508011,5564258812,66.1,737.0
8219,65294.6,18,49720045,49797401,988.1,11118.0
8220,65295.0,18,49779980,49729400,793.8,9410.0
8221,65295.1,18,49773526,9134098214,73.3,841.0
8222,65295.2,18,49873440,876615199,666.6,7887.0
8223,65297.2,18,49860783,49759633,1255.2,15980.0
8224,65298.0,18,49719895,11198265632,571.4,6460.0
8225,65298.2,18,655680824,11260344015,334.3,4074.0
8226,65301.5,18,49776047,49791761,22.9,256.0
8227,65304.0,18,4597151559,1365013791,379.6,4636.0
8228,65304.6,18,49888300,49798067,409.5,5114.0
8229,65304.6,18,8299152846,9320542359,273.3,3657.0
8230,65307.1,18,2974621123,49831621,699.3,8006.0
8231,65307.2,18,49743415,640712806,1006.2,12674.0
8232,65308.8,18,49853085,49765120,106.8,1213.0
8233,65308.9,18,49745235,49753005,258.2,2885.0
8234,65315.1,18,49820743,49856372,1048.4,13195.0
8235,65321.6,18,1004839834,49759299,689.5,8959.0
8236,65324.2,18,49745335,49735130,313.6,3324.0
8237,65325.0,18,49756892,49756802,445.2,7140.0
8238,65325.7,18,49745240,49844804,212.5,2405.0
8239,65326.0,18,647031903,49853085,164.5,1846.0
8240,65326.1,18,49822365,12937946004,391.7,4109.0
8241,65330.5,18,49734621,641112590,460.7,5634.0
8242,65331.9,18,1381204541,49827531,71.7,849.0
8243,65339.0,18,641127560,4089959667,295.9,3370.0
8244,65339.8,18,49789251,49808664,798.9,10123.0
8245,65342.9,18,1379495851,49741076,336.0,3746.0
8246,65348.1,18,646031052,49774427,630.8,6966.0
8247,65350.6,18,8636398137,49813393,106.8,1194.0
8248,65350.7,18,641116232,3667951404,658.4,7537.0
8249,65351.3,18,49797192,1012017763,673.8,7332.0
8250,65351.4,18,5698252199,49732193,213.6,2377.0
8251,65356.3,18,1740764624,49813384,113.1,1250.0
8252,65356.9,18,641116213,49729919,418.0,4853.0
8253,65359.0,18,3013407820,1375406095,353.0,3941.0
8254,65363.7,18,2927432297,49756857,328.7,3664.0
8255,65364.5,18,1645991534,647043625,367.3,4120.0
8256,65365.1,18,49774093,49768712,40.3,416.0
8257,65365.6,18,49787160,49788203,972.7,11330.0
8258,65365.7,18,774340109,49813496,248.3,2809.0
8259,65366.1,18,49741695,9671298374,322.8,3623.0
8260,65368.4,18,49763606,5533679477,324.2,3637.0
8261,65369.9,18,49777795,49787530,244.5,2750.0
8262,65374.3,18,9136825813,1443727150,369.2,4309.0
8263,65375.7,18,1618429530,806521028,496.4,6227.0
8264,65376.6,18,49856112,49734005,722.5,8551.0
8265,65378.5,18,5698252199,49744858,633.5,6984.0
8266,65378.8,18,49749379,705647635,501.7,5570.0
8267,65382.1,18,49754058,49718707,750.0,8350.0
8268,65383.0,18,1474747464,655442855,392.5,4785.0
8269,65383.0,18,49789219,4807550266,319.5,3582.0
8270,65383.9,18,49783079,49804967,127.6,1426.0
8271,65384.5,18,49770639,647026051,406.6,4491.0
8272,65385.1,18,2502976209,49819105,705.3,8737.0
8273,65385.1,18,49756578,49755469,565.6,6270.0
8274,65386.1,18,49741038,49755762,637.3,7177.0
8275,65386.3,18,647619114,49807307,885.7,11009.0
8276,65387.0,18,3011107102,911591836,742.2,8903.0
8277,65389.3,18,1013429968,49716932,987.1,12829.0
8278,65395.1,18,49780562,647044202,345.1,3835.0
8279,65395.2,18,5556599906,6697945789,62.4,708.0
8280,65397.9,18,49789379,49745186,570.2,6679.0
8281,65398.2,18,1379471024,49869902,410.8,4431.0
8282,65402.7,18,49782241,641116232,244.8,2781.0
8283,65403.6,18,49809177,5445932105,123.2,1388.0
8284,65403.8,18,647044202,49786690,782.3,9635.0
8285,65404.6,18,49825108,9797239771,622.5,7418.0
8286,65410.0,18,49825409,5558800273,672.4,7936.0
8287,65411.6,18,2629963166,49778437,369.8,4162.0
8288,65412.6,18,5180966153,2462383184,323.0,3650.0
8289,65413.2,18,49845919,647628098,154.7,1709.0
8290,65413.4,18,1379505465,647320588,519.6,5814.0
8291,65416.3,18,647030735,49741287,336.9,3767.0
8292,65418.2,18,49845837,49769180,333.0,3637.0
8293,65418.5,18,49764791,49755034,989.2,12028.0
8294,65418.8,18,3672563449,49768181,222.7,2506.0
8295,65419.2,18,3661066526,49723017,623.5,7797.0
8296,65419.4,18,774340109,49769213,197.0,2247.0
8297,65419.8,18,447591561,3012784288,659.3,7458.0
8298,65422.8,18,49855611,638898969,418.0,4712.0
8299,65427.1,18,49778302,49734134,1384.9,17589.0
8300,65427.3,18,49828695,49772615,464.8,5580.0
8301,65428.1,18,49866935,49823040,440.4,5079.0
8302,65428.8,18,49773590,49756530,381.3,4166.0
8303,65430.1,18,49809721,49762885,571.8,6436.0
8304,65431.0,18,49878016,49849153,582.5,6529.0
8305,65433.2,18,49763640,49820692,203.2,2264.0
8306,65434.4,18,814299119,49792024,749.5,9376.0
8307,65438.7,18,3016605388,49731508,300.1,3404.0
8308,65439.2,18,49810876,1367470208,224.7,2597.0
8309,65439.6,18,49793777,49749394,308.3,3416.0
8310,65440.9,18,8461692431,2911584529,383.2,4298.0
8311,65443.1,18,49770684,49827970,820.3,10113.0
8312,65444.3,18,49734622,49731757,1035.2,12590.0
8313,65444.6,18,1364987325,49770689,216.9,2479.0
8314,65446.6,18,3012784293,49780684,245.3,2842.0
8315,65446.8,18,3012784293,49792347,441.0,5522.0
8316,65446.9,18,49837606,49762880,637.5,7230.0
8317,65449.6,18,49762225,9468883912,335.0,3799.0
8318,65449.9,18,49789208,49815809,292.8,3255.0
8319,65451.7,18,3669554866,3373744926,689.1,8076.0
8320,65451.9,18,49781395,49745938,1051.0,12934.0
8321,65452.9,18,49813365,49753936,629.1,7972.0
8322,65456.2,18,3672563449,4954895459,245.1,2742.0
8323,65457.5,18,49789337,49791878,183.2,2229.0
8324,65457.9,18,49749374,49797751,435.6,5249.0
8325,65463.2,18,49797596,9768681898,518.2,5778.0
8326,65464.5,18,49774079,9545143715,314.1,3623.0
8327,65468.5,18,4697534335,1013367449,617.0,7219.0
8328,65470.2,18,3012829798,4364801720,738.8,8839.0
8329,65472.4,18,655680757,783623535,530.8,6998.0
8330,65479.4,18,5170081599,49746276,308.7,3917.0
8331,65480.3,18,49739559,49844805,321.8,3702.0
8332,65489.7,18,49866935,49752584,649.5,7189.0
8333,65490.4,18,2616277014,5564258806,610.7,6701.0
8334,65494.9,18,49822338,49828150,1286.8,16456.0
8335,65500.6,18,49756474,649840270,680.5,8502.0
8336,65502.1,18,647030735,49767448,124.6,1350.0
8337,65502.3,18,1379471556,49800095,674.7,7848.0
8338,65502.9,18,49774098,49745232,404.6,4517.0
8339,65503.0,18,49741730,49745650,359.6,4079.0
8340,65503.3,18,49773532,49716129,675.2,8691.0
8341,65506.1,18,1379471024,3370912495,469.1,5300.0
8342,65508.8,18,3105427804,49813499,395.2,4321.0
8343,65512.3,18,49756474,49807986,529.7,6868.0
8344,65516.6,18,49748212,49746659,507.6,5957.0
8345,65518.6,18,49762379,49772372,397.1,5670.0
8346,65520.7,18,49825409,389068940,647.9,7722.0
8347,65520.8,18,1804420109,9300516161,838.3,10336.0
8348,65521.8,18,49764791,49751675,885.9,10453.0
8349,65524.7,18,4792249103,876652192,1059.6,12914.0
8350,65525.5,18,49797401,1443726988,558.5,7660.0
8351,65527.6,18,49873888,646229800,935.7,11119.0
8352,65528.7,18,49779839,1379442040,722.6,8412.0
8353,65528.7,18,49783079,2145946280,688.8,7652.0
8354,65529.7,18,49756373,49827624,135.8,1530.0
8355,65529.7,18,1381204541,647026202,314.8,3544.0
8356,65531.8,18,655661924,49764326,322.0,3808.0
8357,65536.5,18,49745284,49742370,521.6,5709.0
8358,65536.8,18,49745335,49841343,1042.7,14172.0
8359,65537.0,18,11198264296,49756611,637.4,8133.0
8360,65537.7,18,4325552564,49810152,390.7,4647.0
8361,65541.5,18,4561710231,49789927,363.1,3852.0
8362,65542.2,18,3012784293,49742331,255.1,2903.0
8363,65543.1,18,49783079,655448767,345.4,4029.0
8364,65544.1,18,49782349,49738311,517.7,5777.0
8365,65544.8,18,49820583,49850681,628.7,7108.0
8366,65545.3,18,49776112,9136825795,334.7,3741.0
8367,65546.4,18,49770640,49770833,336.8,3868.0
8368,65548.7,18,49762207,49774788,683.6,7452.0
8369,65551.7,18,3670756345,49756914,268.4,3087.0
8370,65553.5,18,49770782,3366676344,638.8,7385.0
8371,65553.6,18,1484269578,49765234,826.9,10405.0
8372,65556.0,18,49848293,5343399983,421.3,5262.0
8373,65556.2,18,1379471556,3027663729,113.3,1311.0
8374,65557.8,18,49789333,49795130,999.9,12629.0
8375,65560.2,18,49845726,1013396313,544.6,6208.0
8376,65563.7,18,49774088,49756643,519.9,5768.0
8377,65563.8,18,49774088,1364961100,327.3,3636.0
8378,65565.0,18,49741058,49757879,567.5,7188.0
8379,65565.7,18,4060172794,49819679,410.2,4464.0
8380,65566.1,18,8592032116,49792143,228.8,2758.0
8381,65570.1,18,2440761314,3369093924,685.0,8515.0
8382,65571.1,18,49763044,49735021,431.0,4955.0
8383,65572.0,18,49745335,49752651,132.6,1461.0
8384,65572.5,18,49797586,5354789671,740.9,8156.0
8385,65573.1,18,3012535014,49746512,540.2,6196.0
8386,65578.5,18,49848293,49850681,931.8,11038.0
8387,65578.8,18,49740442,49789166,387.2,5390.0
8388,65582.3,18,3798943060,49747457,938.2,11709.0
8389,65584.2,18,49772615,49891817,973.9,11634.0
8390,65589.0,18,49770640,49790448,790.5,10863.0
8391,65590.0,18,12974478437,49758252,211.4,2324.0
8392,65593.0,18,3011107102,876615194,288.7,3394.0
8393,65600.4,18,49820874,49732422,514.6,5715.0
8394,65600.5,18,49763049,49795559,532.5,6732.0
8395,65601.1,18,49820583,11608896680,482.2,5376.0
8396,65601.4,18,49770670,49763132,488.1,5308.0
8397,65604.1,18,7319959761,49830920,1091.3,15459.0
8398,65605.3,18,49744587,49734622,776.3,10087.0
8399,65607.6,18,11198264296,49843233,211.6,2265.0
8400,65608.1,18,3661066115,49767368,1158.2,15275.0
8401,65608.3,18,1443727088,49781856,790.0,10196.0
8402,65609.1,18,49802545,49791829,573.3,6803.0
8403,65611.4,18,49720045,646246180,1379.7,16718.0
8404,65611.7,18,49839137,49764858,310.7,3713.0
8405,65613.1,18,3005831881,49850691,285.4,3586.0
8406,65616.6,18,642563716,9526260026,255.4,2875.0
8407,65617.5,18,49770680,49748539,109.6,1229.0
8408,65620.1,18,447591561,49861299,581.7,6640.0
8409,65625.6,18,447591561,49836253,497.3,5514.0
8410,65628.6,18,49802301,49775581,467.4,5439.0
8411,65630.4,18,3012784293,49776919,341.2,3898.0
8412,65631.1,18,49741274,49741073,430.4,4781.0
8413,65632.0,18,49741737,49776262,952.4,11623.0
8414,65633.2,18,49752632,11198779769,620.5,7479.0
8415,65634.3,18,49772987,642395561,315.3,5053.0
8416,65636.1,18,1381307998,49764467,308.4,3544.0
8417,65637.0,18,49762207,49812339,376.1,4497.0
8418,65638.9,18,49764271,49768681,359.6,4051.0
8419,65642.4,18,49745193,49745284,119.5,1335.0
8420,65643.9,18,49793549,49825155,65.8,759.0
8421,65644.7,18,49809189,5925999726,653.7,8269.0
8422,65648.2,18,49769187,49718776,596.5,7805.0
8423,65649.0,18,49810122,49804022,436.7,4879.0
8424,65652.5,18,49776112,3531416323,252.5,2790.0
8425,65653.6,18,1443727088,49760309,355.7,4011.0
8426,65654.4,18,49777277,2456351013,326.9,4006.0
8427,65655.0,18,49845830,7320005808,228.9,2821.0
8428,65656.9,18,49789251,49780489,402.0,4364.0
8429,65658.4,18,3005831881,49767441,353.6,4765.0
8430,65660.0,18,49745636,49772839,694.0,7900.0
8431,65660.1,18,49770672,3372235132,632.2,7077.0
8432,65663.0,18,655247774,49825124,76.8,874.0
8433,65664.9,18,49866594,49765073,931.5,11342.0
8434,65664.9,18,641116283,5533679479,96.1,1025.0
8435,65667.4,18,4975093911,9590909203,504.5,5694.0
8436,65667.9,18,5128694819,5564258810,447.4,4888.0
8437,65668.3,18,49810122,49841879,644.4,7478.0
8438,65670.1,18,1060365691,49779953,79.1,884.0
8439,65673.1,18,49774093,642604676,228.7,2619.0
8440,65677.6,18,1381307995,49766761,774.4,10719.0
8441,65677.8,18,11261031486,49765008,326.6,3852.0
8442,65680.9,18,49845837,49734622,487.6,5489.0
8443,65681.0,18,11198264296,49863346,355.9,4822.0
8444,65681.5,18,49724395,1443727064,79.0,817.0
8445,65682.0,18,3012535014,49841343,707.4,9611.0
8446,65683.0,18,49848293,49764318,541.4,6609.0
8447,65683.9,18,13431097737,3665450112,187.7,2518.0
8448,65684.7,18,1381216023,2956751419,239.8,2737.0
8449,65685.8,18,49745240,49853696,40.9,458.0
8450,65686.4,18,1381204541,49789487,556.2,6379.0
8451,65688.2,18,49777546,1560146369,457.8,5437.0
8452,65689.3,18,3672563449,49750801,588.3,6749.0
8453,65690.6,18,3378222897,49748212,103.5,1124.0
8454,65691.9,18,49794626,649839521,1398.6,17183.0
8455,65698.2,18,49848293,49739795,418.4,4728.0
8456,65699.0,18,49810122,49731621,811.2,9746.0
8457,65699.3,18,1381204541,49885288,390.6,4507.0
8458,65700.3,18,49763044,49817129,858.7,9668.0
8459,65701.0,18,3000430293,49745287,397.3,4287.0
8460,65702.2,18,3012784293,49735404,168.8,1833.0
8461,65702.5,18,49809177,49765303,458.7,5188.0
8462,65707.8,18,49809715,49740351,699.2,8545.0
8463,65707.9,18,49837617,12123627613,217.2,2509.0
8464,65709.7,18,49734621,49857603,907.5,11173.0
8465,65710.8,18,49739609,49739633,33.5,387.0
8466,65711.6,18,49787486,49747486,458.6,6016.0
8467,65714.5,18,49865234,49796554,543.0,7088.0
8468,65714.7,18,3661066117,49768328,421.4,4504.0
8469,65716.8,18,49763640,49861023,558.0,6004.0
8470,65720.6,18,49820743,49806112,1195.7,14134.0
8471,65723.6,18,641965169,1471764518,690.1,8583.0
8472,65725.5,18,49721277,1443727055,245.7,2625.0
8473,65725.9,18,49748212,49768415,363.9,4084.0
8474,65730.3,18,49844851,49777013,298.9,3295.0
8475,65730.6,18,49745676,655247774,518.0,5798.0
8476,65732.9,18,49745628,642586207,171.8,1916.0
8477,65733.5,18,49808183,49873833,898.8,9389.0
8478,65735.9,18,49734802,3601521522,510.5,6377.0
8479,65736.0,18,1484331315,49751220,1162.1,13663.0
8480,65736.6,18,49745628,49721277,401.8,4690.0
8481,65737.0,18,49765155,49844794,250.4,2787.0
8482,65737.1,18,655442839,49856097,580.1,6721.0
8483,65744.3,18,49839137,3372443381,945.0,10523.0
8484,65745.2,18,6796840442,49768186,596.8,6915.0
8485,65749.1,18,1381204541,49809263,182.9,1893.0
8486,65750.2,18,49809189,649839141,898.7,11272.0
8487,65750.3,18,49777795,49734111,124.8,1450.0
8488,65752.4,18,13431097737,641127613,608.3,6917.0
8489,65752.6,18,642317837,2136710698,849.8,10818.0
8490,65753.0,18,1440554109,1484481543,412.5,4541.0
8491,65753.3,18,49809189,9425953059,696.1,7786.0
8492,65755.6,18,1740764624,1443727013,767.7,10829.0
8493,65758.7,18,3798943055,49861310,601.3,7339.0
8494,65760.9,18,3669554865,49761375,309.1,3470.0
8495,65764.7,18,641128680,2167451953,488.1,5416.0
8496,65771.7,18,49793729,49739609,359.7,4115.0
8497,65772.0,18,49842413,49753272,678.2,7935.0
8498,65781.2,18,49745636,49745235,147.4,1683.0
8499,65782.0,18,49763640,10020947582,893.6,11359.0
8500,65785.4,18,4792249103,641111009,48.6,532.0
8501,65786.5,18,49829123,49804074,976.5,11044.0
8502,65790.1,18,2974621123,49758185,932.1,11382.0
8503,65794.7,18,49809189,11608896680,357.8,4018.0
8504,65799.8,18,49799808,49779953,190.9,2231.0
8505,65801.0,18,49745193,49789128,773.7,9903.0
8506,65803.0,18,49745629,49763997,331.1,3971.0
8507,65804.0,18,49773062,49722137,741.9,9408.0
8508,65805.5,18,49724395,49740574,830.1,9226.0
8509,65805.7,18,49745676,49773485,211.5,2451.0
8510,65805.9,18,3012429028,49888173,393.9,4722.0
8511,65807.2,18,49741730,49895526,329.1,3609.0
8512,65808.4,18,49783079,49832844,358.9,4014.0
8513,65808.5,18,49778302,5277494919,878.9,12742.0
8514,65809.1,18,49815687,49781479,744.6,7864.0
8515,65811.5,18,3669554857,49809230,235.0,2651.0
8516,65811.8,18,49765648,49788042,649.3,10337.0
8517,65812.5,18,49770755,49763109,404.8,4567.0
8518,65814.5,18,49739609,49745915,363.4,4766.0
8519,65816.9,18,49762191,641965013,202.4,2375.0
8520,65817.3,18,49795273,13256457608,583.1,7213.0
8521,65817.4,18,49743686,49845486,335.6,3825.0
8522,65818.9,18,49878016,49852925,416.2,4864.0
8523,65820.2,18,4270790281,641112576,332.5,3818.0
8524,65824.4,18,5563919714,49813511,564.7,6269.0
8525,65824.5,18,49863186,1004809376,416.3,4728.0
8526,65825.1,18,3672563449,49860163,530.1,6136.0
8527,65832.3,18,3001046648,49859675,463.6,5491.0
8528,65837.0,18,49797596,49788221,187.2,2109.0
8529,65839.9,18,5698252199,49756643,80.7,881.0
8530,65843.7,18,49720045,49825121,720.3,8090.0
8531,65849.0,18,49863186,3577477866,437.6,5147.0
8532,65850.3,18,1365050114,641110826,642.9,7955.0
8533,65851.0,18,2927473060,2462383188,467.9,4893.0
8534,65853.2,18,814299119,49759650,331.5,3682.0
8535,65857.0,18,49820885,1360048319,419.2,5240.0
8536,65859.8,18,8299152846,1387017075,544.2,6934.0
8537,65862.5,18,49805505,49718928,757.9,8463.0
8538,65863.4,18,774340109,49778456,386.6,4179.0
8539,65863.5,18,49745232,9124461219,71.4,798.0
8540,65865.3,18,49752621,49773558,340.2,3743.0
8541,65873.2,18,6777089507,49777724,363.4,4091.0
8542,65874.4,18,49820714,49761843,1184.5,14480.0
8543,65875.7,18,1381204541,49723981,704.9,8283.0
8544,65876.2,18,3669554865,49763357,755.6,9410.0
8545,65877.2,18,2956751419,5019442990,728.6,9094.0
8546,65879.9,18,49745335,49884831,933.1,11355.0
8547,65880.9,18,49792107,49817406,348.2,4206.0
8548,65888.4,18,49865234,1460614440,535.7,7551.0
8549,65890.0,18,49853085,49803265,148.3,1618.0
8550,65891.2,18,9676179707,49780852,310.9,3407.0
8551,65891.9,18,49809189,3370866926,561.4,6294.0
8552,65893.7,18,3669554874,49780365,749.2,9470.0
8553,65895.4,18,655662508,2602417947,549.4,7087.0
8554,65896.7,18,49764251,12937946003,388.6,4261.0
8555,65897.0,18,6796840445,49777969,420.7,4853.0
8556,65898.4,18,8411842743,49805528,1062.5,12825.0
8557,65898.6,18,49821658,49727484,698.7,9088.0
8558,65899.6,18,49749851,642421214,312.0,4398.0
8559,65901.0,18,49759499,13437605382,123.9,1340.0
8560,65905.3,18,49741274,655662478,552.5,6500.0
8561,65907.3,18,49776112,49741388,906.2,10647.0
8562,65908.1,18,49825108,49767194,100.5,1197.0
8563,65909.9,18,3798943060,655442838,956.7,11055.0
8564,65911.2,18,49745676,49764365,311.2,3673.0
8565,65913.7,18,49823986,3665019983,386.9,4274.0
8566,65918.1,18,49745459,3835077728,764.2,8167.0
8567,65918.1,18,447591561,49828440,566.3,6074.0
8568,65919.2,18,3012784293,49873430,395.8,4579.0
8569,65922.6,18,49865234,49798335,534.2,7508.0
8570,65923.4,18,49745204,49778229,523.5,6065.0
8571,65925.5,18,3001353534,2136710718,519.5,5811.0
8572,65927.7,18,4697534335,2131534030,544.1,6044.0
8573,65928.6,18,49741274,49839912,556.9,6278.0
8574,65930.9,18,49764785,49767123,166.7,1945.0
8575,65931.1,18,49721610,49866203,331.7,3634.0
8576,65936.4,18,49756474,49848437,501.6,6722.0
8577,65938.2,18,49878097,1013396306,457.2,5094.0
8578,65947.9,18,1440554109,49721292,316.2,3669.0
8579,65947.9,18,5343232408,49723087,410.1,5209.0
8580,65949.6,18,49782277,1502527055,703.3,8185.0
8581,65949.7,18,49787160,49797044,493.6,5993.0
8582,65949.8,18,49745204,49755795,382.2,4808.0
8583,65950.0,18,49810876,12386165425,347.3,4358.0
8584,65955.3,18,3001288930,49744691,155.5,1788.0
8585,65957.1,18,6541847546,7263569660,447.6,5761.0
8586,65957.2,18,3012784293,49763150,401.4,4247.0
8587,65957.4,18,49764904,49765918,215.0,2338.0
8588,65957.4,18,49847837,49816008,963.7,11595.0
8589,65958.1,18,49741274,49828182,747.6,9515.0
8590,65958.1,18,49753516,642586207,424.9,4852.0
8591,65960.4,18,12520587443,11186195769,722.4,8170.0
8592,65964.5,18,9676179707,49739598,484.3,5342.0
8593,65971.3,18,49800755,49741467,1099.8,15021.0
8594,65974.0,18,49774079,1472794402,546.8,7310.0
8595,65975.9,18,3672563449,2927473940,303.6,2935.0
8596,65976.6,18,655442839,1564708943,367.1,4414.0
8597,65980.1,18,49758282,6007151790,405.1,4578.0
8598,65980.7,18,49820874,642604582,826.4,9190.0
8599,65982.3,18,3125716147,49825142,554.2,6926.0
8600,65986.7,18,49795273,49716549,564.1,8583.0
8601,65990.9,18,49743415,49739593,657.1,7251.0
8602,65991.7,18,49783079,1462088988,791.0,9546.0
8603,65995.7,18,49775608,49886535,578.1,6409.0
8604,66000.1,18,49774081,49770824,533.9,5891.0
8605,66001.0,18,49845726,49858053,512.9,6332.0
8606,66002.1,18,49882753,1462089204,1024.3,12933.0
8607,66003.6,18,49764374,49764330,129.5,1461.0
8608,66005.5,18,3669554866,49748231,116.0,1297.0
8609,66006.2,18,49882753,705734609,88.0,980.0
8610,66006.6,18,49749379,49843012,149.4,1674.0
8611,66007.9,18,5180966153,4561710230,430.0,4961.0
8612,66008.0,18,49739609,3998708781,373.6,4061.0
8613,66008.2,18,49756474,49814385,511.6,5895.0
8614,66011.3,18,3670756345,1253435740,645.1,7843.0
8615,66012.1,18,49770676,2408352996,589.8,8081.0
8616,66012.9,18,1381216023,49892627,708.9,8988.0
8617,66016.9,18,49734005,49769186,708.9,8194.0
8618,66020.8,18,3372235139,1475737793,850.6,10314.0
8619,66020.9,18,49845850,49827979,972.9,11950.0
8620,66022.2,18,49740442,49791829,724.4,8653.0
8621,66030.9,18,4695979927,647026202,261.2,2985.0
8622,66032.1,18,1243974048,1479893400,772.4,9449.0
8623,66033.2,18,49772633,7014093208,661.1,8165.0
8624,66033.7,18,49817415,49745335,244.8,2712.0
8625,66034.4,18,49752621,49767295,570.3,6461.0
8626,66035.1,18,4561710230,49810179,633.6,7452.0
8627,66037.2,18,49784130,1366288794,316.8,3752.0
8628,66037.8,18,49787863,49777749,273.2,3136.0
8629,66040.1,18,4695979927,49823347,385.5,4352.0
8630,66040.2,18,10759641447,49764397,488.5,5557.0
8631,66040.2,18,49752115,49822884,409.7,4755.0
8632,66041.2,18,49809189,49789269,424.9,4773.0
8633,66044.1,18,4060172794,49730863,848.4,10022.0
8634,66045.1,18,3378222897,1479847898,641.5,8177.0
8635,66045.3,18,49741798,49742360,633.7,7294.0
8636,66048.1,18,49745225,49809721,39.6,443.0
8637,66049.3,18,655661924,49773756,588.2,7974.0
8638,66049.4,18,49863186,49763499,865.8,12216.0
8639,66052.4,18,49794047,49754618,676.1,8245.0
8640,66055.5,18,1243973943,49755512,780.5,9761.0
8641,66057.5,18,49797586,49896952,335.5,3769.0
8642,66057.7,18,49769580,12673423896,871.2,10077.0
8643,66058.6,18,49809200,13256237938,393.7,4586.0
8644,66060.4,18,641116213,638452596,193.9,2222.0
8645,66060.6,18,49848293,3012829811,615.7,7426.0
8646,66062.2,18,49748151,49810149,992.4,11477.0
8647,66068.2,18,49748151,49762894,1028.6,11762.0
8648,66072.4,18,49803715,49763115,302.1,3285.0
8649,66077.3,18,49749851,49813125,735.5,9854.0
8650,66077.5,18,11255208766,49747854,656.0,7250.0
8651,66081.4,18,9676179707,1364971556,279.9,3206.0
8652,66082.2,18,3001016717,49766019,296.4,3243.0
8653,66082.8,18,655442847,49747094,206.7,2242.0
8654,66087.6,18,447591561,49816818,1213.5,14458.0
8655,66087.9,18,49739801,49885288,561.3,6643.0
8656,66090.6,18,49789205,49886177,555.2,6299.0
8657,66091.1,18,49799147,3667945055,764.1,8415.0
8658,66093.2,18,3672563449,49809279,38.1,426.0
8659,66097.4,18,1379495867,49717014,667.6,8616.0
8660,66097.7,18,49824264,49825155,391.6,4682.0
8661,66098.1,18,3005831881,49750819,212.7,2359.0
8662,66098.2,18,49748155,49789907,361.1,4384.0
8663,66098.4,18,49773062,11198265632,435.3,4863.0
8664,66099.0,18,49897085,49789504,1294.0,17208.0
8665,66099.2,18,49770676,49793723,164.1,1840.0
8666,66099.5,18,655442834,49751456,927.7,10730.0
8667,66101.1,18,3669554865,49831018,694.1,8936.0
8668,66101.8,18,4792249103,388401645,461.4,4934.0
8669,66102.9,18,4561710230,49747457,478.2,6228.0
8670,66107.7,18,49772615,49768061,172.3,1908.0
8671,66108.1,18,49799643,1493945657,527.9,7053.0
8672,66112.1,18,49780558,49776158,293.2,3271.0
8673,66112.4,18,49740442,13790612928,342.4,3700.0
8674,66113.2,18,49732053,49787486,402.3,4454.0
8675,66113.4,18,5180966153,49808604,524.6,6259.0
8676,66113.4,18,49866935,49823001,421.4,5041.0
8677,66113.5,18,3013484854,49767426,288.7,3058.0
8678,66115.6,18,49762379,3796854948,654.7,8065.0
8679,66116.5,18,447591561,49777892,875.0,9913.0
8680,66119.1,18,49741710,49826840,509.9,5658.0
8681,66120.2,18,49881497,49716928,298.7,3272.0
8682,66123.9,18,49793211,49749383,379.5,4241.0
8683,66124.5,18,49776463,1243974048,487.5,5535.0
8684,66126.3,18,49866935,5556599906,597.2,6690.0
8685,66126.7,18,49774087,49824054,486.9,5496.0
8686,66127.2,18,3669554857,49789983,630.3,7246.0
8687,66130.2,18,49810122,49841930,625.7,7305.0
8688,66134.2,18,49845777,49853005,773.4,9190.0
8689,66134.7,18,3672563449,49823347,289.9,3379.0
8690,66136.5,18,49734140,1484266510,449.5,5770.0
8691,66137.3,18,5180966153,4365422605,537.6,6310.0
8692,66139.7,18,1381216023,49796955,291.0,3307.0
8693,66142.4,18,5170081599,49882979,566.7,7320.0
8694,66142.4,18,1618429530,49789747,726.0,9321.0
8695,66144.3,18,12128376033,49856372,544.8,7538.0
8696,66144.4,18,49752628,2927473940,545.3,5522.0
8697,66146.0,18,9676179707,49789329,507.6,5870.0
8698,66146.1,18,49789219,49779896,317.0,3580.0
8699,66146.4,18,49772615,49761570,548.8,5897.0
8700,66150.8,18,650017956,640614223,630.0,8882.0
8701,66152.0,18,49741730,49884583,606.4,7380.0
8702,66154.6,18,49852910,3781487711,151.8,1542.0
8703,66156.3,18,49794431,11263001104,376.5,4351.0
8704,66162.2,18,12529163241,49777625,906.8,12499.0
8705,66162.4,18,1804420112,49764337,227.5,2546.0
8706,66162.5,18,49825108,1470020432,714.7,8891.0
8707,66165.8,18,1205178199,49801237,1034.7,10225.0
8708,66168.0,18,49782130,49770639,306.9,3434.0
8709,66170.9,18,49845726,49820743,445.3,5044.0
8710,66173.0,18,49799633,49847389,315.4,3512.0
8711,66173.5,18,49772633,49809939,1040.8,12717.0
8712,66173.6,18,49745676,1017391844,327.0,3533.0
8713,66178.0,18,49764791,49776262,932.4,11470.0
8714,66181.5,18,3125718572,49788838,225.1,2365.0
8715,66183.1,18,49745628,1021561599,414.7,4703.0
8716,66189.1,18,641054075,49757545,859.1,9866.0
8717,66189.1,18,49780562,49777099,746.3,8458.0
8718,66191.7,18,49776461,49724752,461.8,5492.0
8719,66193.3,18,1004263862,9656370906,323.5,3553.0
8720,66194.7,18,3669554865,49726410,561.3,6228.0
8721,66195.3,18,49826586,49848006,779.1,8825.0
8722,66203.0,18,49797596,49862016,635.5,7801.0
8723,66203.4,18,49793549,3669554855,5.2,66.0
8724,66204.4,18,49745188,49735404,275.5,3047.0
8725,66204.7,18,49773062,49856163,208.6,2333.0
8726,66205.1,18,5128694815,49790030,353.2,3934.0
8727,66207.5,18,49745335,49742460,685.9,7593.0
8728,66208.6,18,49745232,3369093924,617.1,7297.0
8729,66209.5,18,49873888,49779994,373.7,4169.0
8730,66210.9,18,49752579,49754685,197.9,1928.0
8731,66210.9,18,49794047,49831838,296.0,3079.0
8732,66211.0,18,49749106,49742344,366.6,4143.0
8733,66211.3,18,49848293,49768464,444.1,5059.0
8734,66212.3,18,49779896,49731659,552.0,6580.0
8735,66212.6,18,49809715,49770724,89.7,1022.0
8736,66213.1,18,49837606,49851508,205.6,2227.0
8737,66214.3,18,9797239771,3001460943,688.1,7975.0
8738,66214.8,18,1804420109,5445932105,395.1,4484.0
8739,66215.2,18,5128694815,49745699,331.3,4060.0
8740,66215.6,18,3669554865,49845777,242.5,2785.0
8741,66216.0,18,49789376,49764453,385.3,4559.0
8742,66216.9,18,49810876,49733719,657.0,9292.0
8743,66218.5,18,49741703,49749098,413.3,4547.0
8744,66220.8,18,49721610,4015360173,563.5,6469.0
8745,66224.8,18,1364961088,1460668162,484.9,6933.0
8746,66225.2,18,49787487,876615199,246.8,2829.0
8747,66228.0,18,49749851,2765475185,1124.4,14932.0
8748,66229.7,18,9136825813,49794394,165.5,1841.0
8749,66230.2,18,49764337,49808317,763.7,9821.0
8750,66231.9,18,49777795,49813384,138.8,1593.0
8751,66233.8,18,3378110162,639446397,433.4,6159.0
8752,66234.8,18,3012829798,49764374,148.5,1835.0
8753,66236.7,18,49888809,49761439,1075.8,12976.0
8754,66238.4,18,49796861,49823271,575.6,6742.0
8755,66238.7,18,49745193,49816834,661.5,8092.0
8756,66240.2,18,9136825802,49756538,345.2,3916.0
8757,66240.7,18,49787160,49787913,600.0,7197.0
8758,66241.0,18,1362307924,49745214,256.7,2911.0
8759,66243.3,18,5170081599,3373860100,595.9,6878.0
8760,66244.0,18,49776112,49768712,639.9,7131.0
8761,66245.3,18,49770789,655442811,398.3,4723.0
8762,66246.0,18,49773558,49794608,714.3,7977.0
8763,66247.5,18,49769580,49808583,584.9,6572.0
8764,66252.7,18,49866935,49762027,974.7,12511.0
8765,66253.2,18,49803595,49814843,904.1,12018.0
8766,66254.4,18,49881497,1467728486,1240.0,15409.0
8767,66255.1,18,49789362,49787536,554.1,6606.0
8768,66255.2,18,13790612928,49748387,940.8,10476.0
8769,66256.2,18,49740442,49797071,499.6,6417.0
8770,66258.9,18,49809189,12937946005,422.6,4691.0
8771,66259.0,18,8299152846,49738304,272.9,2982.0
8772,66260.2,18,647619114,49814761,522.6,6278.0
8773,66261.7,18,49796229,2765545523,390.8,4847.0
8774,66262.4,18,49748066,937306423,834.5,9307.0
8775,66264.6,18,49720045,645963548,754.0,8447.0
8776,66267.1,18,49873888,647044100,543.1,6155.0
8777,66271.3,18,49809721,49846606,774.0,9586.0
8778,66271.9,18,655442838,49795263,91.4,975.0
8779,66272.9,18,49770755,49813384,175.4,1960.0
8780,66277.0,18,49878016,49772296,441.5,4865.0
8781,66277.8,18,641116223,4001470337,77.6,867.0
8782,66278.2,18,49741740,647087545,534.5,5890.0
8783,66280.1,18,49749106,49843060,311.7,3624.0
8784,66285.9,18,49748155,49800648,741.3,8904.0
8785,66286.3,18,9136825795,49772811,629.5,7086.0
8786,66286.6,18,8592032116,49871037,255.1,3446.0
8787,66287.5,18,49745632,1443170224,417.8,5192.0
8788,66287.6,18,8592032116,49786047,989.0,11147.0
8789,66290.1,18,49756373,642885430,712.2,8132.0
8790,66291.9,18,49815553,3006129374,624.1,7239.0
8791,66294.2,18,49767517,649839521,755.0,9538.0
8792,66295.5,18,1243974324,49863614,348.1,3932.0
8793,66295.8,18,49782599,49855269,666.0,7421.0
8794,66299.1,18,49777795,49767288,291.7,3264.0
8795,66299.4,18,49747351,1496803742,383.6,4503.0
8796,66303.8,18,49853696,49756545,383.7,4233.0
8797,66308.0,18,3125718572,49827240,879.6,9864.0
8798,66308.2,18,1381204541,655448762,525.3,6623.0
8799,66309.7,18,49774098,49792145,220.9,2382.0
8800,66309.9,18,49797586,49789719,506.4,5614.0
8801,66311.4,18,49787785,3010501240,312.4,3600.0
8802,66312.1,18,49732053,49777993,675.3,7580.0
8803,66313.7,18,49797596,4089959667,197.8,2208.0
8804,66314.6,18,49809698,2428508011,359.7,4019.0
8805,66317.3,18,49797051,49795130,819.0,10131.0
8806,66319.0,18,49749838,49719425,659.0,8740.0
8807,66320.9,18,49741798,49763581,146.1,1704.0
8808,66322.7,18,49749374,49789369,172.9,2108.0
8809,66324.7,18,1443727088,11368228087,787.5,10153.0
8810,66327.5,18,49763606,3656193305,967.2,13598.0
8811,66328.2,18,5180966153,49777944,379.9,4565.0
8812,66329.1,18,49820981,49788043,431.7,4819.0
8813,66332.3,18,49773012,49739410,455.8,5433.0
8814,66332.3,18,1362307924,9198915667,647.0,8194.0
8815,66336.9,18,49776112,49747949,743.0,8105.0
8816,66337.3,18,49752115,49790850,227.3,2593.0
8817,66341.5,18,1362307924,49761416,946.9,11752.0
8818,66343.0,18,1381204541,49772573,361.3,3973.0
8819,66343.1,18,11460035915,49810634,680.5,7694.0
8820,66343.1,18,49745680,49773469,1020.4,12491.0
8821,66345.8,18,49878016,49849857,355.4,5203.0
8822,66346.0,18,3798943055,49810214,1252.7,15751.0
8823,66347.6,18,49793595,1747739825,351.3,4134.0
8824,66352.7,18,1440554109,49752628,749.6,10101.0
8825,66361.2,18,5180966153,49792806,109.6,1772.0
8826,66362.1,18,1381307998,49745374,543.7,6193.0
8827,66365.8,18,49741058,49767354,507.5,5814.0
8828,66367.5,18,49764271,9723923043,723.9,9231.0
8829,66370.5,18,49809189,49763483,695.0,7725.0
8830,66374.1,18,49866935,49734600,301.1,3236.0
8831,66376.0,18,49770789,49730319,139.0,1562.0
8832,66376.5,18,49815553,49756857,302.9,3375.0
8833,66378.3,18,49773558,646031235,293.9,3562.0
8834,66384.4,18,641116257,49791957,524.2,5960.0
8835,66385.1,18,1379471556,49816236,908.9,11322.0
8836,66386.2,18,8411842743,49808761,183.5,1970.0
8837,66386.8,18,49752628,49791702,288.6,3161.0
8838,66392.0,18,1381204541,49757401,596.8,6704.0
8839,66394.4,18,49845837,49770680,234.0,2664.0
8840,66406.9,18,49745461,49742360,640.1,7090.0
8841,66408.3,18,49820874,49817092,993.9,11552.0
8842,66409.0,18,49745628,49773647,358.8,4037.0
8843,66409.1,18,4679133344,49839144,98.5,1042.0
8844,66411.8,18,49762191,1013396326,490.7,6193.0
8845,66412.4,18,49800282,10014632178,543.4,7340.0
8846,66412.6,18,655442853,49731236,595.0,6817.0
8847,66413.2,18,49772987,49770719,266.6,3137.0
8848,66414.1,18,3016605409,49829368,447.9,4995.0
8849,66415.1,18,3378222897,49843005,274.2,3206.0
8850,66415.5,18,1365050114,49764011,574.8,7358.0
8851,66415.5,18,49770782,49741341,216.9,2440.0
8852,66416.7,18,49756492,5290998465,812.2,9615.0
8853,66416.9,18,49745243,1243973943,135.5,1512.0
8854,66417.5,18,641054075,49810871,314.6,3478.0
8855,66421.7,18,49741725,5564258807,569.2,6348.0
8856,66425.5,18,49745247,13259914865,46.6,521.0
8857,66427.6,18,49745243,49797071,168.9,1893.0
8858,66429.5,18,49808183,49753063,973.9,11700.0
8859,66436.3,18,49773012,49800319,165.6,1868.0
8860,66438.2,18,1379495867,49846831,130.0,1474.0
8861,66438.8,18,49774081,49742623,286.0,3041.0
8862,66443.4,18,49745204,3369181714,504.8,5824.0
8863,66444.8,18,8592032116,49800109,408.2,4779.0
8864,66447.7,18,49762383,49738488,540.3,7284.0
8865,66448.0,18,49820743,876615194,513.0,5740.0
8866,66452.8,18,49762191,49793903,745.2,9173.0
8867,66454.8,18,49770715,49763554,216.9,2410.0
8868,66457.0,18,3358724774,49770715,588.5,7288.0
8869,66461.6,18,49802545,10992137994,415.6,4750.0
8870,66461.8,18,49820874,1243973943,585.5,6538.0
8871,66464.8,18,2616277014,49744199,1065.1,12109.0
8872,66465.8,18,11198264287,49776426,290.4,3234.0
8873,66470.1,18,49820583,4325552562,301.5,3423.0
8874,66470.4,18,49870940,49789520,525.1,5768.0
8875,66470.6,18,3016605388,640784730,545.4,6320.0
8876,66470.7,18,1379471024,2921295150,308.0,3423.0
8877,66472.2,18,3608395904,49789673,851.7,11142.0
8878,66473.8,18,49782277,49746304,401.9,5070.0
8879,66475.4,18,49787785,49817948,551.1,6371.0
8880,66480.2,18,49829250,49786440,911.3,11596.0
8881,66491.1,18,1804420112,49759543,830.3,10482.0
8882,66491.3,18,3240030410,49802109,916.4,10307.0
8883,66491.3,18,49784285,49760312,319.0,3537.0
8884,66492.1,18,49782241,641127544,332.6,3761.0
8885,66495.0,18,49721610,49768061,370.2,4469.0
8886,66495.8,18,49745243,49844812,205.3,2295.0
8887,66496.6,18,3012784293,633923743,238.9,2766.0
8888,66501.0,18,49777546,642816712,519.6,6028.0
8889,66502.7,18,5698252199,1493945556,760.9,9945.0
8890,66508.3,18,49849239,49730297,410.0,4609.0
8891,66509.1,18,49788610,49791920,677.9,8201.0
8892,66512.3,18,2921295172,49745413,280.2,3562.0
8893,66515.0,18,49773012,49800662,507.0,5947.0
8894,66515.7,18,6777089504,49780329,459.3,5308.0
8895,66518.7,18,12128376033,9773948550,800.5,9929.0
8896,66520.6,18,49810871,49784169,431.5,4802.0
8897,66521.4,18,49749374,49773070,581.7,6853.0
8898,66522.0,18,1484331315,49778922,504.9,6529.0
8899,66523.5,18,3125718572,49792806,672.2,8974.0
8900,66524.9,18,8461692431,49724333,525.6,6222.0
8901,66529.3,18,49767194,12123627613,287.3,3227.0
8902,66529.6,18,3001046648,49764445,374.1,4483.0
8903,66531.3,18,49803595,49732805,729.9,7993.0
8904,66535.3,18,49817406,49838680,199.1,2397.0
8905,66544.6,18,641116270,49821958,723.9,8046.0
8906,66545.0,18,49789205,49801528,83.9,938.0
8907,66547.8,18,49781395,49724253,520.7,6224.0
8908,66550.2,18,49756892,49786690,834.5,11430.0
8909,66551.3,18,49787453,49853489,799.4,10150.0
8910,66552.0,18,49745240,49866459,570.9,6369.0
8911,66553.6,18,49789208,1747739825,331.9,3639.0
8912,66555.1,18,49745193,1502527108,576.1,6622.0
8913,66555.3,18,1379471024,49772296,555.4,6278.0
8914,66556.1,18,49844812,49745838,603.9,8327.0
8915,66556.6,18,3378222899,1460627719,510.1,6722.0
8916,66559.3,18,49787160,49843037,596.2,7345.0
8917,66560.3,18,11198264296,3013484854,254.6,3184.0
8918,66562.9,18,49777795,653945654,558.1,8438.0
8919,66563.9,18,5180966153,49762999,470.9,5702.0
8920,66566.8,18,12128376033,3657250001,679.8,7950.0
8921,66567.5,18,49770670,5495854057,293.2,3289.0
8922,66568.4,18,3012429028,49814323,564.9,6471.0
8923,66568.5,18,3001288930,49853917,179.5,2020.0
8924,66571.5,18,49774088,3282259542,454.4,5198.0
8925,66574.7,18,49772964,49841754,132.0,1553.0
8926,66575.9,18,1804420109,1364961105,244.1,2709.0
8927,66577.1,18,9130874912,1458951146,748.6,9137.0
8928,66577.7,18,49774081,49883336,297.3,3205.0
8929,66583.3,18,5128694819,49825124,286.0,4224.0
8930,66585.6,18,9130874912,49801483,636.4,9104.0
8931,66586.2,18,1381204541,49773756,846.1,11629.0
8932,66586.8,18,49815687,49824889,582.1,6388.0
8933,66588.1,18,49822928,13265637013,435.3,4885.0
8934,66591.6,18,49787487,49763997,515.7,6364.0
8935,66592.1,18,49881497,49756545,791.2,9099.0
8936,66596.5,18,49773040,775926224,324.0,4088.0
8937,66597.7,18,49748223,642817892,318.3,3684.0
8938,66598.1,18,49792123,49806127,557.7,6988.0
8939,66598.9,18,3672563449,49771257,466.4,5144.0
8940,66600.6,18,5128694815,11198107405,391.3,4348.0
8941,66601.2,18,1466445325,3665019995,781.3,9300.0
8942,66602.2,18,49762210,49750630,307.0,3523.0
8943,66602.3,18,641054075,640614344,839.9,11940.0
8944,66602.4,18,49716899,11198107341,529.2,6366.0
8945,66602.6,18,49777795,49753990,473.7,6247.0
8946,66604.1,18,3012784293,49845639,777.5,9717.0
8947,66605.0,18,49787884,49859960,218.6,2332.0
8948,66611.3,18,262430827,49800752,512.6,7066.0
8949,66613.2,18,49825108,49781856,578.5,7756.0
8950,66613.6,18,49773012,1379505538,229.5,2599.0
8951,66613.7,18,49793670,49817413,317.9,3598.0
8952,66615.1,18,49802545,49770703,389.7,4569.0
8953,66615.5,18,49799643,5890139491,393.1,4935.0
8954,66619.7,18,49724395,49853917,402.1,5310.0
8955,66621.6,18,49805505,49731659,469.8,5204.0
8956,66624.4,18,1484482239,49790220,1059.9,12934.0
8957,66624.5,18,49776031,49773639,238.4,2648.0
8958,66625.2,18,49749374,49743902,1335.2,16414.0
8959,66630.8,18,11332977605,657211757,939.5,12058.0
8960,66631.2,18,49748066,49779953,332.6,3746.0
8961,66632.3,18,49745680,3373614193,600.1,5955.0
8962,66633.1,18,49770676,49789305,399.4,4534.0
8963,66634.4,18,641128680,1499921551,607.3,7091.0
8964,66637.5,18,49762286,3370866978,661.3,7760.0
8965,66638.4,18,49780078,13256450865,388.3,4448.0
8966,66639.6,18,3378222899,49853696,245.5,2765.0
8967,66639.6,18,49753516,49735128,744.7,8125.0
8968,66645.9,18,49741695,49767667,677.1,8904.0
8969,66646.2,18,4635639616,49871743,71.5,818.0
8970,66652.7,18,49773590,49813384,113.3,1274.0
8971,66654.6,18,49847649,49883685,440.5,4951.0
8972,66660.4,18,49745232,49764858,424.0,5609.0
8973,66660.9,18,49745232,49870402,331.4,3641.0
8974,66661.1,18,49787863,49745693,233.4,2658.0
8975,66663.9,18,49801673,2535854817,711.1,7931.0
8976,66666.7,18,49853085,49722409,402.6,5674.0
8977,66668.9,18,49773062,49739655,748.9,9502.0
8978,66672.2,18,3016605388,49754516,399.9,4478.0
8979,66672.6,18,6823343098,49753848,582.7,7658.0
8980,66672.7,18,49753014,49763122,225.4,2420.0
8981,66673.9,18,49797596,49853917,169.6,1884.0
8982,66674.0,18,49824748,49861165,195.5,2194.0
8983,66677.6,18,49722409,49816030,421.7,6672.0
8984,66679.6,18,49817092,49803116,574.5,6520.0
8985,66680.9,18,49797063,49761641,483.2,5585.0
8986,66682.0,18,13790612928,49842664,392.2,5143.0
8987,66686.2,18,49795273,9545143716,312.0,3547.0
8988,66686.4,18,49758271,1467728485,628.3,7231.0
8989,66688.4,18,49848293,49863611,791.7,9429.0
8990,66688.5,18,1004263862,49767439,631.8,6958.0
8991,66688.6,18,1243973943,12879876803,614.2,6848.0
8992,66690.3,18,49764884,49756897,87.6,917.0
8993,66690.6,18,49756892,49811771,757.3,8712.0
8994,66691.7,18,49782277,49722994,174.3,1978.0
8995,66695.7,18,49745628,49753308,566.8,6703.0
8996,66695.9,18,49764271,49817489,166.3,1864.0
8997,66696.3,18,49745636,1443170224,428.1,5315.0
8998,66699.8,18,49796897,655662364,518.8,6290.0
8999,66700.9,18,5180966153,49742370,341.2,4120.0
9000,66701.0,18,49800282,49724752,727.4,8682.0
9001,66703.7,18,49876468,49789603,97.2,1061.0
9002,66704.4,18,49772964,49760283,549.2,6085.0
9003,66705.5,18,49809177,49802625,702.3,7797.0
9004,66708.5,18,49782369,49836698,114.3,1278.0
9005,66711.6,18,642044494,12626290815,1279.3,16873.0
9006,66711.6,18,49780562,49771404,735.2,8109.0
9007,66712.8,18,49793983,49819456,370.6,4919.0
9008,66717.0,18,49745693,49777564,549.0,6352.0
9009,66717.5,18,49751728,647044127,634.0,8071.0
9010,66719.5,18,49773539,3001305333,126.4,1453.0
9011,66721.0,18,49773036,49798979,703.3,8318.0
9012,66721.6,18,3672563449,13790270473,341.5,3775.0
9013,66722.7,18,49799817,641110765,119.5,1818.0
9014,66723.6,18,655661924,49765986,478.7,5630.0
9015,66723.7,18,5180966153,49823438,331.5,4722.0
9016,66723.8,18,49789362,3372235111,421.5,4710.0
9017,66727.3,18,3125718572,49764374,663.8,7906.0
9018,66730.6,18,641054075,49770661,226.2,2543.0
9019,66730.8,18,49739559,49761626,965.2,11418.0
9020,66733.5,18,49797063,49766018,551.7,6149.0
9021,66734.9,18,4561710230,49819801,575.3,7030.0
9022,66741.4,18,49820583,633969379,111.9,1253.0
9023,66742.2,18,49749838,49745721,889.2,11506.0
9024,66742.7,18,705729431,49773055,406.7,4582.0
9025,66744.3,18,1381204541,6697945789,280.9,3174.0
9026,66747.4,18,3378110162,49780097,113.6,1254.0
9027,66749.3,18,49749379,49747486,426.6,5587.0
9028,66749.4,18,3240030410,49719533,469.1,5193.0
9029,66753.7,18,49770680,49745629,161.9,1859.0
9030,66758.0,18,49824748,49813496,305.0,3454.0
9031,66758.8,18,1381216023,10148005826,348.7,4054.0
9032,66759.0,18,49734616,49756914,613.4,6980.0
9033,66760.6,18,3372235139,3670782181,960.7,11715.0
9034,66763.4,18,49829250,49745297,388.2,4287.0
9035,66763.8,18,655661924,4630137703,607.6,8525.0
9036,66769.6,18,49882753,49763119,542.5,5993.0
9037,66770.1,18,49743686,49839247,563.1,6920.0
9038,66770.1,18,49799147,3000323991,461.2,5653.0
9039,66770.4,18,49764791,13141136442,382.7,4228.0
9040,66770.7,18,3001288930,655662478,255.1,3272.0
9041,66772.1,18,49815281,49749416,550.1,6069.0
9042,66773.7,18,12128376033,958981263,238.9,2689.0
9043,66775.5,18,49763609,49723519,669.8,8894.0
9044,66775.9,18,49745461,49816414,591.5,6546.0
9045,66778.0,18,49730129,49849139,851.4,9769.0
9046,66778.2,18,49852910,49791642,396.9,4649.0
9047,66778.6,18,2046464958,49809964,1013.9,12413.0
9048,66779.0,18,49765155,49766030,588.2,6755.0
9049,66779.4,18,49881497,49776474,843.8,9773.0
9050,66781.7,18,6777089504,49743972,456.3,6066.0
9051,66782.3,18,49817092,876615199,375.3,4644.0
9052,66783.9,18,49770670,49812253,569.1,6798.0
9053,66785.2,18,49762379,49755335,650.2,7937.0
9054,66785.3,18,5698252199,49750197,339.9,3726.0
9055,66790.3,18,646031052,49763628,500.9,5752.0
9056,66790.8,18,650017956,49758666,602.7,9071.0
9057,66791.1,18,49794626,49849816,1046.1,13099.0
9058,66793.2,18,49773532,1467726008,751.1,9312.0
9059,66793.7,18,49777795,10738980702,120.7,1346.0
9060,66798.3,18,1381204541,49811182,750.3,8991.0
9061,66800.1,18,49881497,49811996,35.9,401.0
9062,66800.2,18,49772987,49790404,567.0,6235.0
9063,66802.3,18,49724395,49734473,615.3,7110.0
9064,66803.9,18,3000430293,49889425,192.4,2038.0
9065,66804.0,18,49876468,1017508479,419.2,4642.0
9066,66804.1,18,2927473060,49832844,357.1,3568.0
9067,66806.6,18,12974478437,3001353540,149.7,1609.0
9068,66813.6,18,49782599,49822338,216.6,2383.0
9069,66814.2,18,49809715,642436911,408.4,5789.0
9070,66816.8,18,49741058,49772825,738.7,8454.0
9071,66817.9,18,49752115,49845885,429.3,4785.0
9072,66818.4,18,49766721,49790110,757.1,8754.0
9073,66819.8,18,9723903189,262542282,757.2,9396.0
9074,66824.0,18,1381204541,647044393,351.4,3926.0
9075,66827.1,18,49793983,49787128,320.0,3971.0
9076,66829.8,18,3027663729,49823761,361.6,4119.0
9077,66831.3,18,49741076,965766236,489.3,5391.0
9078,66832.7,18,3027663729,9772916138,463.6,6088.0
9079,66834.1,18,49752628,49759318,838.0,10871.0
9080,66834.2,18,11332977605,1493945562,707.5,9345.0
9081,66835.4,18,3670756345,49801237,656.7,7390.0
9082,66837.4,18,49848293,49718144,355.5,3840.0
9083,66838.9,18,49774093,49734615,519.0,5742.0
9084,66839.5,18,49743415,49768392,996.8,12710.0
9085,66842.4,18,641128680,49785819,677.6,8965.0
9086,66842.6,18,4635639617,1382539365,439.6,5354.0
9087,66843.6,18,8592032116,49819083,814.5,10452.0
9088,66844.8,18,1484481847,49777724,615.9,7236.0
9089,66844.9,18,49824264,49739819,402.5,4866.0
9090,66847.0,18,2927432300,49856113,178.3,1994.0
9091,66849.5,18,49787774,642604582,307.4,3414.0
9092,66850.4,18,10759641447,818295659,365.3,4535.0
9093,66851.9,18,447823042,49789333,639.7,7073.0
9094,66853.5,18,49813347,49755306,686.0,8607.0
9095,66856.0,18,49762238,647043651,403.6,4617.0
9096,66856.4,18,9136825795,13181373691,408.0,4579.0
9097,66856.9,18,49776916,49764867,683.2,8797.0
9098,66858.0,18,49837606,601807683,33.7,362.0
9099,66863.0,18,49767194,49786029,837.4,9397.0
9100,66863.9,18,49777792,49784820,918.4,11079.0
9101,66865.1,18,49745301,49742705,360.7,3978.0
9102,66865.5,18,12529163241,49762238,515.5,5810.0
9103,66866.3,18,49762243,1379505588,165.6,1752.0
9104,66866.9,18,9723903189,11267636468,825.2,10035.0
9105,66869.1,18,49763606,49745188,263.6,3076.0
9106,66874.3,18,7494204320,49730741,288.5,3188.0
9107,66875.2,18,3378222897,49797157,356.8,3990.0
9108,66876.7,18,4630137710,49763018,890.8,10240.0
9109,66877.4,18,4635639617,49809778,262.4,2949.0
9110,66877.7,18,49770789,3282259542,106.1,1180.0
9111,66878.8,18,49745204,49764374,63.8,793.0
9112,66881.9,18,49845837,49802116,622.0,7170.0
9113,66882.8,18,1014110633,49756456,360.2,3842.0
9114,66883.5,18,3378222899,1443727058,277.9,3377.0
9115,66885.6,18,49759499,49760297,796.7,9461.0
9116,66892.0,18,641128680,49849816,542.2,6606.0
9117,66896.5,18,1379495867,3372235116,626.9,7075.0
9118,66897.8,18,3000233170,49822546,875.3,10347.0
9119,66900.8,18,49770423,49827938,208.1,2280.0
9120,66902.6,18,3672563449,49750470,574.3,6419.0
9121,66904.5,18,9797239771,49791750,408.6,4766.0
9122,66908.9,18,49797051,49896770,314.5,3521.0
9123,66911.0,18,49799643,49757444,578.7,6504.0
9124,66912.5,18,49865768,49749098,319.3,3513.0
9125,66914.3,18,49773040,49770724,188.6,2146.0
9126,66916.5,18,49772964,49791878,446.3,4941.0
9127,66917.7,18,49770680,647044393,248.9,2772.0
9128,66919.1,18,49741725,49742352,499.0,5602.0
9129,66923.1,18,49756373,10125817780,311.9,3374.0
9130,66925.4,18,1060365691,49816895,929.3,11403.0
9131,66926.3,18,49810831,49821695,688.0,8670.0
9132,66928.1,18,3012784293,49853917,91.4,1012.0
9133,66928.3,18,5698252199,49809657,928.8,11675.0
9134,66929.3,18,49793670,3253147394,850.1,10649.0
9135,66930.3,18,49745693,49828677,511.1,5929.0
9136,66932.2,18,11460035915,49763662,328.4,3850.0
9137,66932.6,18,49715981,49878271,269.6,3045.0
9138,66933.5,18,49770684,49717288,670.7,8628.0
9139,66935.2,18,49767194,49742428,318.0,3626.0
9140,66935.5,18,49809715,49728636,289.1,3290.0
9141,66937.7,18,49744587,49798485,392.6,4397.0
9142,66941.3,18,49745200,49827240,634.8,8501.0
9143,66941.5,18,641116203,49793773,48.0,540.0
9144,66943.2,18,49787863,49775968,315.9,3521.0
9145,66943.9,18,4001470337,49866563,710.4,9069.0
9146,66945.5,18,49779896,49765273,356.2,3906.0
9147,66945.5,18,1017489190,49841101,751.8,10705.0
9148,66946.2,18,4807605970,1493897761,886.9,11413.0
9149,66948.8,18,641054075,49843233,587.8,6618.0
9150,66948.8,18,447823042,49779953,438.8,4881.0
9151,66949.1,18,3027663729,49861165,81.7,941.0
9152,66949.8,18,49752628,49754643,100.6,1016.0
9153,66950.9,18,1379496002,49843253,492.8,5714.0
9154,66952.0,18,5445789508,49729919,399.9,4462.0
9155,66954.2,18,49752632,1013430031,177.5,2137.0
9156,66954.6,18,49793670,3665453344,725.3,8007.0
9157,66955.5,18,49797596,653947551,810.6,10388.0
9158,66956.7,18,49765155,641110826,77.1,873.0
9159,66957.0,18,49797586,49749062,328.5,3851.0
9160,66959.8,18,3012829798,11267614265,278.8,3259.0
9161,66960.9,18,49745204,49753280,452.0,5390.0
9162,66963.1,18,49745676,1364961115,399.0,4349.0
9163,66963.2,18,49753516,49768691,611.6,6890.0
9164,66963.8,18,49779839,49754643,636.2,7339.0
9165,66964.2,18,49866594,5698252199,491.7,5189.0
9166,66967.9,18,3669554865,49787785,252.6,2874.0
9167,66971.3,18,1381307996,958991607,347.0,3866.0
9168,66974.3,18,49817092,3798943047,954.3,11535.0
9169,66975.5,18,4082394063,49759039,769.2,8653.0
9170,66977.4,18,49750803,1560163431,993.4,11120.0
9171,66978.4,18,49841029,49843253,386.0,4709.0
9172,66980.8,18,49745186,49797753,295.7,3491.0
9173,66981.0,18,49787884,11569406868,297.7,3339.0
9174,66985.7,18,49780840,49806665,466.7,5414.0
9175,66985.8,18,12232117844,1458420676,550.1,6170.0
9176,66986.4,18,3012784293,49787287,733.0,8683.0
9177,66987.2,18,1381204541,1017508479,286.0,3199.0
9178,66987.3,18,49863186,49766018,682.5,7725.0
9179,66988.3,18,5180966153,49721281,261.6,3196.0
9180,66989.2,18,49745628,49742701,273.9,3124.0
9181,66989.6,18,49745628,49731754,830.4,10323.0
9182,66989.6,18,49858932,49762251,236.2,2945.0
9183,66990.8,18,49770708,2921295150,231.9,2575.0
9184,66991.6,18,49776047,49816774,207.7,2273.0
9185,66993.1,18,49770423,1458870814,214.9,2494.0
9186,66996.8,18,49833602,49778679,658.1,7921.0
9187,66997.6,18,49809200,49772573,311.3,3436.0
9188,66997.8,18,49855611,49886199,399.9,4565.0
9189,66997.9,18,3001288930,1991035280,260.6,3250.0
9190,67003.9,18,49745193,49861294,15.1,171.0
9191,67005.4,18,49809189,49744867,530.7,5983.0
9192,67005.4,18,4303519741,3781487710,533.8,6083.0
9193,67006.3,18,2974621123,3750685703,729.0,8883.0
9194,67015.0,18,49809177,705647741,567.0,6322.0
9195,67017.8,18,49810128,49752640,657.4,7904.0
9196,67023.0,18,1021561602,49765859,393.6,4734.0
9197,67026.5,18,3000430293,13790612903,188.0,1986.0
9198,67027.0,18,49780562,49775986,225.1,2522.0
9199,67033.4,18,3669554855,2765475202,821.0,10243.0
9200,67034.3,18,647031903,9480293895,199.9,2233.0
9201,67035.2,18,3001016695,1360061299,684.8,8319.0
9202,67036.9,18,9797239771,49734622,441.7,4943.0
9203,67038.2,18,3670756345,49731206,545.1,6572.0
9204,67040.0,18,49762191,2921295183,420.4,4972.0
9205,67040.2,18,49793723,49765155,176.9,2036.0
9206,67045.6,18,49853037,49768203,331.2,3636.0
9207,67045.9,18,49809376,49744825,251.9,2734.0
9208,67046.1,18,49745459,49775459,509.3,5538.0
9209,67046.3,18,49762383,1243973921,247.5,2843.0
9210,67046.7,18,49745676,49739577,729.3,8209.0
9211,67049.1,18,49745214,49813441,58.0,648.0
9212,67050.4,18,12974478437,49744672,178.7,1922.0
9213,67050.9,18,1804420112,2616277092,308.2,3791.0
9214,67051.3,18,8592032116,49773557,328.3,3852.0
9215,67051.8,18,49740244,49847837,114.7,1293.0
9216,67051.9,18,49809177,647084242,533.0,6756.0
9217,67052.1,18,49773653,1364961101,249.2,2728.0
9218,67053.0,18,3012535147,49874972,307.6,3525.0
9219,67057.2,18,655442853,49758382,492.2,5613.0
9220,67059.1,18,49789376,1458431777,378.7,4272.0
9221,67060.5,18,4635639617,49773008,138.1,1555.0
9222,67065.0,18,49763640,1379471024,222.6,2465.0
9223,67066.2,18,49770755,49776228,829.7,10310.0
9224,67066.6,18,49767517,11230125796,281.5,3009.0
9225,67068.9,18,9130874912,49861310,307.8,3582.0
9226,67070.3,18,1243974109,818298885,89.4,984.0
9227,67072.1,18,2046464958,49772753,557.6,6450.0
9228,67074.3,18,3672563449,2629963166,299.0,3329.0
9229,67076.3,18,49865817,49797694,69.5,710.0
9230,67079.1,18,1381307998,3670756358,249.9,2832.0
9231,67081.8,18,49809721,49750816,532.6,5975.0
9232,67082.4,18,49756373,49822673,574.3,7032.0
9233,67083.6,18,49808183,49762994,883.2,10719.0
9234,67086.3,18,49796897,641127515,185.7,2097.0
9235,67088.4,18,49787863,49789504,1071.4,14339.0
9236,67090.7,18,49855611,49796605,613.0,7587.0
9237,67091.5,18,1740764624,49788673,326.7,3838.0
9238,67091.6,18,49745247,49798170,738.4,9038.0
9239,67093.1,18,49788457,49776151,746.4,8703.0
9240,67093.6,18,49797586,49716589,834.7,11661.0
9241,67094.3,18,447591561,49716541,1258.1,16682.0
9242,67094.6,18,655680824,49788702,614.0,7906.0
9243,67094.6,18,3125716147,49832235,719.9,8295.0
9244,67098.3,18,49849239,49769223,253.2,2659.0
9245,67098.4,18,6823343098,49884583,514.8,6136.0
9246,67099.3,18,3005239459,4975093911,355.6,4131.0
9247,67100.5,18,49829250,49824135,364.2,4024.0
9248,67102.0,18,49777795,49755550,608.5,7941.0
9249,67102.3,18,3669554866,49784169,486.2,5505.0
9250,67102.5,18,49809698,49722130,762.1,9621.0
9251,67103.4,18,9593199679,49883336,609.5,7751.0
9252,67104.2,18,655442838,49779907,483.9,5439.0
9253,67111.4,18,814299111,49780852,514.7,5602.0
9254,67112.2,18,3378222897,1443727126,393.2,4489.0
9255,67112.7,18,49849239,49851841,709.3,8744.0
9256,67112.8,18,49787160,1017391842,438.5,5532.0
9257,67114.1,18,4082394063,638908693,527.6,5867.0
9258,67115.1,18,1466445325,49734611,988.1,13041.0
9259,67116.2,18,49773647,49754466,425.5,4503.0
9260,67121.3,18,3012429028,49770481,456.7,6214.0
9261,67121.5,18,655662508,49832530,698.3,9319.0
9262,67123.0,18,49745232,3657251448,709.8,7927.0
9263,67125.6,18,49756892,5533679479,449.1,5054.0
9264,67126.7,18,49752115,965754980,273.4,3046.0
9265,67127.2,18,49773062,5558800273,345.4,3975.0
9266,67133.2,18,49774093,49755469,672.0,7450.0
9267,67134.1,18,49764791,2462383188,115.5,1284.0
9268,67135.4,18,12292446080,49794131,1218.2,14749.0
9269,67138.0,18,49820885,49878067,590.6,6600.0
9270,67138.4,18,49796897,49816494,231.0,2562.0
9271,67138.7,18,49776461,49841937,582.8,6695.0
9272,67139.1,18,49863611,647043839,226.8,2503.0
9273,67141.6,18,3001046648,49795985,383.2,5535.0
9274,67142.0,18,49794206,635341645,389.3,4427.0
9275,67142.3,18,49809721,641965187,387.8,5448.0
9276,67147.1,18,49773526,5562045275,465.2,6347.0
9277,67148.3,18,49848293,49789237,541.0,5953.0
9278,67151.6,18,49745335,49752546,805.7,10401.0
9279,67151.7,18,655442839,49828217,261.2,3361.0
9280,67156.0,18,1379496002,3000430293,332.0,3757.0
9281,67159.8,18,633923743,49745676,530.7,6062.0
9282,67159.9,18,1379495867,49779907,100.2,1127.0
9283,67160.0,18,3012784293,49790030,235.2,2646.0
9284,67160.6,18,49866935,11569406867,407.7,4562.0
9285,67160.9,18,1364989296,49778964,404.4,4485.0
9286,67163.6,18,633085015,49760029,1031.2,13095.0
9287,67163.9,18,49827624,49779761,638.0,7858.0
9288,67164.1,18,49816388,49813496,372.6,4157.0
9289,67167.0,18,49774098,49850691,156.3,1682.0
9290,67170.2,18,49789337,49762885,856.5,10113.0
9291,67171.3,18,3608395904,655448767,253.9,2832.0
9292,67172.7,18,1443727088,1443482366,472.0,5492.0
9293,67172.9,18,49863186,49767426,567.1,6452.0
9294,67173.4,18,1362307924,9676179712,128.6,1421.0
9295,67174.2,18,49789337,3370788199,255.0,2761.0
9296,67176.2,18,49801673,49816269,1050.1,12999.0
9297,67176.6,18,3669554865,49827733,528.4,6165.0
9298,67179.0,18,49773205,7802243126,483.5,5506.0
9299,67180.4,18,982859843,49741041,324.9,3699.0
9300,67181.9,18,49787616,2444588183,320.8,3881.0
9301,67183.8,18,5180966153,49765088,386.9,4479.0
9302,67183.9,18,6777089507,876652407,583.8,7466.0
9303,67183.9,18,49756373,49780038,274.7,3043.0
9304,67190.2,18,49789337,49718775,1091.8,14152.0
9305,67192.2,18,49858932,5354789662,790.9,8714.0
9306,67193.1,18,49777795,49882948,692.8,8684.0
9307,67193.3,18,1484482239,49738815,525.5,5793.0
9308,67195.9,18,4270790281,49759674,197.4,2341.0
9309,67197.3,18,49763640,49724366,634.7,7754.0
9310,67202.4,18,49792107,49788716,704.5,8152.0
9311,67202.5,18,49741730,49846852,172.1,1922.0
9312,67204.1,18,49825108,49751580,434.6,4914.0
9313,67204.6,18,49817387,49789219,215.2,2548.0
9314,67206.3,18,49768440,49837084,564.1,6619.0
9315,67206.5,18,3012784293,3373860100,402.7,4512.0
9316,67208.7,18,49824264,49767426,410.3,4560.0
9317,67210.3,18,647619114,49729915,349.1,3827.0
9318,67213.3,18,1365050114,49765081,517.9,6458.0
9319,67218.6,18,3378222897,49849816,306.8,3666.0
9320,67219.3,18,49748212,49770703,292.1,3371.0
9321,67220.2,18,49845837,49821390,887.2,11827.0
9322,67223.4,18,5698252199,11198107411,440.9,4908.0
9323,67224.3,18,49743955,3665450117,1219.8,16385.0
9324,67225.1,18,49779839,641107811,339.0,4355.0
9325,67228.1,18,49731670,49892879,297.2,3793.0
9326,67228.3,18,447591561,49747955,694.5,8124.0
9327,67228.8,18,635118613,49762143,946.5,10430.0
9328,67230.1,18,49745457,49763285,1089.9,13677.0
9329,67232.0,18,49884234,49745461,699.0,8560.0
9330,67232.7,18,49745225,642816850,263.5,2972.0
9331,67233.0,18,49770789,49766030,515.9,5876.0
9332,67236.7,18,49762191,49749855,413.2,5828.0
9333,67236.8,18,3637842788,49769187,551.2,6845.0
9334,67237.6,18,774340109,49759974,696.7,10175.0
9335,67239.6,18,49797586,49873784,562.7,6594.0
9336,67241.5,18,49837617,49838764,416.7,4616.0
9337,67243.1,18,49825108,49802116,829.7,9330.0
9338,67245.2,18,1379471223,49816494,113.6,1276.0
9339,67246.4,18,1014110633,49747466,618.3,8041.0
9340,67248.2,18,49779980,3001334946,436.2,4913.0
9341,67249.2,18,49842421,1365013789,268.5,3188.0
9342,67250.7,18,49780562,49801584,683.5,8906.0
9343,67251.7,18,4325552562,49791809,387.9,4410.0
9344,67251.9,18,8461692431,49767044,498.7,5309.0
9345,67256.6,18,49870940,49788868,787.1,9337.0
9346,67259.8,18,2974621123,13686935904,219.7,2483.0
9347,67262.9,18,49853085,49782130,332.7,3795.0
9348,67265.2,18,3012429028,3370912493,524.8,6051.0
9349,67265.8,18,49792123,49729679,370.2,4697.0
9350,67268.7,18,49789496,49810871,377.9,4970.0
9351,67269.6,18,49745461,49789219,135.1,1446.0
9352,67269.8,18,49773647,49849131,483.4,5340.0
9353,67274.4,18,3372235139,49757862,925.2,11244.0
9354,67276.1,18,49774087,49732235,684.7,8268.0
9355,67277.3,18,49745200,4643916786,405.6,6052.0
9356,67277.3,18,3005831881,8930818787,159.3,1793.0
9357,67277.3,18,3027616047,49817638,391.1,4476.0
9358,67278.3,18,49809721,49753909,649.0,8695.0
9359,67279.2,18,49770680,10806883924,410.6,4513.0
9360,67279.7,18,49810128,638908693,192.1,2254.0
9361,67284.0,18,49810871,3372255996,534.6,6309.0
9362,67285.0,18,13431097737,49715966,74.0,796.0
9363,67285.3,18,3415159798,12497001319,593.4,7624.0
9364,67285.5,18,7494204321,49743895,714.2,8342.0
9365,67287.1,18,646065021,49808664,444.7,6195.0
9366,67290.3,18,642885424,49827854,204.6,2091.0
9367,67291.9,18,49821002,49747886,489.4,5464.0
9368,67294.6,18,49853696,49842979,83.2,930.0
9369,67296.0,18,49789376,49760268,616.7,6638.0
9370,67296.4,18,49753516,49821453,790.8,10637.0
9371,67297.4,18,1017391974,49744854,437.2,4835.0
9372,67298.6,18,1017379708,49756492,305.4,3359.0
9373,67299.5,18,49745628,1493828491,526.0,7021.0
9374,67300.0,18,655442853,49739600,198.4,2166.0
9375,67301.5,18,49888809,4082394063,392.4,4327.0
9376,67301.7,18,49884234,49784237,1019.3,12027.0
9377,67303.4,18,49745232,1366288794,386.2,4503.0
9378,67303.6,18,3669554866,10992137994,308.0,3445.0
9379,67305.6,18,49745200,49881997,244.7,2928.0
9380,67309.9,18,1804420109,641127568,394.1,4534.0
9381,67313.1,18,49809715,4453817115,225.5,2456.0
9382,67313.5,18,2795614002,49881791,728.7,8050.0
9383,67314.2,18,49732053,49752599,546.7,6162.0
9384,67314.7,18,774340109,49782567,802.1,9071.0
9385,67314.8,18,655662508,49762970,276.2,3130.0
9386,67317.1,18,49801058,5446812581,717.7,8458.0
9387,67317.7,18,49875128,49756643,300.5,3307.0
9388,67322.0,18,49765018,49815678,524.2,6448.0
9389,67322.6,18,49809189,49883189,772.0,10914.0
9390,67325.0,18,3378222897,49788702,416.2,4901.0
9391,67326.9,18,5556599906,3744956549,761.6,8830.0
9392,67327.8,18,10759641447,49816494,475.7,5768.0
9393,67328.6,18,1243974048,3013484854,243.8,2765.0
9394,67331.0,18,49756578,641127814,424.2,4725.0
9395,67332.3,18,49797596,49811143,413.0,4601.0
9396,67337.3,18,1013429968,1253435740,1004.2,12364.0
9397,67337.7,18,49787486,49848049,476.3,5531.0
9398,67339.6,18,49745188,49753336,502.2,5890.0
9399,67339.9,18,1362307924,49753649,572.0,6383.0
9400,67340.2,18,49741730,2399740768,518.9,5910.0
9401,67342.0,18,49772987,49764380,230.5,2817.0
9402,67342.9,18,12128376033,633923743,160.4,1841.0
9403,67343.0,18,4082394063,49821695,963.6,11654.0
9404,67346.9,18,49810128,49764343,468.8,5484.0
9405,67350.8,18,49753516,2975016185,583.3,7420.0
9406,67351.6,18,1021561602,49824889,276.7,3349.0
9407,67354.2,18,1243973943,49882399,25.4,298.0
9408,67354.6,18,49789251,49830496,593.0,6354.0
9409,67354.7,18,49774098,1364989308,298.5,3341.0
9410,67355.5,18,49878097,3010919312,331.8,3734.0
9411,67355.6,18,49828695,49773597,364.5,4212.0
9412,67356.7,18,49870270,49803381,234.2,2651.0
9413,67357.8,18,49858149,49823271,470.8,5177.0
9414,67358.8,18,5128694819,49765161,520.2,6338.0
9415,67359.1,18,49845726,1017391844,223.2,2511.0
9416,67360.0,18,49724395,49774881,432.4,5316.0
9417,67360.5,18,49756566,3750676622,501.9,6447.0
9418,67365.1,18,9676179707,49758419,522.8,6647.0
9419,67365.3,18,49734622,641116247,395.6,4521.0
9420,67367.2,18,9136839220,49826908,909.5,11326.0
9421,67372.0,18,814299119,49741287,433.7,5140.0
9422,67374.8,18,49797596,49719533,439.6,4861.0
9423,67376.4,18,49787486,49847837,138.9,1611.0
9424,67379.9,18,49770789,1004263862,393.4,4381.0
9425,67380.7,18,49756474,641107671,248.7,2761.0
9426,67385.2,18,2896020586,49824184,846.0,11138.0
9427,67385.2,18,3012784293,3665453345,604.3,6650.0
9428,67387.7,18,49741730,10992264214,116.4,1293.0
9429,67389.6,18,774340109,1462089204,786.9,10358.0
9430,67391.0,18,49888809,49719416,209.9,2288.0
9431,67394.6,18,4561710230,1364971555,252.7,2916.0
9432,67396.8,18,642044494,49811029,1103.0,15578.0
9433,67397.9,18,1439584651,49767949,491.4,5516.0
9434,67398.9,18,6777089507,49734600,539.7,6235.0
9435,67401.7,18,49789208,49793892,842.7,10350.0
9436,67402.0,18,49745457,49806922,412.8,4962.0
9437,67402.2,18,49745628,9131079912,144.2,1697.0
9438,67403.0,18,655442834,49741740,564.2,6609.0
9439,67403.4,18,49789362,49798763,1082.9,14675.0
9440,67403.8,18,49762221,49763860,669.8,7856.0
9441,67406.8,18,4561710231,958981230,321.7,3597.0
9442,67407.8,18,867659605,49774859,298.9,3378.0
9443,67408.1,18,49808183,49819392,588.7,6469.0
9444,67408.1,18,641116213,49827917,482.0,6189.0
9445,67410.3,18,3669554857,49797080,253.6,2873.0
9446,67410.4,18,49878097,49786941,240.0,2668.0
9447,67411.5,18,4082394063,705734609,62.2,651.0
9448,67412.6,18,49739801,49837109,416.8,4446.0
9449,67413.6,18,49777795,49790002,737.3,8623.0
9450,67414.1,18,49824748,49811975,342.2,4137.0
9451,67415.7,18,641965169,49743894,432.8,4984.0
9452,67415.9,18,49745457,49740966,526.6,6528.0
9453,67416.8,18,49797586,49885650,343.0,3884.0
9454,67417.6,18,49774098,49769594,75.9,961.0
9455,67419.9,18,9592908693,49753909,249.7,2777.0
9456,67420.6,18,49800755,49756846,1247.9,16263.0
9457,67424.3,18,641116270,3062846866,823.2,10386.0
9458,67424.7,18,49772964,49816636,583.4,7427.0
9459,67425.3,18,9166612489,49814912,427.9,5467.0
9460,67426.3,18,49765245,49827112,274.4,3089.0
9461,67428.6,18,49739801,3373860100,168.5,1884.0
9462,67429.0,18,49762191,49764397,267.3,3246.0
9463,67429.9,18,49745240,644537712,474.3,5149.0
9464,67432.3,18,49787640,646031300,620.1,7639.0
9465,67432.4,18,49762191,49731699,146.9,1710.0
9466,67432.8,18,49845726,49761441,909.0,11147.0
9467,67437.0,18,49772964,49778426,341.1,3774.0
9468,67440.7,18,49770680,12626290815,544.3,5981.0
9469,67443.1,18,2927473060,640614764,1187.7,14170.0
9470,67449.0,18,49716899,1379471556,50.7,564.0
9471,67452.0,18,11261031471,49861137,122.7,1403.0
9472,67452.6,18,2305183785,49809273,124.0,1194.0
9473,67453.3,18,2502976209,49889658,329.4,4115.0
9474,67456.1,18,49793549,49843101,434.5,5185.0
9475,67461.2,18,49793773,2167451939,399.1,4463.0
9476,67465.3,18,49752621,49823001,575.8,6573.0
9477,67466.6,18,1379471024,49738066,755.1,11136.0
9478,67468.7,18,49846819,49744672,232.2,2664.0
9479,67468.9,18,49782349,12937946006,177.6,1887.0
9480,67474.3,18,3006022047,49741058,387.8,4793.0
9481,67475.4,18,49789376,10020947573,1062.9,13930.0
9482,67476.9,18,49752621,49792119,622.4,7269.0
9483,67478.2,18,4561710230,9093791451,624.8,7972.0
9484,67479.6,18,49756373,3366676343,540.7,6203.0
9485,67479.8,18,49765018,49763155,315.4,3380.0
9486,67480.5,18,49776112,5558800238,258.8,2818.0
9487,67482.5,18,49787160,49765793,818.2,9600.0
9488,67482.8,18,3372235139,49847370,445.4,5188.0
9489,67485.4,18,3013407820,655447275,381.0,4888.0
9490,67485.8,18,49821002,647628071,110.4,1241.0
9491,67490.0,18,49787616,49734109,216.4,2361.0
9492,67490.5,18,49813365,49837683,233.5,2621.0
9493,67491.1,18,49800755,2921295151,736.7,8060.0
9494,67493.9,18,49774093,49726390,724.0,8177.0
9495,67494.9,18,49743972,49787890,948.9,12326.0
9496,67494.9,18,49762286,49831070,532.8,6073.0
9497,67495.4,18,49772633,49884583,460.4,5490.0
9498,67495.4,18,1017391974,49741735,216.9,2410.0
9499,67495.7,18,3415159798,49859632,595.7,7629.0
9500,67498.4,18,49809715,638898969,338.7,4094.0
9501,67502.5,18,3012784293,1482962008,694.9,8215.0
9502,67504.8,18,8592032116,641110773,390.3,4748.0
9503,67504.8,18,49773526,49745691,382.9,4299.0
9504,67507.2,18,774340109,49780684,236.4,2738.0
9505,67508.5,18,49765145,49779980,158.2,1823.0
9506,67508.9,18,646031052,3125718572,206.7,2208.0
9507,67513.1,18,49743415,646190490,620.7,8718.0
9508,67515.2,18,1381204541,647622726,47.9,564.0
9509,67515.8,18,49749106,49759974,779.8,10662.0
9510,67517.0,18,49802545,3665467713,850.2,9868.0
9511,67518.6,18,3125718572,49760126,851.3,9693.0
9512,67519.2,18,647619114,49853914,140.4,1536.0
9513,67521.4,18,641116203,49739830,281.7,3197.0
9514,67524.3,18,49774081,49747854,537.0,5933.0
9515,67524.7,18,638062063,13831133489,437.2,4744.0
9516,67525.0,18,49820885,49795418,1403.3,16629.0
9517,67534.2,18,8592032116,49800996,900.5,10648.0
9518,67534.3,18,49845837,49761447,1043.4,12725.0
9519,67539.3,18,49741165,49813859,665.7,7968.0
9520,67546.9,18,49797596,3006713647,481.3,5509.0
9521,67547.1,18,2927432297,49767450,584.9,6519.0
9522,67547.5,18,49799643,49798999,706.9,8448.0
9523,67550.1,18,49772964,49838680,377.9,4398.0
9524,67550.9,18,49775514,49813631,489.9,5915.0
9525,67554.1,18,49744587,49823768,238.9,2766.0
9526,67554.2,18,49882753,653947544,855.1,10894.0
9527,67560.7,18,49782277,49760283,493.2,5500.0
9528,67562.8,18,3012784288,49771475,145.4,1636.0
9529,67563.9,18,3531416323,49819392,459.9,5193.0
9530,67571.3,18,49762207,49789451,707.3,9124.0
9531,67575.0,18,642044494,49837454,1033.3,15077.0
9532,67578.9,18,49741038,1365013784,405.9,4723.0
9533,67582.2,18,3012429028,49861549,839.2,10003.0
9534,67584.1,18,1484481543,49770684,472.7,5307.0
9535,67584.2,18,49745632,13360530147,359.6,4166.0
9536,67585.1,18,4792249103,49789498,589.0,8030.0
9537,67585.5,18,3378222897,49774240,603.6,7991.0
9538,67586.4,18,49764867,49738932,502.0,6281.0
9539,67590.3,18,641116273,1462089010,906.6,11271.0
9540,67592.4,18,958991607,49758860,811.1,10028.0
9541,67592.9,18,49839140,49772857,752.9,8987.0
9542,67594.3,18,49863186,49788109,710.1,7996.0
9543,67596.0,18,49777546,49752790,756.6,9248.0
9544,67596.1,18,49769580,49744115,547.3,6084.0
9545,67596.8,18,49853085,49839158,228.0,2547.0
9546,67596.9,18,49793670,646246037,914.0,11388.0
9547,67598.8,18,49771469,49744693,292.9,3196.0
9548,67599.5,18,49745680,49774596,446.0,4485.0
9549,67599.6,18,2795614002,49787530,654.7,7322.0
9550,67600.6,18,3012784293,49769356,568.0,7262.0
9551,67603.5,18,49741703,49835974,798.6,9149.0
9552,67603.6,18,49797596,11368228083,803.2,10277.0
9553,67611.9,18,3672563449,1231873643,1089.3,13203.0
9554,67613.1,18,49774098,49760550,524.6,5814.0
9555,67614.0,18,3012784293,49827970,666.6,8415.0
9556,67614.9,18,1060365691,13179482138,352.1,3873.0
9557,67620.9,18,49866935,49757977,866.6,10156.0
9558,67621.0,18,49777795,49828002,621.3,7694.0
9559,67622.0,18,49745461,49779939,361.6,4072.0
9560,67622.5,18,49745628,641116183,59.1,700.0
9561,67623.1,18,49752115,49751468,340.7,3507.0
9562,67623.3,18,1443727118,49777932,387.7,4331.0
9563,67625.0,18,3011565329,1482962272,619.2,7852.0
9564,67625.9,18,49743415,49841879,495.5,5450.0
9565,67629.3,18,49803595,49767423,579.9,6456.0
9566,67630.1,18,49745632,49780074,148.2,1669.0
9567,67630.9,18,49809189,49765922,557.0,6219.0
9568,67632.1,18,2502976209,49756236,773.4,8881.0
9569,67633.1,18,49745240,49823847,462.5,5383.0
9570,67635.7,18,49770670,634011150,154.0,1800.0
9571,67635.9,18,49825121,1443727058,274.0,3832.0
9572,67635.9,18,49745232,49754618,148.7,1648.0
9573,67637.0,18,49745335,49750678,936.7,12677.0
9574,67638.7,18,641054075,49772551,480.2,5297.0
9575,67640.5,18,49829250,1004313285,459.9,5356.0
9576,67640.5,18,49780840,49741027,556.7,6211.0
9577,67643.1,18,49756474,3006169971,296.8,3513.0
9578,67644.1,18,5445800908,49745292,423.8,4570.0
9579,67650.4,18,49745676,49763104,670.7,7597.0
9580,67652.1,18,49773526,3376996953,409.8,5274.0
9581,67652.4,18,49816382,49815678,296.2,3372.0
9582,67652.9,18,49750009,10738980702,571.7,7256.0
9583,67653.4,18,3378110162,49774284,533.2,7085.0
9584,67653.6,18,2974621123,49769515,592.0,6896.0
9585,67653.9,18,49845850,49765058,583.8,6977.0
9586,67656.9,18,49800238,49785446,144.2,1786.0
9587,67658.5,18,3669554857,49844377,319.4,3879.0
9588,67659.0,18,3027665453,49744564,381.5,4449.0
9589,67659.1,18,49745468,49750121,631.6,7699.0
9590,67664.7,18,49773597,641127568,333.9,3798.0
9591,67666.0,18,49848293,8496737158,1193.7,15445.0
9592,67668.1,18,5445789508,49761754,721.7,8155.0
9593,67670.4,18,49789337,647087541,248.0,2616.0
9594,67672.5,18,9723903189,49746659,874.1,10790.0
9595,67673.1,18,4792249103,49746230,999.2,12102.0
9596,67674.7,18,49897085,49843005,429.6,4898.0
9597,67675.0,18,49787863,7736742684,293.4,3259.0
9598,67677.0,18,1804420109,641128680,380.3,4341.0
9599,67677.2,18,9768681893,49845885,302.2,3445.0
9600,67681.0,18,49789239,13699194719,330.3,3779.0
9601,67683.4,18,49770423,49797051,400.3,4316.0
9602,67683.7,18,2921295172,49817489,319.7,3480.0
9603,67684.9,18,49820874,1493945536,1236.5,15288.0
9604,67686.0,18,641116283,49893410,259.9,2880.0
9605,67686.7,18,642334076,49860828,799.8,10152.0
9606,67689.0,18,49773526,13265637012,143.7,1660.0
9607,67689.5,18,49859632,49816269,1050.3,13154.0
9608,67692.5,18,3012784293,49741337,311.1,3469.0
9609,67696.9,18,1740764624,49860554,560.2,6737.0
9610,67706.6,18,49800238,49739600,1010.3,11761.0
9611,67707.3,18,3027832454,49822365,727.4,8138.0
9612,67711.3,18,49789275,4894487931,541.1,6028.0
9613,67713.7,18,701602949,49739593,660.7,7350.0
9614,67714.3,18,1440554109,49847238,678.1,7811.0
9615,67714.9,18,49787453,2428739670,241.2,3071.0
9616,67718.5,18,11332977605,49786523,825.7,10187.0
9617,67718.8,18,2629963166,49789305,447.2,5312.0
9618,67720.2,18,49774098,49788613,1054.1,11731.0
9619,67723.1,18,49763628,49887850,350.7,3788.0
9620,67727.6,18,49763064,1439584653,465.4,5182.0
9621,67728.7,18,49777795,647026088,107.7,1243.0
9622,67731.3,18,641054075,49763628,467.2,5111.0
9623,67731.6,18,3005831881,49803265,336.2,4905.0
9624,67732.3,18,5128694819,49735404,307.8,3896.0
9625,67735.2,18,1484481847,49854164,271.6,2989.0
9626,67737.1,18,49846819,647044802,196.4,2240.0
9627,67738.3,18,49770782,49871189,734.9,10282.0
9628,67739.7,18,3672563449,3379821559,468.7,5229.0
9629,67743.9,18,49866935,49789704,655.8,7300.0
9630,67746.7,18,49845830,634011173,95.7,1108.0
9631,67747.2,18,49792107,49809380,700.8,8214.0
9632,67747.8,18,49745680,49748067,395.2,4525.0
9633,67748.2,18,1379505588,49784223,431.0,4766.0
9634,67751.1,18,49756474,647043631,307.7,3477.0
9635,67751.2,18,642044494,12497001319,904.9,13006.0
9636,67751.9,18,49773040,49860036,198.4,2297.0
9637,67754.8,18,49770423,49861176,276.0,2933.0
9638,67755.1,18,49789379,49758672,1113.4,14131.0
9639,67762.9,18,49807555,49747882,836.8,10906.0
9640,67767.3,18,447591561,2921295523,574.2,6848.0
9641,67769.0,18,49824264,49755515,670.1,8586.0
9642,67770.6,18,3016605409,49746176,704.8,8363.0
9643,67770.8,18,49753516,8596263644,488.0,5340.0
9644,67771.1,18,49745240,49825121,223.1,2522.0
9645,67771.4,18,49744587,49808604,732.1,9638.0
9646,67772.8,18,49780840,641112615,363.2,4111.0
9647,67774.9,18,49758271,49786207,1020.7,11726.0
9648,67775.7,18,3669554865,49859141,320.9,3656.0
9649,67777.0,18,49789269,49810896,252.1,2912.0
9650,67777.1,18,49777815,13437605385,296.7,3602.0
9651,67778.8,18,49810122,49758513,528.0,6140.0
9652,67779.0,18,49842930,5638315243,714.7,9007.0
9653,67779.8,18,49745188,49798170,715.1,8700.0
9654,67781.0,18,49846816,49804027,285.0,3186.0
9655,67781.8,18,49753516,9660139029,131.5,1525.0
9656,67782.3,18,49740442,640712806,516.9,6008.0
9657,67783.0,18,49752628,49826690,102.4,1072.0
9658,67784.6,18,49777169,49767443,128.7,1397.0
9659,67795.1,18,49741730,49764858,448.6,5896.0
9660,67795.3,18,49769187,9642651666,334.2,3759.0
9661,67800.1,18,49800282,49753973,506.6,6890.0
9662,67800.6,18,1205178199,49801673,569.5,5049.0
9663,67801.9,18,49745677,2428508011,686.0,7762.0
9664,67802.4,18,706911255,49748296,339.2,3916.0
9665,67803.5,18,49744587,641107671,598.0,8132.0
9666,67805.1,18,49829250,49748223,379.0,4272.0
9667,67805.3,18,3240030410,1484482232,423.7,5414.0
9668,67805.4,18,49774093,49743659,515.5,5924.0
9669,67810.0,18,1804420112,1443482376,458.6,5415.0
9670,67810.1,18,49782277,3531416325,202.8,2276.0
9671,67810.4,18,9968466642,49773669,608.1,7031.0
9672,67811.1,18,49815809,49758552,209.6,2313.0
9673,67813.6,18,49745186,13790612928,317.8,3655.0
9674,67816.9,18,49750169,49842122,758.2,9224.0
9675,67817.4,18,49745247,9130918414,477.2,5575.0
9676,67823.6,18,1381212154,647043785,410.4,4690.0
9677,67824.3,18,49770672,11198107411,384.8,4222.0
9678,67825.0,18,11198264296,49744667,222.4,2372.0
9679,67825.6,18,49762264,3240030410,382.2,4202.0
9680,67834.2,18,49843692,1364961102,432.7,4817.0
9681,67835.7,18,2616277014,49771239,831.3,9481.0
9682,67837.3,18,49820874,13437605385,1052.9,11990.0
9683,67837.7,18,49772987,49892062,372.4,4341.0
9684,67840.3,18,49721277,49754661,780.1,8827.0
9685,67841.5,18,876615362,49772815,677.2,7645.0
9686,67844.3,18,3012429028,49806219,623.0,7806.0
9687,67846.3,18,3000233170,1443727117,505.5,6597.0
9688,67854.3,18,49739609,49772820,788.6,9142.0
9689,67858.4,18,655661924,49788448,633.5,8000.0
9690,67859.0,18,49716899,49847403,320.7,3596.0
9691,67860.2,18,49720045,49813696,349.4,4350.0
9692,67860.7,18,2927432297,49826805,384.3,4340.0
9693,67861.9,18,49748223,49795666,274.2,3021.0
9694,67864.4,18,49772633,49803409,638.4,7159.0
9695,67867.0,18,49741076,49843005,369.0,4064.0
9696,67870.4,18,49794431,49799293,204.4,2284.0
9697,67871.6,18,3016708830,49824055,255.9,3120.0
9698,67874.9,18,3240030410,49719725,533.1,5938.0
9699,67878.3,18,641116232,49813458,252.2,2796.0
9700,67881.7,18,646065021,49813381,432.3,5461.0
9701,67883.7,18,49741274,11261031471,172.4,1955.0
9702,67884.6,18,49837617,49823732,526.0,5965.0
9703,67884.6,18,3001375539,49740244,414.2,4643.0
9704,67884.8,18,49745629,49744808,286.0,3343.0
9705,67885.2,18,49770627,49861165,209.9,2352.0
9706,67886.8,18,49817092,11368228083,668.9,7452.0
9707,67892.3,18,49869068,49819171,935.0,11393.0
9708,67892.4,18,1381216023,2765102978,667.5,8164.0
9709,67894.2,18,49770789,49803719,183.6,2052.0
9710,67895.7,18,49787160,49717981,556.8,6854.0
9711,67896.6,18,49789251,3637842788,528.9,6888.0
9712,67896.7,18,4325552565,49843692,411.7,4651.0
9713,67903.0,18,49797192,49837176,441.2,5249.0
9714,67907.5,18,49765155,49822464,343.5,4014.0
9715,67908.0,18,49720045,10806883922,719.8,8254.0
9716,67908.4,18,49745465,49741073,496.2,5526.0
9717,67908.6,18,49894130,49743356,638.3,7827.0
9718,67909.4,18,49797192,49767194,417.1,4783.0
9719,67912.8,18,49809698,49755034,838.4,10298.0
9720,67915.9,18,49777546,1499921548,401.8,4543.0
9721,67917.0,18,11198440879,49749006,1000.7,12002.0
9722,67917.5,18,49793549,49763632,341.1,3830.0
9723,67917.6,18,49809376,49802301,630.1,7208.0
9724,67917.9,18,49724395,49776216,499.6,5818.0
9725,67918.3,18,49796229,49747457,929.4,11941.0
9726,67918.9,18,3001016717,49812378,674.6,7886.0
9727,67921.0,18,1014110633,1382539365,581.1,6945.0
9728,67921.5,18,1804420109,49740284,725.6,9553.0
9729,67923.1,18,49801058,49768403,959.9,11442.0
9730,67926.6,18,49801673,49776736,628.8,6810.0
9731,67933.2,18,2629963167,49885288,251.6,3140.0
9732,67934.7,18,8592032116,642486289,209.8,2432.0
9733,67936.9,18,49797051,49822876,571.1,6256.0
9734,67937.4,18,12520587443,49763891,177.0,1959.0
9735,67939.8,18,49829250,49827204,720.6,9837.0
9736,67940.9,18,49810831,49755803,418.7,5379.0
9737,67941.1,18,1017489190,49761641,595.7,6518.0
9738,67945.2,18,49782369,49801620,775.1,8884.0
9739,67948.5,18,49789218,49829883,333.6,4140.0
9740,67949.1,18,49741274,49741043,484.8,5356.0
9741,67953.0,18,49741730,49760346,609.7,7340.0
9742,67958.1,18,4635639617,49819615,689.7,8082.0
9743,67959.7,18,49789218,4365422605,631.2,6732.0
9744,67965.4,18,49773526,49765989,398.2,4319.0
9745,67966.8,18,49742771,49720010,1128.4,14327.0
9746,67967.1,18,49756297,49741037,815.4,9132.0
9747,67968.6,18,49770684,49839767,264.8,2921.0
9748,67969.5,18,3125718572,49759627,819.5,9329.0
9749,67975.0,18,49863614,49731736,538.9,6017.0
9750,67975.4,18,49845726,49850735,535.9,6116.0
9751,67975.6,18,49809189,49816406,477.6,5338.0
9752,67976.0,18,49770640,49851723,515.2,5969.0
9753,67977.1,18,49725576,49763073,153.1,1702.0
9754,67977.5,18,49770672,1472831046,999.9,12134.0
9755,67983.3,18,49799147,49765735,700.9,7712.0
9756,67984.4,18,49774088,49827411,985.7,11018.0
9757,67985.3,18,49824748,641127594,90.1,1080.0
9758,67987.3,18,1017379708,49848662,119.4,1334.0
9759,67988.3,18,9797239771,49829940,839.9,9998.0
9760,67992.1,18,3005831881,641127592,322.1,3570.0
9761,67992.9,18,1499921620,49747466,417.9,4522.0
9762,67995.0,18,49779980,49758528,213.5,2343.0
9763,67995.4,18,3125716147,49843177,934.4,10477.0
9764,67998.6,18,3012784293,49853042,52.0,578.0
9765,68001.3,18,655442839,49856097,580.1,6721.0
9766,68003.0,18,1804420112,641127614,403.3,4547.0
9767,68004.5,18,49792107,1364987317,395.5,4501.0
9768,68008.6,18,3378222899,49813493,326.5,3660.0
9769,68010.3,18,49803595,49763632,425.1,4688.0
9770,68013.4,18,9983605758,49800135,142.3,1609.0
9771,68016.1,18,5380888621,49823761,914.2,10486.0
9772,68017.4,18,3012429028,49752833,207.6,2631.0
9773,68019.2,18,3001046648,49769366,535.7,6809.0
9774,68020.9,18,49773581,262542282,311.8,3551.0
9775,68021.2,18,49772964,49719706,461.8,5379.0
9776,68023.9,18,49741695,49722454,431.4,4865.0
9777,68026.6,18,49764791,49739559,534.8,6088.0
9778,68027.7,18,49779907,49765735,595.7,6473.0
9779,68031.6,18,49794626,49773537,729.8,8936.0
9780,68031.8,18,49809200,2382621923,513.0,5798.0
9781,68033.0,18,1379471556,4954895459,155.4,1761.0
9782,68040.0,18,2927432297,3006171207,747.1,8563.0
9783,68042.3,18,655247774,3027616047,97.8,1062.0
9784,68043.6,18,1381216023,49745669,458.8,5371.0
9785,68045.3,18,5380888621,49761744,347.0,3888.0
9786,68049.4,18,9593199679,49762379,419.5,4696.0
9787,68050.2,18,49745636,49736716,420.5,4942.0
9788,68050.6,18,49772633,49788128,670.3,7381.0
9789,68051.3,18,49745468,49892045,366.2,3918.0
9790,68054.1,18,49777556,49810877,247.1,2953.0
9791,68054.1,18,647619114,49762885,565.3,6462.0
9792,68056.8,18,49740442,641107633,481.1,5698.0
9793,68060.1,18,49855611,49770657,293.0,3445.0
9794,68066.8,18,49810128,9647428770,506.8,5976.0
9795,68071.0,18,49826586,49810280,134.3,1452.0
9796,68071.9,18,814299111,1375406094,332.7,3828.0
9797,68073.6,18,49756892,1469285987,460.8,5524.0
9798,68074.1,18,49752115,2765545462,301.9,3308.0
9799,68074.3,18,3027665453,49802559,317.4,3807.0
9800,68083.4,18,262430827,49810877,231.9,2713.0
9801,68086.5,18,49745208,5446746057,66.7,753.0
9802,68087.7,18,49765155,49745451,340.8,3848.0
9803,68091.6,18,49787160,49719435,106.7,1115.0
9804,68091.9,18,1381204541,1017489190,299.2,3314.0
9805,68093.8,18,49745204,49808266,821.5,10919.0
9806,68094.5,18,5128694815,49776370,610.7,7036.0
9807,68098.8,18,3016605388,49745680,534.4,5994.0
9808,68100.1,18,49782369,641127587,632.4,7532.0
9809,68102.3,18,49809698,49764782,723.6,9606.0
9810,68103.4,18,49724395,2456351043,248.1,2723.0
9811,68107.5,18,49776112,49776463,702.8,7917.0
9812,68107.9,18,49787453,3665453346,519.1,5762.0
9813,68109.1,18,641054075,641116232,149.3,1659.0
9814,68109.2,18,49748212,49741695,257.3,2868.0
9815,68110.7,18,4325552565,49819186,827.4,10251.0
9816,68115.2,18,49799817,1363151543,171.5,1892.0
9817,68115.5,18,706911255,7014093208,587.8,7161.0
9818,68117.5,18,49741076,49720612,642.1,7271.0
9819,68125.2,18,49741095,49797010,250.6,2799.0
9820,68125.7,18,49787160,49794274,238.1,2552.0
9821,68126.0,18,49776461,49828164,288.1,3437.0
9822,68126.9,18,49752621,49765273,109.4,1088.0
9823,68128.5,18,9676179707,49813696,643.8,7416.0
9824,68129.7,18,8903139403,49812397,85.4,889.0
9825,68131.3,18,3672563449,49838698,550.7,6210.0
9826,68131.4,18,49772964,49853703,267.4,3010.0
9827,68132.5,18,49780562,49759634,735.0,9625.0
9828,68132.5,18,49820874,641127623,706.7,7982.0
9829,68133.1,18,814299111,9526260025,354.4,4259.0
9830,68133.1,18,49745200,49750699,737.2,9349.0
9831,68140.4,18,3669554865,1004313266,502.0,5748.0
9832,68140.7,18,49729182,49813356,223.2,2542.0
9833,68141.0,18,3358724761,49748048,599.7,7574.0
9834,68141.6,18,49770640,3665450120,679.4,8142.0
9835,68143.0,18,1060365691,49741073,498.4,5587.0
9836,68143.3,18,49745214,49765008,417.8,4865.0
9837,68152.1,18,11332977605,49778480,494.8,5488.0
9838,68152.2,18,49878016,4561710231,160.5,1796.0
9839,68153.6,18,49817254,3376996953,694.7,7746.0
9840,68154.1,18,49776916,49775612,1154.8,15428.0
9841,68156.2,18,4060172794,49761364,599.9,6736.0
9842,68156.7,18,647044202,49738294,275.3,3052.0
9843,68158.7,18,49770423,49767372,530.9,5946.0
9844,68160.2,18,49767517,641127591,616.3,7014.0
9845,68161.0,18,49778342,49793234,860.0,9680.0
9846,68162.5,18,49752115,3012784293,466.6,5207.0
9847,68162.8,18,4366096286,3370911583,505.5,6358.0
9848,68166.9,18,49800282,1017489190,175.4,1961.0
9849,68169.3,18,49794626,49826853,1071.4,12364.0
9850,68169.9,18,49809721,49802339,448.4,5170.0
9851,68174.4,18,49794206,49786472,493.1,6390.0
9852,68175.1,18,49773558,49798186,398.7,4529.0
9853,68175.7,18,49762191,49769243,255.3,2935.0
9854,68179.0,18,49741058,49794917,329.2,4120.0
9855,68181.7,18,1004809645,49744382,1186.4,14200.0
9856,68182.5,18,2896020560,49761746,522.0,5844.0
9857,68182.8,18,49858017,49751772,488.3,6451.0
9858,68183.6,18,49741274,13265637012,329.1,3708.0
9859,68188.4,18,1004839834,49750289,797.4,11322.0
9860,68190.8,18,2896020560,49741349,568.2,6154.0
9861,68190.8,18,11831784024,49826868,594.4,8151.0
9862,68191.1,18,5128694815,49763072,278.0,3009.0
9863,68191.9,18,49876468,49802625,79.5,875.0
9864,68194.9,18,3105427804,2921295174,410.0,4463.0
9865,68195.3,18,49822338,49792236,620.0,7573.0
9866,68197.3,18,49741104,647043825,192.3,2149.0
9867,68197.6,18,1443727088,642436265,371.4,4906.0
9868,68197.9,18,49756892,3667966672,683.3,7791.0
9869,68198.3,18,49762191,49775627,738.6,9340.0
9870,68199.3,18,49720045,49752864,917.8,10588.0
9871,68203.7,18,49745693,638915929,274.5,3048.0
9872,68206.7,18,1004809645,49811185,586.2,6819.0
9873,68207.6,18,49764271,1443170224,430.8,5337.0
9874,68208.7,18,49765155,10724747584,410.1,5182.0
9875,68210.7,18,1243974109,49810489,575.5,6942.0
9876,68211.5,18,701602949,12520587440,313.2,3516.0
9877,68214.0,18,49741165,10738980702,217.0,2454.0
9878,68215.6,18,49741740,49732363,559.4,6370.0
9879,68215.8,18,3125716147,49837683,844.4,10252.0
9880,68216.1,18,447591561,49748309,232.3,2447.0
9881,68216.9,18,49873888,49789337,669.9,7526.0
9882,68217.4,18,3669554866,9484974789,578.2,7125.0
9883,68217.7,18,49756892,9591301826,90.3,955.0
9884,68219.0,18,49883336,49763147,359.0,3795.0
9885,68219.1,18,49748151,640613742,1314.6,17385.0
9886,68221.2,18,49739559,647044610,356.7,3924.0
9887,68222.9,18,49799643,49854874,652.9,7724.0
9888,68227.5,18,655662508,49804146,557.7,6578.0
9889,68227.9,18,3358724761,49849024,1212.0,16199.0
9890,68234.2,18,1381216023,49750770,500.3,5623.0
9891,68243.0,18,8592032116,5563919645,491.1,5880.0
9892,68244.0,18,49762225,49774360,681.5,8054.0
9893,68244.3,18,49809189,864941629,837.5,9121.0
9894,68244.8,18,49782255,49793970,592.4,7312.0
9895,68248.3,18,49878097,1466254607,902.4,11349.0
9896,68248.7,18,1381204541,49882039,419.7,4622.0
9897,68249.8,18,49763609,49883336,504.4,6868.0
9898,68250.5,18,49772964,6007151792,166.7,1885.0
9899,68250.6,18,3012829798,49775960,130.6,1459.0
9900,68252.3,18,11332977605,1484482233,651.3,8078.0
9901,68256.1,18,1381307998,49809494,565.1,6208.0
9902,68256.1,18,49741730,49735161,653.5,7053.0
9903,68259.4,18,5380888621,49762264,549.6,6227.0
9904,68259.7,18,49773558,1462088982,798.1,10227.0
9905,68261.5,18,49740442,49715970,732.1,9414.0
9906,68262.9,18,49724395,49723544,786.2,9964.0
9907,68263.6,18,49875128,1443727067,356.8,4286.0
9908,68264.3,18,49719895,49809897,949.7,11371.0
9909,68264.6,18,49773070,705647635,455.0,5048.0
9910,68265.3,18,8592032116,3021624701,585.9,7554.0
9911,68266.1,18,49817838,49765138,503.2,5565.0
9912,68270.7,18,49809200,9908447531,521.0,5883.0
9913,68272.3,18,49794626,49809279,536.6,6251.0
9914,68272.8,18,49780558,3627577159,759.8,9050.0
9915,68274.4,18,49748050,49759974,700.0,10343.0
9916,68276.8,18,49773539,49829808,848.7,9294.0
9917,68277.3,18,2629963166,641127568,234.7,2634.0
9918,68278.3,18,49745465,647594363,588.2,6542.0
9919,68279.9,18,49777556,49861125,284.5,3357.0
9920,68280.1,18,3415159798,49719416,573.2,7074.0
9921,68281.0,18,49853085,49780329,72.8,814.0
9922,68283.5,18,49748151,8146198871,939.6,11296.0
9923,68286.6,18,49789269,5291674142,257.7,2669.0
9924,68287.2,18,49764791,49848639,284.0,3214.0
9925,68287.3,18,49753516,49845777,158.6,1823.0
9926,68291.1,18,49848820,49853080,422.7,5012.0
9927,68292.4,18,49853696,49845486,686.7,8607.0
9928,68293.2,18,5170081599,641965151,149.7,1693.0
9929,68298.1,18,49870270,49789520,739.0,8233.0
9930,68300.5,18,1443727118,49828463,417.0,4672.0
9931,68302.7,18,3669554866,2911584522,175.0,1909.0
9932,68304.0,18,49774093,49777955,82.7,908.0
9933,68304.1,18,49762191,3379821559,267.7,3024.0
9934,68304.2,18,49745636,49777460,680.4,8446.0
9935,68305.1,18,49740439,49770801,621.2,7975.0
9936,68306.8,18,641128680,49803345,623.7,7081.0
9937,68307.0,18,49773923,3376996953,388.2,4303.0
9938,68307.2,18,49849181,49719533,352.1,3958.0
9939,68309.2,18,49749851,49873440,1162.9,14755.0
9940,68310.1,18,49745461,49848459,842.7,10552.0
9941,68312.4,18,13686935904,49765793,534.7,6052.0
9942,68313.1,18,49820583,3900811260,878.6,10853.0
9943,68314.0,18,49810122,49820407,563.0,6511.0
9944,68315.4,18,49776461,49791954,56.8,617.0
9945,68315.5,18,4597151559,49741027,299.3,3403.0
9946,68316.3,18,3012429028,49796128,227.3,2418.0
9947,68317.0,18,2896020586,49811825,334.3,3431.0
9948,68319.8,18,49822884,49775483,410.0,4639.0
9949,68320.4,18,49763606,49811125,61.4,678.0
9950,68320.8,18,49782277,7271930847,551.1,6176.0
9951,68322.4,18,49722409,49732126,777.0,9610.0
9952,68325.6,18,642885424,3415851740,763.1,10192.0
9953,68326.8,18,3670756359,49794613,846.0,10107.0
9954,68329.5,18,3670756345,49780087,151.4,1685.0
9955,68331.3,18,641116231,49741274,188.8,2121.0
9956,68332.9,18,2927473060,49787486,461.0,4691.0
9957,68333.0,18,49745240,49771451,614.9,6599.0
9958,68333.0,18,49805505,49746176,1112.6,13398.0
9959,68337.5,18,49782040,49827464,399.3,4694.0
9960,68338.9,18,49785338,783623535,84.7,951.0
9961,68341.8,18,49809189,49764318,116.2,1290.0
9962,68343.3,18,49745207,49773622,172.4,1927.0
9963,68343.9,18,1362307924,49765083,168.8,1928.0
9964,68344.2,18,49745232,49791858,234.5,2521.0
9965,68344.9,18,49777792,49821658,269.4,3696.0
9966,68345.4,18,49825108,3001569202,78.8,984.0
9967,68346.2,18,2440761314,49849139,293.0,3232.0
9968,68347.8,18,49743231,645963060,726.9,8377.0
9969,68349.8,18,49762207,49843037,298.9,3592.0
9970,68349.8,18,49780562,49776928,407.6,4536.0
9971,68356.4,18,49762379,641965187,199.0,2775.0
9972,68357.5,18,49773205,1243973976,526.1,6100.0
9973,68360.6,18,49787863,49811453,402.4,4356.0
9974,68362.6,18,49745676,49862829,1077.2,13172.0
9975,68364.8,18,3013484875,49876468,658.1,7262.0
9976,68364.9,18,49770670,2999157115,130.3,1495.0
9977,68370.8,18,49800755,49762845,1142.8,15454.0
9978,68371.7,18,49724395,49743825,483.0,5851.0
9979,68372.0,18,638062063,3659250077,978.0,12236.0
9980,68372.2,18,49776416,49863346,463.6,5289.0
9981,68374.1,18,3672563449,49823434,795.8,10116.0
9982,68374.2,18,49796993,49767196,151.6,1818.0
9983,68376.0,18,11198264296,49768440,522.3,6676.0
9984,68379.6,18,49809721,49730863,461.8,5182.0
9985,68380.6,18,3027665453,49765828,493.1,6037.0
9986,68381.7,18,49853696,49760758,662.8,8627.0
9987,68384.8,18,49865817,49741695,187.0,2062.0
9988,68387.2,18,49763064,49773062,296.9,3308.0
9989,68390.3,18,641116223,49748539,112.9,1252.0
9990,68391.2,18,3001375539,49794626,846.8,10265.0
9991,68395.5,18,4975093911,11267636269,425.1,4748.0
9992,68396.6,18,49845850,49758552,269.2,3057.0
9993,68398.1,18,3669554865,49773027,88.9,1004.0
9994,68400.0,19,3012535147,13437605385,215.3,2671.0
9995,68401.6,19,49769187,1013367273,532.4,5815.0
9996,68403.7,19,3240030410,13437605384,287.2,3249.0
9997,68404.6,19,49741104,49796842,331.2,3665.0
9998,68405.7,19,49845830,49773557,301.2,3363.0
9999,68410.0,19,49839137,49804385,625.8,6844.0
10000,68410.9,19,49739559,49773012,322.6,3684.0
10001,68412.1,19,3672563449,49877710,975.1,11936.0
10002,68412.1,19,49715981,49748223,494.0,5957.0
10003,68413.1,19,49772964,3278871310,746.4,8207.0
10004,68413.5,19,49773581,49723017,20.6,230.0
10005,68414.2,19,49809698,1379443774,72.0,804.0
10006,68415.2,19,49810876,49814377,447.1,5033.0
10007,68418.9,19,49839137,49788678,396.1,4358.0
10008,68419.1,19,49745636,49846353,670.1,7965.0
10009,68427.4,19,49777795,49826868,340.3,3771.0
10010,68428.3,19,49770423,642486289,285.1,2951.0
10011,68429.3,19,49752621,49779759,773.5,9387.0
10012,68430.5,19,49829861,49816494,610.5,6697.0
10013,68432.2,19,49745677,49761698,403.1,4716.0
10014,68433.4,19,49826586,1004776680,857.1,10378.0
10015,68437.8,19,49772964,49764330,189.0,2181.0
10016,68438.9,19,49839137,647043808,208.1,2315.0
10017,68439.7,19,1381204541,49769186,242.6,2676.0
10018,68441.6,19,49797596,1381251700,101.0,1159.0
10019,68442.7,19,3001353540,8207334273,397.3,4511.0
10020,68444.9,19,49817387,49760719,531.7,6880.0
10021,68446.7,19,262173261,642604676,412.1,4606.0
10022,68449.8,19,49809189,49811966,365.3,4283.0
10023,68450.6,19,49769580,49773008,308.2,3596.0
10024,68453.8,19,1021561602,49791954,630.8,7294.0
10025,68456.5,19,49776916,649839491,1104.2,13418.0
10026,68456.8,19,49888809,49826510,471.5,5331.0
10027,68457.4,19,6796840445,49791870,591.5,6744.0
10028,68458.3,19,3001171736,49826530,202.0,2935.0
10029,68460.0,19,2502976209,1364961085,347.9,4277.0
10030,68462.2,19,49745669,49822554,285.2,3487.0
10031,68462.5,19,49881497,49873784,180.9,2060.0
10032,68463.3,19,49782369,49820770,662.3,7828.0
10033,68463.3,19,49847370,647043628,234.5,2465.0
10034,68464.2,19,49796229,49807092,913.4,10407.0
10035,68465.4,19,49770680,49800294,128.5,1441.0
10036,68469.0,19,49770672,49778464,520.4,5637.0
10037,68470.4,19,9593199679,641128680,196.3,2221.0
10038,68473.5,19,49770670,49742446,522.5,5849.0
10039,68476.7,19,1381204541,49768712,438.1,4916.0
10040,68476.7,19,9136825813,6697945789,227.7,2571.0
10041,68478.5,19,49770676,49786045,631.7,6967.0
10042,68481.1,19,49797586,49839654,128.6,1457.0
10043,68482.0,19,49770755,3243860594,687.9,8613.0
10044,68483.1,19,49720045,49741174,745.2,8292.0
10045,68483.8,19,641087352,49884831,883.9,11369.0
10046,68485.2,19,5698252199,1466232612,972.7,12100.0
10047,68487.9,19,647031903,49741014,223.4,2417.0
10048,68488.8,19,49778302,49763787,979.1,10202.0
10049,68491.7,19,7802243127,49719422,590.1,6700.0
10050,68492.3,19,1484331315,49724092,690.0,10352.0
10051,68492.4,19,641939501,49755563,574.6,8385.0
10052,68495.7,19,49809698,49797080,219.6,2463.0
10053,68496.3,19,49774081,3377015965,204.0,2307.0
10054,68499.5,19,3669554866,49744867,367.1,4148.0
10055,68501.4,19,49745188,49773679,758.5,9979.0
10056,68508.6,19,13790612928,49801283,669.8,7788.0
10057,68508.8,19,3005831881,3373614193,821.5,9708.0
10058,68512.8,19,49776916,49765073,677.0,8204.0
10059,68519.0,19,3669554865,9723923043,647.6,8378.0
10060,68519.6,19,49821658,1365013789,572.6,6844.0
10061,68520.2,19,49753516,1443727005,981.9,13433.0
10062,68525.0,19,4325552565,1363151578,43.5,468.0
10063,68526.3,19,49853085,49807449,716.1,8267.0
10064,68527.0,19,49762221,49768018,486.4,5485.0
10065,68527.4,19,49745240,49838816,559.6,6435.0
10066,68527.6,19,49775514,49719539,269.7,2986.0
10067,68529.3,19,49825108,3125716147,543.8,6774.0
10068,68530.3,19,9983605758,1364961090,197.2,2111.0
10069,68531.7,19,49777853,49729915,411.1,4523.0
10070,68535.1,19,49745282,49734130,168.4,1872.0
10071,68539.3,19,49741274,49747466,523.7,6745.0
10072,68540.0,19,49797596,49741073,390.6,4385.0
10073,68540.0,19,49888809,49849259,729.7,8416.0
10074,68544.8,19,3669554865,49790253,582.6,7103.0
10075,68545.4,19,49798625,49819368,894.3,10679.0
10076,68545.5,19,6777089507,49748821,748.6,10726.0
10077,68547.6,19,655442853,1439840056,433.3,5939.0
10078,68551.6,19,655442852,8728438271,580.6,7204.0
10079,68555.1,19,49716899,49780097,160.3,1811.0
10080,68555.3,19,12292446080,11831784010,1179.7,15788.0
10081,68558.7,19,3669554866,705647749,415.6,4451.0
10082,68559.2,19,5433244222,49750737,550.4,7333.0
10083,68560.6,19,49756578,49793521,457.8,5046.0
10084,68561.2,19,9797239771,644504210,949.4,10925.0
10085,68566.7,19,5698252199,3370788210,438.5,5097.0
10086,68566.8,19,49769187,49748296,263.5,2923.0
10087,68567.5,19,49774079,49742335,121.0,1231.0
10088,68569.0,19,49793759,49795130,754.3,9420.0
10089,68569.1,19,49825121,49756492,169.2,1865.0
10090,68569.5,19,49739801,49764461,40.1,493.0
10091,68570.5,19,49848293,6007151790,586.4,7112.0
10092,68573.9,19,3372235139,49751220,934.3,10568.0
10093,68574.8,19,49842413,49790353,282.2,3544.0
10094,68577.0,19,49745243,49741810,282.4,3114.0
10095,68578.4,19,49866594,49853914,681.7,7482.0
10096,68578.8,19,3125718572,5993559716,600.1,7194.0
10097,68578.9,19,3012784293,49759391,484.4,6641.0
10098,68581.8,19,49762225,49761649,607.4,7046.0
10099,68582.1,19,1362307924,49770666,187.7,2136.0
10100,68585.7,19,49771030,644504210,1098.3,12676.0
10101,68586.3,19,49770676,49735161,596.5,6426.0
10102,68586.7,19,49824748,49746639,547.7,6216.0
10103,68587.6,19,3378222897,49807329,770.5,9605.0
10104,68588.1,19,49741725,49765839,552.5,6716.0
10105,68588.3,19,647031903,49783068,364.7,4730.0
10106,68590.0,19,646190646,647044202,538.9,6628.0
10107,68591.7,19,3000430293,49750819,313.1,3447.0
10108,68591.8,19,641073443,647043651,524.6,6289.0
10109,68593.0,19,4792249103,49785993,605.0,6938.0
10110,68594.1,19,49770684,49752200,370.5,4427.0
10111,68594.4,19,1060365691,647043864,514.5,5720.0
10112,68595.0,19,49799633,49717014,546.0,6727.0
10113,68595.7,19,49804146,49751213,806.3,8823.0
10114,68595.9,19,3012535014,49772964,22.1,248.0
10115,68597.0,19,49827531,49742701,426.9,4730.0
10116,68597.9,19,49750169,49788678,611.3,7741.0
10117,68599.3,19,49746547,49775447,731.9,8021.0
10118,68602.1,19,49740442,49764445,546.3,7159.0
10119,68603.8,19,4082394063,1364961112,283.0,3224.0
10120,68606.1,19,3016605388,49854071,265.1,2936.0
10121,68609.4,19,49773647,49763637,85.2,951.0
10122,68614.0,19,12687209031,49734130,490.0,5921.0
10123,68614.2,19,49810122,49762894,152.7,1636.0
10124,68614.7,19,49870944,49790029,516.5,5789.0
10125,68617.5,19,2440761314,3665453342,575.4,6363.0
10126,68617.5,19,982859843,49803867,536.5,6663.0
10127,68620.4,19,1379495867,2136710718,271.8,3114.0
10128,68620.9,19,49745188,49759988,820.5,11312.0
10129,68621.5,19,12128376033,49865817,189.7,2116.0
10130,68622.3,19,1804420109,49824214,574.7,6395.0
10131,68623.1,19,49800282,49724678,679.0,8615.0
10132,68625.1,19,49817092,49792245,176.0,2398.0
10133,68625.7,19,49797192,3601521523,541.4,5967.0
10134,68627.7,19,49842413,4325552566,177.3,2025.0
10135,68627.8,19,1499921620,3373614194,975.1,11533.0
10136,68629.4,19,49741058,5542846977,340.6,3922.0
10137,68635.3,19,5698252199,49776015,161.9,1893.0
10138,68635.7,19,49776916,49841339,1155.8,15436.0
10139,68637.5,19,3670756345,49731621,618.9,7081.0
10140,68638.4,19,49789218,649839833,788.8,10015.0
10141,68638.9,19,5128694815,9320542359,352.5,4788.0
10142,68639.4,19,49829250,49747297,792.0,9033.0
10143,68640.5,19,49821763,49739585,509.6,5762.0
10144,68644.8,19,49741730,9590909203,541.7,6131.0
10145,68645.8,19,49853085,9068829825,431.6,4864.0
10146,68649.4,19,49772964,49779778,564.1,6966.0
10147,68649.4,19,49809698,49751681,619.1,8173.0
10148,68649.9,19,49795273,49790094,904.8,10631.0
10149,68650.5,19,49773205,49859675,368.8,4515.0
10150,68652.7,19,49797063,49801638,699.4,8960.0
10151,68653.2,19,49778302,3372235144,1036.6,11899.0
10152,68653.5,19,49782277,49846500,646.4,8073.0
10153,68655.0,19,49763640,49734618,89.3,931.0
10154,68657.6,19,3001353540,49800752,560.6,7072.0
10155,68657.9,19,49741710,49760920,500.7,5458.0
10156,68658.6,19,647619114,4772713086,170.6,1905.0
10157,68659.8,19,49741058,49847959,78.3,876.0
10158,68662.8,19,49772747,3788079770,1092.5,13267.0
10159,68663.0,19,49774081,12123627613,441.6,5036.0
10160,68666.1,19,632879321,49849139,501.3,5675.0
10161,68666.2,19,49773647,49738304,534.6,5907.0
10162,68666.5,19,49770708,49821031,105.9,1194.0
10163,68666.9,19,49763775,49776068,445.7,5150.0
10164,68668.6,19,9800726207,49861137,758.1,9361.0
10165,68670.2,19,49888809,49790220,307.7,3535.0
10166,68672.3,19,3000430293,3222223997,408.9,5192.0
10167,68673.0,19,2440761314,3669554866,69.5,822.0
10168,68675.4,19,1004809645,1497983554,1074.1,13018.0
10169,68676.0,19,7494204320,49795355,178.2,1918.0
10170,68677.6,19,49770676,49739347,435.5,5293.0
10171,68677.6,19,49809715,49792806,356.1,5161.0
10172,68677.9,19,49771030,49887616,962.7,11020.0
10173,68678.0,19,49753516,49788848,779.2,9304.0
10174,68682.7,19,49745200,49755064,763.3,10337.0
10175,68682.8,19,49810831,49852332,635.2,8486.0
10176,68685.0,19,2927432300,3370866916,417.5,4600.0
10177,68687.0,19,49745628,49771006,265.7,3010.0
10178,68687.7,19,49825108,49774932,272.5,3025.0
10179,68692.0,19,49797596,49764371,154.1,1733.0
10180,68693.7,19,49809189,49824196,424.5,4782.0
10181,68694.1,19,4975093911,49815946,820.7,10224.0
10182,68698.2,19,49829250,3531416325,212.2,2416.0
10183,68698.3,19,49827624,49764038,366.5,4210.0
10184,68699.3,19,2795614002,49772839,553.1,6166.0
10185,68700.8,19,49827624,49767523,414.2,4662.0
10186,68701.7,19,2921295172,49739338,402.9,4405.0
10187,68704.8,19,1243974048,49753804,808.8,10072.0
10188,68705.1,19,49719895,49759643,301.8,3365.0
10189,68707.5,19,49745677,49857731,817.7,9156.0
10190,68708.3,19,49782241,49825427,644.5,7230.0
10191,68709.9,19,49809715,49745188,102.0,1147.0
10192,68712.7,19,49741730,49808364,516.3,5965.0
10193,68718.0,19,3240030410,49789719,527.7,6094.0
10194,68719.7,19,49822928,49857907,310.5,3406.0
10195,68720.0,19,49747467,49790968,592.3,7422.0
10196,68721.6,19,49776112,4060172795,679.5,7656.0
10197,68722.0,19,49749379,3627577160,642.0,7509.0
10198,68723.5,19,49787863,49817660,331.3,3551.0
10199,68725.7,19,49778302,49739655,1373.9,17232.0
10200,68729.6,19,1379471105,5890139491,498.5,6029.0
10201,68730.2,19,49762191,8549123230,153.5,1738.0
10202,68730.6,19,1017391974,49843072,253.3,2838.0
10203,68739.9,19,646031052,49812502,365.8,4780.0
10204,68740.7,19,1443482419,49748372,915.4,10284.0
10205,68743.2,19,49774079,3369108594,785.9,9233.0
10206,68747.5,19,49897085,49731206,633.1,6800.0
10207,68749.5,19,5343232408,3665019995,479.9,5175.0
10208,68752.6,19,49772987,49781103,241.1,3816.0
10209,68756.8,19,11332977605,49198976,686.2,7836.0
10210,68764.1,19,49789333,49762905,846.7,10030.0
10211,68764.3,19,5320434814,49731242,265.6,2912.0
10212,68765.2,19,49764791,4082394063,268.6,3036.0
10213,68766.5,19,49745691,49803381,634.2,7105.0
10214,68769.3,19,3012784293,49734107,46.9,495.0
10215,68770.8,19,49789342,655447275,817.2,10273.0
10216,68772.1,19,8411842743,49888173,622.2,8086.0
10217,68772.2,19,49827853,49746262,887.0,12085.0
10218,68773.4,19,49787863,49747603,485.1,5364.0
10219,68773.9,19,655442838,49774761,838.6,9331.0
10220,68774.1,19,49777795,49769703,287.4,3139.0
10221,68774.7,19,13790612928,13428997379,250.9,2724.0
10222,68774.8,19,12687209031,49734797,535.7,5999.0
10223,68775.6,19,3670756345,49770724,276.1,3222.0
10224,68777.3,19,3011107102,49765824,517.0,6414.0
10225,68780.0,19,49809715,13281169275,401.1,4449.0
10226,68780.1,19,49740442,1466232814,416.9,5545.0
10227,68780.3,19,49745232,49883336,445.1,5854.0
10228,68780.9,19,49770657,49853094,196.6,2214.0
10229,68782.5,19,49843692,49762202,489.5,5555.0
10230,68783.6,19,49729831,13591803337,344.8,4125.0
10231,68784.5,19,49745468,638462834,415.3,4674.0
10232,68785.9,19,49768440,49758401,524.4,6115.0
10233,68787.1,19,49784130,49839650,268.9,3080.0
10234,68787.9,19,49884234,9768681898,210.2,2271.0
10235,68789.9,19,49773070,2428508041,334.8,3731.0
10236,68793.2,19,49745628,1017220692,481.4,5779.0
10237,68793.2,19,49865234,49802301,705.9,8189.0
10238,68794.0,19,49787616,49791951,565.0,7001.0
10239,68800.2,19,3670756358,49754653,541.9,6279.0
10240,68800.9,19,9166612489,49741771,421.9,4965.0
10241,68801.2,19,3659095236,13256450893,593.4,6146.0
10242,68801.4,19,49863186,3366676344,721.6,8081.0
10243,68805.5,19,8411842743,49824184,459.8,6031.0
10244,68812.0,19,49799643,4387066892,219.5,2576.0
10245,68816.6,19,3388139632,639415539,1034.5,12841.0
10246,68817.2,19,655442838,5556599906,149.8,1666.0
10247,68819.4,19,49724395,49884357,934.0,12855.0
10248,68822.2,19,2440761314,641116240,163.6,1788.0
10249,68822.3,19,49822338,49762994,1138.5,14760.0
10250,68824.7,19,1021561602,49762699,907.9,11229.0
10251,68825.4,19,49809715,49749394,58.0,648.0
10252,68825.7,19,3001016717,49789192,320.3,3599.0
10253,68825.9,19,12292446080,1460627719,1181.3,15172.0
10254,68827.1,19,49843692,10154670186,311.3,3368.0
10255,68827.7,19,49870944,49817101,550.5,6078.0
10256,68831.7,19,3000430293,49715946,617.1,7115.0
10257,68831.9,19,49770789,49826530,372.6,4707.0
10258,68832.5,19,49778050,3001434616,224.4,2441.0
10259,68833.6,19,4082394063,49788695,42.5,424.0
10260,68836.5,19,49780562,49773008,199.4,2233.0
10261,68839.1,19,9968466642,49745636,279.6,3325.0
10262,68842.9,19,49745677,49847649,1051.2,13103.0
10263,68843.0,19,49724395,49754681,717.0,9290.0
10264,68844.4,19,11261031471,49788608,659.3,7461.0
10265,68845.7,19,49810122,3900798330,1004.0,11954.0
10266,68845.7,19,641128680,49842522,644.8,7551.0
10267,68846.2,19,3669554865,49753336,611.2,7108.0
10268,68852.8,19,49741104,49752621,465.0,5268.0
10269,68853.8,19,2927432297,965766236,168.6,1884.0
10270,68854.3,19,641116203,4954895459,134.8,1499.0
10271,68854.4,19,642044494,49744571,449.1,7169.0
10272,68855.7,19,49863611,49745186,240.6,2723.0
10273,68856.1,19,49745465,49828204,825.4,10527.0
10274,68856.4,19,49789376,705647622,890.5,10587.0
10275,68859.2,19,1804420112,49763827,546.1,5999.0
10276,68861.5,19,2927432297,49773454,1035.3,12510.0
10277,68862.8,19,49745636,49779910,195.0,2229.0
10278,68863.1,19,49772964,1804420112,393.5,4435.0
10279,68863.8,19,49741798,5445468722,914.7,12454.0
10280,68867.8,19,49792123,12532857266,635.2,8149.0
10281,68875.3,19,49756578,49844794,121.5,1295.0
10282,68875.4,19,49741274,49777919,537.5,5893.0
10283,68875.6,19,49797401,49732363,88.5,992.0
10284,68876.0,19,3001046648,49850669,191.3,2152.0
10285,68876.3,19,49792123,49878271,545.2,6920.0
10286,68880.3,19,49772747,49765234,634.6,7320.0
10287,68881.0,19,7494204321,649840854,714.3,8990.0
10288,68883.6,19,4975093911,49824935,685.6,7759.0
10289,68884.0,19,1381307998,49888300,581.7,7405.0
10290,68890.8,19,49853085,49810896,41.4,463.0
10291,68890.9,19,49809200,49830354,952.2,11598.0
10292,68892.0,19,49773040,49849529,288.7,4484.0
10293,68893.7,19,49856112,655448766,672.7,8086.0
10294,68893.8,19,49756892,3006171207,270.0,2879.0
10295,68896.0,19,4679133344,641127571,440.9,4987.0
10296,68897.1,19,49770423,49790453,772.7,9962.0
10297,68900.1,19,49741673,49824103,351.9,3925.0
10298,68901.6,19,3672563449,641127592,270.5,3106.0
10299,68902.2,19,2896020586,49798033,927.2,10760.0
10300,68902.4,19,49781395,1462088957,1304.6,16403.0
10301,68903.8,19,49774098,49745214,389.8,4352.0
10302,68904.7,19,49777277,49746301,269.0,3341.0
10303,68904.7,19,49844794,49727929,285.7,3242.0
10304,68909.2,19,49797586,1017220692,447.6,5224.0
10305,68910.9,19,49869068,49763130,541.2,5876.0
10306,68911.4,19,1443727088,49810451,424.6,4804.0
10307,68911.4,19,49743955,49729182,620.1,8507.0
10308,68912.1,19,3005239459,49758746,874.1,12591.0
10309,68915.4,19,3669554866,2462383188,273.2,3086.0
10310,68915.7,19,3016708830,49741404,529.9,6586.0
10311,68917.3,19,49793670,49839158,427.0,4842.0
10312,68919.1,19,642044494,49844812,610.0,9671.0
10313,68921.4,19,49762379,49730798,492.8,5471.0
10314,68922.3,19,49741274,49774079,462.9,5089.0
10315,68924.5,19,11261031475,49863346,82.9,925.0
10316,68925.1,19,49773040,49747273,621.1,6898.0
10317,68926.0,19,3670756345,49832286,193.0,2190.0
10318,68926.1,19,49848293,49775612,1377.0,18241.0
10319,68926.7,19,49825409,49734622,248.8,2705.0
10320,68927.3,19,655442847,49764453,544.1,6250.0
10321,68927.7,19,49845837,49830127,730.5,9943.0
10322,68927.7,19,49799633,49742300,214.2,2515.0
10323,68928.0,19,641054075,49828182,710.4,9750.0
10324,68928.1,19,1379471024,49793983,759.1,9265.0
10325,68929.4,19,701602949,49738305,674.0,7612.0
10326,68930.8,19,49789208,11198107405,364.5,4207.0
10327,68933.7,19,49837617,1458420676,494.2,5570.0
10328,68933.9,19,49787160,49842979,507.2,6245.0
10329,68935.1,19,49741104,49817246,622.4,7070.0
10330,68937.8,19,12292446080,49716879,1332.0,16832.0
10331,68938.3,19,49777556,1467732911,470.1,6391.0
10332,68939.8,19,49779980,49753005,458.2,5165.0
10333,68943.7,19,49789205,1472831218,864.7,11015.0
10334,68946.3,19,49762191,49742799,680.7,9065.0
10335,68949.3,19,1362307924,49760329,605.2,7956.0
10336,68949.7,19,49789337,49791610,426.9,5134.0
10337,68950.2,19,49801673,49853042,288.3,3206.0
10338,68950.3,19,49825409,2765545489,185.3,2152.0
10339,68952.2,19,1618429530,49839140,356.5,3755.0
10340,68952.2,19,49809715,49856360,318.5,3528.0
10341,68952.5,19,49774098,49745640,342.5,3959.0
10342,68956.0,19,49775608,49858503,790.0,8713.0
10343,68958.7,19,10181394607,49800648,719.6,8222.0
10344,68961.4,19,49858932,641127586,217.7,2910.0
10345,68964.2,19,647031903,49818974,413.7,4887.0
10346,68965.5,19,4325552564,12437955921,448.9,5759.0
10347,68967.0,19,1381204541,49745562,806.7,9686.0
10348,68967.9,19,49774093,49765986,99.5,1176.0
10349,68971.8,19,2927432297,49789039,623.1,7034.0
10350,68974.1,19,5320434814,49824103,361.3,3935.0
10351,68977.0,19,49875128,49788104,333.2,3682.0
10352,68982.7,19,49820743,49827468,342.4,3698.0
10353,68985.0,19,49797586,641964786,399.0,5250.0
10354,68985.1,19,8903139403,49764337,519.1,6075.0
10355,68986.0,19,9593199679,641107667,159.2,1785.0
10356,68988.7,19,49771040,49764318,539.2,6138.0
10357,68988.8,19,3027665453,5128694819,459.4,5823.0
10358,68989.6,19,829675288,49799817,157.8,1739.0
10359,68991.0,19,49794206,49793211,182.7,1975.0
10360,68993.6,19,49888809,49829936,956.2,12460.0
10361,68994.8,19,3672563449,49818900,404.6,4362.0
10362,68996.1,19,49810122,49717965,96.4,1041.0
10363,68997.0,19,49787884,49743563,482.2,5307.0
10364,68999.6,19,49782369,49770680,466.4,5536.0
10365,69001.6,19,1381204541,647043651,400.6,4586.0
10366,69005.8,19,49756474,49809279,320.8,3622.0
10367,69006.0,19,49792123,49762379,195.5,2438.0
10368,69009.1,19,1243974109,1239327284,742.2,9196.0
10369,69010.1,19,49770672,49777871,338.2,3838.0
10370,69011.8,19,1618429530,49764884,60.3,622.0
10371,69012.9,19,49845830,49790097,507.0,5968.0
10372,69013.9,19,49745207,3388139647,505.9,5644.0
10373,69014.5,19,49805505,10605296757,340.7,3300.0
10374,69015.7,19,49787160,2765545529,863.7,10679.0
10375,69017.4,19,49774093,49789905,538.5,6121.0
10376,69017.8,19,1804420109,49764380,146.1,1635.0
10377,69018.1,19,5128694815,49748406,605.4,7341.0
10378,69018.3,19,49820727,9088107710,254.2,2832.0
10379,69018.6,19,1379471024,7818462169,346.2,3776.0
10380,69020.0,19,49772633,646031256,473.5,5650.0
10381,69021.7,19,3240030410,49854071,235.4,2528.0
10382,69021.8,19,3013484854,49788448,552.4,6295.0
10383,69022.9,19,49743972,49801673,894.4,11845.0
10384,69024.4,19,49780558,49810204,773.8,9749.0
10385,69026.2,19,1491097176,49759294,493.8,8603.0
10386,69027.9,19,49777795,49798784,598.6,7767.0
10387,69028.1,19,49741274,1364987323,247.0,2752.0
10388,69028.2,19,3670756345,49772729,594.9,6586.0
10389,69029.2,19,49797401,49861125,403.4,4577.0
10390,69030.1,19,1362307924,5343232402,652.7,8171.0
10391,69031.5,19,49762264,641127592,32.7,349.0
10392,69032.9,19,1017391974,49739799,246.9,2690.0
10393,69033.4,19,49772987,49859632,362.6,4024.0
10394,69033.5,19,655442838,49752667,669.5,7581.0
10395,69033.7,19,49782277,647043735,405.3,4642.0
10396,69034.1,19,49805505,49779784,981.8,11740.0
10397,69035.2,19,49798625,1443726987,725.5,9708.0
10398,69037.7,19,49770680,49849153,702.8,7933.0
10399,69040.7,19,49765145,49828430,758.2,9128.0
10400,69042.2,19,49741104,49773599,295.6,3303.0
10401,69043.4,19,13790612928,49790509,688.5,7743.0
10402,69043.9,19,3016605388,49762862,670.1,8687.0
10403,69047.4,19,49793759,1363151543,108.2,1101.0
10404,69050.2,19,49809189,49841039,781.8,10108.0
10405,69050.9,19,49853696,49765735,470.5,5259.0
10406,69051.5,19,49741798,49863346,376.3,4157.0
10407,69052.3,19,12529163241,49749366,340.4,3796.0
10408,69052.6,19,49763640,49754216,787.0,10273.0
10409,69053.2,19,49764337,49827282,676.0,8913.0
10410,69054.1,19,49748066,49749057,314.1,3452.0
10411,69054.5,19,49796897,49793521,269.2,2971.0
10412,69055.7,19,49764271,49789492,434.8,5347.0
10413,69059.3,19,49751728,1462032500,743.5,8965.0
10414,69059.6,19,49762379,49769580,307.1,3556.0
10415,69065.3,19,49716899,49775975,222.5,2478.0
10416,69065.9,19,1381216023,49789379,666.3,7964.0
10417,69066.5,19,3661066117,49751189,793.7,9403.0
10418,69067.0,19,655442853,49750261,441.5,6254.0
10419,69068.0,19,49748151,1443482390,754.0,8660.0
10420,69075.1,19,4082394063,9592908689,717.8,8568.0
10421,69076.1,19,2974621123,883610590,278.2,3240.0
10422,69076.4,19,5698252199,8439855798,599.9,8165.0
10423,69076.6,19,5698252199,1493859547,721.6,9546.0
10424,69077.8,19,49753516,49838764,558.9,6248.0
10425,69078.1,19,49745335,49771442,472.4,5045.0
10426,69078.8,19,49765145,650017990,494.8,6244.0
10427,69079.1,19,49845837,641127591,140.2,1599.0
10428,69079.5,19,49801058,49764858,949.0,11939.0
10429,69082.0,19,49793549,49746693,283.1,2999.0
10430,69082.0,19,49820743,49849131,831.5,9249.0
10431,69084.8,19,2167451939,49735019,490.7,5506.0
10432,69086.7,19,49745195,49716938,649.1,8576.0
10433,69091.4,19,49799643,49765380,622.4,6980.0
10434,69092.9,19,49794626,49810662,649.1,8019.0
10435,69095.3,19,1381307998,49717411,668.1,7522.0
10436,69095.7,19,12974478437,49717969,224.3,2508.0
10437,69095.8,19,49720045,3062846866,1307.1,15683.0
10438,69096.6,19,2629963167,49846831,43.6,481.0
10439,69100.0,19,49848820,49792107,746.1,9108.0
10440,69100.9,19,49876468,49769205,370.4,3925.0
10441,69104.6,19,49747467,49789390,819.7,10929.0
10442,69105.4,19,49756578,49792123,186.2,2016.0
10443,69105.6,19,49773526,49861299,162.4,1833.0
10444,69109.1,19,49741095,3001431211,138.6,1549.0
10445,69109.3,19,3670756359,49789884,459.8,5389.0
10446,69111.5,19,49803595,49848006,869.6,9840.0
10447,69112.1,19,49756578,49816034,514.1,6697.0
10448,69116.5,19,49845850,9773948550,1040.1,12697.0
10449,69117.2,19,1443727088,49739904,446.8,4929.0
10450,69118.3,19,49748212,633026579,318.8,3617.0
10451,69118.6,19,3669554857,9723923058,660.9,8438.0
10452,69119.9,19,49772747,49756892,766.9,8682.0
10453,69119.9,19,49805505,11198265615,711.4,7958.0
10454,69121.3,19,49734140,647628019,431.7,4794.0
10455,69121.5,19,49845850,49764380,324.0,3637.0
10456,69123.5,19,49740442,9480293895,378.7,4143.0
10457,69126.9,19,1243974048,49794324,826.9,10555.0
10458,69127.7,19,49720045,9768681893,934.9,10455.0
10459,69128.3,19,701602949,1017391842,280.1,3062.0
10460,69129.7,19,49793773,49751193,355.1,4090.0
10461,69133.6,19,49748716,1469285952,546.8,7260.0
10462,69134.7,19,49845726,49827065,730.6,9653.0
10463,69136.0,19,49809715,49792123,434.6,5001.0
10464,69140.0,19,49845850,49809897,1096.3,13109.0
10465,69142.5,19,641119730,49769223,789.7,8668.0
10466,69147.9,19,49802545,49797399,191.7,2333.0
10467,69149.0,19,49773040,3001434616,143.2,1575.0
10468,69153.1,19,49863186,49769215,367.7,4035.0
10469,69153.2,19,49810877,3007587814,574.1,6801.0
10470,69155.7,19,49741274,49742366,561.5,6344.0
10471,69157.1,19,5128694819,936116307,998.4,13103.0
10472,69157.2,19,49770676,49756850,144.6,1617.0
10473,69157.8,19,49809177,49756373,113.4,1299.0
10474,69165.7,19,49743972,49753955,286.0,2903.0
10475,69167.2,19,4630137710,49742418,414.7,5102.0
10476,69171.7,19,49863186,522279711,747.4,9747.0
10477,69172.0,19,49762225,49858191,478.1,5757.0
10478,69172.6,19,3001288930,49819077,610.5,7416.0
10479,69176.1,19,49769407,49717288,532.8,7030.0
10480,69176.6,19,3001016717,49745301,387.7,4260.0
10481,69180.0,19,49745240,49775043,185.2,2077.0
10482,69181.5,19,49743415,1443726990,990.1,13434.0
10483,69183.3,19,6777089507,49757061,174.5,1980.0
10484,69184.2,19,4303519741,49729688,507.7,5601.0
10485,69185.0,19,49894515,49729182,434.1,5473.0
10486,69185.4,19,49825108,49769180,335.9,3820.0
10487,69188.2,19,642317837,49765297,708.1,9586.0
10488,69188.6,19,2696812482,49764467,305.9,3660.0
10489,69189.5,19,1379471556,49819077,691.0,7933.0
10490,69191.6,19,49767517,5277583876,670.8,8005.0
10491,69191.8,19,3125716147,49865706,645.0,7803.0
10492,69194.4,19,4975093911,49813499,365.8,4005.0
10493,69194.5,19,49875128,49794431,336.6,3868.0
10494,69196.1,19,49774081,646190854,364.8,4324.0
10495,69197.9,19,3378222897,49848261,709.6,7956.0
10496,69198.6,19,701602949,49777170,439.9,4865.0
10497,69200.4,19,3001288930,5851387631,236.8,2609.0
10498,69201.4,19,49789337,49741388,882.9,10878.0
10499,69201.9,19,49748212,49849205,421.6,4876.0
10500,69202.2,19,49734802,49841343,559.3,7367.0
10501,69202.5,19,4975093911,49811210,542.8,6005.0
10502,69202.7,19,49741703,49857791,441.5,4974.0
10503,69202.9,19,8592032116,10088220376,796.3,10249.0
10504,69203.2,19,49789379,49828469,362.8,4151.0
10505,69203.7,19,1466445325,49823491,319.7,3233.0
10506,69206.3,19,49788457,49753955,804.5,9141.0
10507,69208.2,19,49772964,49793799,588.3,7342.0
10508,69208.2,19,49820743,49772864,474.5,5121.0
10509,69211.7,19,49772987,49769028,657.7,8836.0
10510,69215.0,19,49782040,4082394063,373.2,4254.0
10511,69215.3,19,49762383,49774651,583.1,6765.0
10512,69218.2,19,49863186,49792002,1029.0,12501.0
10513,69218.8,19,3012784293,641073478,279.4,3470.0
10514,69220.0,19,9190361341,49751799,1166.2,14817.0
10515,69220.3,19,49855599,49745468,522.7,6059.0
10516,69222.4,19,49774098,11831784024,482.3,7106.0
10517,69222.8,19,49787453,49815908,503.3,5999.0
10518,69224.7,19,49764791,49734140,546.3,5954.0
10519,69225.6,19,655442839,49772825,862.3,10042.0
10520,69227.2,19,49752628,641112603,526.5,5937.0
10521,69228.5,19,49878097,49745292,121.9,1362.0
10522,69228.9,19,49845830,49845634,1067.6,12784.0
10523,69229.1,19,49745468,49813704,320.7,3633.0
10524,69231.0,19,49782599,49856485,1529.4,17997.0
10525,69231.2,19,641116232,2616277054,590.8,6669.0
10526,69233.1,19,49894515,49772790,953.3,10302.0
10527,69237.2,19,49888809,49774859,475.7,5332.0
10528,69237.5,19,9130874912,641111009,352.9,4350.0
10529,69239.5,19,2927432297,49793211,671.3,7490.0
10530,69240.1,19,49776461,49819279,969.8,12329.0
10531,69246.6,19,49789218,49763018,811.9,10570.0
10532,69247.8,19,5343232408,3001166927,321.6,4254.0
10533,69249.0,19,49764374,49741471,827.8,11798.0
10534,69249.2,19,49848293,49822473,448.3,5037.0
10535,69249.3,19,49780558,49751716,859.7,10289.0
10536,69252.1,19,2616277014,11563313321,394.8,4002.0
10537,69252.7,19,49732272,5563919654,421.3,4840.0
10538,69253.8,19,3415851740,3370866930,706.2,9197.0
10539,69254.2,19,49744587,49763637,734.4,9700.0
10540,69254.3,19,49745689,49744848,603.2,6669.0
10541,69256.9,19,4366096286,49789376,602.3,7134.0
10542,69258.5,19,3005239459,49763014,677.3,8672.0
10543,69260.7,19,49777712,49758546,200.6,2286.0
10544,69261.1,19,49822338,49768706,905.6,10621.0
10545,69263.5,19,1381204541,3001019038,332.9,3714.0
10546,69264.3,19,1381216023,49783266,641.4,7572.0
10547,69265.1,19,49762210,49763018,633.2,7973.0
10548,69265.8,19,49776047,49860460,511.4,5688.0
10549,69270.6,19,49772747,49745689,289.7,3195.0
10550,69270.9,19,49772964,6697945789,116.2,1294.0
10551,69273.0,19,49756578,49770824,499.6,5560.0
10552,69275.2,19,49843692,2999124269,1019.9,14091.0
10553,69275.3,19,1381307998,49765968,540.0,5944.0
10554,69276.0,19,49845837,1489216475,875.9,12770.0
10555,69279.2,19,49770670,49734797,344.6,3905.0
10556,69280.2,19,49845837,49753014,460.7,5160.0
10557,69280.2,19,4325552565,49721292,305.2,3465.0
10558,69282.0,19,49792123,2462383188,421.8,5052.0
10559,69283.2,19,641116226,806521028,97.1,1122.0
10560,69285.3,19,9130874912,49724086,204.6,2463.0
10561,69285.4,19,641054075,49823020,615.9,7204.0
10562,69285.5,19,49756373,3372235142,709.6,8016.0
10563,69287.7,19,49741038,1443726991,645.5,8720.0
10564,69291.8,19,49771030,49748097,706.6,8068.0
10565,69293.8,19,49773055,49773931,393.8,4390.0
10566,69296.5,19,49765155,49808153,604.1,7160.0
10567,69296.8,19,3013484875,49761406,443.7,5087.0
10568,69297.6,19,49741274,262550683,258.5,2971.0
10569,69298.4,19,49762225,49749057,399.7,4687.0
10570,69299.3,19,49752621,1484481543,602.7,6899.0
10571,69300.0,19,49845830,49878271,379.6,4183.0
10572,69300.7,19,4597151559,49776036,152.3,1709.0
10573,69300.9,19,49789219,958981263,283.6,3312.0
10574,69303.1,19,49859632,49824135,84.9,952.0
10575,69305.2,19,49772633,2502976209,587.9,6857.0
10576,69306.1,19,49772747,49769407,1005.4,12469.0
10577,69311.6,19,49745677,49801528,246.1,2626.0
10578,69311.6,19,49777277,49768011,821.0,10755.0
10579,69312.4,19,8146198871,49777129,839.4,9627.0
10580,69318.2,19,641116223,49745658,415.8,4846.0
10581,69318.7,19,49793411,49789347,218.0,2813.0
10582,69319.1,19,49878016,49824145,411.7,4616.0
10583,69320.9,19,49805505,49846544,1096.3,13229.0
10584,69321.3,19,1381212154,655662337,369.6,4253.0
10585,69322.3,19,49770676,49831608,685.3,7573.0
10586,69322.6,19,49764791,49755616,881.7,10952.0
10587,69324.6,19,3013484875,1443727163,547.7,6219.0
10588,69328.3,19,3608395904,49782485,997.8,13274.0
10589,69329.0,19,49745465,49886475,395.5,4386.0
10590,69329.2,19,49770715,49744867,568.7,6280.0
10591,69333.7,19,49774081,2911584522,313.6,3578.0
10592,69335.1,19,49772987,49796951,181.5,2027.0
10593,69335.7,19,49759674,49816594,817.3,11266.0
10594,69341.2,19,641073443,49752864,368.6,4521.0
10595,69341.2,19,49845830,49744075,882.8,11668.0
10596,69341.2,19,1004263862,49769434,840.9,9864.0
10597,69344.8,19,49852777,49823736,604.2,6913.0
10598,69346.8,19,49752621,49809266,349.7,3675.0
10599,69347.4,19,49775514,49719706,372.7,4121.0
10600,69350.4,19,1381216023,49761840,630.5,8504.0
10601,69350.6,19,49741104,49753274,728.1,8235.0
10602,69354.0,19,2629963167,1243973943,176.9,1987.0
10603,69354.7,19,49845726,1443727088,104.5,1157.0
10604,69355.2,19,3669554866,49739904,270.7,2965.0
10605,69355.2,19,49810122,49794135,408.4,5749.0
10606,69355.9,19,655442853,49787141,68.4,680.0
10607,69361.0,19,3240030410,49743367,323.0,3462.0
10608,69361.2,19,49821763,49758241,511.9,5774.0
10609,69363.4,19,9130874912,49817489,381.6,4398.0
10610,69364.1,19,49752579,8288816498,837.5,8492.0
10611,69365.2,19,49776112,49747042,256.2,2727.0
10612,69365.3,19,49849181,49752803,605.2,6630.0
10613,69367.2,19,49773557,49813704,582.1,6895.0
10614,69368.3,19,1365013789,49840207,218.1,2453.0
10615,69370.0,19,49809177,4100099389,313.9,3572.0
10616,69376.7,19,655447275,49854071,434.0,5325.0
10617,69379.6,19,3005831881,49898275,763.2,9635.0
10618,69382.6,19,5698252199,49786472,848.1,10415.0
10619,69385.7,19,3608395904,49745214,444.5,5842.0
10620,69385.7,19,3125716147,49772815,797.9,8706.0
10621,69389.5,19,49773532,5556599906,156.0,1743.0
10622,69390.4,19,49774088,2896020572,866.5,11234.0
10623,69394.1,19,3669554865,49871743,148.5,1665.0
10624,69395.1,19,3669554857,5558783204,296.4,3312.0
10625,69395.5,19,49787487,49853914,206.7,2375.0
10626,69396.4,19,4082394063,647044168,360.4,4043.0
10627,69402.1,19,3670756345,49747510,354.5,4529.0
10628,69402.6,19,3661066526,49813381,715.6,8679.0
10629,69405.1,19,3013407820,49848686,254.1,2854.0
10630,69405.8,19,49809721,647044610,179.0,1935.0
10631,69408.1,19,3669554874,49826430,500.6,5638.0
10632,69409.2,19,641073443,49748842,1030.5,13258.0
10633,69411.6,19,49787774,49825464,748.8,8584.0
10634,69411.9,19,4695979927,647084282,261.1,3131.0
10635,69415.6,19,1484331315,3665019983,390.5,5044.0
10636,69417.7,19,49825409,3665462749,804.4,9043.0
10637,69418.3,19,9797239771,49809380,542.6,5790.0
10638,69424.4,19,49803721,49807229,278.4,3048.0
10639,69425.0,19,49778302,49842742,1171.7,15756.0
10640,69427.3,19,49770423,49801406,564.2,7250.0
10641,69428.7,19,49767194,49759650,411.3,4715.0
10642,69432.1,19,49741798,49745292,222.6,2453.0
10643,69432.6,19,49762207,49759988,746.2,9951.0
10644,69434.9,19,641127560,3001431544,322.5,3644.0
10645,69438.7,19,49745650,638898885,628.6,7362.0
10646,69438.9,19,49787863,49763640,193.2,2163.0
10647,69440.4,19,49825108,3370866920,465.6,5481.0
10648,69443.1,19,49810122,49744895,204.9,2205.0
10649,69443.9,19,4000799765,5519663699,786.2,8917.0
10650,69445.6,19,3670756358,49787774,324.2,3683.0
10651,69447.5,19,49799643,1462089010,760.5,9336.0
10652,69449.3,19,641054075,49876097,733.4,8670.0
10653,69449.9,19,49745335,49741398,716.0,8529.0
10654,69451.7,19,6823343098,1440867108,259.6,2972.0
10655,69452.8,19,4935980603,49845508,632.5,8013.0
10656,69454.0,19,49797586,49824054,260.0,2985.0
10657,69454.2,19,655442839,49756155,892.4,10410.0
10658,69455.2,19,49745629,49810284,272.9,3243.0
10659,69456.0,19,3415851740,49773558,357.9,4886.0
10660,69458.8,19,49817092,49814024,783.8,9141.0
10661,69461.8,19,2974621124,49746567,517.8,5692.0
10662,69464.3,19,49745232,49789333,389.9,4414.0
10663,69464.7,19,1443727088,647053909,526.5,6218.0
10664,69465.0,19,49767517,49776234,788.0,9777.0
10665,69467.2,19,49772964,49752532,797.3,9749.0
10666,69471.7,19,49764337,3056586923,368.6,4116.0
10667,69471.8,19,49775608,49764374,82.6,1092.0
10668,69473.0,19,11460035915,49773647,303.6,3568.0
10669,69477.1,19,1365050114,2843194025,426.3,4935.0
10670,69478.2,19,49745693,49789503,840.8,10801.0
10671,69479.0,19,1804420109,49795743,444.6,4917.0
10672,69479.2,19,641116231,49721776,544.0,7330.0
10673,69480.0,19,49881497,49797717,264.4,2880.0
10674,69482.4,19,49801673,12529163241,281.2,3170.0
10675,69482.7,19,49847837,49790294,356.5,3931.0
10676,69483.1,19,641116232,49723047,771.1,9829.0
10677,69484.4,19,49822338,49845782,505.2,6211.0
10678,69484.9,19,6777089507,49852968,847.2,10296.0
10679,69485.7,19,49799808,49825409,663.8,7459.0
10680,69486.2,19,1381216023,49789747,482.2,5634.0
10681,69487.2,19,49770423,49745335,423.1,4662.0
10682,69487.3,19,49764337,49848642,187.4,2010.0
10683,69488.2,19,49782369,49745235,411.3,4805.0
10684,69494.4,19,49820757,49747512,952.0,11334.0
10685,69494.8,19,49809698,3012429749,236.2,2739.0
10686,69497.3,19,2629963167,49762563,572.5,7476.0
10687,69497.7,19,49809189,49745632,136.9,1521.0
10688,69498.8,19,49740442,49853917,370.4,4973.0
10689,69501.3,19,4561710230,49721251,596.8,6761.0
10690,69502.0,19,49839140,49818956,445.2,5142.0
10691,69503.0,19,49741703,49750121,456.7,5359.0
10692,69503.1,19,2167451939,49747089,421.5,4613.0
10693,69503.6,19,49756881,49763873,954.0,10960.0
10694,69504.1,19,3240030410,49800299,194.3,2197.0
10695,69504.5,19,49842421,1443727170,512.1,5992.0
10696,69507.6,19,49773543,49814074,383.2,4585.0
10697,69509.6,19,3240030410,49824748,344.0,3937.0
10698,69513.8,19,3012535147,49788448,549.4,6332.0
10699,69514.6,19,49772747,49735524,469.4,5074.0
10700,69514.8,19,642044494,49821695,757.1,10899.0
10701,69516.0,19,1379471024,49841768,283.3,3192.0
10702,69516.4,19,49876468,49775557,466.8,5249.0
10703,69520.6,19,12974478437,49772703,480.7,5322.0
10704,69520.8,19,49816388,49758532,386.1,4327.0
10705,69523.4,19,814299119,49798108,431.2,4763.0
10706,69524.5,19,49795273,641112572,464.3,5350.0
10707,69524.7,19,49745628,49756611,384.4,4573.0
10708,69524.7,19,2927473060,49758362,780.7,8329.0
10709,69526.4,19,9797239771,49873931,593.0,7379.0
10710,69526.4,19,3670756345,49732368,452.0,5198.0
10711,69529.0,19,49772747,1574783906,850.2,11687.0
10712,69531.8,19,49763640,49748094,246.4,2758.0
10713,69534.8,19,49756492,49772315,219.3,2450.0
10714,69534.8,19,49888809,49776068,440.7,4860.0
10715,69536.9,19,49878016,49847299,313.4,4014.0
10716,69542.3,19,3011107102,49734130,303.8,3554.0
10717,69544.4,19,1379471105,5325469688,354.8,3994.0
10718,69544.5,19,5343232408,2000698379,424.2,6887.0
10719,69546.2,19,3637842788,49770680,436.8,5544.0
10720,69548.7,19,9676179707,49745721,418.5,4601.0
10721,69550.6,19,49745225,49727596,877.9,11169.0
10722,69550.8,19,49881497,622721012,690.3,8115.0
10723,69551.2,19,2921295172,4000829364,275.7,3693.0
10724,69552.5,19,13790612928,49765866,409.7,4527.0
10725,69556.4,19,49853094,1443727067,404.6,5060.0
10726,69556.5,19,49787486,49822546,443.5,5180.0
10727,69556.8,19,49764791,49769594,550.3,6296.0
10728,69557.6,19,3669554857,5277494650,299.4,4988.0
10729,69560.6,19,49866935,49764451,395.2,4308.0
10730,69561.1,19,1366261587,10969774308,824.4,11520.0
10731,69562.0,19,49782040,1456450079,780.1,10330.0
10732,69564.9,19,1243974324,49794220,416.4,4577.0
10733,69568.9,19,49845850,49763115,591.2,6633.0
10734,69570.5,19,49745651,49745335,94.5,1059.0
10735,69570.7,19,49745651,3587925312,964.9,12760.0
10736,69574.1,19,49749374,49825533,392.2,4011.0
10737,69574.4,19,49769193,634784052,389.4,4442.0
10738,69576.8,19,3378222897,49845777,264.4,3060.0
10739,69576.8,19,49805505,49743686,1036.6,13180.0
10740,69577.8,19,49849187,49746176,662.0,8433.0
10741,69578.6,19,49822338,13738062524,245.3,2537.0
10742,69578.7,19,49800755,49746230,1265.8,15908.0
10743,69582.0,19,49748212,49821844,966.9,11510.0
10744,69586.7,19,49789239,49752864,532.6,6262.0
10745,69594.2,19,49845850,49868764,859.9,9751.0
10746,69596.1,19,49745650,3000323991,616.8,7216.0
10747,69597.0,19,5445800908,49777474,1111.5,13104.0
10748,69597.3,19,49787884,49756611,246.6,2720.0
10749,69599.9,19,1379505465,49809775,283.5,3203.0
10750,69601.1,19,49815687,2019659633,729.9,8476.0
10751,69603.0,19,49749855,1484481543,419.6,4620.0
10752,69604.6,19,49734616,49776228,910.5,11100.0
10753,69604.9,19,49829250,49744676,534.5,6077.0
10754,69605.6,19,49782040,49747486,413.3,5245.0
10755,69607.0,19,49873440,642886863,781.1,8456.0
10756,69607.4,19,49740244,2607280191,265.6,2917.0
10757,69608.5,19,49845830,9545184621,215.2,2416.0
10758,69610.5,19,2974621123,49734134,960.4,11677.0
10759,69612.7,19,49764271,5563919634,496.5,6521.0
10760,69612.9,19,3012829811,49716912,288.6,3263.0
10761,69613.3,19,5698252199,642816850,218.2,2460.0
10762,69615.6,19,49745214,49781553,529.9,6053.0
10763,69616.2,19,49763640,49781686,564.3,6547.0
10764,69619.8,19,49799633,49770715,240.6,2813.0
10765,69620.1,19,49749838,655442840,193.7,2276.0
10766,69621.2,19,49741038,10797743572,451.2,7023.0
10767,69624.5,19,2616277014,49802664,383.2,3825.0
10768,69624.5,19,49740442,13256551001,624.3,8241.0
10769,69625.3,19,655661924,49853094,396.0,4696.0
10770,69626.6,19,49772747,49745455,263.0,2895.0
10771,69628.9,19,49789337,49767420,670.7,7861.0
10772,69629.7,19,49778050,49801283,379.3,4458.0
10773,69633.4,19,11255208766,49719320,1013.8,12288.0
10774,69634.0,19,49764791,49809177,72.0,814.0
10775,69635.6,19,49763640,49770633,80.1,851.0
10776,69639.0,19,49863614,1243973976,340.2,3835.0
10777,69640.7,19,49801673,2046464958,151.5,1621.0
10778,69641.0,19,49848820,49723359,289.7,3070.0
10779,69642.0,19,4697534335,49836758,477.1,5293.0
10780,69642.7,19,49745680,49877844,335.0,3622.0
10781,69643.7,19,49801673,5581929188,752.6,9591.0
10782,69643.8,19,49845830,13731450592,488.6,5325.0
10783,69647.0,19,49822338,641965151,899.2,11488.0
10784,69647.5,19,49777795,49734622,437.4,4894.0
10785,69650.0,19,49741274,1443727090,348.5,3872.0
10786,69651.6,19,49745200,705647581,528.7,5864.0
10787,69653.6,19,49816382,1472794402,576.9,7625.0
10788,69654.0,19,3000430293,3366676339,617.9,7139.0
10789,69655.4,19,49823986,49734130,259.4,2873.0
10790,69656.6,19,8299152846,49780198,602.9,7807.0
10791,69658.8,19,3388139632,49761426,1310.0,15525.0
10792,69658.9,19,49743415,1439840030,862.9,12179.0
10793,69663.2,19,49764374,49849263,467.8,5490.0
10794,69664.9,19,49780558,49759823,593.9,6888.0
10795,69664.9,19,49787453,49861274,217.6,2433.0
10796,69665.1,19,49797596,5564258812,572.7,6416.0
10797,69665.3,19,1381216023,3796848017,739.3,8826.0
10798,69670.9,19,49770423,49817430,222.8,2445.0
10799,69671.6,19,49773070,9136682496,112.9,1266.0
10800,69673.1,19,49777795,3601521523,307.8,3614.0
10801,69673.2,19,49776112,49789983,285.8,3226.0
10802,69673.3,19,1014110633,49832998,916.1,11695.0
10803,69675.0,19,1379471556,49748223,231.5,2635.0
10804,69675.5,19,49745628,49822673,668.6,8245.0
10805,69678.2,19,49756297,8439855809,919.9,11734.0
10806,69688.9,19,49773609,49774685,350.1,3771.0
10807,69689.6,19,647044393,49738826,499.4,6373.0
10808,69690.6,19,49793773,49758237,891.0,11025.0
10809,69693.1,19,49763640,49756905,647.1,7161.0
10810,69693.8,19,49881497,49775514,567.1,6499.0
10811,69694.1,19,49820714,49826596,806.3,10232.0
10812,69694.2,19,49745207,5558800238,288.7,3182.0
10813,69695.9,19,49789251,2664170700,228.3,2591.0
10814,69700.0,19,641087352,49792211,447.3,5429.0
10815,69700.6,19,49824748,49838758,443.4,4952.0
10816,69700.6,19,1364987325,49870525,442.1,4866.0
10817,69700.7,19,49764314,49770672,112.0,1281.0
10818,69702.0,19,49748690,1443727189,676.5,7809.0
10819,69702.4,19,49741058,49774859,202.0,2126.0
10820,69703.9,19,49734802,49830069,290.8,3265.0
10821,69704.2,19,49770715,14073359310,310.2,3325.0
10822,69705.0,19,1443482419,49768478,507.7,5702.0
10823,69707.0,19,49745232,9136682512,77.2,866.0
10824,69707.6,19,8530666832,1600549262,938.5,11369.0
10825,69707.9,19,3240030410,49823775,169.0,1875.0
10826,69708.8,19,49724395,49769186,605.2,7700.0
10827,69711.7,19,3659095236,9124461219,497.9,6037.0
10828,69713.7,19,49745461,49761924,941.0,11640.0
10829,69715.2,19,49888809,3366676351,732.4,7959.0
10830,69717.3,19,49845830,49812133,374.4,4136.0
10831,69717.8,19,49795273,49796016,612.6,7546.0
10832,69721.6,19,49789379,655691395,759.7,9595.0
10833,69722.2,19,49776461,49763072,114.6,1248.0
10834,69723.8,19,49776461,49765992,235.8,2638.0
10835,69727.6,19,49745188,49718509,267.7,3030.0
10836,69731.1,19,11332977605,10738980702,282.2,3068.0
10837,69735.3,19,1365013789,9592908693,509.2,5684.0
10838,69737.4,19,655442833,49764487,690.8,8153.0
10839,69739.5,19,49722409,49741543,458.7,6807.0
10840,69740.7,19,49825108,49889658,121.6,1320.0
10841,69743.8,19,49762238,49741856,808.7,10117.0
10842,69744.1,19,49765234,49859960,369.1,4217.0
10843,69748.7,19,641116184,873425530,488.7,6133.0
10844,69750.3,19,3240030410,646202862,341.8,3996.0
10845,69753.2,19,49881497,49789504,1235.4,16442.0
10846,69755.4,19,49787890,2305183785,184.7,1992.0
10847,69756.1,19,49787453,49748067,256.0,2846.0
10848,69756.7,19,49826586,4697534334,372.2,5114.0
10849,69756.8,19,1804420109,49814024,445.8,4867.0
10850,69757.5,19,3672563449,49845885,272.8,3024.0
10851,69757.8,19,49741274,9136825795,214.0,2401.0
10852,69758.6,19,49774098,49842996,439.3,4917.0
10853,69759.9,19,701602949,12305015449,229.9,2429.0
10854,69761.7,19,3670756345,3001375539,122.2,1356.0
10855,69762.3,19,13790612928,49763775,537.2,5929.0
10856,69770.4,19,3001171736,49742335,161.4,1846.0
10857,69770.4,19,3669554874,10978669007,245.5,2747.0
10858,69771.7,19,4366096286,1493945657,574.9,7925.0
10859,69774.9,19,2440761314,49789218,245.1,2921.0
10860,69777.1,19,49792123,49744825,164.5,1717.0
10861,69777.3,19,3669554857,1017391970,174.6,1973.0
10862,69777.9,19,1205178199,5925999732,978.8,11431.0
10863,69779.3,19,49776461,49833602,285.4,3704.0
10864,69779.6,19,49729874,49750283,623.7,8985.0
10865,69780.4,19,49820743,49779734,1155.7,13904.0
10866,69782.0,19,641116273,49746243,844.8,10309.0
10867,69783.9,19,655442839,49791626,368.9,4309.0
10868,69788.1,19,49774093,958981230,145.1,1586.0
10869,69791.7,19,9130874912,49792438,500.9,5707.0
10870,69794.3,19,1804420112,49791914,90.8,972.0
10871,69796.1,19,49849181,49886372,542.7,6893.0
10872,69796.3,19,49771030,49866407,541.2,6287.0
10873,69797.1,19,49822365,647044610,462.8,5007.0
10874,69797.3,19,49845850,3062846866,981.4,12163.0
10875,69799.1,19,3669554857,49738129,168.0,1824.0
10876,69799.9,19,49829250,49734729,560.7,6301.0
10877,69800.2,19,49770789,13265637012,202.7,2311.0
10878,69800.5,19,701602949,7494204320,494.2,5503.0
10879,69803.4,19,49821763,49839137,391.6,4283.0
10880,69804.0,19,49772615,49847505,593.0,6519.0
10881,69804.9,19,49833602,640614223,585.9,7634.0
10882,69805.7,19,3670756345,49858471,909.3,10713.0
10883,69807.7,19,49764867,1462032494,418.1,5958.0
10884,69808.1,19,49844851,49830505,561.4,6146.0
10885,69808.8,19,1379471556,49745094,522.4,5917.0
10886,69809.7,19,1379471223,14073909988,192.2,2157.0
10887,69811.5,19,641116273,49765730,543.4,5903.0
10888,69812.1,19,49774098,49838172,468.8,5156.0
10889,69812.8,19,3240030410,4309933100,587.0,7120.0
10890,69815.3,19,49752628,49817489,359.2,4041.0
10891,69818.0,19,49777795,49773609,274.0,3137.0
10892,69818.6,19,49777546,49793526,474.4,5415.0
10893,69818.7,19,49722409,2896020706,923.2,13006.0
10894,69825.8,19,3240030410,655662481,246.4,3192.0
10895,69827.0,19,49774098,49747960,664.4,8100.0
10896,69827.4,19,49770179,49761416,698.7,8852.0
10897,69829.4,19,3011565329,49853917,188.5,2198.0
10898,69831.3,19,49745677,49775557,391.1,4378.0
10899,69831.6,19,49770708,971094674,351.9,3904.0
10900,69832.5,19,49789369,49811166,122.6,1529.0
10901,69836.4,19,49792107,49746449,763.0,8945.0
10902,69840.3,19,642317837,876615209,483.3,6730.0
10903,69842.4,19,655442853,9660057374,413.7,4770.0
10904,69843.9,19,3670756345,49735538,716.4,8496.0
10905,69850.8,19,1484331315,49723264,1066.8,13244.0
10906,69852.6,19,49809721,3531416325,132.3,1478.0
10907,69853.4,19,49745129,634784056,573.0,7045.0
10908,69855.5,19,633085015,5558800281,128.1,1527.0
10909,69856.7,19,3669554865,49745667,477.4,5355.0
10910,69857.1,19,49756297,11275506476,1328.9,15792.0
10911,69857.5,19,49753516,49718701,770.3,8996.0
10912,69858.3,19,3016708830,774340109,75.5,824.0
10913,69858.4,19,49765234,49764867,470.6,5919.0
10914,69866.7,19,49745677,640784730,83.2,868.0
10915,69866.8,19,49719895,4975093911,191.6,2122.0
10916,69867.7,19,49865817,9190361341,566.0,6746.0
10917,69869.3,19,49848686,49741160,92.6,1181.0
10918,69872.0,19,49752628,49789246,71.8,884.0
10919,69873.8,19,49809200,1443727020,855.0,11505.0
10920,69878.7,19,49888809,49789550,415.1,5039.0
10921,69881.8,19,49756492,49791888,544.7,5960.0
10922,69885.5,19,49779980,6798979710,430.0,5200.0
10923,69887.0,19,1017379708,5446049192,827.4,10722.0
10924,69887.3,19,4325552565,3667945055,616.5,6767.0
10925,69891.9,19,49745232,3667950081,355.8,3983.0
10926,69892.7,19,49763606,49740634,244.0,2629.0
10927,69894.1,19,49773653,49764318,305.0,3336.0
10928,69895.0,19,49847837,49732363,674.7,7478.0
10929,69898.3,19,1379471024,49761401,191.3,2145.0
10930,69900.2,19,49776112,641127592,235.8,2657.0
10931,69900.2,19,655442839,49844804,267.6,3182.0
10932,69901.4,19,49793549,641127571,288.6,3218.0
10933,69902.1,19,49763049,655662337,269.9,2998.0
10934,69902.5,19,49898275,3358724781,191.7,2481.0
10935,69902.6,19,49809698,2305183785,101.0,1129.0
10936,69903.4,19,6823343098,13259893924,404.9,4548.0
10937,69903.7,19,49881497,1471764518,1255.0,15309.0
10938,69904.2,19,49819386,13699194719,301.2,3213.0
10939,69906.2,19,49776047,49816594,793.3,10772.0
10940,69907.7,19,49756578,49801528,406.8,4534.0
10941,69913.8,19,49796229,49792119,943.3,11374.0
10942,69915.6,19,49772747,8528073259,629.3,7172.0
10943,69915.9,19,3372235139,49734130,656.6,7281.0
10944,69916.5,19,49770179,49730422,456.9,5461.0
10945,69919.0,19,1379496002,49773925,446.5,5084.0
10946,69921.9,19,49741710,49764440,251.4,2787.0
10947,69922.3,19,5698252199,3370788199,420.4,4895.0
10948,69923.8,19,49853696,49798012,444.9,5201.0
10949,69923.9,19,9592908693,49859632,648.2,7723.0
10950,69925.7,19,3358724761,49745461,371.5,4602.0
10951,69925.9,19,49797596,49757610,889.1,10656.0
10952,69926.4,19,701602949,1485037074,926.9,12249.0
10953,69926.5,19,49763640,49764296,307.6,3510.0
10954,69927.7,19,49741165,1440867117,208.5,2561.0
10955,69928.1,19,4975093911,3378110162,181.7,2100.0
10956,69929.2,19,49863186,49745365,579.0,6479.0
10957,69930.2,19,49801673,641965296,516.6,6672.0
10958,69931.3,19,3012784288,49717969,291.9,3316.0
10959,69931.4,19,49781395,49836253,580.4,6351.0
10960,69933.1,19,646065021,49735138,668.0,7413.0
10961,69936.2,19,447591561,49765283,614.6,6569.0
10962,69936.5,19,49770755,49817415,267.3,3020.0
10963,69940.3,19,633923743,49824779,160.8,1857.0
10964,69940.6,19,49824748,49809439,533.6,5964.0
10965,69941.6,19,1362307924,49762020,748.8,10006.0
10966,69941.9,19,447823042,49774427,682.4,8166.0
10967,69942.2,19,638789448,647043625,308.4,3450.0
10968,69942.3,19,5380888621,49769186,431.6,4837.0
10969,69943.1,19,49804146,49724268,933.8,10895.0
10970,69945.9,19,1060365691,8439872829,571.3,8240.0
10971,69945.9,19,49782255,49773070,215.2,2412.0
10972,69946.5,19,49739559,9425953058,635.5,7052.0
10973,69947.6,19,49793773,49807319,885.1,11035.0
10974,69948.1,19,4001557203,49820506,479.3,5455.0
10975,69950.2,19,49797586,49716928,228.3,2536.0
10976,69950.3,19,49762210,49824054,296.6,3578.0
10977,69950.9,19,49741730,49813532,391.2,4348.0
10978,69952.0,19,49780562,49745072,587.0,6427.0
10979,69952.1,19,49764794,49838814,719.1,8224.0
10980,69953.0,19,49853094,49762957,584.4,8026.0
10981,69953.7,19,49740442,49763125,328.2,3545.0
10982,69954.7,19,49866935,49774369,871.2,9726.0
10983,69955.1,19,49739559,1440867162,605.0,7385.0
10984,69956.3,19,49797586,49777871,355.1,4004.0
10985,69957.3,19,12128376033,262251165,207.3,2330.0
10986,69960.3,19,49756373,49778464,562.4,6175.0
10987,69961.1,19,49820583,49852975,547.7,6440.0
10988,69961.6,19,49789239,49811628,371.6,3899.0
10989,69962.7,19,49842413,49761412,538.5,6796.0
10990,69962.7,19,655661924,49821069,534.3,6917.0
10991,69965.9,19,49768440,610608392,189.2,2119.0
10992,69966.3,19,49772987,49771748,316.2,3863.0
10993,69969.8,19,49764791,49779953,88.1,986.0
10994,69969.8,19,4629699772,49825121,133.1,1506.0
10995,69977.5,19,49770179,2711740471,554.2,6160.0
10996,69977.6,19,9130874912,49813715,865.1,10106.0
10997,69979.4,19,49724395,641965187,115.1,1225.0
10998,69979.9,19,9797239771,49854874,850.7,9746.0
10999,69979.9,19,49770789,49827112,189.6,2165.0
11000,69981.9,19,49745207,49745434,573.6,6573.0
11001,69986.1,19,49810871,49824902,578.0,6697.0
11002,69986.6,19,3669554874,1017379708,211.4,2366.0
11003,69988.4,19,5698252199,12864633721,201.1,2229.0
11004,69989.3,19,49804146,49741771,395.2,4156.0
11005,69989.4,19,829675288,49717971,338.4,3708.0
11006,69989.6,19,3027663729,11198005518,391.9,4458.0
11007,69991.5,19,1440554109,641116287,601.4,8259.0
11008,69994.7,19,49848820,49749658,552.3,6217.0
11009,69995.4,19,49741104,49806844,262.4,3027.0
11010,69999.9,19,49794626,49781984,1084.0,12700.0
11011,70003.6,19,49734621,49772790,275.8,3077.0
11012,70015.4,19,49729179,49739801,364.6,4004.0
11013,70015.4,19,49762207,655661924,220.6,2580.0
11014,70018.4,19,655442853,3657250009,977.6,11857.0
11015,70020.1,19,49741730,49717981,383.5,4291.0
11016,70020.4,19,49820757,49724086,758.8,8483.0
11017,70021.6,19,49752628,49765040,623.1,8285.0
11018,70023.9,19,49843692,49765303,571.9,6398.0
11019,70024.6,19,12143083687,49776262,1342.2,16250.0
11020,70026.6,19,9136825813,3378222911,186.0,2095.0
11021,70029.5,19,49772987,49860638,703.8,8472.0
11022,70030.5,19,49764791,3001171736,277.9,3144.0
11023,70032.1,19,49810876,10175825328,596.3,7961.0
11024,70033.0,19,49741715,49745235,191.2,2158.0
11025,70035.3,19,49767196,49776031,296.7,3355.0
11026,70035.7,19,49782241,49741088,231.4,2681.0
11027,70036.6,19,49819386,49765273,565.6,6281.0
11028,70036.7,19,49745207,49780365,816.7,10226.0
11029,70036.9,19,49842421,49732230,572.5,7005.0
11030,70037.9,19,49773539,49776173,435.3,4863.0
11031,70038.0,19,49855611,49827159,333.1,4758.0
11032,70040.6,19,3001353534,1394275827,185.4,2106.0
11033,70041.5,19,1017379708,49744842,425.9,4705.0
11034,70041.6,19,8245233135,49824184,237.2,2795.0
11035,70042.7,19,49772747,49770684,478.6,5555.0
11036,70045.5,19,655680824,3379821559,367.7,4040.0
11037,70046.4,19,49772987,641964562,186.8,2191.0
11038,70051.7,19,49745677,49810135,780.0,9010.0
11039,70051.9,19,49753516,13790270451,427.1,4740.0
11040,70057.0,19,49729182,49847149,386.0,4698.0
11041,70064.7,19,49740442,49755335,439.3,4923.0
11042,70065.0,19,655247775,49788695,348.1,4194.0
11043,70065.1,19,3240030410,641899824,415.9,5304.0
11044,70065.4,19,49810122,49767041,531.6,6249.0
11045,70066.5,19,1443727088,49837680,76.2,809.0
11046,70067.2,19,5128694819,49796951,359.8,5056.0
11047,70068.5,19,49776047,49832648,484.8,5732.0
11048,70069.8,19,49745247,49812339,176.4,1983.0
11049,70073.9,19,2795614002,642436911,826.1,10246.0
11050,70077.5,19,49843596,49796993,270.6,3113.0
11051,70078.7,19,706911255,49745122,525.5,6220.0
11052,70079.3,19,49878271,641127623,362.6,4106.0
11053,70084.0,19,49745235,2921295156,197.1,2157.0
11054,70084.6,19,641939501,49826530,70.5,786.0
11055,70087.5,19,49773532,49809263,273.7,2903.0
11056,70087.7,19,11261031488,49745292,202.7,2487.0
11057,70088.9,19,3798943055,9124461219,511.2,6229.0
11058,70089.6,19,49793773,49789153,795.5,10113.0
11059,70091.3,19,49820981,49792151,450.9,5179.0
11060,70092.2,19,655661924,49743851,620.8,8449.0
11061,70092.9,19,9592908693,49842337,412.5,4671.0
11062,70097.3,19,49787863,49798855,1028.7,12472.0
11063,70097.3,19,49770323,49843072,523.6,6243.0
11064,70097.9,19,49820714,49790534,397.3,4276.0
11065,70101.0,19,49777556,49787287,634.4,7694.0
11066,70103.3,19,49797596,49780299,461.3,5324.0
11067,70104.4,19,4303519741,49810664,243.3,2710.0
11068,70105.5,19,49881497,49769703,830.8,9519.0
11069,70107.1,19,655680824,49827468,752.5,8946.0
11070,70107.9,19,49745644,49827065,631.6,8520.0
11071,70109.4,19,49762191,49751716,694.5,8383.0
11072,70112.8,19,2974621123,12864633721,344.3,3817.0
11073,70113.8,19,655442847,49759734,503.9,6048.0
11074,70114.0,19,49787487,49771475,314.8,3546.0
11075,70115.6,19,49764791,1360048319,622.4,7376.0
11076,70116.7,19,49820583,49731126,487.7,5770.0
11077,70117.3,19,6799665639,641107633,572.2,6926.0
11078,70120.9,19,49762383,10806883921,389.8,4302.0
11079,70121.3,19,3669554865,49789710,475.4,5475.0
11080,70124.5,19,49741798,49739787,291.6,3170.0
11081,70129.1,19,49878016,49839253,231.8,2507.0
11082,70129.4,19,49719895,49846387,58.9,662.0
11083,70129.7,19,49840739,49791750,650.3,8537.0
11084,70131.3,19,5170081599,49882753,489.3,5622.0
11085,70135.8,19,49837606,645963060,310.9,3451.0
11086,70139.6,19,3013407820,49738294,341.5,3783.0
11087,70141.0,19,12529163241,1366288772,512.4,5817.0
11088,70142.3,19,49770789,49776036,139.5,1616.0
11089,70142.7,19,49782599,49805213,182.3,1994.0
11090,70145.2,19,49745186,49716680,345.1,4042.0
11091,70146.0,19,49853037,49731508,317.4,3550.0
11092,70147.1,19,49765234,49818956,474.0,5341.0
11093,70147.5,19,49809200,49728201,140.9,1565.0
11094,70148.5,19,49829250,49741155,543.8,6178.0
11095,70150.2,19,49820757,49764863,857.1,10452.0
11096,70150.3,19,49763640,655447494,691.5,8119.0
11097,70151.4,19,49750009,49793337,644.2,8690.0
11098,70153.1,19,49741703,49858800,413.9,4636.0
11099,70153.3,19,49745225,49764359,27.3,305.0
11100,70155.5,19,49787785,49723592,525.4,6101.0
11101,70155.7,19,49776461,49861176,417.6,4710.0
11102,70158.7,19,49764884,3665453337,801.7,10028.0
11103,70159.3,19,3001353540,49779896,313.0,3536.0
11104,70160.3,19,49776461,49833236,507.6,5861.0
11105,70161.8,19,49816382,49780562,385.3,4258.0
11106,70161.9,19,1381216023,49770680,150.8,1749.0
11107,70166.4,19,49828695,49790351,180.2,1985.0
11108,70170.8,19,49750332,49716962,346.0,3780.0
11109,70172.1,19,3670756358,3010525209,168.9,1968.0
11110,70173.9,19,49770423,49804603,491.3,6307.0
11111,70174.8,19,49763104,49824196,65.0,728.0
11112,70177.0,19,49865817,49776452,523.1,5946.0
11113,70179.7,19,49792107,641127592,475.3,5813.0
11114,70181.5,19,1021561602,2382621927,624.6,7121.0
11115,70183.9,19,49745301,49800254,627.4,7128.0
11116,70184.0,19,49875128,1443727190,455.2,5520.0
11117,70185.6,19,3669554865,49793889,839.6,10502.0
11118,70187.9,19,49825108,3665480425,372.7,4108.0
11119,70188.5,19,49715981,5564258810,692.1,8141.0
11120,70189.0,19,49774098,49810516,1029.6,11826.0
11121,70190.7,19,49784285,3012784293,705.1,7844.0
11122,70191.0,19,49800238,49795427,1373.6,16629.0
11123,70192.5,19,49740448,49849529,222.8,2956.0
11124,70193.0,19,655442839,49790968,616.6,7068.0
11125,70193.5,19,2502976209,6010214859,566.3,7367.0
11126,70194.6,19,49822338,705647747,1039.6,12170.0
11127,70195.8,19,829675288,49740329,444.9,5800.0
11128,70195.8,19,49787785,49792444,631.8,7046.0
11129,70196.5,19,3669554874,49724754,717.6,8532.0
11130,70200.6,19,13790612928,49749062,547.9,6041.0
11131,70200.7,19,2927473060,49745243,425.5,4332.0
11132,70201.0,19,49829123,49819456,826.0,10193.0
11133,70202.0,19,49734005,49744641,387.3,4347.0
11134,70206.0,19,49809189,49878289,310.6,3404.0
11135,70206.1,19,49756373,49755335,884.4,10910.0
11136,70211.6,19,49777546,49741156,374.5,4191.0
11137,70213.4,19,49789376,49871111,1190.7,14841.0
11138,70216.1,19,9768681893,49747620,1063.2,11996.0
11139,70219.2,19,4325552564,3012829811,56.3,629.0
11140,70219.9,19,49753516,49730422,155.2,1752.0
11141,70221.4,19,49767194,49790988,436.2,4860.0
11142,70223.2,19,49771030,49747466,937.1,11783.0
11143,70224.4,19,49771030,49759660,686.0,7336.0
11144,70224.5,19,49773609,49722454,497.4,6306.0
11145,70225.4,19,49745193,49870940,247.6,2863.0
11146,70226.1,19,49752621,6007151790,412.2,4438.0
11147,70227.4,19,3001016717,641965070,168.2,1909.0
11148,70227.7,19,3000430293,49811029,666.7,7691.0
11149,70228.4,19,3661066115,9480293895,880.6,10767.0
11150,70229.0,19,49855611,4364801748,608.2,8462.0
11151,70230.3,19,12128376033,49763632,293.8,3230.0
11152,70232.1,19,447591561,49740210,452.4,4918.0
11153,70232.6,19,2616277014,49744591,1058.3,12332.0
11154,70232.9,19,701602949,2019659633,293.8,3083.0
11155,70233.2,19,11255208766,49775608,640.9,7939.0
11156,70233.4,19,49794206,1796371546,415.3,4540.0
11157,70235.3,19,4935980603,49743242,810.5,10392.0
11158,70237.7,19,49853085,49853696,51.3,573.0
11159,70238.8,19,49827624,49788024,399.7,4442.0
11160,70239.3,19,4561710231,49764326,142.0,1599.0
11161,70241.5,19,49787890,49861165,297.1,3339.0
11162,70241.5,19,49787884,2382483428,454.7,5085.0
11163,70242.6,19,49745247,49811067,457.3,5316.0
11164,70246.2,19,701602949,49825434,564.0,6308.0
11165,70247.1,19,49749379,49745434,481.8,5958.0
11166,70247.3,19,49762191,49764863,252.0,3217.0
11167,70247.7,19,49825108,49829354,287.0,3171.0
11168,70250.5,19,49789337,2711740471,372.1,4079.0
11169,70252.1,19,49881497,3699313879,198.8,2256.0
11170,70252.2,19,49825190,49853003,573.2,7243.0
11171,70255.6,19,49721610,49898029,291.6,3124.0
11172,70257.0,19,3669554874,1233276142,703.4,8817.0
11173,70257.6,19,49844794,49797678,300.1,3403.0
11174,70259.4,19,49745628,49842996,214.5,2610.0
11175,70259.7,19,49789277,49826524,554.2,7526.0
11176,70260.3,19,49745468,49731666,269.9,3178.0
11177,70261.7,19,49772987,49729701,398.3,4601.0
11178,70265.0,19,49853085,3062846866,689.6,8800.0
11179,70265.7,19,4935980603,49847120,642.9,8535.0
11180,70265.8,19,49847370,7489890475,261.0,2914.0
11181,70266.3,19,49770782,49747879,515.6,6025.0
11182,70266.5,19,49800238,49803381,1080.5,12584.0
11183,70266.6,19,4366096286,9131079912,140.7,1612.0
11184,70266.8,19,49809698,49766620,364.6,4201.0
11185,70266.9,19,49740244,642333850,609.3,7866.0
11186,70267.0,19,13790612928,49798855,497.3,6557.0
11187,70267.5,19,1484331315,49811012,999.5,12279.0
11188,70267.9,19,49777556,49747916,679.2,7847.0
11189,70269.3,19,49749374,389067216,737.2,8882.0
11190,70269.5,19,49792123,49775534,279.8,3977.0
11191,70271.0,19,49780840,49789337,279.1,3104.0
11192,70271.1,19,49792107,49841754,275.3,3179.0
11193,70271.9,19,49810122,5678291406,515.2,6401.0
11194,70271.9,19,3001375539,262550683,373.5,4185.0
11195,70272.2,19,49752628,49808715,915.6,11443.0
11196,70273.3,19,1381204541,49789153,820.7,10334.0
11197,70275.6,19,49759499,641107725,490.6,6078.0
11198,70278.3,19,49764341,49830548,385.3,4633.0
11199,70281.8,19,12974478437,49838006,842.4,9805.0
11200,70282.1,19,49848293,49765314,605.0,6241.0
11201,70283.1,19,49741274,49814761,394.3,4766.0
11202,70284.0,19,5180966153,49757606,646.3,9032.0
11203,70284.1,19,49745461,49832655,583.9,6454.0
11204,70287.9,19,12292446080,1375406091,916.6,10586.0
11205,70289.1,19,655442834,49848614,298.5,3476.0
11206,70290.5,19,49866935,49772627,407.6,4490.0
11207,70293.6,19,49779839,49770724,397.3,4740.0
11208,70295.0,19,49847837,49723134,389.0,4239.0
11209,70297.3,19,49732272,49796427,493.9,5921.0
11210,70297.5,19,49774079,11230125796,160.5,1694.0
11211,70298.6,19,3378222899,3900811261,572.7,7463.0
11212,70299.3,19,49752115,49772369,888.8,11398.0
11213,70301.7,19,655442852,49745632,303.7,3594.0
11214,70303.4,19,49770680,49741149,317.4,3591.0
11215,70308.2,19,49762191,49735518,615.1,7196.0
11216,70310.0,19,2046464958,49824943,573.9,6635.0
11217,70310.4,19,49789376,640614764,1158.3,14941.0
11218,70310.5,19,655680757,49764451,555.0,7261.0
11219,70313.0,19,49845850,641127521,148.3,1679.0
11220,70313.3,19,5445800908,49748048,502.1,5586.0
11221,70314.6,19,647044393,49817599,451.8,5013.0
11222,70315.7,19,3415159798,2921295525,831.9,10666.0
11223,70318.1,19,1381216023,49882369,112.8,1329.0
11224,70319.3,19,49829250,49874972,480.5,5378.0
11225,70320.2,19,655442853,5277489271,246.9,3369.0
11226,70320.6,19,49870270,49780097,219.0,2323.0
11227,70325.2,19,3531416323,49803585,216.4,2392.0
11228,70330.7,19,3661066526,7736742684,429.2,5688.0
11229,70332.7,19,49839137,49779896,352.0,3874.0
11230,70341.2,19,1804420112,49748256,302.7,3344.0
11231,70341.3,19,49772551,49758919,722.8,9631.0
11232,70343.7,19,642334076,49764587,339.1,4262.0
11233,70343.9,19,49771469,49775960,204.0,2238.0
11234,70346.6,19,3012784293,49846016,457.0,5042.0
11235,70350.8,19,49777628,1394275827,672.4,8938.0
11236,70353.5,19,49820583,49750710,856.9,10860.0
11237,70354.9,19,49746547,49745301,328.1,3655.0
11238,70355.5,19,49801673,49862829,963.5,11797.0
11239,70357.4,19,49729182,646031258,137.4,1895.0
11240,70357.9,19,6796840445,646031235,413.1,5997.0
11241,70361.0,19,447591561,49742705,820.5,9339.0
11242,70361.2,19,49743686,5564258802,475.6,5635.0
11243,70364.7,19,3001046648,1013396673,671.4,7517.0
11244,70365.0,19,49827853,49796128,577.7,6438.0
11245,70370.9,19,641128680,49772790,688.9,7881.0
11246,70372.0,19,774340109,3656197331,782.0,9690.0
11247,70372.4,19,1379471024,49770684,92.8,1027.0
11248,70376.8,19,49772987,2921295527,603.1,7294.0
11249,70377.8,19,4001002050,49800101,478.0,5839.0
11250,70380.3,19,1017391974,4001438057,427.3,5064.0
11251,70381.1,19,3125716147,49853883,611.1,7634.0
11252,70381.4,19,49756881,49745693,573.7,6305.0
11253,70384.0,19,814299119,1253435828,695.5,8650.0
11254,70385.8,19,49800282,49780299,482.6,5382.0
11255,70389.9,19,49770323,49769241,612.9,7812.0
11256,70390.4,19,49765155,49826530,464.5,5907.0
11257,70397.8,19,49881497,49808613,1269.8,15211.0
11258,70398.2,19,12520587443,49789603,735.0,8446.0
11259,70399.1,19,49809200,49765989,551.9,6239.0
11260,70399.4,19,49782241,10125817780,561.1,6274.0
11261,70400.2,19,49741703,49752612,521.7,5794.0
11262,70403.0,19,49799808,49815761,563.8,6374.0
11263,70403.8,19,3125718572,49741463,984.3,11112.0
11264,70405.1,19,49740442,3302325145,369.2,4953.0
11265,70405.3,19,49752628,49724754,966.6,11826.0
11266,70408.0,19,49845919,49770809,388.1,4317.0
11267,70408.1,19,49765145,49746516,548.7,6100.0
11268,70412.9,19,49773581,49793892,777.6,9489.0
11269,70416.6,19,3798943055,49883336,935.8,11953.0
11270,70418.3,19,655442838,49837683,468.9,5589.0
11271,70418.6,19,49768440,49794032,866.9,11064.0
11272,70419.2,19,2975016185,49830546,139.3,1562.0
11273,70419.3,19,4935980603,1364961085,332.9,4791.0
11274,70420.4,19,49741038,49753516,537.1,6151.0
11275,70420.7,19,1381212154,49764587,738.7,9700.0
11276,70421.1,19,49745188,12974478437,236.0,2560.0
11277,70423.7,19,49746547,49723309,535.6,6013.0
11278,70426.3,19,5698252199,1379442037,340.4,3712.0
11279,70426.8,19,49778342,49818855,649.6,7019.0
11280,70427.8,19,2428508011,49751291,474.2,5203.0
11281,70430.1,19,49752628,49764877,602.7,8067.0
11282,70432.7,19,49772747,49819462,613.5,7070.0
11283,70434.1,19,5128694815,49811754,925.5,11546.0
11284,70435.8,19,49769187,49756830,1019.5,13271.0
11285,70436.0,19,49888809,12143083693,340.9,4095.0
11286,70442.2,19,1484481847,49739559,161.8,1755.0
11287,70444.1,19,49745689,49809228,251.5,2807.0
11288,70446.3,19,2305183785,49837502,427.3,4927.0
11289,70448.2,19,49888809,49741179,565.3,6488.0
11290,70451.0,19,1443482419,13248733691,546.3,6042.0
11291,70455.6,19,49774098,12270087211,241.9,2584.0
11292,70460.2,19,49852777,49775690,470.6,5054.0
11293,70460.8,19,49752628,49719539,88.7,1058.0
11294,70461.8,19,49865774,3796848017,656.2,7700.0
11295,70462.7,19,49745680,49791957,804.7,9208.0
11296,70463.7,19,4630137710,49772649,706.1,8064.0
11297,70464.7,19,49772964,49781282,650.6,8590.0
11298,70467.4,19,3012429028,49794264,330.0,3596.0
11299,70474.6,19,49774093,49853094,331.6,3671.0
11300,70475.2,19,49820885,49772315,1140.5,12847.0
11301,70476.3,19,49784130,49830359,766.8,9532.0
11302,70478.6,19,49873688,49863346,560.0,6754.0
11303,70479.2,19,49789379,5277494819,826.4,11417.0
11304,70479.6,19,6799665639,49827979,502.4,6483.0
11305,70480.1,19,3378222897,49770833,418.1,4925.0
11306,70480.4,19,49777853,1013429968,589.9,6865.0
11307,70481.2,19,49802301,646031092,814.9,9807.0
11308,70481.7,19,1443727118,2382621923,465.7,5346.0
11309,70485.6,19,3378222897,49752628,443.7,5205.0
11310,70487.2,19,49741730,49778456,559.5,6267.0
11311,70487.3,19,11198264296,49752584,639.9,8238.0
11312,70488.8,19,49745468,49773485,146.6,1706.0
11313,70489.5,19,49776112,937305437,441.4,5218.0
11314,70489.7,19,49860783,49788212,192.4,2044.0
11315,70492.4,19,49796993,49813696,518.6,6347.0
11316,70498.6,19,49745225,641127594,269.5,3080.0
11317,70499.2,19,655247774,49882315,241.1,2695.0
11318,70501.3,19,49809189,49847505,545.2,6091.0
11319,70502.9,19,49743415,3371013728,689.2,7768.0
11320,70503.8,19,3013484854,7818462169,600.6,6648.0
11321,70504.2,19,1381204541,49819047,799.2,9024.0
11322,70505.0,19,49745680,49740561,514.7,5498.0
11323,70505.3,19,1379471024,3125718572,738.3,8924.0
11324,70507.0,19,49762191,49789584,748.4,8727.0
11325,70508.1,19,49774098,49813458,404.1,4504.0
11326,70510.2,19,49745207,49798108,170.4,2061.0
11327,70513.7,19,1004263862,1482908348,1116.7,13378.0
11328,70518.2,19,1381307998,49751444,246.3,2839.0
11329,70521.3,19,1017391974,818295727,233.7,2606.0
11330,70521.5,19,49848293,49823332,585.4,6065.0
11331,70524.5,19,49745243,2899430534,276.8,3090.0
11332,70524.7,19,641116273,49768681,464.1,5254.0
11333,70525.5,19,9593199679,49783207,808.8,9600.0
11334,70529.9,19,49878097,49811077,510.4,6138.0
11335,70530.3,19,49845830,49748097,450.6,4944.0
11336,70531.8,19,49740442,1484331315,491.1,7424.0
11337,70532.2,19,49789251,49790294,219.3,2535.0
11338,70533.1,19,6823343098,3369108602,775.1,8893.0
11339,70534.8,19,633923936,49788509,651.8,7836.0
11340,70535.4,19,655442847,642817141,610.9,7035.0
11341,70540.2,19,49756474,49789264,459.9,5143.0
11342,70540.3,19,49865817,10182976583,223.6,2486.0
11343,70545.5,19,49801673,49886008,1012.2,12525.0
11344,70545.7,19,49793211,1462032099,655.8,7696.0
11345,70545.8,19,49782599,49825675,584.6,6952.0
11346,70549.3,19,2896020560,49790041,918.4,11307.0
11347,70555.9,19,647619114,49739585,493.6,5396.0
11348,70558.0,19,49745629,49797713,290.3,3355.0
11349,70559.1,19,49778302,49765735,1025.2,11971.0
11350,70562.2,19,49775514,1574783989,547.2,7616.0
11351,70565.4,19,49740442,4697534335,365.4,4677.0
11352,70568.3,19,49853085,49765108,123.3,1378.0
11353,70570.4,19,49741274,49849366,187.8,2103.0
11354,70573.3,19,49848293,647043710,667.9,7517.0
11355,70575.0,19,49848686,49750369,711.0,9875.0
11356,70575.5,19,49741274,49744225,862.5,11021.0
11357,70576.1,19,49771030,49744350,1439.1,17374.0
11358,70577.5,19,49748725,647043898,323.6,3753.0
11359,70578.0,19,49782599,11569406867,739.3,8280.0
11360,70583.9,19,49776112,5277489310,723.0,10479.0
11361,70584.2,19,1379496002,3377015965,576.6,6513.0
11362,70586.1,19,49773012,49770689,192.3,2198.0
11363,70587.5,19,3378222897,49755064,632.3,8371.0
11364,70589.0,19,447823042,965754980,498.3,5692.0
11365,70591.4,19,49793670,49789333,573.5,6655.0
11366,70591.7,19,2974621124,49859694,268.0,2942.0
11367,70591.9,19,49734005,49744676,397.2,4265.0
11368,70592.2,19,49827853,49764451,392.6,4332.0
11369,70593.0,19,4629699772,900114288,777.1,9796.0
11370,70593.1,19,3669554857,12673423897,576.7,6785.0
11371,70594.4,19,49817092,49769213,391.9,4843.0
11372,70594.6,19,49740439,3366676339,713.6,9408.0
11373,70598.8,19,49863186,49859632,418.1,4653.0
11374,70598.9,19,49809189,49788024,438.7,4883.0
11375,70599.0,19,9593199679,49847434,437.1,4871.0
11376,70599.4,19,49827853,641107659,118.6,1347.0
11377,70599.5,19,49721277,49768203,715.6,7861.0
11378,70600.3,19,49762191,655442822,264.0,3132.0
11379,70602.7,19,49820757,641107725,603.0,7077.0
11380,70605.1,19,49809189,2906363140,467.7,5861.0
11381,70605.4,19,4679133344,10119384254,449.0,5079.0
11382,70606.1,19,655447275,49775563,436.3,5424.0
11383,70606.6,19,49769187,4695979927,391.9,4599.0
11384,70608.3,19,49741715,49817415,258.6,2921.0
11385,70610.7,19,12974478437,641107656,436.1,4910.0
11386,70611.5,19,49741703,49773577,271.2,3016.0
11387,70611.6,19,49764271,49797631,168.8,1952.0
11388,70612.6,19,3001016695,610608625,229.1,2560.0
11389,70612.8,19,49797401,49739830,632.0,7311.0
11390,70618.3,19,655442840,49846606,506.9,6697.0
11391,70618.7,19,49826586,49775514,375.6,4945.0
11392,70619.6,19,774340109,49794253,339.2,3781.0
11393,70619.7,19,49743231,49786369,405.4,4593.0
11394,70621.5,19,638789448,49853042,270.4,3059.0
11395,70621.5,19,49756492,49811029,669.7,7795.0
11396,70621.9,19,5170081599,7257628503,413.4,5333.0
11397,70622.9,19,49756492,49778836,620.5,7032.0
11398,70624.2,19,49748716,49767439,254.2,2828.0
11399,70627.7,19,5380888621,49785850,1079.6,13550.0
11400,70628.8,19,49777556,49817660,575.9,7012.0
11401,70632.8,19,8592032116,49866407,470.7,5579.0
11402,70638.2,19,49858149,12613233303,548.2,6086.0
11403,70638.9,19,49845837,49815563,366.9,4123.0
11404,70643.2,19,49741730,49849181,453.7,5485.0
11405,70645.1,19,49845850,5703562291,289.3,3330.0
11406,70645.7,19,3000430293,49843037,446.3,5144.0
11407,70646.6,19,49809189,1458420676,629.5,7023.0
11408,70651.8,19,49820885,49789291,493.8,6029.0
11409,70651.9,19,49749106,49773557,149.9,1633.0
11410,70653.4,19,49809698,49819526,510.1,5932.0
11411,70655.0,19,49784285,49791642,641.0,7118.0
11412,70659.1,19,49766721,657211757,794.2,10456.0
11413,70661.6,19,49870940,3669554874,298.8,3400.0
11414,70661.9,19,49745243,647030747,204.4,2284.0
11415,70662.5,19,3007042409,49789520,666.4,8043.0
11416,70662.6,19,49776461,647043628,344.0,3783.0
11417,70663.9,19,49842413,49734615,427.5,4724.0
11418,70664.3,19,5180966153,49813384,290.7,3429.0
11419,70664.5,19,262173261,641116283,191.5,2116.0
11420,70670.8,19,49734802,49756643,629.6,7872.0
11421,70672.0,19,3798943055,49809334,385.2,4455.0
11422,70673.3,19,49865817,49764785,99.8,1108.0
11423,70673.4,19,49848686,49831070,381.0,4281.0
11424,70673.5,19,1440554109,49776036,648.4,8571.0
11425,70674.7,19,3013484854,49767368,513.3,6551.0
11426,70680.1,19,49770684,49748151,658.7,7894.0
11427,70682.3,19,49745629,49767277,366.9,4141.0
11428,70683.9,19,1474747464,49824929,954.2,11985.0
11429,70685.9,19,49756578,49826805,445.7,5091.0
11430,70686.6,19,49745628,49765735,440.0,4699.0
11431,70687.0,19,49748460,49789356,691.7,7960.0
11432,70687.1,19,3013484875,49744226,578.1,7711.0
11433,70687.4,19,49763044,49819015,686.2,8234.0
11434,70687.6,19,49845830,49817435,344.5,3898.0
11435,70688.6,19,3672563449,49824754,208.2,2326.0
11436,70690.0,19,1017391974,1462088960,854.1,11025.0
11437,70690.9,19,447591561,965766226,470.0,5105.0
11438,70692.7,19,49741730,49756532,474.2,5342.0
11439,70697.2,19,4366096286,49765318,460.5,5210.0
11440,70698.3,19,447591561,646190621,1048.5,13053.0
11441,70699.4,19,49767517,3995435800,594.1,6576.0
11442,70710.9,19,49777792,49779910,278.2,3140.0
11443,70711.8,19,49745628,2628824366,152.5,1701.0
11444,70715.4,19,49745240,2899430534,265.8,2967.0
11445,70717.6,19,5698252199,49746697,580.9,6424.0
11446,70721.2,19,49777277,49810049,541.7,6356.0
11447,70722.3,19,49829250,49767315,653.9,7344.0
11448,70722.8,19,647619114,4000786670,630.5,7598.0
11449,70723.7,19,49809698,49823283,283.3,3284.0
11450,70724.0,19,49745204,49760126,341.7,3872.0
11451,70724.6,19,49731621,49813532,195.7,2103.0
11452,70728.1,19,49745232,262430493,416.8,4902.0
11453,70729.9,19,3798943055,49836926,1021.2,11637.0
11454,70731.0,19,49897085,647044100,650.4,7456.0
11455,70731.8,19,49789379,641127613,735.6,8631.0
11456,70735.5,19,3001046648,49789168,261.9,2960.0
11457,70736.4,19,9136825795,49734314,700.4,9312.0
11458,70736.4,19,49745200,49830723,445.1,5866.0
11459,70736.4,19,5563919714,49787467,576.3,6281.0
11460,70736.8,19,49749379,49862802,765.2,9587.0
11461,70743.7,19,49764884,49752628,610.6,8066.0
11462,70745.0,19,49745680,49790401,615.6,6739.0
11463,70746.0,19,814299119,49795273,370.5,3969.0
11464,70746.2,19,49741710,49789704,546.9,6072.0
11465,70747.1,19,49803715,49731206,532.9,6411.0
11466,70748.0,19,1243973943,49797006,126.5,1403.0
11467,70748.2,19,49741695,49826868,544.0,6044.0
11468,70749.0,19,3001288930,11332977611,292.4,3439.0
11469,70749.9,19,49799643,10689662811,422.7,4824.0
11470,70749.9,19,3637842788,1459299353,715.1,8065.0
11471,70750.4,19,12974478437,3375563969,427.8,4702.0
11472,70752.5,19,49799817,49763632,400.8,4452.0
11473,70754.6,19,3125716147,49809780,546.0,6367.0
11474,70757.3,19,49825108,49760413,665.2,8171.0
11475,70758.1,19,49845837,49767479,850.0,9657.0
11476,70759.5,19,3670756358,49787350,695.5,8617.0
11477,70759.5,19,49745628,49765285,400.4,4540.0
11478,70760.0,19,655662508,49752599,626.6,8140.0
11479,70760.9,19,4807040760,49809897,815.1,9762.0
11480,70762.1,19,9800726207,49717370,909.1,11303.0
11481,70762.5,19,641116273,1379549941,31.6,379.0
11482,70763.9,19,9593199679,49774761,363.4,4134.0
11483,70765.3,19,1379471024,49759974,884.4,12191.0
11484,70766.3,19,3001016717,49731254,531.6,5971.0
11485,70773.6,19,49855611,49789747,597.6,7002.0
11486,70774.8,19,49801058,5563919714,1015.5,11832.0
11487,70776.2,19,49745200,49866407,119.9,1439.0
11488,70777.5,19,49752621,1017391842,278.6,3045.0
11489,70777.8,19,1381204541,49723528,400.6,4375.0
11490,70778.9,19,49745680,4618716073,336.9,3750.0
11491,70779.4,19,5180966153,49745301,468.0,5422.0
11492,70782.5,19,5698252199,49791979,695.1,7767.0
11493,70786.8,19,49745188,12864732635,277.2,3205.0
11494,70789.9,19,3240030410,49752200,654.9,7651.0
11495,70791.6,19,49752628,49747865,76.9,688.0
11496,70791.8,19,49822338,3012829798,616.2,7440.0
11497,70796.6,19,49740448,3378222911,246.3,3453.0
11498,70800.5,19,4561710230,49842924,167.2,1897.0
11499,70801.6,19,49809177,13195943100,135.8,1551.0
11500,70801.7,19,49767194,49808299,298.6,3333.0
11501,70803.3,19,11198264296,49730831,714.9,9743.0
11502,70805.5,19,1804420112,642586207,396.5,4375.0
11503,70806.5,19,49809177,49842229,591.7,7075.0
11504,70807.7,19,49753516,641056242,211.4,2450.0
11505,70807.9,19,641119730,49731508,99.4,1607.0
11506,70809.0,19,49802545,49777990,404.4,4643.0
11507,70810.3,19,9166612489,49816517,772.6,9905.0
11508,70810.7,19,49773012,49775446,590.0,6453.0
11509,70812.4,19,49816382,49768440,378.7,4221.0
11510,70814.6,19,49845726,49817459,147.2,1655.0
11511,70815.8,19,49756297,9335956402,1080.9,14179.0
11512,70815.8,19,49745282,49842979,71.5,799.0
11513,70816.7,19,9190361341,49776167,816.0,9692.0
11514,70818.7,19,49779839,49766022,407.9,4662.0
11515,70820.3,19,49740442,49843238,225.5,2412.0
11516,70824.7,19,2502976209,49755600,654.5,9169.0
11517,70826.0,19,49777795,49819478,207.8,2359.0
11518,70826.0,19,4325552564,641127594,224.3,2524.0
11519,70826.8,19,49739559,49745838,398.3,4695.0
11520,70826.9,19,1017489190,49840207,395.9,4587.0
11521,70827.0,19,1381204541,641127560,103.4,1142.0
11522,70828.9,19,1004809645,49810893,436.0,4862.0
11523,70828.9,19,49782369,49822673,599.6,6637.0
11524,70829.3,19,49741695,49789985,500.1,6160.0
11525,70833.1,19,49775608,634784054,177.0,2070.0
11526,70833.5,19,1381307995,2921295473,584.7,6521.0
11527,70834.9,19,49777556,49729902,174.6,1938.0
11528,70838.6,19,49809698,49723269,634.5,8564.0
11529,70839.0,19,49764271,9124461219,169.1,1948.0
11530,70839.1,19,49772633,647043964,325.3,3667.0
11531,70839.3,19,8411842743,49743214,1129.5,14420.0
11532,70840.2,19,49782349,1484481700,447.5,5179.0
11533,70841.2,19,49840782,49778454,451.5,4962.0
11534,70843.0,19,49796229,49724086,847.7,10136.0
11535,70846.7,19,49751580,49813347,382.7,4332.0
11536,70847.2,19,49745650,49763653,153.0,1631.0
11537,70849.0,19,49865817,49811752,477.9,5360.0
11538,70851.8,19,3358724774,49787175,969.5,12300.0
11539,70852.8,19,49769187,632935663,249.6,2868.0
11540,70854.5,19,49776112,49792482,1082.4,12999.0
11541,70856.9,19,49825409,49748399,744.0,8311.0
11542,70858.2,19,49809177,49734600,209.3,2381.0
11543,70858.4,19,3012429028,49823451,404.6,5632.0
11544,70858.7,19,49777795,1364961088,124.4,1465.0
11545,70859.5,19,49855611,49764321,260.4,3102.0
11546,70860.8,19,49797543,5564258806,521.1,5926.0
11547,70861.4,19,641116257,49719725,387.5,4493.0
11548,70862.0,19,49839140,6799800703,624.4,7479.0
11549,70863.9,19,1364987325,657211859,828.0,10847.0
11550,70870.2,19,1381216023,655662337,337.9,3873.0
11551,70870.4,19,3670756358,49763865,787.4,9218.0
11552,70870.8,19,49888300,49770676,557.4,6906.0
11553,70871.3,19,49745204,11263240809,141.5,1581.0
11554,70872.2,19,49743415,49772535,523.1,5782.0
11555,70878.7,19,1381204541,49817499,125.6,1334.0
11556,70881.1,19,1440867110,655691335,406.1,4977.0
11557,70883.7,19,49884234,49816030,362.2,5517.0
11558,70884.6,19,447823042,49806412,1243.5,15450.0
11559,70885.1,19,5180966153,49797803,782.3,9521.0
11560,70886.2,19,2440761314,7814277237,74.4,807.0
11561,70886.4,19,12974478437,49801483,485.2,6420.0
11562,70888.6,19,49745232,49750338,493.2,6348.0
11563,70889.7,19,49773040,4060172795,359.4,4039.0
11564,70891.3,19,49752621,49777932,603.5,6765.0
11565,70892.8,19,49820583,49763843,378.0,4423.0
11566,70892.9,19,9130874912,49763130,401.8,4641.0
11567,70894.4,19,49822338,49809376,763.5,8862.0
11568,70896.6,19,49764791,49846852,165.4,1847.0
11569,70896.7,19,3672563449,49744814,546.1,6076.0
11570,70901.8,19,49789251,49868924,925.2,11235.0
11571,70902.0,19,49787453,49815908,503.3,5999.0
11572,70903.9,19,49789337,49785289,243.8,3096.0
11573,70904.2,19,49740244,2377417316,520.0,5878.0
11574,70905.0,19,49774081,49763064,87.2,911.0
11575,70905.6,19,49848686,49817911,730.0,8047.0
11576,70907.5,19,49797586,49772822,678.4,7900.0
11577,70908.0,19,49810871,647628098,73.0,815.0
11578,70909.1,19,49752621,49792806,555.1,7504.0
11579,70911.7,19,49773055,49744814,349.5,3809.0
11580,70912.3,19,49777795,49863614,161.5,1847.0
11581,70912.3,19,9797239771,49836903,933.4,10713.0
11582,70912.5,19,49764374,8530666832,833.5,10276.0
11583,70913.0,19,49776112,49777899,649.3,7234.0
11584,70914.5,19,11831784024,49778964,895.5,11873.0
11585,70915.7,19,8903139403,49773941,786.2,9900.0
11586,70916.3,19,49805505,641127544,407.2,4698.0
11587,70917.4,19,49745677,1462032500,1062.5,14627.0
11588,70920.6,19,49756297,10148005826,455.3,4726.0
11589,70921.1,19,49756474,705647747,425.3,4820.0
11590,70924.6,19,1804420112,49825825,308.7,3419.0
11591,70926.0,19,5170081599,6007151790,292.3,3444.0
11592,70926.6,19,49821658,49896597,1156.8,14720.0
11593,70927.1,19,49743415,49832899,768.2,9970.0
11594,70927.5,19,49770676,49838691,640.6,7346.0
11595,70929.2,19,49873888,3062846866,1101.6,13408.0
11596,70929.6,19,1804420112,1375406094,501.6,5587.0
11597,70929.8,19,49797586,49774952,434.3,4938.0
11598,70931.6,19,49770680,642824625,444.6,4517.0
11599,70932.0,19,49789218,49762905,634.1,7321.0
11600,70932.7,19,49741076,5446049192,733.6,8366.0
11601,70934.4,19,3378222897,49767368,520.0,6636.0
11602,70934.5,19,49756297,49800294,567.4,6328.0
11603,70938.0,19,3661066526,1013396952,224.0,2785.0
11604,70938.9,19,49762210,49848049,758.9,8715.0
11605,70939.6,19,11177333923,9768681897,379.8,4622.0
11606,70940.8,19,641073443,12937946006,551.5,6433.0
11607,70942.1,19,647619114,49843037,212.1,2454.0
11608,70943.9,19,1740764624,49796955,254.7,2883.0
11609,70946.6,19,3013484854,49731261,438.2,5039.0
11610,70950.8,19,49787453,1364971556,294.2,3323.0
11611,70951.1,19,1017379708,49741349,197.8,2118.0
11612,70953.8,19,49794431,49799293,204.4,2284.0
11613,70953.9,19,49774093,49792099,199.7,2139.0
11614,70954.0,19,49774081,646077004,428.9,4893.0
11615,70955.4,19,49756492,49870111,629.6,7019.0
11616,70957.3,19,4935980603,1363151551,379.0,4839.0
11617,70961.3,19,49745650,49753817,938.1,11466.0
11618,70961.4,19,7494204321,49795928,326.6,3624.0
11619,70964.4,19,641116273,49780087,207.4,2319.0
11620,70968.0,19,49820583,9130918414,595.7,6897.0
11621,70969.5,19,49772987,49800667,547.6,6409.0
11622,70969.8,19,49817092,49740244,504.1,6100.0
11623,70973.1,19,49802301,49766026,874.4,10027.0
11624,70974.3,19,49756474,49836758,562.7,6267.0
11625,70974.9,19,3659095236,49825447,539.6,6560.0
11626,70976.7,19,49769193,49788042,416.8,4639.0
11627,70977.5,19,641073443,49826690,523.6,6252.0
11628,70978.3,19,2046464958,49724366,464.5,5799.0
11629,70978.5,19,3672563449,2440761314,281.0,3110.0
11630,70978.9,19,49878016,5445184004,668.8,7677.0
11631,70979.1,19,49869068,49787483,361.7,4046.0
11632,70979.6,19,49745636,49813496,274.5,3060.0
11633,70981.5,19,655442838,49753973,297.5,3768.0
11634,70981.7,19,8592032116,49815733,646.1,8689.0
11635,70981.9,19,49787785,49883685,528.4,5930.0
11636,70983.3,19,3016605388,49793398,790.5,9524.0
11637,70983.7,19,3415159798,49794264,355.1,3741.0
11638,70985.1,19,4635639617,3243791813,436.1,5020.0
11639,70988.0,19,49756373,49744115,844.8,10787.0
11640,70989.3,19,49756566,647043776,364.5,4013.0
11641,70989.4,19,49741274,49791951,610.8,6912.0
11642,70990.3,19,2975016185,49819593,455.7,5339.0
11643,70990.7,19,49763640,49765968,649.8,7201.0
11644,70991.5,19,49741730,655442838,457.1,5145.0
11645,70994.2,19,49752628,1375406095,548.3,6352.0
11646,70995.8,19,49745240,49786576,322.6,3515.0
11647,70996.3,19,49799633,2974621124,228.7,2570.0
11648,70996.9,19,3125716147,49773485,751.3,8269.0
11649,70997.0,19,49734616,49778722,316.6,3500.0
11650,70997.0,19,49800282,49769165,655.7,9165.0
11651,70998.3,19,49833602,49773581,649.8,8658.0
11652,71000.7,19,655442839,49743356,300.5,3270.0
11653,71001.3,19,49845837,3061294316,795.4,10782.0
11654,71003.8,19,49793773,611230384,827.2,10713.0
11655,71005.0,19,49745461,49754519,597.6,6594.0
11656,71007.7,19,3240030410,49748231,107.9,1239.0
11657,71007.8,19,2974621124,49748627,358.2,4066.0
11658,71008.5,19,49777169,641965151,331.2,4466.0
11659,71008.7,19,49789379,647044393,547.4,6802.0
11660,71009.4,19,12974478437,49877875,224.6,2509.0
11661,71009.9,19,49801673,49845895,260.5,2898.0
11662,71010.9,19,8427531415,49809222,315.7,3724.0
11663,71013.3,19,1381204541,49775980,251.4,2820.0
11664,71016.0,19,49809200,49806112,837.3,10164.0
11665,71018.2,19,11332977605,49734621,174.2,1953.0
11666,71019.9,19,49825108,49734737,210.9,2347.0
11667,71020.3,19,49824748,49809715,240.5,2716.0
11668,71025.4,19,2896020586,49763997,858.0,11730.0
11669,71031.5,19,4270790281,49765155,253.9,2927.0
11670,71034.4,19,9676179707,647594354,369.2,4160.0
11671,71035.5,19,2896020586,3277042668,979.9,11194.0
11672,71035.5,19,49801673,1205178199,557.9,5068.0
11673,71036.5,19,49745186,13650509878,678.1,8720.0
11674,71039.9,19,49810122,49776471,58.7,622.0
11675,71043.6,19,5170081599,49732327,380.0,4279.0
11676,71043.6,19,3005831881,49801772,343.9,5188.0
11677,71044.9,19,3012535014,49745374,592.9,6786.0
11678,71047.7,19,3672563449,3370866946,358.7,4268.0
11679,71047.8,19,4597151559,1017508479,187.9,2093.0
11680,71048.0,19,49774098,911591836,727.0,8483.0
11681,71049.8,19,49845919,647026222,95.4,1082.0
11682,71050.0,19,1484331315,49787504,763.3,9275.0
11683,71051.9,19,49774098,1364971554,261.4,2911.0
11684,71053.1,19,655442833,49774079,165.6,1810.0
11685,71054.6,19,9130874912,49791626,400.8,4566.0
11686,71055.9,19,49745669,49759333,904.8,11562.0
11687,71056.8,19,49771469,49760920,188.2,1954.0
11688,71059.1,19,12974478437,49836899,210.2,2344.0
11689,71060.9,19,1362307924,49753806,896.6,11088.0
11690,71062.2,19,49752115,49821031,172.0,1918.0
11691,71062.5,19,2927432297,3379821559,607.8,6780.0
11692,71063.5,19,49878097,49770801,172.6,1967.0
11693,71064.3,19,49745240,49859675,185.0,2104.0
11694,71065.0,19,1804420109,11332977605,106.8,1195.0
11695,71069.5,19,4597151559,49732126,382.3,4427.0
11696,71071.8,19,1502527108,49838135,966.9,12297.0
11697,71073.1,19,4325552565,49758282,437.4,4938.0
11698,71078.9,19,49740442,647026143,252.3,3481.0
11699,71079.0,19,3240030410,49715999,638.6,7210.0
11700,71079.4,19,49749374,49883336,951.1,11875.0
11701,71080.1,19,4561710231,3699313875,240.0,2655.0
11702,71084.1,19,2440761314,3372235145,633.0,7054.0
11703,71086.6,19,1645991534,49825142,262.8,2836.0
11704,71089.5,19,49772747,49797051,526.8,5994.0
11705,71092.8,19,647026143,3656193305,720.5,10035.0
11706,71097.9,19,11332977605,13844582575,555.0,6636.0
11707,71098.2,19,1381216023,49753524,228.7,2677.0
11708,71098.7,19,1381216023,647087545,572.3,7074.0
11709,71100.5,19,4792249103,5678291406,51.7,584.0
11710,71102.6,19,3013484854,49741041,235.6,2610.0
11711,71103.3,19,49787160,49741253,829.4,9642.0
11712,71105.1,19,49824748,49765006,918.0,11588.0
11713,71105.3,19,49779907,49809263,96.8,1016.0
11714,71110.8,19,49845837,49801483,930.5,11499.0
11715,71113.6,19,1381204541,2390775649,498.7,5613.0
11716,71114.9,19,49873688,13195943100,422.7,4915.0
11717,71116.5,19,49743415,49843060,418.2,4705.0
11718,71118.8,19,10181394607,11275506145,453.3,6027.0
11719,71121.8,19,49774098,1366265378,226.0,2707.0
11720,71122.8,19,49842413,49817313,629.9,7302.0
11721,71124.2,19,49825409,49850669,753.4,8774.0
11722,71125.3,19,49810122,49816436,444.8,4959.0
11723,71125.4,19,49794626,49749768,1471.4,18144.0
11724,71125.7,19,49821658,49790081,512.1,5562.0
11725,71129.1,19,2927432297,1493824959,842.4,10909.0
11726,71133.5,19,1381204541,49773535,163.4,1817.0
11727,71133.6,19,7494204320,5343233826,213.2,2451.0
11728,71137.0,19,49793773,4643916786,425.1,6226.0
11729,71137.1,19,49881497,49746639,546.0,6004.0
11730,71137.4,19,5180966153,49889089,829.5,10144.0
11731,71140.3,19,49797596,49843017,202.4,2277.0
11732,71144.6,19,49787453,49743561,408.3,4485.0
11733,71145.4,19,49752115,49790064,847.8,9408.0
11734,71147.9,19,49743972,49843156,1142.8,15259.0
11735,71148.3,19,49822928,49768708,636.3,7115.0
11736,71148.8,19,49799808,49855407,429.6,4762.0
11737,71149.3,19,9800726207,49772807,1141.5,14123.0
11738,71149.8,19,49773070,49770639,209.4,2313.0
11739,71149.9,19,3012829798,655662337,312.2,3816.0
11740,71150.7,19,2629963167,49797010,117.8,1284.0
11741,71151.4,19,49763049,49773027,212.1,2415.0
11742,71153.4,19,49746547,647087532,124.8,1394.0
11743,71155.2,19,49884234,49780329,528.5,6676.0
11744,71157.3,19,3669554865,4561710231,269.3,3016.0
11745,71159.6,19,49800282,49802633,632.8,7147.0
11746,71160.8,19,49793983,2456351013,294.5,3716.0
11747,71162.4,19,49769407,49721281,443.2,5817.0
11748,71162.4,19,49770670,49797366,825.6,10694.0
11749,71163.5,19,49724395,49763125,284.5,3118.0
11750,71164.3,19,49823986,49826596,478.2,6513.0
11751,71167.3,19,49745457,1466232814,1000.7,12460.0
11752,71167.5,19,49745214,49846500,788.0,10047.0
11753,71169.1,19,49777712,9526260023,163.8,1886.0
11754,71169.2,19,4561710230,49770409,640.2,7906.0
11755,71169.8,19,49745214,1375406094,372.4,4167.0
11756,71172.1,19,1017379708,1479893400,642.8,7950.0
11757,71174.8,19,49772987,49813443,239.1,2657.0
11758,71175.4,19,49817092,49818046,323.6,3640.0
11759,71175.7,19,4303519741,49791858,472.8,5301.0
11760,71176.4,19,49821763,49777586,653.7,7676.0
11761,71179.3,19,49846816,49753919,513.7,7180.0
11762,71179.4,19,49745232,49750636,170.4,1709.0
11763,71180.2,19,49789219,49804664,503.7,5759.0
11764,71182.3,19,49774098,49770414,359.8,4549.0
11765,71182.3,19,49741703,49825523,534.4,5958.0
11766,71182.6,19,49829861,49745677,295.4,3147.0
11767,71184.1,19,49873440,49798784,1368.0,16718.0
11768,71185.3,19,49809715,49824189,385.8,4273.0
11769,71185.8,19,3415851740,642436300,101.1,1272.0
11770,71188.9,19,49747467,49749085,593.2,7599.0
11771,71190.4,19,49752621,49760669,858.7,10856.0
11772,71191.1,19,9797239771,1004313386,286.6,3221.0
11773,71191.6,19,2629963167,641127560,245.9,2742.0
11774,71191.9,19,49754612,49788702,173.2,1943.0
11775,71193.0,19,9593199679,49805218,488.8,5851.0
11776,71194.9,19,49780562,641965187,414.9,5397.0
11777,71195.0,19,9983605758,49765986,483.2,5465.0
11778,71196.0,19,49745232,49733721,786.5,10755.0
11779,71196.0,19,49774091,49746526,682.7,7711.0
11780,71197.2,19,3378222897,823068170,799.5,9719.0
11781,71199.2,19,49778050,10759641447,587.9,6650.0
11782,71199.5,19,655447275,49861125,460.3,5524.0
11783,71200.5,19,49882753,49759926,566.8,6931.0
11784,71206.1,19,4935980603,49765851,622.3,7428.0
11785,71208.9,19,49829250,49843156,676.8,7932.0
11786,71209.8,19,3012535147,49736865,637.9,9574.0
11787,71211.7,19,49745455,49813494,100.2,1111.0
11788,71213.2,19,49809715,14073359310,234.4,2476.0
11789,71213.2,19,49840739,5445925391,274.0,2971.0
11790,71215.3,19,49745193,49752584,402.9,4481.0
11791,71215.7,19,49782599,641116183,754.9,8529.0
11792,71217.8,19,49762210,49773036,151.9,1756.0
11793,71223.7,19,701602949,49771442,681.8,7433.0
11794,71224.0,19,49789239,49749062,139.3,1392.0
11795,71225.1,19,49815687,49812378,505.5,5401.0
11796,71226.5,19,49780097,3661066117,658.8,8145.0
11797,71228.0,19,1381204541,1004264138,418.3,4631.0
11798,71230.0,19,49749203,49776928,715.1,9364.0
11799,71231.7,19,49770640,12864732635,384.6,4393.0
11800,71232.7,19,49809177,49754759,888.5,10586.0
11801,71233.9,19,1004839834,49753031,789.1,9864.0
11802,71236.5,19,49721277,49815658,1030.1,12780.0
11803,71238.3,19,3240030410,49828276,520.9,5868.0
11804,71238.7,19,49763640,49804586,882.9,10770.0
11805,71239.7,19,49773012,49757411,447.5,4994.0
11806,71242.8,19,641116257,1367470208,395.1,4344.0
11807,71243.4,19,49749374,49773070,581.7,6853.0
11808,71244.2,19,49776112,49797678,249.2,2766.0
11809,71244.3,19,49741274,49769464,588.5,6701.0
11810,71244.8,19,4561710230,1364961101,181.0,2037.0
11811,71245.6,19,49780562,49756558,508.2,5675.0
11812,71246.1,19,49810122,1017391842,450.7,5370.0
11813,71249.7,19,49770789,49838680,423.3,4932.0
11814,71250.7,19,49720045,49764445,453.9,5068.0
11815,71251.8,19,49771030,49748231,744.8,8738.0
11816,71252.6,19,49772987,49744667,195.4,2204.0
11817,71253.5,19,49817091,49883573,326.1,3449.0
11818,71259.3,19,49769407,1021351817,849.8,10677.0
11819,71261.3,19,1381216023,3302325145,127.3,1407.0
11820,71264.2,19,49843692,49750455,704.1,7891.0
11821,71264.7,19,2927432297,49748256,451.8,5016.0
11822,71265.3,19,49770680,49795273,356.3,4047.0
11823,71266.2,19,49748212,49845885,123.0,1355.0
11824,71267.8,19,49763044,49732128,480.8,5596.0
11825,71273.4,19,49799808,4060172794,445.6,5085.0
11826,71273.4,19,49772747,642586207,591.2,6677.0
11827,71277.4,19,642334076,2921295151,573.7,7563.0
11828,71279.2,19,49809698,49873649,545.7,5983.0
11829,71280.6,19,12687209031,4000829364,526.4,6508.0
11830,71282.6,19,2046464958,49883685,471.8,5346.0
11831,71282.6,19,5180966153,647026148,244.2,3389.0
11832,71282.7,19,49866935,49790029,668.2,7454.0
11833,71288.0,19,1439584651,49811930,510.6,5685.0
11834,71290.1,19,49863614,649839158,586.6,7774.0
11835,71290.2,19,447591561,49734583,618.3,6282.0
11836,71290.4,19,49745457,641107725,494.0,5869.0
11837,71294.3,19,5128694819,49847617,441.1,5786.0
11838,71296.5,19,49787453,49746034,952.4,12503.0
11839,71296.8,19,49776461,3665019989,231.7,2557.0
11840,71296.9,19,12974478437,635118613,200.4,2286.0
11841,71297.2,19,49763640,638062063,441.1,4956.0
11842,71297.8,19,49797051,49754658,463.5,5103.0
11843,71299.1,19,49845837,49787785,106.2,1195.0
11844,71299.1,19,655442839,1560146369,371.5,4261.0
11845,71301.8,19,49826586,49751291,276.5,3022.0
11846,71303.8,19,4001557203,49749339,939.5,10802.0
11847,71306.2,19,11831784024,49758552,751.9,10145.0
11848,71306.6,19,4807040759,49780097,29.4,311.0
11849,71306.6,19,49845726,1443727126,418.1,4819.0
11850,71308.5,19,49773062,49795996,548.0,7619.0
11851,71311.8,19,49764011,49726342,209.9,3167.0
11852,71312.6,19,6777089504,49767423,350.0,4255.0
11853,71313.3,19,49789251,49729820,313.4,3447.0
11854,71314.1,19,49776461,1381307996,453.3,5422.0
11855,71314.1,19,49765145,49805201,581.3,7008.0
11856,71314.3,19,49809715,49757471,451.6,5168.0
11857,71322.9,19,1014110633,49833602,871.4,11215.0
11858,71326.1,19,49805505,49752628,336.8,3695.0
11859,71326.2,19,49825108,49862829,684.6,8700.0
11860,71326.5,19,49833602,49854250,307.5,4003.0
11861,71326.6,19,49776112,49769580,725.2,8152.0
11862,71331.2,19,49745193,49729820,148.0,1719.0
11863,71335.6,19,49745693,49754667,193.6,2091.0
11864,71337.2,19,633923936,49780016,145.3,1597.0
11865,71337.8,19,49820874,49734109,550.1,6148.0
11866,71338.6,19,655661924,49841785,275.1,4020.0
11867,71338.7,19,49792107,49746567,763.3,8834.0
11868,71339.0,19,49787640,965766236,314.1,3453.0
11869,71339.7,19,49820583,49768713,676.5,7688.0
11870,71341.2,19,49771469,49757603,549.3,6904.0
11871,71344.7,19,49789251,13256450893,119.8,1445.0
11872,71345.1,19,49789376,49795263,707.6,8575.0
11873,71346.8,19,1381204541,49774387,742.6,8570.0
11874,71348.0,19,49817838,5925999732,1129.2,14232.0
11875,71348.1,19,49820727,1462089010,1304.9,15927.0
11876,71349.5,19,49774093,641939695,351.9,3740.0
11877,71350.7,19,49824264,49762994,831.6,9459.0
11878,71351.1,19,49741058,49796036,887.4,9751.0
11879,71352.0,19,1014110633,49773040,319.7,3603.0
11880,71355.0,19,655442852,49798512,243.2,2584.0
11881,71358.1,19,49799643,49769243,282.5,3285.0
11882,71360.1,19,49825121,1017391864,172.0,1931.0
11883,71361.3,19,646065021,1485051803,781.7,8945.0
11884,71361.6,19,49789208,876615209,274.2,3177.0
11885,71363.9,19,49769187,49814385,204.2,2124.0
11886,71363.9,19,49782349,3998708781,375.8,4236.0
11887,71371.0,19,3388139632,49844805,626.7,7017.0
11888,71371.4,19,49809189,646077004,688.9,8371.0
11889,71372.7,19,49745465,49756506,544.7,5977.0
11890,71374.3,19,8592032116,49740585,808.5,10081.0
11891,71375.0,19,49778050,4894487931,447.2,5044.0
11892,71375.0,19,1013429968,49743951,1094.0,14556.0
11893,71379.5,19,12143083687,641116223,504.1,6104.0
11894,71380.4,19,49763609,3001683706,285.7,3335.0
11895,71380.7,19,1440554109,641965296,278.8,3141.0
11896,71382.5,19,11177333923,3531416324,392.5,4543.0
11897,71386.1,19,49829123,647043654,869.7,9890.0
11898,71387.9,19,1365050114,49757055,613.7,6888.0
11899,71389.4,19,49809177,49768203,397.9,4420.0
11900,71391.8,19,3669554865,49765868,539.2,6405.0
11901,71391.9,19,49753516,3461396741,293.8,3278.0
11902,71393.2,19,49773526,49741041,222.6,2464.0
11903,71397.1,19,1381307996,49800282,228.9,2535.0
11904,71400.1,19,3125716147,9136682496,633.5,7677.0
11905,71400.1,19,49789251,9656370906,131.3,1610.0
11906,71402.4,19,867659605,389071206,443.7,5169.0
11907,71403.2,19,49767194,1497983555,649.4,8195.0
11908,71405.2,19,49797192,49791878,460.7,5095.0
11909,71405.5,19,49789376,49775975,456.5,5780.0
11910,71405.8,19,49840782,7802345979,417.7,4667.0
11911,71407.9,19,1381204541,3601521522,443.4,5065.0
11912,71411.2,19,49731670,10978669007,469.0,5254.0
11913,71412.3,19,5445800908,49739770,773.2,8826.0
11914,71414.6,19,49739559,9656370906,489.5,5492.0
11915,71414.9,19,638062063,1243974048,379.3,4575.0
11916,71416.8,19,806521182,49777077,869.1,9990.0
11917,71418.6,19,49745235,5698252199,124.4,1393.0
11918,71422.1,19,3013407820,49768000,483.2,5521.0
11919,71422.8,19,49775514,8930818787,356.5,5060.0
11920,71430.0,19,641116273,9386480160,869.9,11370.0
11921,71431.6,19,655442839,49755341,513.1,5892.0
11922,71431.7,19,49774093,49777503,402.7,4419.0
11923,71433.7,19,655442853,49745420,886.0,10761.0
11924,71434.1,19,3000430293,5250644776,291.7,3439.0
11925,71434.2,19,49809721,12937946001,242.0,2483.0
11926,71434.3,19,49776031,49734104,177.5,1989.0
11927,71437.6,19,49820885,49767514,830.7,9642.0
11928,71439.0,19,49745240,49756530,408.3,4468.0
11929,71439.1,19,49805505,49831503,761.1,8492.0
11930,71441.2,19,1379496002,49843060,262.4,3118.0
11931,71441.9,19,49745193,49861137,28.5,332.0
11932,71442.7,19,49745207,49797579,170.7,1960.0
11933,71442.8,19,49747351,49798828,496.0,6083.0
11934,71444.1,19,49789275,12937946003,254.4,2746.0
11935,71445.6,19,49780558,1466254607,829.1,10528.0
11936,71445.6,19,49741730,11263106392,260.6,2857.0
11937,71448.9,19,4325552564,3358724774,716.7,8721.0
11938,71449.4,19,633923743,49763632,422.9,4609.0
11939,71449.6,19,447591561,12864732632,738.8,8121.0
11940,71451.8,19,622720915,49761986,362.4,5167.0
11941,71451.9,19,49797596,4015360172,148.4,1598.0
11942,71452.2,19,4001557203,1364961104,297.2,3379.0
11943,71453.8,19,641116247,647628152,108.9,1198.0
11944,71454.9,19,49817387,262542282,376.5,4346.0
11945,71455.8,19,49840782,49750801,937.8,10706.0
11946,71455.9,19,701602949,49788104,689.1,7652.0
11947,71455.9,19,49845726,49773663,370.4,4061.0
11948,71457.4,19,49810876,49793595,89.5,1049.0
11949,71459.7,19,49776916,49887850,785.4,8920.0
11950,71460.1,19,49773526,49777997,449.9,4728.0
11951,71464.8,19,49828695,49741107,395.7,4898.0
11952,71466.4,19,49745651,49716887,1069.6,13328.0
11953,71470.0,19,49743415,9171364000,688.8,8093.0
11954,71470.5,19,49787863,49746295,713.9,8332.0
11955,71477.7,19,49827853,49796993,371.7,4212.0
11956,71478.4,19,1439584651,49823325,462.0,5138.0
11957,71485.2,19,49797586,49762331,123.9,1403.0
11958,71485.2,19,12974478437,5020305615,589.1,7545.0
11959,71485.7,19,49801673,49841801,726.1,9603.0
11960,71486.5,19,49770670,640712544,878.2,11087.0
11961,71486.9,19,655662508,49807092,518.6,5786.0
11962,71487.0,19,49866935,647594366,679.8,7635.0
11963,71488.7,19,49762264,49770719,234.0,2628.0
11964,71491.4,19,3001016717,49740210,482.6,5565.0
11965,71492.7,19,49770782,49834986,701.2,9375.0
11966,71495.3,19,49799643,2911584522,149.5,1681.0
11967,71495.3,19,49748151,49778650,740.2,7815.0
11968,71495.5,19,49773923,49748081,367.3,4229.0
11969,71496.4,19,647619114,49800286,134.3,1520.0
11970,71496.9,19,49809177,5343399981,530.8,6345.0
11971,71498.3,19,49845837,49732422,349.5,3849.0
11972,71498.4,19,12232117844,49759336,1084.0,13743.0
11973,71499.3,19,3013484875,655662483,246.8,3076.0
11974,71500.0,19,49771469,49797460,669.5,9348.0
11975,71500.9,19,49746547,641107633,661.0,7595.0
11976,71502.2,19,49782349,1443726987,1054.9,13678.0
11977,71503.8,19,1017391974,5632856403,475.2,5800.0
11978,71505.9,19,49785338,49789884,136.7,1553.0
11979,71507.5,19,4807040760,4325552565,147.9,1601.0
11980,71512.1,19,49787160,49861299,432.6,5320.0
11981,71512.6,19,49822365,3006022047,616.1,6986.0
11982,71516.1,19,49820757,655442813,888.4,10040.0
11983,71516.3,19,3372235139,1484481512,555.6,6304.0
11984,71521.6,19,3001046648,49750826,251.1,2861.0
11985,71523.1,19,49777546,3278871310,812.2,8806.0
11986,71524.1,19,49799643,639415544,469.3,6345.0
11987,71524.2,19,49787863,641107749,254.5,3251.0
11988,71525.8,19,49839137,49767574,526.9,5614.0
11989,71527.3,19,49805505,1469286241,1109.1,14209.0
11990,71527.7,19,5180966153,4807040760,325.9,3814.0
11991,71528.4,19,655442847,49724750,138.3,1784.0
11992,71528.9,19,4561710231,49745636,201.1,2276.0
11993,71529.6,19,9136825813,49741179,381.1,4487.0
11994,71531.1,19,9797239771,49726613,219.3,2456.0
11995,71532.2,19,9136825813,49740362,773.3,9647.0
11996,71532.8,19,3013407820,49744267,728.8,9302.0
11997,71534.2,19,49745468,7676315863,271.5,2942.0
11998,71535.9,19,1004809645,49814710,735.0,8163.0
11999,71536.6,19,49820743,49764374,434.8,4813.0
12000,71538.8,19,49878016,647043631,115.3,1226.0
12001,71539.1,19,49815687,49741043,398.6,4459.0
12002,71542.9,19,655661924,49791761,434.2,5050.0
12003,71543.8,19,6777089504,1484481512,466.1,5605.0
12004,71545.3,19,49870940,49773557,308.3,3420.0
12005,71548.2,19,3388139632,49842289,255.8,2512.0
12006,71549.3,19,633923743,49797753,428.7,4921.0
12007,71551.6,19,4807605970,49764445,339.5,3817.0
12008,71552.9,19,49820885,49741163,873.5,9775.0
12009,71554.1,19,49772964,49831070,297.9,3393.0
12010,71554.7,19,3005831881,11332977611,429.7,5031.0
12011,71556.1,19,49777792,49765285,372.1,4285.0
12012,71562.0,19,5180966153,49789663,860.4,10204.0
12013,71562.3,19,49823986,49811713,498.9,5489.0
12014,71562.7,19,49776461,49750699,388.3,4528.0
12015,71565.4,19,12974478437,49773756,735.4,9871.0
12016,71566.3,19,49774079,2765475187,892.0,10774.0
12017,71567.2,19,49826586,49734729,248.2,2776.0
12018,71577.4,19,49756474,2456351043,373.5,4308.0
12019,71581.2,19,49810871,647622726,204.1,2322.0
12020,71581.2,19,49741274,3372235132,561.7,6557.0
12021,71582.5,19,49772633,49832850,51.1,575.0
12022,71588.1,19,49777169,49800319,313.8,3451.0
12023,71588.3,19,11831784024,655662478,343.6,4631.0
12024,71589.8,19,49747467,49881791,295.9,3059.0
12025,71590.1,19,49855611,4629833264,913.4,11209.0
12026,71590.2,19,9136825795,1484481847,455.2,5299.0
12027,71591.4,19,2975016185,49870270,350.3,3602.0
12028,71591.5,19,49865768,49722137,797.6,10052.0
12029,71593.4,19,49782040,5495854057,436.4,4864.0
12030,71594.0,19,49849239,3665453332,508.9,5622.0
12031,71594.6,19,49741274,653947543,865.2,10977.0
12032,71597.6,19,49793729,49778492,436.6,4968.0
12033,71598.9,19,447591561,3371013728,751.7,8024.0
12034,71599.7,19,49745680,49791973,850.5,9644.0
12035,71600.4,19,641116231,49769356,696.6,8775.0
12036,71605.2,19,3027616047,646031404,371.2,4789.0
12037,71610.2,19,49764867,49753799,557.8,6863.0
12038,71612.7,19,49763044,1467728483,689.5,8138.0
12039,71614.0,19,49805505,49756526,705.8,7878.0
12040,71614.0,19,49787890,49813443,227.7,2545.0
12041,71616.9,19,49734005,49769594,577.8,6340.0
12042,71617.2,19,1804420109,49767372,769.6,10053.0
12043,71622.0,19,49789284,49750332,611.4,8183.0
12044,71623.0,19,49884234,49769434,309.9,3612.0
12045,71624.3,19,12974478437,49875799,370.2,4058.0
12046,71625.5,19,49789379,49198976,576.5,6981.0
12047,71625.5,19,1021561599,49746196,925.7,11429.0
12048,71625.8,19,6777089504,13256450897,669.5,8010.0
12049,71626.0,19,49873688,49745381,471.4,5349.0
12050,71626.1,19,49809189,1364987313,356.4,4168.0
12051,71627.6,19,1381204541,49754499,463.0,5213.0
12052,71631.2,19,4325552565,5354789663,618.6,6973.0
12053,71631.5,19,49770423,49893251,863.7,10531.0
12054,71632.3,19,49762264,958981263,385.3,4339.0
12055,71633.3,19,49821002,6399262937,645.4,7660.0
12056,71633.4,19,1618429530,49840313,272.1,2983.0
12057,71634.5,19,49793773,49745200,153.5,1734.0
12058,71634.6,19,49777815,49749860,467.0,6491.0
12059,71640.9,19,49745628,49745208,155.1,1798.0
12060,71641.6,19,49787884,49805207,421.5,4874.0
12061,71641.7,19,867659605,49764397,115.8,1299.0
12062,71642.8,19,655442853,49830280,483.3,5784.0
12063,71643.7,19,49745465,49797063,307.7,3451.0
12064,71647.0,19,49762191,49775980,163.8,1915.0
12065,71647.1,19,641116257,49734615,348.0,3891.0
12066,71650.0,19,3372235139,1379471024,683.4,7785.0
12067,71650.3,19,3012784288,5564258801,328.4,3642.0
12068,71655.5,19,49745247,49808720,844.4,10289.0
12069,71656.7,19,49770423,1443727088,440.0,4916.0
12070,71661.0,19,49859632,3872813016,579.4,7880.0
12071,71661.1,19,5170081599,49800334,445.1,5139.0
12072,71662.4,19,49745193,2428739670,244.1,2805.0
12073,71662.7,19,1004809645,49821913,136.7,1327.0
12074,71663.3,19,646031052,774340109,371.7,4943.0
12075,71666.1,19,49767517,49745420,540.4,5990.0
12076,71667.4,19,49809189,646030930,505.0,6302.0
12077,71667.6,19,655442833,49717397,794.7,9190.0
12078,71668.6,19,49825108,49837292,501.2,7021.0
12079,71670.0,19,49777556,49885288,111.9,1256.0
12080,71671.3,19,49797586,11198575968,265.4,2951.0
12081,71672.6,19,49741730,49780533,196.8,2189.0
12082,71676.6,19,49740244,49742434,653.2,7214.0
12083,71679.8,19,1218534986,49823403,918.6,12377.0
12084,71683.3,19,49720045,49816494,552.2,6171.0
12085,71686.3,19,49756474,1243974324,227.7,2589.0
12086,71686.3,19,49756881,1472794402,576.8,7443.0
12087,71688.5,19,4303519741,49775360,469.8,6237.0
12088,71690.6,19,49801058,49829368,1034.2,12047.0
12089,71691.0,19,49882753,49784189,315.2,3465.0
12090,71691.8,19,49765648,49819679,486.8,6974.0
12091,71702.3,19,1618429530,49837256,545.2,7923.0
12092,71704.7,19,49773923,3690617654,287.5,3249.0
12093,71707.6,19,49752579,49786047,581.9,6538.0
12094,71709.0,19,49827853,49723017,381.2,4309.0
12095,71709.5,19,9136839220,49797080,118.9,1369.0
12096,71710.8,19,49789205,5354789676,384.7,4325.0
12097,71712.1,19,1362307924,49797794,714.0,9609.0
12098,71715.0,19,4561710231,49718775,884.1,11126.0
12099,71715.0,19,49743231,49757535,1072.7,12302.0
12100,71715.4,19,867659605,49738304,528.9,5885.0
12101,71716.0,19,49740244,49797790,550.8,6746.0
12102,71721.8,19,49829250,49742446,686.9,7720.0
12103,71722.2,19,49763064,49763157,238.5,2346.0
12104,71722.4,19,49809189,49853005,735.8,8882.0
12105,71722.8,19,49745243,49777993,520.4,5813.0
12106,71723.2,19,49845837,49717971,499.5,5447.0
12107,71723.9,19,49729182,3669554868,219.9,2512.0
12108,71727.5,19,49776461,49745476,955.5,11497.0
12109,71729.0,19,3001046648,49813855,402.4,5609.0
12110,71731.2,19,49762191,49813381,130.4,1479.0
12111,71733.5,19,49745676,49882948,1082.9,13050.0
12112,71738.7,19,49855611,49750729,514.2,6640.0
12113,71741.4,19,49745465,3302325145,294.3,3296.0
12114,71745.0,19,49745193,49778679,510.2,6509.0
12115,71745.3,19,3001016695,49744564,204.9,2277.0
12116,71746.4,19,9797239771,646190530,1067.3,13685.0
12117,71747.3,19,49765161,9467722657,127.8,1442.0
12118,71747.6,19,49897085,642044241,1096.6,14599.0
12119,71749.4,19,655247774,876652349,775.4,9701.0
12120,71750.3,19,49770627,49797184,263.7,2920.0
12121,71752.6,19,641116213,49861091,74.3,854.0
12122,71753.2,19,49745247,12068811315,116.4,1306.0
12123,71753.5,19,647619114,2428510053,460.7,5198.0
12124,71754.1,19,49878097,49756914,537.5,6140.0
12125,71759.7,19,3798943055,49770672,532.3,6553.0
12126,71760.8,19,49789379,3667950082,95.4,1231.0
12127,71762.7,19,2927575470,5709916352,1201.5,14787.0
12128,71763.9,19,49848662,1493859547,484.3,6670.0
12129,71764.6,19,49869068,49791961,575.3,6462.0
12130,71767.3,19,49770684,1467728485,902.9,11370.0
12131,71768.4,19,3001288930,641116184,154.0,1783.0
12132,71769.3,19,8636398137,13733946370,599.7,8167.0
12133,71771.7,19,1439584651,49819456,220.3,2509.0
12134,71772.3,19,49770423,642333850,368.7,3953.0
12135,71774.1,19,49789291,3001431211,393.2,4646.0
12136,71775.8,19,655661924,1796371546,451.1,5221.0
12137,71777.0,19,11460035915,49817014,838.5,10445.0
12138,71777.9,19,4695979927,49790322,513.2,5747.0
12139,71783.4,19,3388139632,2286013912,351.1,3757.0
12140,71784.2,19,49721277,49844434,488.0,5481.0
12141,71784.5,19,655442839,49846912,471.3,6249.0
12142,71787.0,19,49789379,4695979927,588.7,6852.0
12143,71787.9,19,958981230,49762871,329.7,3670.0
12144,71791.4,19,49740442,647044802,334.0,4769.0
12145,71794.2,19,49770680,1443727126,371.7,4278.0
12146,71797.1,19,49810122,49809279,616.6,6940.0
12147,71799.2,19,49770672,3005678324,380.9,4470.0
12148,71803.4,19,49741274,49889382,670.2,8144.0
12149,71809.7,19,49745677,49760958,1024.8,12589.0
12150,71810.2,19,9592908693,13686935904,341.4,4313.0
12151,71810.7,19,49820757,1364971555,643.4,7221.0
12152,71811.6,19,49824264,1365013787,155.0,1636.0
12153,71814.9,19,447591561,49730422,547.7,6233.0
12154,71815.0,19,5180966153,1004313386,682.0,7836.0
12155,71815.9,19,49842417,49729946,564.4,6248.0
12156,71816.7,19,49803595,49772902,581.1,6422.0
12157,71817.7,19,49820874,49815397,393.0,4331.0
12158,71820.3,19,1017391970,49820604,280.8,3146.0
12159,71820.5,19,49772964,12520587443,681.4,7906.0
12160,71822.2,19,1379495851,49773840,782.8,10576.0
12161,71822.4,19,49773526,9630558235,249.0,2731.0
12162,71826.7,19,49749379,49741428,746.3,10268.0
12163,71826.7,19,49764791,49804586,803.5,9945.0
12164,71827.3,19,49745680,49754020,858.1,9752.0
12165,71828.1,19,647031903,49801638,544.4,6366.0
12166,71832.5,19,49772747,705647757,819.3,9418.0
12167,71836.1,19,2616277014,653947551,1072.1,12281.0
12168,71837.0,19,49773532,49745305,279.6,3138.0
12169,71839.5,19,49769187,9124461219,107.5,1196.0
12170,71839.6,19,49764337,49735138,540.3,5989.0
12171,71843.1,19,647044393,1253435828,621.5,7668.0
12172,71843.4,19,49840782,49861125,538.8,7346.0
12173,71843.4,19,49741798,49780087,334.7,3962.0
12174,71843.9,19,3012784293,655442859,346.3,4391.0
12175,71844.7,19,49870270,49741155,131.6,1452.0
12176,71846.1,19,49745193,1462088960,837.3,10642.0
12177,71846.1,19,49771469,49822568,736.2,8777.0
12178,71850.3,19,49748725,49741014,198.7,2284.0
12179,71853.0,19,49820757,49741037,807.5,9073.0
12180,71854.1,19,5563919714,49847434,524.5,5861.0
12181,71854.4,19,49773055,49745247,122.9,1374.0
12182,71855.2,19,12529163241,49777696,526.6,5878.0
12183,71856.3,19,49826533,2136702412,470.9,5739.0
12184,71856.4,19,49882753,49812234,523.7,5888.0
12185,71857.4,19,49776461,49813454,491.3,5670.0
12186,71858.8,19,49809189,3302325145,134.2,1491.0
12187,71859.8,19,642334076,49748054,351.3,5072.0
12188,71861.0,19,49824748,49853914,214.4,2377.0
12189,71862.6,19,1362307924,49842924,167.8,1950.0
12190,71863.6,19,3608395904,49768464,569.9,7074.0
12191,71863.7,19,641116247,49842664,771.2,9167.0
12192,71863.7,19,49809189,13256450897,505.5,5627.0
12193,71864.4,19,49826586,49768213,1046.6,13050.0
12194,71867.5,19,49756492,49789482,250.3,2756.0
12195,71870.8,19,49773647,49750783,458.0,4861.0
12196,71871.4,19,49845830,49843238,593.0,6734.0
12197,71871.5,19,49773012,1365013797,308.6,3776.0
12198,71871.7,19,49741058,49789820,581.5,7030.0
12199,71872.2,19,49764374,49836253,53.8,621.0
12200,71872.8,19,49762286,3798943047,589.9,7384.0
12201,71874.3,19,1004809645,49756566,769.1,8563.0
12202,71876.4,19,49795273,3669554857,180.0,1993.0
12203,71879.1,19,49774088,1366288772,210.9,2458.0
12204,71881.1,19,49741695,641107672,84.2,907.0
12205,71886.8,19,3027665453,49795794,352.6,3987.0
12206,71887.6,19,1364989296,11267271743,543.4,6021.0
12207,71888.4,19,49765155,49770833,323.5,3721.0
12208,71891.2,19,49741274,641112578,243.4,2807.0
12209,71893.4,19,49745335,655447275,663.8,8025.0
12210,71893.6,19,49774093,3656196221,598.2,6649.0
12211,71895.1,19,2974621123,49740966,756.0,9402.0
12212,71898.2,19,49813365,655442839,342.5,3921.0
12213,71899.4,19,3240030410,49734737,194.2,2117.0
12214,71900.0,19,49794206,49748081,283.7,3110.0
12215,71903.3,19,49773532,11198100601,349.1,4188.0
12216,71903.6,19,49809721,49770801,195.1,2207.0
12217,71906.9,19,49833602,49762918,187.7,2108.0
12218,71907.4,19,2896020560,49763049,806.2,10167.0
12219,71909.6,19,49824719,641127568,74.3,889.0
12220,71909.9,19,49780562,49845409,527.9,5862.0
12221,71910.1,19,49745240,49844804,212.5,2405.0
12222,71912.5,19,49770672,49766687,592.8,6819.0
12223,71917.4,19,3415851740,3061294316,300.1,4334.0
12224,71919.6,19,2440761314,49745858,653.9,7881.0
12225,71920.5,19,12974478437,49763064,159.4,1583.0
12226,71922.4,19,49743231,49764296,482.5,6063.0
12227,71930.4,19,49724395,49752803,914.1,11472.0
12228,71930.5,19,49773040,49752679,417.3,4646.0
12229,71935.8,19,49825409,2099955610,404.2,4377.0
12230,71939.8,19,49810876,12613233303,395.1,4434.0
12231,71940.3,19,9592908693,8512220304,267.9,3295.0
12232,71941.8,19,49787453,2602417947,97.4,1068.0
12233,71944.6,19,49744587,49803756,519.1,5898.0
12234,71947.5,19,49756892,655442840,42.7,573.0
12235,71947.9,19,4561710230,49749077,206.6,2466.0
12236,71948.4,19,3012429028,49848049,751.9,8871.0
12237,71949.8,19,49770640,49741807,409.7,4787.0
12238,71951.9,19,1017391970,622720955,320.4,3757.0
12239,71954.5,19,49752115,49749572,870.0,9889.0
12240,71954.6,19,49774098,1017508479,341.7,3808.0
12241,71955.2,19,49752628,49755556,911.1,11458.0
12242,71955.5,19,49799643,49740422,624.5,7900.0
12243,71956.9,19,49777795,49873430,359.6,4243.0
12244,71961.6,19,49764791,262550681,145.2,1617.0
12245,71961.7,19,1013429968,49755084,1115.2,14731.0
12246,71963.8,19,655442847,7014093208,154.3,1614.0
12247,71964.0,19,49797401,49732428,580.9,6762.0
12248,71967.5,19,49734140,645963040,280.4,3104.0
12249,71971.9,19,49734005,49812136,1003.2,11524.0
12250,71972.3,19,49748066,1443727058,350.1,4660.0
12251,71975.2,19,49741730,1363151543,136.1,1532.0
12252,71976.0,19,49789239,49802833,404.4,4565.0
12253,71976.6,19,49745232,13768951934,121.6,1351.0
12254,71976.9,19,4082394063,4000799765,467.4,5218.0
12255,71978.1,19,641073443,49728947,688.0,8229.0
12256,71978.4,19,8592032116,49859632,571.9,6519.0
12257,71978.8,19,3240030410,5563919655,241.5,2650.0
12258,71981.8,19,3669554857,49761393,494.3,5559.0
12259,71982.2,19,49776461,11332977609,513.8,5994.0
12260,71983.4,19,1004809645,655442842,816.4,9523.0
12261,71984.3,19,49745650,49762957,831.4,10821.0
12262,71986.5,19,5180966153,49844451,504.1,6734.0
12263,71991.1,19,49729874,49728611,280.8,3460.0
12264,71991.9,19,13259914865,49818974,228.6,2537.0
12265,71992.8,19,49752621,49804603,910.0,11172.0
12266,71994.7,19,49770423,49810636,626.2,7502.0
12267,71995.2,19,1618429530,649839841,564.1,7042.0
12268,71995.9,19,49774081,49745658,562.4,6400.0
12269,71996.3,19,49789275,49750783,403.8,4204.0
12270,71996.6,19,49743972,49751220,1129.6,14230.0
12271,71996.6,19,49777792,49771275,797.6,8879.0
12272,71999.8,19,49809698,49748460,403.0,4492.0
12273,72000.4,20,49754058,49797678,453.6,5370.0
12274,72000.7,20,49724395,49839253,339.8,3493.0
12275,72002.5,20,49769580,49745476,908.2,10817.0
12276,72008.2,20,49884234,49775714,563.7,7167.0
12277,72008.9,20,49796861,1253435804,565.9,7434.0
12278,72009.4,20,3672563449,806521028,223.0,2581.0
12279,72009.5,20,49771040,49741673,443.2,5714.0
12280,72013.4,20,447591561,49817415,658.2,7467.0
12281,72014.3,20,49822338,49753965,1134.0,14472.0
12282,72015.5,20,9130874912,49723335,632.0,7490.0
12283,72016.0,20,49809698,5277584266,565.0,7526.0
12284,72016.2,20,49780097,49797437,378.2,5237.0
12285,72022.5,20,1017379708,49817459,94.9,1061.0
12286,72024.2,20,49779896,5563919643,555.0,6228.0
12287,72025.3,20,49820583,7153144746,926.2,11116.0
12288,72028.6,20,1379505588,1364961112,162.8,1825.0
12289,72032.0,20,1004839834,49797543,170.2,1822.0
12290,72032.5,20,49723539,49822592,456.1,5304.0
12291,72034.3,20,49888300,13256237934,499.9,5275.0
12292,72035.0,20,49777628,49772653,947.3,12121.0
12293,72035.8,20,49810876,49842996,192.7,2246.0
12294,72038.0,20,49810122,49798823,483.8,6119.0
12295,72039.1,20,49848293,49748231,696.7,8336.0
12296,72039.7,20,1740764624,3379821559,365.1,4116.0
12297,72040.8,20,49778050,1443482364,302.5,3495.0
12298,72041.1,20,3669554857,13790270471,100.7,1134.0
12299,72043.8,20,49770670,641939912,411.5,5495.0
12300,72046.8,20,49813365,13650509861,675.0,8068.0
12301,72047.9,20,49773526,49791711,209.4,2310.0
12302,72048.9,20,655661924,2999124269,494.5,7007.0
12303,72050.1,20,49763044,9526260026,285.1,3177.0
12304,72051.7,20,49770680,653945654,750.5,10815.0
12305,72054.6,20,49809189,49718701,648.8,7778.0
12306,72056.1,20,9136825813,9480293897,413.6,4609.0
12307,72057.8,20,3240030410,5564258807,245.3,2694.0
12308,72059.2,20,49753014,49895965,479.1,5335.0
12309,72065.5,20,49774093,49716152,416.4,5736.0
12310,72066.3,20,6823343098,49802580,227.5,2560.0
12311,72079.6,20,49747467,49765088,460.1,5885.0
12312,72079.9,20,49734616,49842505,319.8,3371.0
12313,72080.3,20,49796861,49825427,751.7,8383.0
12314,72080.9,20,11198264287,49868924,611.2,6891.0
12315,72082.1,20,49863614,3415851740,312.2,3334.0
12316,72082.6,20,13790612928,49871037,158.7,1840.0
12317,72084.0,20,49776112,5563919634,775.6,9549.0
12318,72085.8,20,49763049,1013396326,498.9,6297.0
12319,72086.9,20,1243974048,49817467,94.4,1077.0
12320,72087.5,20,1381204541,49759656,450.7,4924.0
12321,72087.6,20,49884234,49878289,715.7,8735.0
12322,72090.5,20,49822884,49785489,408.4,4733.0
12323,72092.6,20,3670756345,9088107710,401.8,4697.0
12324,72094.4,20,49745636,635178708,103.7,1191.0
12325,72098.4,20,49833602,49826908,466.7,5516.0
12326,72100.5,20,49783079,49740074,416.7,4654.0
12327,72101.7,20,49745193,49769356,661.9,8213.0
12328,72104.8,20,49865234,49731126,465.6,5696.0
12329,72111.7,20,49763640,49814024,430.7,4620.0
12330,72116.2,20,49817254,49843037,893.4,11278.0
12331,72122.6,20,49745243,49809300,194.3,2110.0
12332,72122.7,20,49773040,5192159439,300.2,3444.0
12333,72123.1,20,1060365691,49800308,234.6,2636.0
12334,72123.7,20,49768181,1363151578,347.9,3856.0
12335,72125.8,20,49789251,49764863,524.9,7079.0
12336,72125.9,20,49759674,49797071,351.6,3872.0
12337,72126.4,20,12529163241,49777129,366.7,4182.0
12338,72128.2,20,1379471556,49787483,316.5,3538.0
12339,72129.5,20,1017379708,49828469,264.3,2911.0
12340,72130.3,20,4697534335,49810280,306.2,3624.0
12341,72137.0,20,49724395,49744095,433.5,5073.0
12342,72141.1,20,49787616,2960257404,488.6,5848.0
12343,72147.4,20,49754051,49789967,724.7,8251.0
12344,72148.7,20,49789376,2428508041,762.4,9188.0
12345,72151.2,20,49749203,5443266985,760.3,9694.0
12346,72151.5,20,1364987325,806520674,482.9,5558.0
12347,72152.6,20,49799817,49793226,516.2,5791.0
12348,72167.7,20,1439584651,9111790621,111.1,1246.0
12349,72168.1,20,49773062,644537718,428.9,4830.0
12350,72168.8,20,49739609,653947551,507.5,5607.0
12351,72170.0,20,3013484854,49756381,587.4,6645.0
12352,72174.0,20,49866935,49749097,500.1,5548.0
12353,72176.3,20,49745335,49887003,604.9,7280.0
12354,72176.5,20,49825108,10992137994,284.9,3222.0
12355,72178.1,20,9983605758,3670782170,909.4,11270.0
12356,72183.2,20,49824748,49782413,639.8,7774.0
12357,72185.4,20,49870270,1443727090,163.3,1795.0
12358,72186.9,20,49774081,4387066892,388.1,4299.0
12359,72188.2,20,5128694815,7554685045,257.5,2861.0
12360,72189.1,20,2927432297,3027644776,189.1,2109.0
12361,72190.1,20,4935980603,49822541,901.6,11395.0
12362,72194.3,20,2286013912,49767196,397.6,4425.0
12363,72196.2,20,49763064,49824054,472.7,5558.0
12364,72196.8,20,49772987,49744209,594.7,7580.0
12365,72201.8,20,49762264,49841654,349.2,3850.0
12366,72203.5,20,49827531,49756830,946.2,12228.0
12367,72203.8,20,49762191,49759926,706.6,8816.0
12368,72208.1,20,49815553,8439855798,698.6,9288.0
12369,72209.4,20,49789379,640613646,1262.0,17367.0
12370,72210.8,20,49774098,49819462,122.7,1294.0
12371,72211.3,20,49793983,49858404,1240.0,14554.0
12372,72211.6,20,2956751419,49786453,614.4,8989.0
12373,72212.6,20,49848686,49787530,74.1,828.0
12374,72214.6,20,49752115,49788128,842.5,9298.0
12375,72218.0,20,49720045,49780193,200.7,2057.0
12376,72218.6,20,49797051,3001305333,292.7,3289.0
12377,72220.4,20,49847837,49795273,522.3,5771.0
12378,72221.7,20,4807040760,622720915,255.7,3039.0
12379,72222.3,20,4951816813,3013484854,158.3,1888.0
12380,72223.0,20,49772987,2628817381,97.2,1145.0
12381,72223.5,20,4000799765,7151490387,378.2,3987.0
12382,72225.5,20,1804420112,641110765,381.3,4365.0
12383,72226.9,20,49805505,49854158,725.9,8179.0
12384,72230.4,20,49803595,49851841,949.6,11510.0
12385,72231.8,20,49789376,49765108,475.9,5762.0
12386,72232.3,20,3669554862,49759140,599.4,7120.0
12387,72234.0,20,3669554865,49802109,805.5,9080.0
12388,72234.1,20,49770684,49736716,301.6,3356.0
12389,72238.5,20,49749855,5533679479,616.8,8232.0
12390,72239.3,20,49827853,49765949,718.5,8073.0
12391,72241.0,20,5698252199,49763004,863.7,10951.0
12392,72242.5,20,49770680,49777944,480.4,5309.0
12393,72244.2,20,49765234,49787890,263.5,3022.0
12394,72246.2,20,49745193,49815658,622.8,7655.0
12395,72250.3,20,49809177,49760348,568.8,6856.0
12396,72258.8,20,13790612928,49744564,239.1,2526.0
12397,72263.2,20,49756373,49782040,176.7,2052.0
12398,72268.7,20,867659605,641127549,201.0,2314.0
12399,72270.3,20,49799643,5445932105,260.7,2960.0
12400,72274.6,20,3125716147,4365422595,1009.1,11935.0
12401,72276.4,20,9983605758,49754667,505.7,5703.0
12402,72277.2,20,1021561602,3358724781,386.6,5184.0
12403,72277.4,20,49810876,49788516,467.3,5839.0
12404,72278.4,20,1381216023,49716928,260.3,2973.0
12405,72278.5,20,11261031488,1493945657,582.6,8012.0
12406,72279.0,20,49780078,49870181,472.1,5365.0
12407,72281.3,20,49770789,49753848,782.3,9902.0
12408,72284.2,20,655442847,49744841,154.2,1628.0
12409,72284.9,20,641116257,49776008,190.8,2119.0
12410,72289.3,20,49743231,647044670,727.4,8110.0
12411,72291.3,20,2696812482,49832286,134.5,1548.0
12412,72293.5,20,3011107102,49756236,731.1,8450.0
12413,72294.0,20,49743972,49778253,720.4,9583.0
12414,72297.0,20,11177333923,49763997,154.3,1728.0
12415,72298.8,20,5180966153,49747351,188.4,3254.0
12416,72302.0,20,1440554109,49859694,782.4,10203.0
12417,72303.0,20,49729182,447591561,801.5,9090.0
12418,72303.6,20,49809177,2921295164,381.8,4228.0
12419,72304.4,20,49809189,49745273,212.1,2376.0
12420,72311.8,20,641116194,49763628,305.9,3411.0
12421,72314.6,20,49809200,49741740,87.7,932.0
12422,72319.2,20,49824748,49821695,922.9,11228.0
12423,72326.8,20,3012429028,49829851,731.6,8263.0
12424,72330.1,20,49744602,3061294315,167.6,1836.0
12425,72332.8,20,655247774,49738510,574.6,7575.0
12426,72334.4,20,3125716147,1441008457,507.1,5684.0
12427,72334.9,20,5343232408,49754505,323.5,3391.0
12428,72337.5,20,49770789,49766356,770.5,9593.0
12429,72338.2,20,1021561602,49778002,617.5,7164.0
12430,72340.9,20,3670756345,3370866971,673.0,8140.0
12431,72341.0,20,49767194,49842249,833.0,9578.0
12432,72342.4,20,982859843,1486524123,545.4,7164.0
12433,72342.9,20,49741715,49754235,637.3,7011.0
12434,72343.0,20,3608395904,4325552564,341.5,4357.0
12435,72343.0,20,49745636,49751772,721.2,9114.0
12436,72346.3,20,49793549,49820506,322.7,3673.0
12437,72347.1,20,49787863,49766729,971.8,13301.0
12438,72347.5,20,1017391974,49776471,465.3,5186.0
12439,72347.7,20,4325552565,49839247,265.5,2993.0
12440,72347.9,20,49777628,49744691,484.6,6127.0
12441,72350.4,20,49797063,49733427,413.8,4789.0
12442,72351.2,20,5180966153,49791642,346.7,4310.0
12443,72352.0,20,1618429530,49797617,532.3,6617.0
12444,72352.7,20,49743972,49749194,1407.7,17453.0
12445,72357.8,20,1379496002,8146198871,420.0,4929.0
12446,72358.3,20,49789376,49848459,1015.5,13177.0
12447,72360.5,20,49776461,49849087,105.0,1164.0
12448,72360.8,20,49787863,1484481777,709.4,8172.0
12449,72363.0,20,655442839,4630327649,516.6,5881.0
12450,72366.3,20,49809721,49765918,527.5,5899.0
12451,72367.4,20,49845830,49824779,146.8,1636.0
12452,72368.8,20,49741710,49820727,475.6,5271.0
12453,72370.0,20,49743231,49877121,1137.6,14193.0
12454,72370.9,20,774340109,49775514,151.8,1789.0
12455,72372.5,20,655247775,49844821,118.9,1390.0
12456,72373.2,20,49741730,1017220692,411.1,4790.0
12457,72375.4,20,9593199679,806521182,101.0,1118.0
12458,72377.1,20,49741095,49741341,423.4,4578.0
12459,72377.9,20,49776461,8266808753,268.2,2986.0
12460,72381.1,20,49756474,49896765,533.9,6019.0
12461,72381.3,20,49822338,965725392,445.9,5076.0
12462,72381.4,20,1004839834,49787350,870.7,10757.0
12463,72387.0,20,49810122,49817387,366.3,4209.0
12464,72388.3,20,49803595,49793217,643.1,7193.0
12465,72388.6,20,49773040,49747851,320.8,3686.0
12466,72388.7,20,647030735,49753063,681.1,8449.0
12467,72391.3,20,49776031,49743951,830.6,11137.0
12468,72394.3,20,49777795,49721268,316.6,3609.0
12469,72397.4,20,49776416,49812437,858.3,10084.0
12470,72398.5,20,49741274,3601521524,424.5,4669.0
12471,72405.1,20,2927432297,9768681890,649.5,7265.0
12472,72407.0,20,49820885,49789269,538.7,6340.0
12473,72407.4,20,1243974109,49773485,215.7,2364.0
12474,72407.6,20,49787160,49753799,433.0,5558.0
12475,72409.8,20,655442853,4453801723,257.6,2938.0
12476,72412.5,20,49770789,49851682,684.7,8328.0
12477,72412.6,20,49797596,49852968,642.8,7577.0
12478,72416.8,20,49759499,3370912502,718.1,9181.0
12479,72418.4,20,49782241,49760727,440.5,6062.0
12480,72418.8,20,49788457,49755118,1031.3,11644.0
12481,72418.9,20,49739559,655442844,108.5,1113.0
12482,72424.7,20,2696812482,49844794,50.2,591.0
12483,72424.9,20,7802243127,49772811,825.4,9665.0
12484,72426.4,20,9968466642,3637842788,180.4,1981.0
12485,72426.6,20,2921295172,1484482232,731.4,9107.0
12486,72428.0,20,49749106,49837606,187.8,2121.0
12487,72428.8,20,49825190,49776943,230.9,2654.0
12488,72429.0,20,49810122,635178708,459.2,5309.0
12489,72429.6,20,49841029,806520511,1031.3,12760.0
12490,72436.0,20,49788457,49769043,1027.3,11894.0
12491,72442.7,20,49797051,49745721,363.0,3910.0
12492,72443.7,20,3027832454,49844794,127.2,1513.0
12493,72443.8,20,49803595,49764447,338.4,3765.0
12494,72447.6,20,1240476057,13765366376,486.6,5753.0
12495,72449.5,20,49770423,49843005,358.1,3979.0
12496,72449.6,20,638452596,49790022,86.8,943.0
12497,72449.9,20,49799147,49768186,538.2,5899.0
12498,72451.8,20,655661924,49813472,434.1,4990.0
12499,72455.4,20,3798943055,5703562302,202.3,2420.0
12500,72455.6,20,49772633,49758541,148.7,1732.0
12501,72455.7,20,49771469,49749057,507.4,5565.0
12502,72456.8,20,49722409,649839123,554.1,7092.0
12503,72458.9,20,49765145,49805207,552.4,6993.0
12504,72459.2,20,49739559,49752115,785.9,8913.0
12505,72461.7,20,49741274,1484481817,606.3,6980.0
12506,72462.2,20,49789362,49775680,262.4,3536.0
12507,72464.8,20,1440867110,49744817,490.8,5460.0
12508,72464.8,20,49744587,1363151578,505.3,7023.0
12509,72467.1,20,49782349,49739134,821.2,9291.0
12510,72470.4,20,9723903189,49745413,1016.9,12711.0
12511,72470.9,20,49724395,49824103,644.4,8221.0
12512,72471.0,20,12292446080,49789919,439.3,4470.0
12513,72472.5,20,49743955,49810152,411.6,5026.0
12514,72478.7,20,49762191,49791736,240.8,2776.0
12515,72480.6,20,49745186,49776398,736.4,9265.0
12516,72482.8,20,49745628,49832235,495.7,6634.0
12517,72484.4,20,5180966153,49763827,835.8,9944.0
12518,72484.9,20,49764271,49861165,113.3,1257.0
12519,72485.4,20,622720915,2921295148,450.5,5070.0
12520,72487.3,20,642044494,49744162,439.6,5170.0
12521,72487.5,20,641073443,49790509,614.7,7487.0
12522,72491.3,20,646065021,2921295473,586.2,6606.0
12523,72497.5,20,49845837,49732805,749.5,8212.0
12524,72500.1,20,3372235139,49788128,580.8,6491.0
12525,72507.7,20,49853085,49771689,266.1,3282.0
12526,72508.3,20,9136825795,5343233829,439.8,5156.0
12527,72514.2,20,632879321,49761630,536.9,6440.0
12528,72516.2,20,49774081,1364989306,246.0,2706.0
12529,72517.8,20,3011107102,49855949,575.7,7646.0
12530,72522.4,20,1381204541,5277494650,483.6,7163.0
12531,72524.6,20,49756373,2927473940,380.6,3801.0
12532,72524.7,20,49772987,9130918414,240.1,2816.0
12533,72525.0,20,49765113,49832286,282.9,3127.0
12534,72528.3,20,49820981,9484974789,611.7,7236.0
12535,72530.0,20,49787774,13650509862,853.8,10050.0
12536,72531.3,20,49866935,49754709,576.9,6160.0
12537,72533.1,20,49809177,49769209,284.4,3167.0
12538,72533.2,20,12143083687,49744686,819.0,9646.0
12539,72533.4,20,3672563449,49745455,167.1,1918.0
12540,72534.5,20,3669554874,49768161,448.1,5004.0
12541,72535.8,20,49779980,13610567873,543.8,6252.0
12542,72536.1,20,49865768,49835112,709.5,9685.0
12543,72537.5,20,3672563449,2987628031,974.3,12668.0
12544,72537.7,20,49797192,49810220,899.4,11502.0
12545,72538.4,20,3013484854,971094661,591.6,6871.0
12546,72538.8,20,1240476057,49847560,779.7,10947.0
12547,72544.4,20,1365013789,9136839244,409.9,5070.0
12548,72545.1,20,49762210,49792364,592.1,7144.0
12549,72548.3,20,49734005,3366676340,862.4,10800.0
12550,72548.6,20,1804420112,3000430293,473.8,5226.0
12551,72548.8,20,49799643,49766638,576.9,6954.0
12552,72549.2,20,49749106,49767277,404.3,4543.0
12553,72550.3,20,3669554857,49753035,744.1,9053.0
12554,72550.7,20,49745243,49741573,308.6,3353.0
12555,72550.9,20,3105427804,49741725,464.4,5427.0
12556,72551.6,20,11261031475,49745459,328.4,3893.0
12557,72553.5,20,49866935,876615374,443.4,5071.0
12558,72554.3,20,49774098,49774070,105.6,1188.0
12559,72557.4,20,49803721,49792903,712.8,8341.0
12560,72560.3,20,49745677,49809266,328.3,3679.0
12561,72560.6,20,49822338,49837176,68.0,660.0
12562,72561.1,20,49776461,1468892578,428.7,6905.0
12563,72564.2,20,3672563449,1243974350,135.2,1511.0
12564,72564.3,20,49762379,49764451,342.1,4085.0
12565,72565.1,20,2444588205,49719230,859.1,10462.0
12566,72565.5,20,49756578,49787160,229.6,2679.0
12567,72565.6,20,49741703,49728175,108.2,1247.0
12568,72566.1,20,49767196,49734511,722.8,8570.0
12569,72566.1,20,655680757,49741581,638.7,8249.0
12570,72570.5,20,49809698,3372443379,734.3,8177.0
12571,72572.3,20,49779980,49764605,895.1,11758.0
12572,72575.5,20,3670756345,49788708,427.6,5029.0
12573,72576.2,20,49770323,641127614,664.0,8169.0
12574,72576.7,20,12128376033,49741362,254.7,2912.0
12575,72577.6,20,3669554857,49813441,217.8,2420.0
12576,72579.4,20,3012784293,49773653,313.2,3450.0
12577,72586.8,20,49779896,49776398,827.6,10281.0
12578,72587.2,20,701602949,49752816,574.2,6783.0
12579,72587.6,20,49805505,49823001,354.8,3926.0
12580,72588.4,20,49848293,1253435644,1292.3,15492.0
12581,72590.4,20,49809698,49724268,766.9,10033.0
12582,72592.1,20,829675288,49790033,426.5,4774.0
12583,72593.5,20,49740442,49745094,952.5,11338.0
12584,72595.0,20,49863186,49754874,207.6,2442.0
12585,72603.5,20,49797401,13790270471,282.4,3300.0
12586,72606.7,20,12974478437,49824189,204.2,2211.0
12587,72606.7,20,49858149,49849131,243.9,2782.0
12588,72609.1,20,49762225,13699194719,366.9,4183.0
12589,72609.5,20,49809715,49821610,375.5,4665.0
12590,72612.0,20,49745455,49729179,398.6,4390.0
12591,72614.5,20,49774079,49763073,71.9,692.0
12592,72614.8,20,3661066115,49746262,1255.9,16942.0
12593,72618.5,20,655442833,49782773,522.2,6692.0
12594,72618.9,20,1364989296,49731666,626.8,7162.0
12595,72619.0,20,9983605758,49795905,670.9,8499.0
12596,72621.7,20,49741740,49769178,157.0,1781.0
12597,72626.9,20,49870270,1467732172,815.4,9496.0
12598,72627.3,20,49772987,2921295153,335.6,3760.0
12599,72629.5,20,49773653,49776919,94.5,977.0
12600,72629.7,20,655442839,705734609,576.8,6748.0
12601,72630.1,20,49763064,49766002,199.5,2228.0
12602,72636.7,20,7494204321,4697534335,296.2,3348.0
12603,72636.8,20,49805505,4807147204,386.5,4252.0
12604,72637.9,20,4082394063,49745225,201.3,2299.0
12605,72640.8,20,4060172794,49740930,1102.3,13348.0
12606,72641.9,20,49773526,49734407,724.9,8951.0
12607,72642.5,20,49787890,647594354,567.8,6403.0
12608,72642.8,20,49773609,49837965,512.9,5678.0
12609,72643.6,20,49748066,49796128,266.6,2872.0
12610,72645.5,20,49773205,5698252199,326.8,4043.0
12611,72646.2,20,49774088,49846738,348.2,3893.0
12612,72646.8,20,49753516,49861137,323.7,3649.0
12613,72647.8,20,49873888,49814781,424.4,4723.0
12614,72648.5,20,1804420109,49772535,121.8,1364.0
12615,72648.8,20,4082394063,49854835,540.3,6370.0
12616,72649.2,20,5556599906,49761630,773.1,9112.0
12617,72654.4,20,49773647,49764397,165.3,1780.0
12618,72655.0,20,5180966153,49812381,806.5,9660.0
12619,72659.2,20,11261031475,49741341,202.3,2237.0
12620,72660.5,20,3013484854,49800144,277.0,3052.0
12621,72660.8,20,49789333,49741160,493.0,5625.0
12622,72663.3,20,49869068,49762957,680.2,9043.0
12623,72664.1,20,49756373,49749954,736.2,9743.0
12624,72665.8,20,1013429968,49784173,726.6,8289.0
12625,72667.7,20,49820727,49747466,825.6,10130.0
12626,72668.1,20,1379471556,1364961102,158.4,1805.0
12627,72675.4,20,1362307924,49743486,829.9,10807.0
12628,72675.6,20,3798943055,49716160,1392.7,17096.0
12629,72677.5,20,11831784024,9097753196,599.3,9121.0
12630,72678.6,20,49859632,49767048,334.6,3946.0
12631,72683.1,20,49845777,49731745,326.8,3645.0
12632,72684.7,20,49781395,49761364,758.2,8246.0
12633,72685.1,20,11177333923,647043910,377.9,5194.0
12634,72685.3,20,4630137710,49882039,582.2,6921.0
12635,72688.2,20,49745232,49825190,104.1,1159.0
12636,72692.2,20,49765155,647026148,356.8,3994.0
12637,72692.3,20,49793411,49770672,683.4,8315.0
12638,72693.5,20,3012784293,49784230,656.5,7306.0
12639,72696.9,20,49773653,49747466,541.9,7105.0
12640,72699.4,20,49740442,646031404,469.5,6058.0
12641,72701.0,20,49839137,49734104,196.9,2115.0
12642,72702.7,20,49845837,3001484259,382.3,4319.0
12643,72703.6,20,49774088,1462032500,589.4,8019.0
12644,72703.8,20,49734622,876615374,400.2,4496.0
12645,72705.0,20,1364987325,49860013,66.6,842.0
12646,72707.5,20,49773036,49788708,347.8,3853.0
12647,72709.6,20,12292446080,49750332,929.4,11813.0
12648,72711.5,20,49815281,49838691,795.7,9040.0
12649,72714.2,20,49824264,49811662,752.8,8682.0
12650,72714.6,20,49759499,1493945562,359.3,3974.0
12651,72717.4,20,49767517,49766018,411.4,4732.0
12652,72718.5,20,49734621,49797794,831.9,10784.0
12653,72718.6,20,49822884,49822382,892.5,10053.0
12654,72720.0,20,49762207,11260344016,181.1,2054.0
12655,72723.5,20,447591561,49791914,541.8,5865.0
12656,72724.9,20,49782369,49782040,594.4,7044.0
12657,72725.2,20,49770789,49846905,731.9,9013.0
12658,72726.1,20,49745204,9136682512,40.3,453.0
12659,72729.0,20,49808183,49772763,292.1,3229.0
12660,72729.4,20,49856112,49846606,933.1,11316.0
12661,72730.5,20,49825108,49750737,609.4,7945.0
12662,72734.4,20,49745650,49787504,158.8,1734.0
12663,72734.7,20,49741730,49813458,198.4,2209.0
12664,72734.7,20,49865234,49801237,742.3,8646.0
12665,72736.5,20,49776461,49731467,1017.4,11455.0
12666,72739.0,20,49770423,49862388,713.4,8218.0
12667,72740.3,20,49849181,1364961101,311.6,3867.0
12668,72740.6,20,49741740,49825121,255.2,2892.0
12669,72740.7,20,49825409,49789603,126.3,1386.0
12670,72740.8,20,49803595,49826690,480.0,5387.0
12671,72740.9,20,1060365691,49824748,130.9,1505.0
12672,72741.0,20,49776031,49824189,437.8,4930.0
12673,72744.3,20,6777089507,49832844,514.2,6136.0
12674,72744.4,20,5320434814,1365013793,554.7,6535.0
12675,72744.7,20,3001046648,49772909,526.0,5976.0
12676,72745.1,20,49881497,49763122,797.8,9119.0
12677,72749.3,20,49845850,8549123230,450.1,5050.0
12678,72749.8,20,4001557203,49797051,381.1,4316.0
12679,72750.2,20,49803721,49790850,685.3,8203.0
12680,72751.3,20,641128680,3665453337,676.5,7741.0
12681,72762.8,20,641116213,5235719308,520.5,5852.0
12682,72766.8,20,49810122,49820583,665.6,7664.0
12683,72766.9,20,12128376033,3000233147,259.0,3254.0
12684,72768.1,20,49779896,641112617,130.3,1460.0
12685,72770.9,20,3672563449,2377417309,499.1,5644.0
12686,72774.1,20,49820743,49882369,425.3,4760.0
12687,72774.1,20,49763640,49847617,403.4,4524.0
12688,72775.6,20,49805505,2956751427,627.3,7167.0
12689,72776.0,20,49762379,49764440,312.7,3756.0
12690,72776.2,20,642317837,641116349,592.3,8145.0
12691,72778.0,20,3016605388,49741398,545.1,6516.0
12692,72779.4,20,641116215,49775726,923.6,11467.0
12693,72785.0,20,4697534335,49745417,620.0,7273.0
12694,72785.4,20,8299152846,49847427,455.5,5963.0
12695,72786.5,20,2440761314,642334066,334.8,4980.0
12696,72788.9,20,3669554866,49731467,756.4,8521.0
12697,72792.6,20,49739609,49778012,115.0,1418.0
12698,72797.4,20,49763049,49804653,551.2,6831.0
12699,72797.4,20,3608395904,10148005826,627.8,8080.0
12700,72797.5,20,774340109,49769594,384.0,4356.0
12701,72798.3,20,7802243127,49753502,453.6,5061.0
12702,72800.0,20,8461692431,641116270,403.3,4787.0
12703,72801.0,20,49762191,645963060,191.0,2156.0
12704,72802.0,20,1466445325,49857731,526.2,5907.0
12705,72803.0,20,49821002,1475737875,770.8,9331.0
12706,72804.5,20,49787616,49743561,566.4,6529.0
12707,72805.3,20,49741730,49837434,303.4,3431.0
12708,72805.4,20,49845830,49741801,510.9,5749.0
12709,72811.0,20,1243974048,49745365,447.1,5128.0
12710,72811.7,20,9130874912,2535854806,743.6,9063.0
12711,72813.6,20,4629699772,1367470207,317.2,3595.0
12712,72816.2,20,49750332,49817415,332.8,4712.0
12713,72818.1,20,49800238,3665462749,1117.8,12935.0
12714,72818.3,20,633085015,49742352,600.6,6845.0
12715,72820.0,20,49741740,11569406868,171.4,1932.0
12716,72821.0,20,49745243,49823952,172.9,1891.0
12717,72821.2,20,12529163241,641073478,571.6,6522.0
12718,72823.8,20,49770423,49777919,174.4,1774.0
12719,72828.0,20,982859843,49793906,611.0,7526.0
12720,72831.7,20,49724395,5533679477,487.0,6247.0
12721,72832.6,20,49745468,49762108,620.9,6749.0
12722,72833.1,20,49825409,49790322,69.6,745.0
12723,72835.0,20,3378222897,876652349,793.6,9817.0
12724,72835.7,20,3672563449,49789898,252.6,2884.0
12725,72837.8,20,49801673,49788509,554.4,6454.0
12726,72838.2,20,9130874912,12305015449,706.3,8234.0
12727,72839.4,20,49741730,49849366,322.1,3568.0
12728,72841.3,20,49796897,1462088983,1035.9,12957.0
12729,72841.7,20,2974621124,49845119,577.3,6755.0
12730,72844.6,20,12292446080,49741095,830.2,9596.0
12731,72845.4,20,3659095236,49724042,475.0,5856.0
12732,72846.1,20,1017379708,9130918414,420.6,4998.0
12733,72846.6,20,49825108,641964569,203.1,2363.0
12734,72846.9,20,49773526,49809228,263.9,2903.0
12735,72848.9,20,49743231,49745418,835.4,9552.0
12736,72849.5,20,49810122,49775608,439.9,5081.0
12737,72850.1,20,49748223,49885288,255.4,3304.0
12738,72850.3,20,49787863,49747882,411.4,4650.0
12739,72851.7,20,49741274,49728828,593.4,8091.0
12740,72852.7,20,49756474,1379443774,237.5,2720.0
12741,72854.7,20,655442838,49796605,603.6,7208.0
12742,72857.7,20,49716899,655680330,500.3,6451.0
12743,72859.4,20,49745193,49770805,228.1,2723.0
12744,72863.0,20,1804420112,642446323,503.4,6343.0
12745,72863.9,20,49763640,641127544,382.2,4324.0
12746,72864.2,20,49759499,49839771,961.5,11718.0
12747,72867.2,20,49789376,3667974779,375.9,4028.0
12748,72868.0,20,49782369,49852910,439.9,4748.0
12749,72870.0,20,49796861,49734414,528.7,7473.0
12750,72871.2,20,49756492,49767044,380.0,4001.0
12751,72872.3,20,3378222899,49754505,325.0,3631.0
12752,72873.8,20,5128694815,49814912,58.6,635.0
12753,72875.5,20,3001288930,49753502,212.2,2426.0
12754,72875.8,20,49766721,2444588215,637.1,7244.0
12755,72876.4,20,49764791,49775998,155.7,1731.0
12756,72877.4,20,49780562,2896020717,545.9,7331.0
12757,72877.5,20,806521182,12864633720,600.4,6651.0
12758,72880.3,20,49763640,5863324096,868.0,10959.0
12759,72880.5,20,49752584,49758287,672.1,7732.0
12760,72881.8,20,49721277,49837965,1049.2,11788.0
12761,72884.0,20,5563919714,49789393,823.7,10006.0
12762,72886.5,20,49881497,641107725,480.9,5902.0
12763,72890.0,20,3672563449,49741027,502.1,5680.0
12764,72890.4,20,49847370,49860022,273.7,3083.0
12765,72893.2,20,13790612928,49731236,501.0,5718.0
12766,72893.3,20,3240030410,49743125,607.7,7500.0
12767,72893.9,20,49794206,49845895,248.9,2815.0
12768,72895.8,20,49817254,49804041,443.2,4577.0
12769,72897.8,20,49741274,49767448,430.9,4793.0
12770,72899.6,20,655442853,49813511,612.2,7086.0
12771,72904.0,20,49763104,49734109,504.6,5747.0
12772,72909.6,20,49762207,49819386,274.9,3183.0
12773,72913.8,20,49894130,49754653,811.0,9368.0
12774,72916.1,20,49797543,3282259542,90.5,1009.0
12775,72917.8,20,49809200,3000324160,387.7,4457.0
12776,72921.7,20,1362307924,49754714,519.3,5920.0
12777,72924.4,20,49775608,645963249,230.6,2533.0
12778,72927.0,20,655442838,49739764,573.8,6405.0
12779,72928.7,20,49793777,13451873036,247.5,2873.0
12780,72930.2,20,49787486,867659605,243.9,2792.0
12781,72934.1,20,701602949,49784254,326.9,3646.0
12782,72934.6,20,1381307996,3665450118,763.2,8976.0
12783,72936.5,20,49797401,49819392,73.5,803.0
12784,72937.3,20,49789205,49823219,308.7,3461.0
12785,72938.0,20,49803721,49741069,169.6,1925.0
12786,72938.2,20,49748066,9655135481,112.6,1256.0
12787,72938.5,20,49741274,49756798,508.7,5672.0
12788,72940.0,20,49741274,49794213,477.0,5260.0
12789,72942.0,20,49750169,2921295182,633.0,8187.0
12790,72944.4,20,49771469,1485037087,533.2,6913.0
12791,72944.5,20,49876468,49809336,776.0,8965.0
12792,72944.7,20,1804420112,49732053,373.3,4210.0
12793,72945.1,20,3012784293,49770691,198.3,2253.0
12794,72946.8,20,49794047,49773386,88.2,941.0
12795,72950.7,20,49809177,49802395,514.2,5973.0
12796,72951.8,20,49789219,3995435800,568.4,6650.0
12797,72954.5,20,49776461,49779994,432.1,4874.0
12798,72954.9,20,49741104,8530666829,581.2,7457.0
12799,72956.0,20,49780562,49718509,385.0,4238.0
12800,72956.4,20,49752584,49839158,456.5,5395.0
12801,72956.9,20,1484482239,49847389,671.0,8250.0
12802,72958.5,20,3670756345,49772296,344.2,3906.0
12803,72961.1,20,6777089504,1379495867,377.7,4339.0
12804,72961.2,20,5698252199,49731544,259.4,2878.0
12805,72962.7,20,49883336,49882399,447.1,5826.0
12806,72963.8,20,49787453,49844804,317.2,3575.0
12807,72964.6,20,2795614002,49760920,872.4,9675.0
12808,72967.9,20,49724395,49744686,234.6,2531.0
12809,72968.3,20,49748725,49741735,326.5,3665.0
12810,72968.4,20,49888300,645963548,766.0,9278.0
12811,72970.1,20,655447275,635178708,490.8,5862.0
12812,72970.6,20,49763606,49768341,685.5,8451.0
12813,72971.6,20,49745188,49773477,808.7,9983.0
12814,72972.7,20,1017379708,646216721,621.4,7190.0
12815,72974.8,20,4001470337,49734854,199.0,2513.0
12816,72976.0,20,49744587,1443727085,433.6,4838.0
12817,72977.7,20,49745669,49775537,355.1,4079.0
12818,72978.3,20,8245233135,49735128,659.1,7240.0
12819,72982.7,20,49789277,3370866933,166.0,1900.0
12820,72983.0,20,49752628,49767514,338.6,3690.0
12821,72983.6,20,49809200,49752671,372.6,4351.0
12822,72985.4,20,49739609,3601521523,381.0,4263.0
12823,72986.4,20,49778342,49788308,282.6,3309.0
12824,72987.7,20,3378222899,49790041,299.5,3365.0
12825,72989.4,20,49774794,641127592,152.0,1754.0
12826,72991.9,20,49865817,49826868,529.5,5812.0
12827,72992.7,20,49815687,2399740768,505.0,5772.0
12828,72992.8,20,1804420112,641116194,286.4,3231.0
12829,72994.9,20,49770670,49750268,771.7,10974.0
12830,72996.4,20,49783079,647030741,63.4,672.0
12831,72998.8,20,3001046648,49772829,725.3,8320.0
12832,72999.7,20,49773532,4079385850,548.9,7293.0
12833,73001.4,20,49745459,49789251,95.8,999.0
12834,73002.9,20,49748212,49826533,194.6,3021.0
12835,73003.1,20,49779907,49768048,389.9,4491.0
12836,73004.3,20,9592908693,11569406868,460.9,5544.0
12837,73010.0,20,3006022047,11275506478,684.0,10705.0
12838,73013.4,20,1379471024,1109925312,494.5,5731.0
12839,73013.4,20,49809189,1387016930,508.9,5788.0
12840,73013.6,20,49741104,49760915,195.4,2076.0
12841,73014.2,20,49762383,641110773,319.0,3632.0
12842,73014.3,20,49797596,49755064,847.0,11102.0
12843,73015.8,20,49776416,814299107,494.4,5664.0
12844,73020.9,20,49799643,49830543,226.0,2802.0
12845,73027.0,20,49794206,49716899,404.0,4577.0
12846,73028.8,20,49741730,49816269,950.0,11892.0
12847,73034.7,20,3669554865,958981263,192.6,2173.0
12848,73036.9,20,49763064,49747365,212.9,2537.0
12849,73037.9,20,5445800908,49795422,1117.5,13352.0
12850,73043.4,20,49809177,49794588,612.8,6903.0
12851,73044.8,20,1484331315,642336067,435.8,6844.0
12852,73046.4,20,49826586,12937946004,491.1,5965.0
12853,73048.8,20,1740764624,49800135,113.6,1299.0
12854,73049.6,20,49809177,11368228083,749.5,9669.0
12855,73054.6,20,3672563449,49772825,493.0,5783.0
12856,73056.3,20,3670756345,49816550,593.5,7927.0
12857,73061.1,20,49764794,876615194,140.7,1554.0
12858,73062.3,20,4695979927,49759294,722.2,8442.0
12859,73062.7,20,49777795,3219165573,349.4,3950.0
12860,73062.9,20,49797586,49843101,370.0,4315.0
12861,73067.2,20,49720045,49794264,996.8,11090.0
12862,73067.3,20,49764271,49816872,828.7,10539.0
12863,73069.1,20,49771030,49774400,860.5,9994.0
12864,73071.0,20,4975093911,1243974177,102.6,1108.0
12865,73072.0,20,49765167,49870270,366.8,4032.0
12866,73074.5,20,49753516,3577477868,461.1,5372.0
12867,73074.7,20,49774098,49787890,613.3,6851.0
12868,73075.7,20,49848293,49853914,607.8,7334.0
12869,73077.0,20,49797586,5180966153,347.4,4001.0
12870,73080.7,20,9768681893,49764863,258.9,2769.0
12871,73082.0,20,3125716147,49780087,594.2,7285.0
12872,73083.7,20,12520587443,49800294,555.9,6483.0
12873,73084.2,20,49777628,49739559,477.0,5766.0
12874,73084.6,20,49745129,13765588182,1298.4,15714.0
12875,73084.8,20,49770672,49765073,450.5,5359.0
12876,73085.0,20,641054075,49882741,299.1,3258.0
12877,73087.0,20,49855611,49745417,770.6,9329.0
12878,73091.2,20,49770657,49826859,478.1,5298.0
12879,73092.6,20,2616277014,6799665643,498.0,5331.0
12880,73094.7,20,49810122,646030930,400.2,4444.0
12881,73095.1,20,49820874,876615209,700.3,7840.0
12882,73096.2,20,3669554866,3531416324,240.5,2685.0
12883,73097.2,20,655661924,49774952,492.7,6379.0
12884,73100.1,20,642317837,49730747,217.8,2451.0
12885,73101.4,20,49776112,49861137,340.9,3816.0
12886,73106.6,20,701602949,49735267,612.0,7122.0
12887,73108.1,20,1379471024,49794262,545.8,6065.0
12888,73109.7,20,49767451,49847370,344.2,3752.0
12889,73112.0,20,9136825813,641107667,168.1,1904.0
12890,73116.2,20,49881497,49794220,741.0,8472.0
12891,73119.7,20,11261031471,13259914865,227.3,2727.0
12892,73120.0,20,655680757,49833236,440.5,5776.0
12893,73125.5,20,49748151,49772380,1071.6,13520.0
12894,73126.1,20,49745636,49745225,133.0,1521.0
12895,73127.0,20,49797586,49830847,784.1,11057.0
12896,73128.7,20,49782130,3670782176,847.0,11004.0
12897,73129.7,20,49764271,49758032,733.9,8380.0
12898,73129.9,20,5698252199,49770633,75.2,837.0
12899,73130.1,20,49721610,11608869607,566.0,6531.0
12900,73131.2,20,4635639617,655448762,476.3,6067.0
12901,73135.9,20,49745240,49752363,651.5,8045.0
12902,73137.5,20,3672563449,640784713,320.7,3703.0
12903,73139.8,20,1381216023,8428432589,620.9,8285.0
12904,73140.2,20,1443727088,49801537,320.3,3569.0
12905,73143.2,20,49743415,49720530,389.5,4466.0
12906,73144.2,20,3007042409,49745693,545.6,6436.0
12907,73147.2,20,3125718572,49758013,820.8,8601.0
12908,73147.8,20,655442833,2428739670,499.4,5907.0
12909,73147.9,20,12529163241,49752621,28.4,280.0
12910,73154.4,20,49745240,49749182,689.1,7558.0
12911,73155.8,20,4975093911,49825825,491.1,5610.0
12912,73159.5,20,49752628,49801378,937.6,11675.0
12913,73160.5,20,49787486,49837376,725.8,9640.0
12914,73162.0,20,49845830,3665467710,854.9,9836.0
12915,73162.8,20,646065021,49797751,622.2,7100.0
12916,73163.0,20,49745669,49764791,368.5,4322.0
12917,73164.4,20,49748151,49773663,411.1,4870.0
12918,73164.4,20,49770684,6799665639,429.3,5259.0
12919,73165.6,20,49898275,49777586,776.1,9573.0
12920,73166.6,20,1804420109,9068829825,330.2,3490.0
12921,73166.9,20,49807256,49845895,333.5,3825.0
12922,73168.5,20,806521182,9908447530,666.3,7933.0
12923,73168.5,20,49752628,3219165573,279.1,3075.0
12924,73169.2,20,3659095236,5558783202,605.5,7223.0
12925,73171.0,20,49745632,647030731,230.9,2652.0
12926,73171.7,20,3240030410,49814955,669.6,8063.0
12927,73172.2,20,9768681893,775930969,376.1,4168.0
12928,73172.6,20,49756373,49843037,194.1,2213.0
12929,73173.4,20,49764904,49750636,640.6,7713.0
12930,73175.8,20,3670756345,49793759,131.3,1470.0
12931,73176.8,20,49756892,49841937,546.8,6147.0
12932,73177.4,20,3012829798,49747338,572.5,6828.0
12933,73178.6,20,49770782,3370944892,508.3,5915.0
12934,73183.8,20,641127560,657211855,888.2,10948.0
12935,73185.4,20,49822365,647026148,599.9,6471.0
12936,73189.8,20,49797596,49813829,784.8,9586.0
12937,73190.9,20,49782040,49841339,865.0,11653.0
12938,73191.3,20,49774093,4274261372,930.7,10514.0
12939,73191.9,20,3669554866,49839951,286.2,3238.0
12940,73192.7,20,49809189,9131079907,238.0,2667.0
12941,73192.9,20,49876468,49741203,329.7,3602.0
12942,73195.9,20,655442853,49772829,880.1,10303.0
12943,73196.8,20,49765161,3277475355,264.0,3379.0
12944,73198.4,20,49787863,49735404,508.7,5651.0
12945,73200.2,20,49843692,49774966,212.2,2345.0
12946,73200.7,20,49773062,49884991,579.6,6361.0
12947,73205.2,20,49787890,49892879,534.3,6956.0
12948,73209.2,20,49739609,642421214,342.3,3948.0
12949,73210.8,20,49801673,49763827,454.7,5228.0
12950,73211.2,20,49866935,49791954,763.0,9062.0
12951,73220.1,20,49777815,11177333923,245.0,2889.0
12952,73221.7,20,49745335,641111009,375.6,4290.0
12953,73222.5,20,49827624,3061294316,658.8,8869.0
12954,73223.5,20,49815809,49813499,267.8,2968.0
12955,73223.9,20,49749379,10806883917,258.7,2797.0
12956,73224.6,20,633923936,49763618,391.3,4318.0
12957,73228.1,20,49752584,49764318,461.1,4998.0
12958,73231.7,20,2927432297,10020947573,947.2,11906.0
12959,73233.4,20,49796229,3781487710,571.1,6055.0
12960,73234.9,20,49774098,49760126,692.5,7663.0
12961,73235.2,20,49773040,642317837,459.0,6708.0
12962,73236.1,20,49745677,49781410,1149.8,13712.0
12963,73237.3,20,1364961088,49764509,399.1,4581.0
12964,73240.4,20,49842421,49779784,438.2,5671.0
12965,73242.6,20,49797051,49844821,207.5,2273.0
12966,73242.8,20,49753516,49757055,570.8,7291.0
12967,73249.0,20,3012829811,49741467,656.2,9190.0
12968,73249.4,20,814299111,49774871,126.8,1555.0
12969,73252.9,20,49745468,49781470,452.1,5513.0
12970,73253.5,20,12143083687,647628098,525.6,6343.0
12971,73258.8,20,3027665453,2428508041,350.6,3994.0
12972,73259.6,20,49769193,49822260,804.9,11743.0
12973,73260.0,20,3012784293,49779761,498.1,6220.0
12974,73260.0,20,49845850,49761428,1040.3,12616.0
12975,73261.4,20,49756373,3995094699,135.4,1510.0
12976,73263.6,20,49753516,49754143,925.7,13041.0
12977,73263.9,20,49777628,49789487,414.8,5033.0
12978,73264.0,20,49870944,49765285,528.2,5864.0
12979,73265.5,20,49777795,9590992031,396.1,4505.0
12980,73266.6,20,49777795,49772078,654.1,8451.0
12981,73267.6,20,49764791,49760126,338.8,3717.0
12982,73269.3,20,49848293,49752512,546.0,6762.0
12983,73272.7,20,49809177,640712834,855.2,10709.0
12984,73276.0,20,49888300,49810989,508.3,6334.0
12985,73276.7,20,655247774,49817467,216.9,2442.0
12986,73276.8,20,11261031488,49769485,478.7,5657.0
12987,73278.8,20,642334076,876615209,392.7,5392.0
12988,73282.6,20,3372235139,6773125499,1123.0,12811.0
12989,73283.4,20,49793777,49797631,136.5,1454.0
12990,73292.0,20,9130874912,49784078,745.2,9122.0
12991,73296.4,20,3012535014,49767131,189.1,2124.0
12992,73299.2,20,49748066,49837552,197.6,2148.0
12993,73300.3,20,49774079,7320005808,680.3,8357.0
12994,73302.2,20,49724395,49730351,272.5,2932.0
12995,73305.0,20,49849187,49754633,417.0,4652.0
12996,73306.2,20,49765113,49745232,49.4,551.0
12997,73308.5,20,638452596,653947543,626.4,7548.0
12998,73313.4,20,49743231,49724289,1040.4,14724.0
12999,73314.1,20,49785338,9622473645,444.3,5064.0
13000,73317.1,20,49787640,49811825,258.0,2822.0
13001,73317.2,20,49771030,49816636,1296.8,16174.0
13002,73321.2,20,49779896,49741581,449.9,5037.0
13003,73321.4,20,49845777,5277494834,511.7,7144.0
13004,73322.4,20,49739801,49801827,836.1,11297.0
13005,73326.6,20,2502976209,11065795777,463.5,5322.0
13006,73327.8,20,49748066,49795377,316.7,3533.0
13007,73328.8,20,49745247,49869544,446.1,4916.0
13008,73330.2,20,49745459,49784230,434.4,4677.0
13009,73332.1,20,49745636,49786576,253.4,2888.0
13010,73333.3,20,49794431,49813493,355.1,3944.0
13011,73334.9,20,49752115,9590992031,882.8,9982.0
13012,73335.8,20,3661066117,5564258807,929.2,11296.0
13013,73336.1,20,49764314,49878289,266.5,3135.0
13014,73337.4,20,49848686,49884091,391.9,5071.0
13015,73339.0,20,641116231,11076193230,45.7,513.0
13016,73340.5,20,49878016,49841884,194.2,2279.0
13017,73345.4,20,3125716147,49784107,938.2,9816.0
13018,73348.7,20,4366096286,49744222,674.7,8767.0
13019,73349.7,20,49815809,5564258812,713.7,7865.0
13020,73351.5,20,3670756345,49816372,569.9,6999.0
13021,73354.3,20,655661924,49861091,312.8,3675.0
13022,73354.4,20,3000430293,705647581,305.6,3011.0
13023,73355.0,20,49810877,49734102,582.5,7204.0
13024,73355.2,20,49745207,49763891,665.9,7685.0
13025,73356.5,20,49845830,13256450893,599.7,6666.0
13026,73358.1,20,49749838,1493828504,121.7,1270.0
13027,73358.2,20,49848820,49847319,426.9,4756.0
13028,73359.9,20,49745204,49768925,812.3,10309.0
13029,73364.2,20,647043625,644537712,471.6,5957.0
13030,73365.8,20,49753516,49747512,641.8,8366.0
13031,73366.3,20,49776916,3665453339,760.0,8466.0
13032,73368.5,20,49809200,49719438,453.7,5245.0
13033,73370.6,20,9130874912,49757719,669.5,9463.0
13034,73372.8,20,49772987,13733946370,454.0,6351.0
13035,73373.5,20,49749374,1364961107,663.2,7725.0
13036,73373.6,20,9797239771,49759124,361.8,4422.0
13037,73373.8,20,49745677,49859960,190.4,1950.0
13038,73374.1,20,49776916,49723261,663.8,7895.0
13039,73374.4,20,655442838,49726342,133.6,1698.0
13040,73375.7,20,3240030410,49789196,334.5,3792.0
13041,73379.9,20,8592032116,49786572,326.5,4086.0
13042,73384.3,20,5180966153,1363151612,283.5,3368.0
13043,73387.1,20,641087352,641127613,28.0,308.0
13044,73388.3,20,49792107,1443727055,110.9,1175.0
13045,73388.3,20,49740442,49847149,639.4,8711.0
13046,73389.0,20,49865768,49741778,431.5,4817.0
13047,73392.1,20,49767517,642334085,622.8,7431.0
13048,73398.7,20,49745204,649839110,789.4,9989.0
13049,73399.0,20,49797586,49759788,472.6,5468.0
13050,73399.9,20,49773040,49783017,527.7,5802.0
13051,73402.4,20,655442839,13259914865,513.2,5981.0
13052,73403.5,20,49848293,49800344,392.4,4922.0
13053,73403.9,20,2896020586,49746697,979.1,12264.0
13054,73404.5,20,3670756359,49718816,487.5,6687.0
13055,73406.0,20,49845726,3379821559,410.5,4639.0
13056,73406.8,20,49833602,3415851740,363.1,4624.0
13057,73406.9,20,49845726,49837092,666.0,7493.0
13058,73407.7,20,49789379,3012429749,663.9,8133.0
13059,73408.4,20,3669554865,49767506,403.3,4597.0
13060,73410.1,20,49721277,49772362,118.5,1240.0
13061,73410.3,20,3669554874,49784228,672.7,7626.0
13062,73413.6,20,49771030,49757892,1449.3,17553.0
13063,73414.9,20,49821002,49756857,196.3,2195.0
13064,73419.3,20,2927432297,1364961094,402.5,4489.0
13065,73420.0,20,4325552565,49790448,753.3,10697.0
13066,73421.9,20,49749851,965725392,711.0,9478.0
13067,73422.0,20,1381307998,5495854057,407.6,4492.0
13068,73422.9,20,3005831881,641107659,367.9,4083.0
13069,73423.4,20,49745240,49761370,229.3,2546.0
13070,73427.0,20,49840739,1381251700,595.7,8473.0
13071,73428.0,20,49753516,49744095,921.9,12281.0
13072,73428.3,20,49797063,49763891,582.8,6753.0
13073,73429.8,20,49789369,1182753937,1013.3,13390.0
13074,73430.0,20,1379471556,1381307995,142.4,1505.0
13075,73432.6,20,49844851,6007151792,172.3,1926.0
13076,73433.7,20,3378222897,1443727079,401.3,4558.0
13077,73433.9,20,1381216023,49790053,530.2,6058.0
13078,73439.0,20,49767194,49873430,417.6,4590.0
13079,73439.7,20,641116247,49881791,341.5,3842.0
13080,73440.3,20,49773647,49737731,380.3,4300.0
13081,73442.8,20,1474747464,49762661,133.0,1612.0
13082,73444.5,20,655247775,49832844,283.0,3380.0
13083,73444.8,20,262430827,6004244728,753.6,9231.0
13084,73446.1,20,49739559,641127591,533.2,6051.0
13085,73446.8,20,11460035915,4325552566,68.9,781.0
13086,73451.6,20,49844794,49815565,448.5,5026.0
13087,73452.4,20,622720915,49862640,675.4,8809.0
13088,73452.6,20,49793549,49715998,538.6,6228.0
13089,73453.8,20,3125716147,49732422,728.9,8032.0
13090,73454.3,20,49749374,49762191,758.1,8835.0
13091,73454.8,20,49756373,49737482,320.9,3740.0
13092,73459.5,20,49744587,49837256,442.4,7160.0
13093,73462.4,20,49860783,9647428770,603.3,6921.0
13094,73462.9,20,49763640,49767368,867.2,11080.0
13095,73463.6,20,447591561,49890166,462.9,5115.0
13096,73463.8,20,5698252199,49827223,774.2,10072.0
13097,73473.3,20,49745214,49790401,440.5,4807.0
13098,73473.8,20,4001470337,49752183,468.7,5360.0
13099,73477.9,20,49774091,12068811315,480.4,5378.0
13100,73480.2,20,11261031488,783625725,442.6,5131.0
13101,73481.4,20,49770755,3670782179,863.1,11020.0
13102,73481.8,20,49782369,49878328,194.8,2598.0
13103,73482.1,20,49822928,4807147204,364.9,4066.0
13104,73484.1,20,5180966153,49811058,783.5,9544.0
13105,73484.3,20,49809189,49823347,472.0,5377.0
13106,73486.0,20,655442833,49798186,75.5,836.0
13107,73488.7,20,7494204321,3657251444,1003.5,11437.0
13108,73489.8,20,2974621123,49750770,586.8,7179.0
13109,73489.9,20,49799643,49852904,601.4,6655.0
13110,73493.6,20,49745628,49747457,291.6,3595.0
13111,73494.0,20,49762191,9480293897,284.8,3153.0
13112,73495.0,20,49799643,49812744,269.8,3076.0
13113,73495.1,20,49796897,49817489,200.0,2216.0
13114,73496.0,20,49745284,49765400,482.6,5198.0
13115,73496.8,20,3011565329,5926299033,883.0,10151.0
13116,73497.6,20,49745335,49761426,938.8,11342.0
13117,73499.8,20,1381216023,647087545,572.3,7074.0
13118,73508.6,20,49770670,49810642,670.3,7423.0
13119,73511.1,20,49793729,49746242,798.7,9387.0
13120,73513.1,20,655680824,49741287,556.8,7009.0
13121,73513.2,20,49803595,647026148,462.5,5299.0
13122,73514.3,20,49803595,49748184,406.0,4651.0
13123,73516.8,20,774340109,49772729,475.2,5379.0
13124,73519.7,20,1804420112,49861137,235.9,2653.0
13125,73519.8,20,49745628,49741733,211.1,2436.0
13126,73519.9,20,49809698,3669554878,205.5,2403.0
13127,73520.5,20,3012535014,49764321,199.0,2266.0
13128,73520.5,20,49801673,49724333,939.2,12303.0
13129,73522.2,20,49777556,2535854820,639.9,7772.0
13130,73523.2,20,49741095,49739633,138.9,1552.0
13131,73524.0,20,4561710231,49893251,672.3,8278.0
13132,73526.3,20,5698252199,11275506147,875.6,10840.0
13133,73530.9,20,49800238,49776036,508.4,6126.0
13134,73531.5,20,4635639616,650017980,399.3,5527.0
13135,73531.7,20,49745636,49759085,371.5,4220.0
13136,73532.7,20,641116273,5446812581,282.9,3181.0
13137,73533.3,20,2927432300,49784169,347.8,3553.0
13138,73534.0,20,49797543,49749097,432.2,4919.0
13139,73537.3,20,49752628,49780533,419.6,4574.0
13140,73537.7,20,49770680,49788448,494.8,5645.0
13141,73538.2,20,1379495867,12974478437,310.4,3422.0
13142,73538.3,20,49774093,1443727117,370.1,4102.0
13143,73539.0,20,49777792,4000786670,648.9,8078.0
13144,73539.2,20,49816382,5325469688,184.1,2013.0
13145,73540.6,20,49787486,49849139,361.5,4111.0
13146,73541.1,20,7014093206,13733853857,180.1,2014.0
13147,73542.1,20,49789379,49747457,775.7,10462.0
13148,73542.7,20,9130874912,49745673,651.7,7428.0
13149,73547.2,20,1240476057,49748231,188.7,2097.0
13150,73548.6,20,49745129,647622726,544.8,6757.0
13151,73552.3,20,49772747,49752603,198.3,1774.0
13152,73553.0,20,49845777,49841785,320.1,3498.0
13153,73553.3,20,49770423,49781443,1014.9,11796.0
13154,73554.8,20,49845777,49734619,377.8,4243.0
13155,73556.5,20,49774098,49773577,366.5,4092.0
13156,73560.3,20,49774098,49852718,142.3,1723.0
13157,73562.9,20,49845726,49750770,558.6,6578.0
13158,73563.5,20,49721277,49825561,365.0,4084.0
13159,73565.9,20,49774098,49749098,548.5,6032.0
13160,73568.6,20,12974478437,49813472,259.0,2890.0
13161,73569.9,20,49753516,49849181,630.9,7430.0
13162,73573.0,20,49773647,49787504,80.6,867.0
13163,73573.7,20,49813347,49798166,660.4,8106.0
13164,73575.0,20,49740442,49759656,554.4,7375.0
13165,73576.6,20,1218534986,49816640,1001.6,13009.0
13166,73581.1,20,1060365691,49769215,375.8,4126.0
13167,73581.5,20,49817499,49791761,38.1,438.0
13168,73583.8,20,49745186,1443727005,785.5,11169.0
13169,73584.9,20,49773558,49797015,31.7,345.0
13170,73589.3,20,5180966153,1493828502,422.2,5516.0
13171,73592.1,20,49742771,49734615,702.5,7371.0
13172,73595.4,20,638789448,49742418,617.0,6865.0
13173,73601.2,20,49724395,2899430534,264.0,3673.0
13174,73604.7,20,1618429530,8178628638,269.4,2950.0
13175,73605.2,20,3661066117,5521303041,788.1,9562.0
13176,73605.2,20,49770670,1937256110,354.2,3907.0
13177,73606.0,20,49777795,49773526,88.9,1014.0
13178,73606.1,20,49767194,3006698832,231.4,2728.0
13179,73607.0,20,49773590,876615362,206.4,2360.0
13180,73612.8,20,1474747464,783626441,862.6,10604.0
13181,73613.8,20,49825108,1443482362,243.4,2839.0
13182,73614.8,20,11275506476,49885538,1424.5,17409.0
13183,73616.7,20,49734621,1748885246,881.9,11072.0
13184,73618.0,20,3125718572,49745235,651.0,7762.0
13185,73618.3,20,1017391970,9480293897,365.7,4009.0
13186,73618.6,20,49797596,13256457603,501.7,5562.0
13187,73622.3,20,3240030410,3062846866,560.7,7248.0
13188,73623.0,20,49731670,726995464,595.7,8676.0
13189,73623.9,20,49846816,647043964,231.9,2660.0
13190,73626.3,20,49753516,1443573427,990.6,12266.0
13191,73629.0,20,49817838,49777308,1130.6,14298.0
13192,73630.6,20,49767451,49801620,456.2,5229.0
13193,73630.8,20,3012535014,49811564,640.3,7322.0
13194,73633.6,20,49735524,49797753,318.4,3499.0
13195,73636.8,20,2696812482,49799643,59.1,684.0
13196,73640.0,20,4935980603,49775998,427.6,5725.0
13197,73641.7,20,49777795,49772747,565.4,6542.0
13198,73642.2,20,49805505,13828890638,658.2,7670.0
13199,73642.7,20,49745677,49848487,765.4,8016.0
13200,73645.2,20,49776461,5638315243,414.1,5299.0
13201,73645.2,20,49779839,49808317,530.0,6765.0
13202,73647.7,20,49752115,49779910,271.1,3055.0
13203,73648.1,20,655442853,3372235136,678.5,7714.0
13204,73648.3,20,49845837,1364987313,484.9,5636.0
13205,73649.2,20,49809189,4807605970,223.8,2541.0
13206,73653.7,20,49748151,49812397,125.1,1372.0
13207,73654.8,20,4001557203,49767391,47.4,534.0
13208,73659.6,20,49745208,49780840,197.6,2318.0
13209,73661.4,20,49799643,641112617,247.0,2829.0
13210,73662.2,20,3240030410,49813859,462.7,5431.0
13211,73667.8,20,49772964,49775545,173.7,2002.0
13212,73668.2,20,49741695,49722745,289.6,3271.0
13213,73669.9,20,3151812441,49767949,495.9,5556.0
13214,73672.7,20,49809177,10992264214,98.9,1141.0
13215,73673.6,20,1379496002,49833236,831.5,10978.0
13216,73678.5,20,49865768,49778902,496.8,5492.0
13217,73679.2,20,49749106,1804420109,318.6,3715.0
13218,73680.9,20,49762238,49770414,673.3,8676.0
13219,73681.2,20,49745650,8549123230,436.4,4911.0
13220,73685.6,20,49815687,49777696,594.6,7029.0
13221,73688.2,20,641073443,49802810,907.4,10329.0
13222,73688.5,20,49777277,5558783202,691.9,8388.0
13223,73688.8,20,1381216023,49826390,417.6,4912.0
13224,73692.4,20,49777795,13179482138,341.7,4101.0
13225,73692.9,20,9130874912,13809741702,576.4,7231.0
13226,73696.7,20,49741730,49759039,658.4,7443.0
13227,73697.5,20,1466445325,49765155,834.9,10837.0
13228,73699.9,20,641116203,49741033,302.1,3448.0
13229,73700.2,20,49745629,12864732636,357.5,4075.0
13230,73701.9,20,8299152846,3665019989,328.3,3600.0
13231,73702.4,20,49770423,49717919,457.5,6518.0
13232,73705.1,20,49745243,49744688,429.4,4786.0
13233,73706.9,20,49810876,49744407,772.0,9481.0
13234,73710.6,20,49777795,49775466,566.8,6290.0
13235,73714.0,20,3608395904,3669554862,292.4,3779.0
13236,73716.7,20,1366261587,49801620,578.6,6781.0
13237,73718.5,20,49787160,49830546,213.7,2291.0
13238,73718.7,20,49776461,49769703,175.8,1898.0
13239,73722.6,20,49797596,49851021,410.1,4676.0
13240,73724.5,20,49743415,49882315,204.7,2291.0
13241,73729.5,20,1362307924,49773398,888.7,10731.0
13242,73731.8,20,11177333923,49837606,454.2,5251.0
13243,73735.0,20,49773070,647320588,648.9,7729.0
13244,73737.7,20,49810877,6007151792,104.3,1112.0
13245,73737.7,20,49764249,49745214,181.7,2037.0
13246,73739.2,20,641116203,49762905,511.7,5825.0
13247,73739.3,20,3012535014,49719902,328.0,3810.0
13248,73739.8,20,646065021,1493824963,591.4,6835.0
13249,73741.4,20,49817838,49764038,893.9,10743.0
13250,73750.0,20,49745680,49813493,243.7,2690.0
13251,73750.8,20,3378222899,49882979,638.3,7677.0
13252,73752.0,20,3670756345,49789583,766.7,8819.0
13253,73754.2,20,49776461,49751277,300.8,3414.0
13254,73754.3,20,3012784293,641107659,305.9,3473.0
13255,73755.2,20,4935980603,49837680,497.1,5856.0
13256,73759.5,20,10181394607,49804798,331.0,3664.0
13257,73759.8,20,49773062,49820506,234.4,2627.0
13258,73762.0,20,49764374,49741404,603.9,7317.0
13259,73763.0,20,49745636,49784130,86.4,977.0
13260,73763.6,20,49772987,655661906,214.1,2740.0
13261,73764.5,20,49881497,49738510,1077.7,13786.0
13262,73770.1,20,701602949,49734622,281.5,3242.0
13263,73771.2,20,49743972,12629467071,790.9,10319.0
13264,73772.7,20,12128376033,49863611,238.3,2680.0
13265,73776.8,20,3001046648,49745457,478.2,5384.0
13266,73780.6,20,49820583,49861386,196.1,2147.0
13267,73783.5,20,655442838,647043735,438.3,4891.0
13268,73784.5,20,49720045,49758271,1042.4,11761.0
13269,73785.0,20,49762238,49874972,358.4,3962.0
13270,73787.1,20,49817499,49757610,881.8,10540.0
13271,73789.2,20,49777795,49744137,612.8,7979.0
13272,73793.7,20,49729831,49760742,731.0,9381.0
13273,73794.7,20,9130874912,49817006,780.0,9827.0
13274,73799.2,20,49745680,3370866920,80.6,794.0
13275,73799.6,20,49855611,49827236,404.5,5457.0
13276,73800.0,20,49773012,49822994,740.6,9235.0
13277,73800.6,20,49764251,49763606,373.6,4317.0
13278,73801.1,20,49745193,49760920,429.9,4699.0
13279,73804.2,20,49848662,49775627,680.4,8600.0
13280,73806.4,20,49765155,49780235,543.1,5970.0
13281,73811.9,20,5380888621,49844851,620.0,7089.0
13282,73813.0,20,49745676,49782722,1021.5,12586.0
13283,73813.7,20,1379505588,1443727066,503.2,6362.0
13284,73814.2,20,49770640,49773595,237.1,2645.0
13285,73815.4,20,49765234,49764447,299.1,3392.0
13286,73816.6,20,3669554874,49762331,263.7,2972.0
13287,73820.3,20,647043625,12937946004,151.4,1535.0
13288,73821.7,20,49762264,13256457608,688.6,7931.0
13289,73822.4,20,49739609,49800319,449.8,5158.0
13290,73824.1,20,5128694815,49773558,365.5,4987.0
13291,73825.3,20,49741038,642334066,198.9,2324.0
13292,73827.2,20,632879321,49770715,231.5,2615.0
13293,73829.0,20,655442853,49825523,649.8,7646.0
13294,73830.4,20,9166612489,49845027,327.5,3777.0
13295,73831.9,20,49769187,9111790621,189.0,2113.0
13296,73833.5,20,2975016185,2377417311,187.9,1903.0
13297,73835.9,20,49845830,4633399537,1046.7,13065.0
13298,73837.0,20,1243974109,13437605385,469.4,5431.0
13299,73837.7,20,1381307998,641107811,151.4,2050.0
13300,73838.1,20,49749106,3461396741,101.4,1106.0
13301,73838.1,20,4303519741,49733323,567.1,7481.0
13302,73840.8,20,49777792,49757574,619.4,7036.0
13303,73844.1,20,447823042,49759070,1073.8,12251.0
13304,73845.0,20,5180966153,49734130,296.3,3500.0
13305,73846.3,20,1381216023,7802345979,438.2,5008.0
13306,73847.6,20,655442840,49758503,631.5,7062.0
13307,73850.1,20,49865817,49764447,119.0,1367.0
13308,73850.5,20,655247775,2899430519,123.3,1378.0
13309,73850.6,20,655442838,635178708,396.8,4447.0
13310,73852.4,20,829675288,49778756,694.5,7960.0
13311,73854.8,20,49825108,49745235,212.1,2398.0
13312,73855.9,20,3378222897,1443170227,336.5,3589.0
13313,73857.3,20,49810876,647043876,198.5,2255.0
13314,73858.1,20,3012535014,49748245,155.7,1810.0
13315,73859.1,20,655442838,49732428,543.8,6295.0
13316,73860.5,20,49780562,49755084,831.1,10936.0
13317,73863.3,20,49741703,2765545482,494.5,5721.0
13318,73865.5,20,49863186,2765545517,625.3,7296.0
13319,73867.4,20,49741165,1991035279,459.6,5220.0
13320,73870.4,20,1381216023,49820692,418.5,4808.0
13321,73872.2,20,49843692,49826848,798.0,8827.0
13322,73872.2,20,3012535014,641112578,311.2,3771.0
13323,73877.5,20,49870270,12849294951,528.9,6820.0
13324,73877.9,20,49763606,49789628,331.5,4194.0
13325,73878.2,20,49787160,49837606,554.7,6782.0
13326,73881.0,20,49807555,647594353,348.2,4088.0
13327,73881.5,20,49741710,2456210938,73.5,807.0
13328,73882.2,20,655442838,49746697,175.5,1921.0
13329,73884.2,20,3125716147,49755362,1049.1,11919.0
13330,73885.7,20,3672563449,1462088983,1007.0,12550.0
13331,73889.5,20,49793411,49798979,604.0,7256.0
13332,73889.9,20,1381204541,49745282,252.3,2790.0
13333,73892.4,20,49815281,639388319,929.8,11712.0
13334,73895.7,20,2975016185,49745240,454.5,6035.0
13335,73899.7,20,49817254,49775299,1288.2,16083.0
13336,73901.1,20,49745200,49791642,122.6,1364.0
13337,73904.4,20,49770670,11569406868,82.5,929.0
13338,73906.3,20,12974478437,49764352,252.9,2823.0
13339,73907.3,20,655247775,49858012,230.3,2600.0
13340,73907.6,20,655442853,876615362,341.5,4113.0
13341,73908.1,20,49837606,49758552,47.6,507.0
13342,73913.0,20,49780840,49793990,818.2,9915.0
13343,73916.2,20,49787160,49858823,1031.6,12870.0
13344,73921.1,20,49848293,5558800281,471.5,6294.0
13345,73922.9,20,49748716,49741287,405.9,4630.0
13346,73924.5,20,3012535014,705734609,383.3,4554.0
13347,73924.6,20,49845777,49753936,804.6,9913.0
13348,73927.3,20,2046464958,49745188,109.4,1233.0
13349,73928.3,20,49820874,49800109,618.6,6913.0
13350,73929.8,20,655442853,49782082,431.9,5322.0
13351,73931.3,20,9134098214,49731284,609.4,9699.0
13352,73931.9,20,1379496002,49743937,816.8,10534.0
13353,73934.1,20,49845830,5703562291,299.7,3445.0
13354,73936.8,20,49745644,49759133,584.4,6785.0
13355,73938.1,20,49845837,49765827,664.4,7897.0
13356,73939.5,20,3011107102,49775975,317.2,3722.0
13357,73943.7,20,49762191,13650509861,615.2,7388.0
13358,73946.1,20,49770627,49852986,502.5,5914.0
13359,73946.6,20,1060365691,49847403,455.7,5032.0
13360,73947.1,20,9592908693,49763640,694.7,8282.0
13361,73949.1,20,49724395,49744115,438.3,4904.0
13362,73951.4,20,647030735,49765245,424.9,4701.0
13363,73952.4,20,49820583,49797366,1012.9,12799.0
13364,73956.8,20,49748212,49758746,693.2,8677.0
13365,73957.2,20,49762210,1468884927,780.4,10372.0
13366,73957.2,20,49745240,3012429749,284.4,3266.0
13367,73960.1,20,3240030410,49848686,200.6,2248.0
13368,73960.3,20,3669554866,49848437,486.4,6591.0
13369,73964.5,20,49793729,49791750,221.6,2428.0
13370,73968.4,20,3669554862,49797082,264.5,2978.0
13371,73972.2,20,49810871,647628019,70.0,776.0
13372,73974.8,20,49772964,49749062,430.1,5130.0
13373,73980.5,20,49865817,5519663699,219.3,2481.0
13374,73981.7,20,49827531,49814761,605.8,7190.0
13375,73984.9,20,49773923,49767512,526.8,5515.0
13376,73985.2,20,3012535014,49811925,570.7,6537.0
13377,73985.2,20,1379471024,49802944,691.7,8347.0
13378,73985.7,20,49767517,49815887,554.0,6134.0
13379,73986.9,20,49745335,49824103,103.5,1134.0
13380,73988.8,20,49822365,49810049,906.3,11127.0
13381,73989.1,20,49860783,49800648,226.1,2997.0
13382,73989.2,20,49763640,49813443,170.0,1932.0
13383,73989.3,20,49763628,49719230,482.0,5344.0
13384,73991.5,20,49776112,11198017164,800.2,9036.0
13385,73992.8,20,49889382,3001130394,327.0,3988.0
13386,73996.2,20,641116187,49802664,690.8,7584.0
13387,73999.2,20,49759091,653947544,419.1,4689.0
13388,74002.4,20,49776461,49787453,612.4,6836.0
13389,74002.9,20,1379471556,49758738,907.4,11078.0
13390,74003.7,20,3669554866,49787451,783.6,9091.0
13391,74004.7,20,49789379,4807040760,522.9,6522.0
13392,74005.5,20,8461692431,49741178,420.6,4546.0
13393,74005.6,20,1004809645,49855407,284.6,3038.0
13394,74008.0,20,49741058,49820757,782.4,8895.0
13395,74008.1,20,49863186,49741341,262.7,2782.0
13396,74008.2,20,49743686,49813472,769.3,10138.0
13397,74010.8,20,49853094,49804128,307.3,3696.0
13398,74012.1,20,49803595,49776928,489.2,5427.0
13399,74012.7,20,49805505,49884181,111.7,1226.0
13400,74019.3,20,49734005,6399262937,871.6,10488.0
13401,74019.5,20,49731621,49801634,978.9,12728.0
13402,74019.9,20,49787616,49800648,301.2,3400.0
13403,74024.8,20,49773526,641116185,80.1,899.0
13404,74025.1,20,49845850,49793521,319.1,3491.0
13405,74028.8,20,49810831,49801386,686.3,8706.0
13406,74031.5,20,49797596,12324905144,762.5,8680.0
13407,74032.3,20,49844812,49818040,517.3,6296.0
13408,74032.8,20,49765155,1443727118,483.7,5742.0
13409,74035.5,20,11177333923,5558800238,378.2,4201.0
13410,74038.5,20,49853085,49719440,641.5,7209.0
13411,74039.3,20,49853085,49787863,281.5,3153.0
13412,74039.9,20,49745188,1470020432,846.4,10274.0
13413,74040.6,20,49756578,49821909,992.6,11749.0
13414,74042.9,20,49720045,11332977609,509.7,5754.0
13415,74044.2,20,4060172794,49790022,199.7,2171.0
13416,74047.0,20,49745186,49734615,239.7,2683.0
13417,74047.5,20,49752628,49759140,226.9,2656.0
13418,74048.5,20,3016605409,49848662,255.7,2887.0
13419,74050.0,20,49762238,49789704,570.5,6366.0
13420,74051.5,20,49740442,49793526,601.2,7540.0
13421,74051.8,20,641127560,49792980,920.3,11803.0
13422,74052.4,20,1381204541,5495854057,401.1,4423.0
13423,74056.5,20,3125718572,49820604,868.5,9656.0
13424,74060.1,20,49810122,3056586921,128.8,1405.0
13425,74062.1,20,641116232,49749057,383.7,4409.0
13426,74062.9,20,641116273,49769885,840.0,10135.0
13427,74065.0,20,49894515,49816008,810.3,11726.0
13428,74066.3,20,49743972,49847959,569.8,7113.0
13429,74067.1,20,3012429028,49793521,401.1,4492.0
13430,74067.4,20,49745204,49816437,255.2,2884.0
13431,74070.6,20,1379495851,49801021,607.2,6909.0
13432,74076.0,20,49741058,49851483,556.4,6092.0
13433,74076.9,20,49792123,49745289,440.1,5757.0
13434,74078.5,20,49822884,49758425,896.2,10293.0
13435,74078.7,20,49865234,8825268121,781.4,9243.0
13436,74081.9,20,49763628,638452556,342.7,3802.0
13437,74084.2,20,1021561602,49793526,250.0,2654.0
13438,74085.8,20,3672563449,49819478,412.7,4603.0
13439,74089.5,20,49782277,49808583,348.2,4164.0
13440,74091.5,20,49866935,49776452,731.2,8514.0
13441,74096.4,20,49789379,49848330,517.7,6324.0
13442,74096.8,20,49815553,3796854948,643.1,7536.0
13443,74099.2,20,49782255,7148787999,796.8,9830.0
13444,74100.9,20,49759499,655662481,82.3,881.0
13445,74101.6,20,49773647,49836661,873.7,10736.0
13446,74101.8,20,49765113,6004244727,485.8,5938.0
13447,74102.2,20,8592032116,647241842,489.1,6320.0
13448,74102.5,20,49828695,49741287,441.1,5119.0
13449,74103.1,20,49741730,49762961,664.7,8904.0
13450,74103.8,20,49774093,49742331,116.7,1263.0
13451,74104.9,20,4561710230,49787740,190.3,2207.0
13452,74105.5,20,4561710231,49741828,552.6,6646.0
13453,74106.6,20,49749106,49801021,658.8,7495.0
13454,74107.6,20,3670756358,49778002,401.8,4203.0
13455,74108.3,20,49782277,49747512,369.2,4743.0
13456,74116.2,20,49756578,1443727110,323.3,4029.0
13457,74116.4,20,49743415,49749085,480.4,5343.0
13458,74124.5,20,49782130,49816978,884.5,10910.0
13459,74124.7,20,49741095,49883336,361.3,3901.0
13460,74128.8,20,4935980603,49743646,431.5,5315.0
13461,74130.2,20,49856113,49841865,177.2,1958.0
13462,74131.2,20,49745636,5564258801,391.4,4472.0
13463,74134.1,20,49810876,13256450893,386.9,4564.0
13464,74137.2,20,49741710,49739609,488.5,5465.0
13465,74139.5,20,49845830,49778174,819.8,8997.0
13466,74145.7,20,49762191,49869068,278.8,3145.0
13467,74148.7,20,49800238,49846341,1270.1,15430.0
13468,74149.0,20,49774079,2664170700,311.0,3375.0
13469,74149.7,20,11261031488,49732327,131.9,1505.0
13470,74150.1,20,49846816,641964798,225.3,2602.0
13471,74153.3,20,49841029,10806883920,869.4,10671.0
13472,74153.4,20,2927432297,49889508,324.2,3687.0
13473,74153.9,20,2927432297,49825900,1177.4,14069.0
13474,74154.2,20,3012429028,49729831,328.0,3721.0
13475,74154.5,20,49762191,49858868,565.3,6419.0
13476,74158.1,20,6777089507,49853001,919.2,11411.0
13477,74158.6,20,49762383,49756566,304.5,3496.0
13478,74161.7,20,49801673,49861165,242.6,2724.0
13479,74170.3,20,49745628,49786661,621.6,8346.0
13480,74172.5,20,49745214,49832543,700.0,9067.0
13481,74179.1,20,641116184,49767426,322.5,3647.0
13482,74180.6,20,49745243,49837270,779.5,9687.0
13483,74180.9,20,49789277,49874112,405.4,4355.0
13484,74181.2,20,49743686,647044802,636.2,7978.0
13485,74181.4,20,49741703,49788695,352.0,4090.0
13486,74182.1,20,49842421,49791888,439.1,4834.0
13487,74184.2,20,49797596,49850686,523.0,5857.0
13488,74185.1,20,1017489190,2765102969,462.1,5533.0
13489,74186.7,20,49763640,49750636,149.9,1624.0
13490,74187.7,20,49752115,49744068,1063.7,13731.0
13491,74188.1,20,8411842743,49763147,288.9,4041.0
13492,74189.1,20,49842413,49854256,213.3,2326.0
13493,74189.3,20,49770676,49749910,637.3,8637.0
13494,74192.7,20,49768440,1462089110,1010.2,12782.0
13495,74195.6,20,49797596,1004313285,372.2,4080.0
13496,74195.7,20,49749106,49822164,551.3,7873.0
13497,74195.8,20,3012429028,2440761314,154.7,1741.0
13498,74196.1,20,5698252199,49883599,609.6,6717.0
13499,74199.0,20,3012535014,49781877,584.8,7543.0
13500,74199.5,20,49715981,49732805,192.2,1902.0
13501,74199.8,20,3012784293,49734622,391.5,4308.0
13502,74200.9,20,49865817,49782241,309.3,3548.0
13503,74201.4,20,49749203,3665453347,1029.3,12668.0
13504,74202.3,20,49860783,1467732937,1291.1,16946.0
13505,74207.8,20,1363937841,49811658,754.6,8682.0
13506,74209.5,20,49762191,49873107,727.2,9271.0
13507,74209.7,20,49787160,49812397,874.2,10327.0
13508,74211.6,20,2616277014,49731206,186.1,1926.0
13509,74212.3,20,49764314,49744030,703.7,9693.0
13510,74212.9,20,5128694815,49755530,541.9,8020.0
13511,74216.7,20,49820583,49823219,61.4,679.0
13512,74217.4,20,641116257,49832850,272.8,2962.0
13513,74218.0,20,49756881,49825030,313.7,3428.0
13514,74223.8,20,49845777,8439855809,539.3,7466.0
13515,74224.5,20,49876468,49787287,1087.5,13599.0
13516,74227.3,20,49745193,49752584,402.9,4481.0
13517,74230.2,20,49756578,49775986,266.4,2924.0
13518,74230.4,20,49787453,49832655,533.0,6106.0
13519,74231.6,20,49833602,49788635,369.6,4241.0
13520,74232.5,20,49787774,6007151792,191.1,2094.0
13521,74232.6,20,8461692431,49769485,302.7,3562.0
13522,74233.2,20,49793777,5920237687,291.9,3904.0
13523,74234.4,20,3358724761,49759798,272.8,3178.0
13524,74234.7,20,49752115,49869591,194.3,2054.0
13525,74236.3,20,3005831881,2921295523,781.2,9528.0
13526,74237.6,20,49841029,49826882,675.6,7681.0
13527,74238.2,20,49759091,1462088982,599.9,6998.0
13528,74238.5,20,49829861,49800319,652.0,7161.0
13529,74238.7,20,1379495851,49739331,444.8,5487.0
13530,74242.0,20,49770423,49843714,732.5,8017.0
13531,74243.8,20,1017391970,2399740768,449.5,5046.0
13532,74247.1,20,49748050,49789927,559.6,6052.0
13533,74247.4,20,49770684,49771451,706.0,7637.0
13534,74249.4,20,11332977605,49811067,448.5,5218.0
13535,74250.3,20,49845850,49819940,578.8,6465.0
13536,74250.5,20,1017379708,49785289,121.9,1464.0
13537,74251.3,20,49773012,641110826,264.2,2986.0
13538,74253.9,20,49797596,49856433,931.5,11524.0
13539,74259.6,20,655662508,49845777,497.1,6076.0
13540,74261.1,20,49740448,49801537,762.7,9013.0
13541,74262.2,20,5698252199,49783870,892.2,10909.0
13542,74262.8,20,3669554857,49823773,286.0,3102.0
13543,74263.4,20,5698252199,647026222,409.5,4538.0
13544,74264.6,20,11198264287,49800752,340.8,4781.0
13545,74264.6,20,3125718572,49776234,741.6,9273.0
13546,74264.8,20,3378222899,49763659,451.4,5203.0
13547,74267.5,20,1004839834,641965013,417.5,4867.0
13548,74268.7,20,49822884,49747510,629.3,8320.0
13549,74270.3,20,49793549,49790039,252.3,2846.0
13550,74271.6,20,49865817,49748050,235.1,2620.0
13551,74271.7,20,49749470,49820506,245.2,2671.0
13552,74274.2,20,49801673,49829335,530.8,5923.0
13553,74274.2,20,49793773,49763775,727.0,8356.0
13554,74276.0,20,49782255,11065795777,303.2,3355.0
13555,74278.6,20,4792249103,49741160,529.2,6116.0
13556,74281.7,20,49734802,49873404,392.7,4317.0
13557,74282.1,20,49773526,5291674142,408.3,4766.0
13558,74283.1,20,49745214,49811662,453.2,4981.0
13559,74284.1,20,655680824,2921295166,543.8,7245.0
13560,74284.9,20,49770423,49724252,184.7,1982.0
13561,74286.1,20,49741274,49731666,421.0,5074.0
13562,74288.8,20,1021561602,49731745,393.9,4496.0
13563,74289.3,20,49796229,49772772,469.0,5889.0
13564,74290.7,20,49765234,49744225,793.0,10394.0
13565,74291.3,20,49810831,49792349,484.9,5984.0
13566,74291.6,20,49882753,3027616040,251.3,2845.0
13567,74292.4,20,49821658,4807147204,421.6,5764.0
13568,74293.3,20,9136825813,49770719,175.2,1936.0
13569,74295.1,20,49777795,49787467,364.5,3893.0
13570,74295.4,20,49809698,49797751,264.2,2871.0
13571,74297.4,20,49847837,641965187,555.9,7272.0
13572,74301.6,20,12974478437,49789487,344.5,3806.0
13573,74302.8,20,49809698,49842903,361.8,4559.0
13574,74305.0,20,49856113,49898814,852.6,10223.0
13575,74306.8,20,3001375539,49845863,454.9,5313.0
13576,74307.2,20,49788457,639298276,653.1,6631.0
13577,74309.0,20,49820714,49809250,325.5,3644.0
13578,74312.3,20,49776461,49771006,546.5,6234.0
13579,74313.3,20,49741274,49843238,575.8,6466.0
13580,74313.4,20,1618429530,4314488734,742.7,9283.0
13581,74315.8,20,3027663729,49741856,720.3,9132.0
13582,74316.7,20,49745195,49823403,647.5,8672.0
13583,74324.6,20,49744587,641107667,598.9,8143.0
13584,74325.6,20,13790612928,49804595,400.5,5393.0
13585,74329.5,20,49780840,49764330,260.1,2992.0
13586,74331.8,20,49773597,4509426901,659.3,8706.0
13587,74333.8,20,49845837,49791961,631.9,7570.0
13588,74334.0,20,1381216023,3667950068,577.4,6567.0
13589,74335.1,20,3415159798,1481968850,630.8,7004.0
13590,74336.3,20,49789239,49861176,254.6,2989.0
13591,74336.5,20,49820757,49731508,525.3,6426.0
13592,74341.2,20,49817254,49824054,898.8,11351.0
13593,74341.9,20,49767194,5558783202,356.7,3905.0
13594,74342.0,20,641073443,645963548,392.0,4667.0
13595,74343.1,20,49745204,49747841,351.1,3854.0
13596,74350.3,20,49813347,49817467,152.3,1741.0
13597,74350.9,20,49845850,49734140,675.7,7465.0
13598,74352.6,20,49741730,49787467,156.5,1600.0
13599,74352.7,20,49849187,49842979,381.4,4635.0
13600,74354.1,20,49784285,5445800908,377.6,4417.0
13601,74354.5,20,3125718572,49800146,622.4,7516.0
13602,74357.8,20,49777556,49761370,428.2,5348.0
13603,74357.9,20,49809177,49802900,741.4,8950.0
13604,74358.1,20,49741703,49791951,494.9,5790.0
13605,74358.5,20,49881497,641127571,405.8,4797.0
13606,74360.1,20,49752115,49794253,739.2,8219.0
13607,74360.1,20,49853085,49853710,67.0,749.0
13608,74360.3,20,49774794,1462089010,883.2,11039.0
13609,74360.9,20,49745232,49823847,451.2,5232.0
13610,74361.3,20,6777089504,49790034,394.1,4996.0
13611,74363.4,20,49793729,49746034,714.4,9539.0
13612,74364.9,20,49780840,49786523,965.1,11725.0
13613,74365.0,20,49764867,49846367,849.6,11350.0
13614,74367.0,20,1740764624,49747466,366.0,4832.0
13615,74368.6,20,11460035915,49759164,637.4,7584.0
13616,74369.1,20,49745232,49795794,335.3,3748.0
13617,74370.4,20,11261031488,647069617,409.3,4765.0
13618,74371.2,20,9676179707,11332977616,186.0,2072.0
13619,74372.4,20,1014110633,3531416324,302.3,3463.0
13620,74373.6,20,49745247,3006085798,403.0,4745.0
13621,74374.4,20,633085015,49770691,273.4,3092.0
13622,74379.7,20,8299152846,4059272468,684.3,8276.0
13623,74383.3,20,49752628,49759650,104.9,1215.0
13624,74383.6,20,49822338,1364961091,651.0,7792.0
13625,74386.9,20,49741730,49749006,933.6,11373.0
13626,74387.5,20,49797192,49823219,314.0,3333.0
13627,74388.6,20,5170081599,49809263,477.7,5457.0
13628,74389.0,20,49769580,655447492,238.3,2593.0
13629,74391.1,20,49741095,5564258819,206.5,2381.0
13630,74394.9,20,49750332,49854287,612.4,7849.0
13631,74397.9,20,49776463,49746114,433.3,5048.0
13632,74399.6,20,49748151,49772315,982.7,11242.0
13633,74401.2,20,49809698,4975093911,280.5,3207.0
13634,74402.6,20,3669554866,49765380,662.8,7418.0
13635,74403.6,20,49845919,49744075,593.0,8568.0
13636,74406.4,20,10759641447,49724754,1299.7,15529.0
13637,74409.0,20,49789251,49793729,358.5,4059.0
13638,74410.1,20,11198264296,647084242,582.7,8260.0
13639,74411.5,20,49763606,49816679,869.4,11380.0
13640,74412.2,20,49801673,49754637,372.1,4215.0
13641,74414.1,20,49853037,3000712327,268.0,3149.0
13642,74418.3,20,1364989296,814299107,46.4,622.0
13643,74421.5,20,49824748,49777696,77.0,908.0
13644,74426.0,20,1366261587,49750630,582.4,7174.0
13645,74428.5,20,49764326,49810152,476.6,5580.0
13646,74435.7,20,3001288930,655442855,266.6,3181.0
13647,74436.3,20,49780562,49772987,224.3,2499.0
13648,74437.7,20,641116184,2921295153,329.2,3697.0
13649,74438.5,20,49780840,49747512,693.7,8426.0
13650,74439.3,20,49770639,8455846801,610.9,7777.0
13651,74439.7,20,1484481512,49771208,521.8,5893.0
13652,74445.4,20,49746428,49814377,251.8,2763.0
13653,74449.6,20,49776461,49747348,661.8,7185.0
13654,74450.4,20,49809721,49794220,370.5,4036.0
13655,74452.7,20,49770423,1443727015,729.8,9500.0
13656,74453.3,20,49770708,13726208131,403.6,4337.0
13657,74454.2,20,641128680,49799834,92.4,1093.0
13658,74456.8,20,49817254,1443727068,402.1,4675.0
13659,74460.0,20,49817406,49769407,586.8,7530.0
13660,74460.7,20,49762264,641112590,90.6,1070.0
13661,74461.6,20,9134098214,3001353534,105.2,1190.0
13662,74471.3,20,49767196,3657250007,791.7,9769.0
13663,74475.0,20,655442853,647087545,619.2,7669.0
13664,74477.0,20,9968466642,49817300,544.0,6438.0
13665,74478.0,20,655442852,6007151792,351.9,3947.0
13666,74480.3,20,2974621124,49773816,811.9,11260.0
13667,74482.0,20,49840739,49754612,587.4,8149.0
13668,74482.4,20,3669554865,49844812,81.0,952.0
13669,74483.7,20,49764374,49788042,442.5,4866.0
13670,74484.9,20,1381216023,49777058,665.3,7498.0
13671,74485.3,20,49745225,49756170,568.2,6329.0
13672,74485.8,20,3005831881,49749098,586.6,6759.0
13673,74485.8,20,2629963167,49752767,510.1,5760.0
13674,74487.6,20,49776916,49764330,367.8,4127.0
13675,74490.2,20,9130874912,49863346,276.3,3227.0
13676,74492.4,20,49820874,641127623,706.7,7982.0
13677,74493.5,20,3027663729,49847434,322.7,3587.0
13678,74493.8,20,3669554865,3001288930,101.8,1147.0
13679,74493.8,20,49820885,49746242,1497.4,17459.0
13680,74500.4,20,49824748,49820506,141.7,1637.0
13681,74503.5,20,49809376,8530666827,615.2,7836.0
13682,74505.1,20,3672563449,49818968,252.4,2848.0
13683,74505.1,20,49820583,49860163,601.8,6938.0
13684,74507.0,20,622720915,13610567873,655.7,7920.0
13685,74507.8,20,49752115,49777458,429.3,4331.0
13686,74508.2,20,49770789,49792245,322.6,3613.0
13687,74509.4,20,1484482239,610608392,582.3,7431.0
13688,74509.8,20,49797401,49745689,611.0,6925.0
13689,74511.5,20,655442839,49859763,685.2,7885.0
13690,74512.6,20,3006022047,10289480222,339.4,4487.0
13691,74522.4,20,49753014,49837454,458.9,5761.0
13692,74524.6,20,49829861,49800338,669.7,7299.0
13693,74525.4,20,49745204,49842505,432.6,5453.0
13694,74525.7,20,49855611,49726439,754.8,9495.0
13695,74525.7,20,829675288,49847954,404.2,4538.0
13696,74526.1,20,49745680,49817246,1042.3,12900.0
13697,74526.8,20,958991607,5277489310,481.5,7486.0
13698,74528.0,20,49822338,49745296,497.5,5672.0
13699,74529.8,20,49756373,49776015,85.1,945.0
13700,74531.4,20,1381216023,49808604,329.8,3884.0
13701,74531.4,20,49882753,49798828,897.0,11004.0
13702,74534.4,20,49820583,49757411,481.6,5714.0
13703,74534.5,20,641127587,49790029,448.9,5038.0
13704,74535.3,20,641116226,49758419,525.4,6664.0
13705,74539.5,20,49777795,49721268,316.6,3609.0
13706,74542.8,20,49876468,4000799765,138.1,1537.0
13707,74544.2,20,8411842743,49734577,1021.7,12462.0
13708,74544.9,20,49787160,49763628,569.2,6962.0
13709,74545.0,20,655247775,647099001,747.2,8400.0
13710,74547.9,20,49747351,49813454,469.7,6624.0
13711,74549.5,20,49741274,1013429968,399.6,4658.0
13712,74550.1,20,11332977605,49837617,85.4,954.0
13713,74557.2,20,655447275,2765545522,888.9,10870.0
13714,74558.4,20,49793566,49745434,703.1,8373.0
13715,74560.0,20,6796840445,49769159,511.9,6627.0
13716,74560.2,20,49774098,641116252,541.1,6169.0
13717,74561.5,20,3798943055,1493945536,1134.8,14755.0
13718,74567.1,20,49782255,49773622,329.4,3670.0
13719,74569.5,20,7494204321,49765126,404.5,4474.0
13720,74573.4,20,49743686,5277494818,314.9,4221.0
13721,74574.3,20,49820757,638898885,903.7,10386.0
13722,74574.5,20,49773647,642885426,339.3,4228.0
13723,74580.4,20,49863186,6762346553,976.8,12002.0
13724,74581.0,20,49809721,12629467071,258.9,2921.0
13725,74581.0,20,49734140,49800648,824.0,9371.0
13726,74584.5,20,2975016185,49769223,683.2,8983.0
13727,74588.0,20,49878016,634011173,313.3,3597.0
13728,74589.5,20,12292446080,1364961086,679.3,7904.0
13729,74590.0,20,1618429530,49798191,182.5,1993.0
13730,74591.9,20,49764867,49796363,513.0,6540.0
13731,74592.6,20,49787453,49824196,538.8,6075.0
13732,74593.9,20,49745461,655680357,640.3,8181.0
13733,74594.7,20,49820583,49757453,530.5,6261.0
13734,74597.0,20,1381204541,49717969,448.1,5076.0
13735,74599.6,20,49842413,49797753,498.1,5532.0
13736,74599.8,20,49772551,1415542332,810.9,10620.0
13737,74600.0,20,49860783,49764321,598.1,7351.0
13738,74602.4,20,3011565329,49777022,522.0,5985.0
13739,74603.3,20,633923743,49748155,837.5,9872.0
13740,74604.6,20,49774098,49849529,370.5,4632.0
13741,74610.0,20,49745680,49765108,320.8,3780.0
13742,74612.3,20,49839137,1365013789,285.3,3365.0
13743,74614.4,20,1443727088,49790493,541.4,6175.0
13744,74614.8,20,49827853,49747844,624.0,6899.0
13745,74616.3,20,49865817,49811214,408.1,4572.0
13746,74619.0,20,3798943055,1387016861,716.9,8530.0
13747,74623.4,20,3012784293,49877664,736.6,9094.0
13748,74623.5,20,49745461,13437605385,654.6,7779.0
13749,74623.8,20,49791685,49721268,474.4,5319.0
13750,74627.3,20,9134098214,13446783792,649.2,7903.0
13751,74628.8,20,4060172794,645963060,270.2,2993.0
13752,74632.1,20,9136825813,49824054,237.6,2769.0
13753,74634.6,20,49762225,647084298,540.2,6841.0
13754,74636.4,20,49858149,49780329,367.5,4524.0
13755,74639.0,20,1243974048,262249791,100.0,1140.0
13756,74639.2,20,1364961088,49813535,306.9,3567.0
13757,74645.0,20,49821658,49806152,551.3,8031.0
13758,74645.7,20,49752628,49802597,246.4,2662.0
13759,74646.8,20,2502976209,49745455,622.5,7162.0
13760,74649.3,20,49894130,49748853,687.1,9336.0
13761,74650.0,20,49777795,49859763,449.7,5317.0
13762,74651.3,20,49797586,49784521,611.4,7290.0
13763,74652.8,20,49793549,49721281,191.5,2128.0
13764,74653.4,20,49787863,49770689,179.8,2009.0
13765,74654.9,20,49745301,5277494834,537.0,7448.0
13766,74655.2,20,49793777,1472639198,821.0,10362.0
13767,74656.2,20,4082394063,2628817381,480.7,5472.0
13768,74656.7,20,49801673,49792806,507.1,6641.0
13769,74656.8,20,1379495851,641116349,97.4,1137.0
13770,74658.5,20,49770782,653947551,717.2,9286.0
13771,74660.0,20,9676179707,49791858,396.0,4339.0
13772,74660.6,20,49745636,9676179707,142.8,1584.0
13773,74661.1,20,642317837,1466254607,271.5,2967.0
13774,74661.8,20,49870940,49791914,465.9,5268.0
13775,74672.5,20,3001353534,49744475,621.6,7478.0
13776,74673.5,20,49745235,49765407,514.7,5938.0
13777,74674.9,20,49774081,49762871,257.0,2805.0
13778,74677.7,20,49741703,49840739,560.0,7687.0
13779,74677.8,20,3013484875,49898275,648.5,7716.0
13780,74680.7,20,49866935,49741031,663.4,7469.0
13781,74681.1,20,49762210,49830401,617.4,7829.0
13782,74682.7,20,49771469,49744209,546.8,6382.0
13783,74685.5,20,49745636,49742338,321.2,3642.0
13784,74686.1,20,5128694819,49791947,236.9,2540.0
13785,74690.2,20,49884234,49791004,848.5,10367.0
13786,74690.8,20,3240030410,49769043,650.5,7816.0
13787,74691.6,20,49743972,13821908378,918.4,11149.0
13788,74691.6,20,49745188,49812023,497.6,5775.0
13789,74696.1,20,4635639617,49739331,446.2,5482.0
13790,74698.2,20,49773609,49769186,146.0,1564.0
13791,74700.5,20,49809715,49779381,693.1,8528.0
13792,74702.1,20,49796229,49763467,261.3,2883.0
13793,74703.0,20,49741730,49780026,42.8,493.0
13794,74703.7,20,49745628,49741033,260.6,2947.0
13795,74705.3,20,49762383,49747486,257.6,3257.0
13796,74706.1,20,49749106,647043621,279.9,3203.0
13797,74706.8,20,49829123,641112615,384.5,5277.0
13798,74711.2,20,12292446080,49809715,596.7,6868.0
13799,74711.4,20,655442852,3027663729,326.1,3736.0
13800,74711.5,20,49845726,49792099,480.8,5568.0
13801,74713.6,20,655442838,49836920,269.2,2930.0
13802,74715.9,20,49799633,49764371,204.2,2473.0
13803,74717.0,20,49810877,49803398,435.8,4723.0
13804,74717.7,20,3001016717,49774120,948.6,10642.0
13805,74719.7,20,1381307996,13650509861,818.0,9672.0
13806,74721.6,20,1379505465,876652192,974.3,11842.0
13807,74723.3,20,49770672,49762880,544.6,6216.0
13808,74727.2,20,447591561,3006085743,851.5,9824.0
13809,74727.6,20,49828695,49876097,807.4,9883.0
13810,74728.6,20,49771030,49766029,1044.0,12271.0
13811,74728.8,20,49799643,641107671,264.5,2971.0
13812,74737.3,20,11198264296,49861137,367.5,4963.0
13813,74738.9,20,49809715,49776082,106.1,1182.0
13814,74739.3,20,49745636,49747466,324.0,4155.0
13815,74739.5,20,3105427804,49804256,650.0,7083.0
13816,74741.1,20,49773532,2664170700,135.7,1518.0
13817,74741.5,20,2927575470,49741043,800.8,8371.0
13818,74745.4,20,3358724761,49844804,651.5,8188.0
13819,74747.8,20,1364987325,49734296,706.4,8836.0
13820,74749.6,20,49774093,1467728485,699.4,7920.0
13821,74754.4,20,49773557,49739903,303.3,3398.0
13822,74761.3,20,49797596,49787793,70.7,744.0
13823,74762.4,20,49740442,3657250007,934.7,12370.0
13824,74764.8,20,49774093,49776928,485.8,5537.0
13825,74767.4,20,49774088,5563919642,140.3,1596.0
13826,74767.7,20,49809200,49861165,160.4,1792.0
13827,74768.7,20,49820583,642586207,430.3,4847.0
13828,74774.3,20,49774098,49812443,757.3,9010.0
13829,74777.5,20,49762225,49763155,548.0,5871.0
13830,74781.2,20,49809721,9768681898,401.4,4462.0
13831,74783.1,20,49792107,49877664,529.1,6527.0
13832,74784.0,20,49782255,2975016185,274.0,3319.0
13833,74789.8,20,49789376,49744817,777.0,9367.0
13834,74789.8,20,4629699772,3900811260,667.7,8606.0
13835,74791.9,20,49769193,647081858,221.2,2813.0
13836,74796.2,20,4082394063,49748067,296.6,3287.0
13837,74799.1,20,49764271,49723161,296.8,3388.0
13838,74799.2,20,49745457,3744956565,417.1,5046.0
13839,74800.3,20,49741730,49761986,640.9,8645.0
13840,74800.9,20,49770672,49769186,160.3,1786.0
13841,74801.0,20,3125716147,49779984,1017.7,12710.0
13842,74801.6,20,49855611,3388139632,752.8,8603.0
13843,74801.9,20,5698252199,49766018,571.5,6350.0
13844,74803.0,20,49878097,6697945789,340.6,3842.0
13845,74803.0,20,2974621123,49757548,674.9,7777.0
13846,74803.3,20,49745468,49871679,547.7,5823.0
13847,74806.8,20,655247774,4117423518,259.8,2949.0
13848,74808.0,20,49741058,49763357,728.2,8576.0
13849,74809.1,20,49742771,9088107698,623.4,6567.0
13850,74810.3,20,49869068,49722409,508.8,6704.0
13851,74810.3,20,49762221,49760029,807.8,10050.0
13852,74812.0,20,1443482419,49773663,488.5,5436.0
13853,74812.6,20,1804420109,49745335,5.9,64.0
13854,74814.1,20,49820583,4089959667,196.2,2193.0
13855,74814.1,20,49770684,49783079,307.9,3436.0
13856,74814.4,20,3027832454,49828217,513.3,6893.0
13857,74815.1,20,49745240,645963040,230.3,2574.0
13858,74815.4,20,2305183785,49748245,284.2,3120.0
13859,74818.7,20,49777792,49733721,582.0,8291.0
13860,74819.3,20,3670756345,49800373,338.4,3800.0
13861,74819.7,20,1381307995,49852904,659.8,7501.0
13862,74821.4,20,49734621,49837092,474.7,5090.0
13863,74827.6,20,2927432297,5558800273,308.8,4162.0
13864,74827.8,20,641073443,5192159439,105.0,1436.0
13865,74829.0,20,49764271,49812500,135.0,1471.0
13866,74829.1,20,49844794,49846544,635.2,8101.0
13867,74832.0,20,49878016,5354789663,443.8,5102.0
13868,74833.2,20,49745204,8455846801,438.7,5800.0
13869,74834.4,20,49770670,3278871307,715.8,7915.0
13870,74834.8,20,3672563449,49730297,494.7,5520.0
13871,74837.4,20,49770789,49786649,828.9,10952.0
13872,74840.1,20,49745693,49769594,612.9,6933.0
13873,74844.7,20,49845830,49766019,658.8,7460.0
13874,74845.3,20,11177333923,49748050,303.5,4282.0
13875,74849.0,20,49821658,3278871309,886.7,10237.0
13876,74850.6,20,49793773,49741673,90.1,1018.0
13877,74850.7,20,49780840,49741038,548.1,6089.0
13878,74851.3,20,49770423,3370866937,515.1,6383.0
13879,74852.7,20,49764337,49808583,194.7,2379.0
13880,74853.2,20,49759674,3001460943,299.8,3468.0
13881,74855.0,20,49770672,3659095236,520.6,6404.0
13882,74856.1,20,49820583,4001037468,429.5,4787.0
13883,74856.4,20,447591561,49789196,615.3,6830.0
13884,74858.3,20,49774079,49789219,402.3,4539.0
13885,74858.5,20,49745651,49827157,507.1,5838.0
13886,74859.6,20,49780078,49789912,318.4,3486.0
13887,74860.6,20,49743415,49756892,543.7,6517.0
13888,74864.4,20,49855611,49843926,704.3,8093.0
13889,74865.3,20,12128376033,49857603,712.0,8976.0
13890,74865.9,20,49842413,49803556,431.2,4837.0
13891,74866.4,20,49809715,5703562291,438.5,5163.0
13892,74866.6,20,49754051,641107672,338.7,3950.0
13893,74869.1,20,49870270,3006169971,420.0,4894.0
13894,74869.6,20,49764011,49859763,628.3,7410.0
13895,74872.6,20,49894515,49791961,426.3,5635.0
13896,74876.7,20,49774081,49746176,475.8,6305.0
13897,74879.5,20,3001171736,3798943055,748.9,9022.0
13898,74880.5,20,49773558,49810634,596.3,6670.0
13899,74881.4,20,655442834,4000786673,925.9,11541.0
13900,74882.8,20,4303519741,49819599,422.8,5037.0
13901,74884.6,20,49770789,3657251448,731.4,8254.0
13902,74889.5,20,9983605758,3669554855,150.0,1630.0
13903,74891.4,20,49782277,49810634,739.5,8215.0
13904,74893.2,20,49779907,49716549,850.6,12005.0
13905,74894.0,20,49789362,49774079,664.7,7957.0
13906,74894.7,20,49817254,49826375,1161.1,14063.0
13907,74899.9,20,1014110633,3001288930,461.2,5149.0
13908,74902.7,20,49822884,49804910,760.8,8678.0
13909,74904.5,20,49859632,49772627,76.4,901.0
13910,74905.9,20,1381204541,1017391844,279.3,3124.0
13911,74906.1,20,5128694819,49816640,355.0,4049.0
13912,74908.5,20,49889382,49847898,378.8,3984.0
13913,74908.8,20,49763640,49745240,173.2,1988.0
13914,74909.2,20,49796897,49773046,346.9,3857.0
13915,74913.1,20,49869665,49753507,392.1,4409.0
13916,74916.3,20,5698252199,49790033,470.7,5229.0
13917,74916.3,20,49773539,1468892578,627.9,9429.0
13918,74933.3,20,958991607,49861091,123.0,1387.0
13919,74933.6,20,49809177,49861274,143.0,1608.0
13920,74942.4,20,1443727088,49789018,741.3,8535.0
13921,74942.4,20,49793777,49851828,758.2,9319.0
13922,74946.6,20,49753516,49774360,837.1,9714.0
13923,74946.8,20,49845777,49837462,618.7,7021.0
13924,74950.7,20,49750803,49835173,1247.3,14664.0
13925,74951.7,20,49780074,49847403,219.8,2371.0
13926,74954.1,20,49789379,49734111,582.5,6831.0
13927,74956.6,20,9723903189,49787492,656.8,8004.0
13928,74964.1,20,49764884,49836761,927.5,11605.0
13929,74966.3,20,49780562,3372235136,733.0,8194.0
13930,74972.8,20,3637842788,49746276,205.4,2123.0
13931,74977.8,20,3012535014,49745193,208.3,2362.0
13932,74978.4,20,49756297,49841785,664.4,7343.0
13933,74978.6,20,49741274,5558800273,238.7,3068.0
13934,74979.4,20,641116215,9671298374,239.1,2653.0
13935,74980.6,20,49789218,3281966192,322.9,3619.0
13936,74981.0,20,49741695,49882353,135.7,1468.0
13937,74981.2,20,49750332,49766672,723.5,9414.0
13938,74981.6,20,3670756345,1748885246,528.6,6879.0
13939,74982.8,20,49741730,12532857263,511.4,5722.0
13940,74982.9,20,1017391970,49750783,534.3,5882.0
13941,74984.0,20,49817254,3000323991,507.6,6263.0
13942,74984.1,20,49745247,49847621,262.9,2970.0
13943,74984.5,20,3378222897,49790509,574.5,6867.0
13944,74984.8,20,49745200,49783115,511.1,6259.0
13945,74985.1,20,3659095236,49741043,868.1,10195.0
13946,74990.9,20,49787785,2664170700,265.7,2891.0
13947,74992.5,20,49770680,1233276142,814.6,10061.0
13948,74994.0,20,49724395,647044100,415.3,5188.0
13949,74996.4,20,1439584651,49739799,344.1,3912.0
13950,74997.7,20,49721610,1439584653,235.2,2809.0
13951,75000.2,20,49809715,49827464,426.2,4712.0
13952,75000.5,20,4807605970,49822010,547.3,6290.0
13953,75005.2,20,2896020560,1375406091,900.4,11109.0
13954,75005.8,20,9593199679,49770661,220.6,2446.0
13955,75008.2,20,49777795,49871743,163.7,1874.0
13956,75008.6,20,49756474,3001683704,240.0,2720.0
13957,75008.7,20,11198264296,641127614,381.8,4605.0
13958,75010.1,20,1618429530,49741773,678.8,8768.0
13959,75011.0,20,49770676,49724384,356.2,4006.0
13960,75014.8,20,49745644,49805205,672.8,8022.0
13961,75015.4,20,655442853,49795945,137.0,1503.0
13962,75016.6,20,49839137,1466445325,703.5,8398.0
13963,75017.7,20,49794626,49804022,864.4,10154.0
13964,75017.8,20,49770676,49825121,197.0,2230.0
13965,75017.9,20,49848293,9624808826,731.4,8656.0
13966,75018.6,20,49756578,49771123,544.2,6671.0
13967,75022.1,20,49858932,49820799,489.6,5521.0
13968,75023.0,20,49870270,2408352996,488.0,5572.0
13969,75024.3,20,49789269,1443727013,959.3,13515.0
13970,75026.2,20,49793729,49754519,388.7,4339.0
13971,75030.8,20,49770789,49767517,519.4,5859.0
13972,75033.6,20,49898275,13726208132,369.4,4055.0
13973,75034.1,20,655661924,3011565315,175.2,2007.0
13974,75034.9,20,3027616047,49745421,682.3,7933.0
13975,75036.9,20,655442838,3010649395,118.3,1360.0
13976,75037.8,20,49822365,632879330,827.7,9258.0
13977,75039.5,20,49825108,3373614233,704.1,8455.0
13978,75040.9,20,49756474,49716589,693.5,9708.0
13979,75042.8,20,49839140,49813696,663.5,7993.0
13980,75043.0,20,49881497,49804599,1136.1,13735.0
13981,75044.2,20,49741730,1484481777,598.1,6987.0
13982,75046.2,20,3240030410,49745305,401.3,4438.0
13983,75049.6,20,49748155,49731242,636.4,7595.0
13984,75051.0,20,49800238,3001046648,802.8,9474.0
13985,75051.7,20,49797586,49826547,459.7,5715.0
13986,75052.3,20,49752628,641112617,525.4,5919.0
13987,75052.5,20,49762238,49758541,194.0,2271.0
13988,75052.9,20,49870270,49739596,186.9,2072.0
13989,75053.3,20,6777089504,49734797,543.4,6632.0
13990,75053.5,20,655442853,49769500,299.5,3314.0
13991,75056.6,20,49810871,49848293,627.1,7564.0
13992,75059.8,20,49888809,49793690,154.3,1745.0
13993,75061.5,20,49745204,49809266,149.6,1664.0
13994,75063.2,20,49793411,3366676349,297.0,3135.0
13995,75065.8,20,3661066115,49804197,717.4,7814.0
13996,75066.9,20,49809721,49739799,198.5,2163.0
13997,75067.0,20,3669554865,49769213,269.6,3014.0
13998,75069.4,20,49773923,49766026,287.8,3197.0
13999,75071.2,20,49777795,49739598,296.3,3226.0
14000,75075.7,20,49774098,49789663,785.3,9269.0
14001,75075.9,20,49756492,49767420,83.7,879.0
14002,75076.3,20,49772964,640809773,307.3,3498.0
14003,75077.7,20,13259914865,49759643,196.7,2080.0
14004,75087.3,20,1474747464,655442833,417.5,5157.0
14005,75089.0,20,1379471556,49785802,326.7,3760.0
14006,75090.9,20,49745335,3369108602,477.5,5414.0
14007,75095.0,20,49823986,49753270,396.6,4426.0
14008,75096.5,20,49724395,49755206,417.2,5577.0
14009,75097.1,20,8461692431,49811077,812.3,9650.0
14010,75101.8,20,49767517,49739815,336.7,4146.0
14011,75102.8,20,49731621,1017391844,407.6,4708.0
14012,75104.8,20,49809698,7505269058,743.3,9263.0
14013,75106.3,20,6777089504,4954895459,351.2,4107.0
14014,75106.9,20,49822884,2960257404,547.0,6518.0
14015,75107.7,20,49763640,641116236,308.6,3521.0
14016,75111.7,20,1379471556,13918335847,420.1,4758.0
14017,75114.2,20,1004809645,49817512,267.8,3003.0
14018,75116.8,20,9676179707,49769201,296.2,3304.0
14019,75119.8,20,49745628,49852925,634.4,7105.0
14020,75120.2,20,49745680,8146198871,737.9,8659.0
14021,75120.9,20,49865817,49870270,335.3,3747.0
14022,75123.9,20,49767194,11260344016,187.8,2115.0
14023,75129.2,20,1363151551,49747886,467.0,5254.0
14024,75134.0,20,49745465,49827852,1034.0,12496.0
14025,75134.3,20,641116257,49761707,637.3,7081.0
14026,75135.5,20,49767194,4082394068,446.1,5169.0
14027,75135.8,20,3012429028,49806904,539.4,6288.0
14028,75136.5,20,49780840,49825518,222.3,2384.0
14029,75137.1,20,49779907,49750197,566.3,6470.0
14030,75137.6,20,49796229,49730919,956.8,11381.0
14031,75140.3,20,49741274,2765545517,369.7,4496.0
14032,75141.2,20,9136839220,49783246,587.7,6589.0
14033,75144.6,20,3012784293,49788042,292.2,3245.0
14034,75146.8,20,49866935,49758504,744.4,8301.0
14035,75147.1,20,49773558,49797071,170.4,1909.0
14036,75147.7,20,49747457,49745284,453.6,6112.0
14037,75149.2,20,49792107,12613233303,722.2,8363.0
14038,75151.3,20,49745468,49762871,743.3,8326.0
14039,75153.5,20,9134098214,49791951,336.7,3838.0
14040,75153.5,20,655247775,2456351046,357.9,4071.0
14041,75153.5,20,49784285,49781417,1432.8,16889.0
14042,75154.4,20,49764791,49744535,410.7,4516.0
14043,75156.6,20,49744587,9097753200,457.9,5735.0
14044,75159.6,20,10921172728,49741163,655.6,7540.0
14045,75167.5,20,12128376033,49766026,463.7,5169.0
14046,75168.0,20,641087352,49843005,290.6,3237.0
14047,75169.6,20,49848686,49770633,296.3,3305.0
14048,75170.1,20,49845837,49730747,642.7,7364.0
14049,75171.4,20,49781395,49800648,730.9,8486.0
14050,75176.1,20,4060172794,49777749,530.7,6061.0
14051,75176.7,20,655442853,49795420,466.9,5991.0
14052,75176.7,20,49758282,49772372,329.9,3658.0
14053,75177.9,20,647044393,7914907806,740.4,8536.0
14054,75180.3,20,49809200,49777631,789.3,10145.0
14055,75181.3,20,641054075,49761744,657.2,7545.0
14056,75185.5,20,49822928,3798943065,395.8,4804.0
14057,75189.2,20,3001016717,49739819,456.9,5249.0
14058,75192.1,20,3012429028,49800846,718.1,8651.0
14059,75192.8,20,49888809,49859694,417.6,4512.0
14060,75193.9,20,638062063,49816406,340.3,3813.0
14061,75201.4,20,49793729,634784054,208.4,2309.0
14062,75201.4,20,1491097176,49768388,232.0,2508.0
14063,75201.5,20,49853878,49875098,598.1,6700.0
14064,75206.1,20,49772633,49871037,390.5,4377.0
14065,75206.5,20,49741695,49745413,682.0,7950.0
14066,75208.1,20,49745680,6007151790,449.0,5029.0
14067,75209.9,20,10181394607,1364961115,293.1,3234.0
14068,75211.0,20,3012829798,49756578,205.3,2294.0
14069,75213.3,20,49780562,3661066117,760.5,9259.0
14070,75214.1,20,49845837,49778198,817.4,8911.0
14071,75214.3,20,638062063,49770809,450.4,5080.0
14072,75214.5,20,49775514,49850112,592.2,7227.0
14073,75214.7,20,49745188,11230125799,191.7,2152.0
14074,75217.6,20,2974621123,49890197,171.1,1900.0
14075,75219.4,20,49845837,2428739670,90.5,1002.0
14076,75220.0,20,49803595,1363151543,282.8,3161.0
14077,75220.7,20,49739609,49808604,562.6,6270.0
14078,75221.7,20,641128680,49808699,870.4,10826.0
14079,75226.7,20,3240030410,49780299,583.9,6627.0
14080,75228.8,20,49883336,640712577,556.1,6301.0
14081,75230.6,20,3669554868,49773205,525.6,5836.0
14082,75237.9,20,4561710230,3378616474,315.5,3568.0
14083,75239.6,20,4697534335,49825533,430.3,4916.0
14084,75241.6,20,49845726,49762563,713.6,9005.0
14085,75242.4,20,2440761314,389938623,600.6,6932.0
14086,75245.3,20,49810122,3372235130,677.8,7753.0
14087,75245.4,20,5180966153,49791954,245.0,3555.0
14088,75246.2,20,49853696,49851413,345.1,3889.0
14089,75249.1,20,3001353534,49754610,307.0,3489.0
14090,75253.5,20,49748725,49766643,611.2,7635.0
14091,75254.2,20,49801673,13265637003,517.2,5846.0
14092,75258.3,20,3125716147,49771349,492.6,5622.0
14093,75258.4,20,49805505,49828407,404.2,4295.0
14094,75259.0,20,49825409,49763587,304.3,3100.0
14095,75262.7,20,49752115,3670782175,1140.4,13685.0
14096,75267.0,20,49888809,5558800273,109.1,1240.0
14097,75268.8,20,1365013789,49756881,418.2,4736.0
14098,75269.0,20,1381204541,49825351,531.2,5951.0
14099,75271.8,20,49772987,49745693,383.5,4322.0
14100,75272.7,20,3240030410,49896916,690.4,7999.0
14101,75274.4,20,49810122,1243974139,513.1,5925.0
14102,75274.6,20,49789333,9300516158,971.4,12322.0
14103,75276.3,20,49789291,49739840,506.9,6344.0
14104,75276.3,20,49809698,9166612486,156.1,1758.0
14105,75281.0,20,641116203,49743760,716.0,9569.0
14106,75281.1,20,49797543,13765366376,509.9,6519.0
14107,75281.3,20,3661066115,3667950082,196.5,2538.0
14108,75283.2,20,49787884,9545143716,258.2,2906.0
14109,75283.2,20,49772987,49847319,460.3,5697.0
14110,75286.9,20,49787863,2921295148,240.1,2680.0
14111,75289.6,20,49787863,3900798861,478.5,5549.0
14112,75289.6,20,49787863,9590909203,685.9,7742.0
14113,75290.4,20,49809698,49829367,379.1,4147.0
14114,75294.2,20,12687209031,49817435,549.4,6501.0
14115,75294.3,20,5320434814,647320588,643.7,7404.0
14116,75296.6,20,49774098,49730351,189.6,2153.0
14117,75298.6,20,3012829798,49741153,259.9,2948.0
14118,75308.5,20,49743686,49769180,891.0,11392.0
14119,75308.5,20,5320434814,49800294,263.7,2932.0
14120,75308.6,20,49789376,49770755,671.6,7991.0
14121,75309.2,20,646031052,8477118490,443.5,5841.0
14122,75311.9,20,1381204541,641127614,78.0,846.0
14123,75314.5,20,49822338,1443482369,876.0,10397.0
14124,75314.6,20,49855599,49822554,805.6,9588.0
14125,75315.5,20,49745468,49776426,752.9,8465.0
14126,75315.5,20,49772964,641116232,232.3,2606.0
14127,75317.7,20,49764271,49770727,207.9,2455.0
14128,75318.5,20,49810122,49778253,428.3,4805.0
14129,75325.0,20,49762191,5277494654,293.2,4644.0
14130,75327.0,20,49816382,49716102,242.5,2808.0
14131,75329.5,20,49866935,49762897,841.7,9684.0
14132,75329.9,20,49797596,49717411,616.0,6972.0
14133,75331.5,20,3012535014,49786183,761.4,8632.0
14134,75337.1,20,11332977605,2627477675,383.0,4255.0
14135,75337.7,20,49797596,9526260022,102.6,1143.0
14136,75338.3,20,49820885,49751203,408.2,4857.0
14137,75341.9,20,49845830,9480293895,611.2,6932.0
14138,75342.9,20,49762264,1493828504,681.5,9064.0
14139,75343.7,20,11332977605,641965169,421.8,5790.0
14140,75347.3,20,49770789,49748883,781.8,9263.0
14141,75347.4,20,49787453,655680330,586.1,7397.0
14142,75350.5,20,49822338,1365013777,904.9,10290.0
14143,75352.0,20,49785338,647043623,222.6,2601.0
14144,75352.6,20,49724395,1364961104,416.7,5518.0
14145,75353.2,20,49873440,49852986,719.4,8440.0
14146,75354.9,20,49741058,49790088,902.3,10647.0
14147,75356.6,20,49809177,49808664,765.0,9617.0
14148,75356.8,20,49745207,49757548,589.6,6823.0
14149,75360.4,20,49774081,49777981,192.0,2139.0
14150,75361.6,20,49745676,49781749,1145.0,14106.0
14151,75362.1,20,1379495867,49794917,663.6,7898.0
14152,75362.7,20,2502976209,49749416,435.3,5274.0
14153,75363.2,20,49810877,49801795,541.6,7285.0
14154,75365.7,20,49797596,49846544,876.8,10813.0
14155,75365.9,20,49756892,49739904,148.1,1537.0
14156,75368.9,20,49773012,49745335,323.7,3645.0
14157,75370.8,20,49782599,49746295,1166.9,13396.0
14158,75371.1,20,49822338,9908447531,972.4,11514.0
14159,75371.6,20,49813347,49816818,613.2,7699.0
14160,75371.9,20,49745628,876615194,89.2,1070.0
14161,75373.2,20,49747457,49791914,621.2,8003.0
14162,75378.5,20,12292446080,3012429749,750.9,9072.0
14163,75379.1,20,49822338,49731745,744.8,8921.0
14164,75381.9,20,49799643,49793979,626.6,7795.0
14165,75382.9,20,706911255,647026051,379.2,4244.0
14166,75384.5,20,5445800908,49882303,285.3,3169.0
14167,75385.0,20,49745335,49751227,475.2,5164.0
14168,75389.3,20,8903139403,49762932,981.5,12921.0
14169,75394.5,20,49745632,49788673,332.5,3709.0
14170,75396.4,20,49729179,49761641,770.7,8737.0
14171,75397.3,20,3151812441,49791870,421.7,4612.0
14172,75397.8,20,49824748,49809939,1032.8,12642.0
14173,75401.6,20,4807040760,49717396,516.9,7179.0
14174,75401.8,20,1443727088,49763143,565.5,6103.0
14175,75403.9,20,49780078,11261031471,167.3,1907.0
14176,75405.1,20,49776031,49764365,62.8,702.0
14177,75409.5,20,49779839,49742791,709.2,9907.0
14178,75410.6,20,49809715,49765083,132.6,1482.0
14179,75412.1,20,1484331315,49769028,645.2,7887.0
14180,75412.7,20,1379471024,49765730,580.9,6308.0
14181,75413.7,20,49797063,49820770,429.2,4809.0
14182,75413.8,20,3798943055,3665019990,948.2,10930.0
14183,75415.2,20,8592032116,2390775649,535.7,6841.0
14184,75416.3,20,49770708,1459327647,938.3,11394.0
14185,75416.6,20,4951816813,2975016185,135.2,1510.0
14186,75418.4,20,49777795,49768763,620.4,8138.0
14187,75420.1,20,49752579,49798851,958.4,12238.0
14188,75423.1,20,2974621123,9655135480,195.3,2183.0
14189,75424.2,20,49773653,49719533,101.0,1085.0
14190,75429.7,20,49769193,49184747,732.3,8231.0
14191,75431.0,20,5320434814,49776178,231.4,2577.0
14192,75431.0,20,49764011,641127594,338.8,4042.0
14193,75431.4,20,447591561,6771799208,957.5,10917.0
14194,75432.5,20,49745240,49800146,54.4,608.0
14195,75433.9,20,5128694815,49746697,333.0,3652.0
14196,75434.2,20,49763606,49757711,807.7,10181.0
14197,75435.4,20,1381216023,49823283,517.0,6056.0
14198,75437.5,20,49746428,49762659,839.6,10215.0
14199,75439.2,20,49745650,12937946003,304.2,3198.0
14200,75444.8,20,655661924,49746176,673.1,8611.0
14201,75446.2,20,49810122,9768681898,181.2,2031.0
14202,75447.2,20,958991607,49798335,763.1,9911.0
14203,75449.9,20,49779907,49742530,382.5,4296.0
14204,75452.2,20,647619114,49764447,212.3,2393.0
14205,75452.9,20,4561710230,49728817,394.7,4562.0
14206,75455.0,20,49770670,49780016,15.2,170.0
14207,75456.5,20,49809189,11198017164,585.8,6633.0
14208,75459.2,20,49773012,49763014,574.9,7760.0
14209,75460.3,20,49800282,3000323991,236.9,3025.0
14210,75461.3,20,49821002,9770641097,762.8,9245.0
14211,75465.5,20,1379495867,49765138,330.2,3866.0
14212,75467.9,20,49822928,49789329,609.5,6920.0
14213,75470.1,20,646031052,49793211,195.4,2391.0
14214,75476.3,20,1205178199,3669554878,614.5,6053.0
14215,75477.0,20,2428508011,49886287,361.2,4128.0
14216,75477.4,20,49810877,647043808,224.3,2629.0
14217,75477.9,20,8299152846,49772627,501.8,6489.0
14218,75478.2,20,49820743,9770641096,599.5,6773.0
14219,75478.7,20,49789379,49859763,416.8,4734.0
14220,75480.6,20,447823042,9768681890,881.2,9991.0
14221,75481.9,20,49724395,49776008,482.9,6230.0
14222,75483.9,20,642563716,49822788,994.3,11147.0
14223,75484.0,20,4697534335,49769186,242.7,2843.0
14224,75488.0,20,49776463,49789291,662.5,7738.0
14225,75488.7,20,49853085,49749478,177.1,2095.0
14226,75489.2,20,5128694819,5931777325,838.8,11003.0
14227,75492.0,20,49773526,49798775,668.6,8344.0
14228,75498.5,20,1004839834,49795799,408.0,4588.0
14229,75498.9,20,49779839,3661066526,892.6,11145.0
14230,75503.0,20,49779896,49822554,658.9,7823.0
14231,75503.2,20,9797239771,49810896,561.1,6643.0
14232,75503.3,20,867659605,49750470,513.0,5733.0
14233,75504.0,20,49745677,49801378,1042.9,12724.0
14234,75506.4,20,49799817,49746547,648.9,7360.0
14235,75507.3,20,447591561,49729182,769.3,8719.0
14236,75508.1,20,814299111,1364987325,177.5,2268.0
14237,75512.1,20,3240030410,49845639,678.5,8478.0
14238,75516.8,20,49787785,49745247,245.2,2716.0
14239,75517.8,20,49810877,49748056,99.2,1135.0
14240,75519.7,20,49793777,1017220740,482.9,5602.0
14241,75520.5,20,3001288930,4807550266,313.2,3559.0
14242,75522.3,20,49750169,49769485,344.4,3729.0
14243,75524.0,20,49822928,50824297,1228.5,14771.0
14244,75525.6,20,49776112,49758776,1158.4,13785.0
14245,75525.9,20,3672563449,49747409,809.4,10232.0
14246,75527.5,20,49789284,49807229,590.5,6821.0
14247,75541.4,20,49741730,49794135,784.7,9608.0
14248,75541.8,20,49858017,49796128,132.7,1373.0
14249,75543.2,20,49764794,262550681,141.3,1569.0
14250,75546.4,20,49809721,49782773,785.7,9856.0
14251,75548.8,20,49741104,49763143,249.6,2791.0
14252,75552.7,20,49749379,49853703,62.7,701.0
14253,75555.7,20,49797051,2664170700,145.8,1625.0
14254,75562.4,20,1013429968,49715974,41.3,423.0
14255,75562.7,20,49740442,2956751419,217.3,2395.0
14256,75564.1,20,49773040,49823277,323.3,3840.0
14257,75565.6,20,867659605,1466232612,919.4,11513.0
14258,75567.4,20,1379495867,655442844,487.0,6002.0
14259,75569.3,20,49762210,11831784010,564.3,7824.0
14260,75570.4,20,49778342,49787160,827.3,10183.0
14261,75571.0,20,49824748,49826882,597.5,6783.0
14262,75571.9,20,49774088,5020207075,363.0,5517.0
14263,75572.6,20,2974621124,49773891,812.4,10596.0
14264,75572.7,20,49751580,9130918414,655.8,7569.0
14265,75572.9,20,49762286,49716007,556.0,6567.0
14266,75574.3,20,49873688,49846852,582.7,6990.0
14267,75574.6,20,49745632,13273976975,440.7,4825.0
14268,75577.3,20,1014110633,49795567,974.5,11961.0
14269,75577.4,20,49844851,49748853,608.4,7593.0
14270,75579.2,20,49825409,49838764,614.0,7191.0
14271,75579.3,20,3012784293,49734104,42.0,443.0
14272,75580.8,20,49774079,1375406091,99.6,1115.0
14273,75583.9,20,49853085,1471764518,781.0,9870.0
14274,75585.0,20,4001002050,49757526,280.8,3388.0
14275,75585.1,20,641965169,49792038,698.0,8472.0
14276,75587.5,20,1804420112,13256450869,218.2,2341.0
14277,75587.6,20,49741274,49826524,502.3,6512.0
14278,75590.3,20,49745204,49765285,269.7,2968.0
14279,75592.0,20,1017379708,647030733,198.4,2218.0
14280,75594.2,20,49762191,49848820,588.2,6939.0
14281,75598.9,20,49739801,49816594,865.9,11683.0
14282,75599.0,20,49745628,49801203,217.9,2434.0
14283,75604.7,21,49845837,49775426,259.5,2801.0
14284,75620.7,21,49826533,49764445,515.8,6718.0
14285,75640.0,21,49813347,3667950067,539.8,6006.0
14286,75641.9,21,49720045,49782040,647.1,7375.0
14287,75655.5,21,3669554865,49810893,151.5,1777.0
14288,75660.3,21,49748066,49790064,403.4,4456.0
14289,75671.6,21,49774087,647043648,274.7,3072.0
14290,75678.6,21,49756578,49774702,686.4,7629.0
14291,75695.6,21,9676179707,3995435800,486.3,5624.0
14292,75713.4,21,49807256,49829345,43.6,435.0
14293,75715.8,21,49745628,49756881,265.2,3114.0
14294,75722.6,21,49759499,49768464,596.4,7337.0
14295,75735.8,21,3669554874,49767131,188.8,2149.0
14296,75752.7,21,49845726,49719320,423.9,4945.0
14297,75761.0,21,49772964,2502976209,195.9,2320.0
14298,75762.3,21,49866594,49848835,123.9,1288.0
14299,75764.1,21,2974621123,49763115,467.3,5172.0
14300,75764.7,21,49756578,49882303,334.0,3698.0
14301,75771.1,21,49745680,49748071,395.2,4378.0
14302,75774.9,21,641054075,49840033,628.2,7348.0
14303,75786.5,21,49789205,49763119,464.0,5172.0
14304,75792.6,21,3013484875,49739565,322.8,3726.0
14305,75798.7,21,49767196,10125817774,600.1,6093.0
14306,75833.4,21,49740442,49749230,334.7,4065.0
14307,75841.7,21,49762221,1394275827,85.9,970.0
14308,75869.4,21,49762191,49844371,711.8,8537.0
14309,75889.9,21,49759499,9630558235,279.9,3047.0
14310,75894.7,21,447591561,49750268,1271.4,16694.0
14311,75902.4,21,49762383,49741153,269.4,3066.0
14312,75905.9,21,49803595,49773437,1002.1,12261.0
14313,75913.0,21,49777696,8903139402,646.4,7565.0
14314,75918.1,21,49792107,49754649,724.8,8429.0
14315,75919.9,21,49745677,646190841,879.7,11218.0
14316,75935.9,21,49802545,49822760,908.3,10362.0
14317,75938.2,21,49787890,1443170227,670.4,7453.0
14318,75939.0,21,49782277,49744836,315.6,3518.0
14319,75946.4,21,1017379708,647026289,248.8,2762.0
14320,75962.5,21,3240030410,49776474,208.3,2347.0
14321,75971.1,21,49776916,49809228,330.3,3532.0
14322,75973.2,21,49881497,49745284,405.4,4416.0
14323,75991.1,21,49780562,49845634,961.5,11514.0
14324,75992.6,21,49825108,49748048,106.1,1125.0
14325,76001.3,21,49882753,49745841,811.3,9852.0
14326,76003.3,21,49809177,49803424,583.9,6451.0
14327,76009.2,21,49825409,49776919,259.6,2357.0
14328,76041.0,21,8592032116,49850691,305.6,3715.0
14329,76049.6,21,4561710230,49767448,388.9,4335.0
14330,76051.9,21,49769187,3699313879,188.4,2008.0
14331,76053.2,21,49748223,49775539,148.0,1628.0
14332,76054.3,21,638789448,49741341,103.3,1102.0
14333,76059.5,21,49716899,641965169,426.1,5672.0
14334,76070.3,21,49770684,49767439,401.3,4472.0
14335,76076.1,21,5128694815,49768181,548.8,7361.0
14336,76091.4,21,49764791,49777969,563.9,6158.0
14337,76093.9,21,49810122,1472831401,538.4,6964.0
14338,76109.9,21,49770782,1475724282,739.8,8771.0
14339,76118.6,21,958991607,1013396337,361.6,4067.0
14340,76119.9,21,49741274,49759916,543.7,6646.0
14341,76122.2,21,1004809645,49759988,1190.4,15443.0
14342,76123.1,21,49773558,49731559,363.8,4841.0
14343,76126.3,21,49882753,49844794,291.0,3274.0
14344,76129.7,21,11261031486,49741031,287.5,3288.0
14345,76140.7,21,49845726,49807765,888.1,10841.0
14346,76152.7,21,49768440,49861165,197.4,2219.0
14347,76172.3,21,1379495867,5966168898,336.5,4061.0
14348,76185.1,21,3012784288,49789269,313.5,3691.0
14349,76189.3,21,2927432297,49773663,359.9,3985.0
14350,76206.6,21,2502976209,3027616061,276.1,3286.0
14351,76207.7,21,4561710230,49810662,220.4,2516.0
14352,76211.1,21,655442838,49763476,986.5,11731.0
14353,76245.6,21,1017391970,49786045,685.3,7572.0
14354,76252.9,21,3378222899,49794213,188.0,1997.0
14355,76266.0,21,49797586,3895350118,723.4,8958.0
14356,76270.9,21,49793549,1013367449,592.2,7347.0
14357,76288.3,21,633923743,49720590,325.0,3919.0
14358,76296.4,21,49720045,49819615,572.7,7047.0
14359,76298.6,21,3000233170,49790034,369.8,4716.0
14360,76302.7,21,9130874912,49818968,611.7,6914.0
14361,76314.1,21,49809698,3366676349,429.0,4761.0
14362,76317.2,21,49774098,645963446,258.2,3006.0
14363,76320.6,21,49772987,49771127,640.5,8241.0
14364,76334.8,21,49745461,49768080,166.5,1704.0
14365,76351.0,21,49776112,49813472,364.6,4057.0
14366,76361.7,21,49825190,4089959667,168.6,1916.0
14367,76364.6,21,3670756359,1004809376,587.9,6680.0
14368,76369.8,21,49809189,49887003,859.8,10352.0
14369,76374.1,21,705729431,3372235145,885.7,10075.0
14370,76381.0,21,2974621123,49726341,513.9,6780.0
14371,76381.0,21,11460035915,3001431211,172.1,1943.0
14372,76383.7,21,49882753,49720056,460.8,5150.0
14373,76384.5,21,49822338,49778002,1050.7,12183.0
14374,76390.0,21,641087352,49840836,588.3,7439.0
14375,76405.6,21,49720045,49843238,988.8,11093.0
14376,76411.3,21,49769193,49738540,375.5,4773.0
14377,76411.7,21,6799665639,49877121,434.9,5536.0
14378,76426.3,21,49809698,49809721,43.9,490.0
14379,76426.3,21,4270790281,49738815,715.4,9331.0
14380,76467.8,21,3415159798,642563716,195.0,2635.0
14381,76477.7,21,49740442,49764440,532.1,7001.0
14382,76505.5,21,49772964,49819468,243.6,2774.0
14383,76508.3,21,49845830,49847041,793.2,9049.0
14384,76533.0,21,1014110633,13790612903,350.6,3941.0
14385,76549.0,21,49745195,49886008,835.8,10674.0
14386,76561.1,21,49745651,49825121,421.4,4769.0
14387,76569.1,21,5180966153,49792345,613.8,8275.0
14388,76585.8,21,49833602,49882269,707.5,9187.0
14389,76586.8,21,3005239459,49818956,767.5,8598.0
14390,76587.5,21,49810122,49817415,375.6,4539.0
14391,76597.0,21,49772747,4366096286,581.2,6314.0
14392,76597.1,21,49853085,49754058,329.3,3865.0
14393,76602.7,21,49740442,1482962008,616.3,7044.0
14394,76608.7,21,49817415,49770689,151.6,1692.0
14395,76617.5,21,49888300,49815563,356.1,4223.0
14396,76621.2,21,647031903,49755034,678.8,8514.0
14397,76628.9,21,49770423,1443727005,765.1,9941.0
14398,76629.8,21,49809200,49841197,607.7,6771.0
14399,76638.7,21,49773205,49803624,631.3,7473.0
14400,76658.5,21,1004839834,49738815,823.7,10529.0
14401,76683.5,21,49745193,49745301,157.7,1764.0
14402,76685.1,21,3001288930,49761364,384.4,4334.0
14403,76687.7,21,49809189,647043631,347.7,3854.0
14404,76689.5,21,1443482419,13265637004,275.0,3028.0
14405,76705.6,21,49789379,49777039,765.4,9018.0
14406,76721.3,21,3001046648,49754706,593.7,6810.0
14407,76725.3,21,49881497,655662483,776.5,9553.0
14408,76731.2,21,49793983,2896020706,1214.7,15707.0
14409,76742.0,21,49845837,49804664,569.3,6503.0
14410,76762.7,21,49888300,642586207,793.2,9578.0
14411,76763.8,21,49803595,49756850,357.8,3941.0
14412,76774.9,21,49772747,49754661,105.4,1036.0
14413,76777.6,21,49787774,610608625,166.7,1827.0
14414,76796.0,21,642563716,49764359,301.0,3529.0
14415,76799.9,21,642317837,3900785044,337.3,6015.0
14416,76801.2,21,49763064,49847898,87.7,981.0
14417,76802.4,21,49770672,649840206,767.1,9494.0
14418,76812.4,21,3012429028,49824184,163.8,1913.0
14419,76820.0,21,49772633,49893410,74.0,755.0
14420,76830.8,21,9676179707,49746266,369.3,4341.0
14421,76831.1,21,49845777,1991035279,516.1,6338.0
14422,76832.5,21,6799665639,49771354,219.1,2893.0
14423,76832.9,21,49769187,49776924,242.3,2665.0
14424,76840.2,21,1017379708,49837430,280.0,3106.0
14425,76854.4,21,49844794,49750678,613.0,8860.0
14426,76855.0,21,3001016717,49789503,449.1,5940.0
14427,76859.0,21,49801673,49836926,597.6,6553.0
14428,76889.5,21,49802301,49853793,756.1,9112.0
14429,76894.0,21,2305183785,1484481817,550.3,6362.0
14430,76894.6,21,49799808,49842949,164.3,1879.0
14431,76918.2,21,49763606,49759916,380.2,4984.0
14432,76938.0,21,49845777,49789333,562.6,6427.0
14433,76963.3,21,4561710231,5445184004,570.4,6181.0
14434,76990.7,21,4366096286,5343233829,460.5,5337.0
14435,76998.2,21,49782369,5277494650,643.9,7600.0
14436,77018.4,21,49809721,49837683,297.0,3324.0
14437,77034.9,21,49741673,7505269058,873.2,11260.0
14438,77050.2,21,49777712,49877710,948.9,11703.0
14439,77059.5,21,3001353534,49763921,618.4,7604.0
14440,77064.3,21,3240030410,49729179,149.5,1601.0
14441,77066.5,21,3013407820,49772847,711.8,8352.0
14442,77088.4,21,4060172794,49760904,914.9,12207.0
14443,77117.3,21,49745186,1443727009,773.1,11039.0
14444,77123.3,21,9130874912,647044100,427.6,5012.0
14445,77123.4,21,49723539,49760283,225.1,2208.0
14446,77139.1,21,49739801,49847403,128.1,1427.0
14447,77145.1,21,49777853,49741771,520.8,5890.0
14448,77157.1,21,49789264,641127592,510.9,5663.0
14449,77161.8,21,9968466642,49813493,515.8,5869.0
14450,77170.4,21,49789291,49797942,171.6,1944.0
14451,77192.2,21,49870270,49821840,970.0,11496.0
14452,77203.0,21,49751580,3798943047,354.0,4102.0
14453,77221.6,21,641116231,3657249995,632.5,7931.0
14454,77223.2,21,49739609,49828509,858.1,9569.0
14455,77236.8,21,638452596,49715999,559.0,6364.0
14456,77255.9,21,49809721,49825717,524.4,6157.0
14457,77258.5,21,4561710231,49795779,310.5,3318.0
14458,77262.4,21,638062063,49774093,332.4,3774.0
14459,77273.7,21,49749470,5356541562,545.0,6676.0
14460,77283.2,21,49815553,49754643,486.8,5376.0
14461,77291.0,21,49777795,49797586,229.6,2584.0
14462,77294.9,21,1243973943,1394275827,131.0,1482.0
14463,77302.4,21,49770423,49820527,454.1,5039.0
14464,77303.1,21,49777795,49720155,217.3,3158.0
14465,77337.7,21,876615362,49837373,587.4,7447.0
14466,77345.5,21,49789275,49772615,182.8,1928.0
14467,77357.4,21,876615362,389067203,632.6,7337.0
14468,77367.7,21,49782040,49751677,617.4,8437.0
14469,77371.1,21,49745680,49761921,1028.2,12761.0
14470,77403.1,21,49756881,49746243,493.1,5937.0
14471,77409.1,21,49776916,49804397,183.8,2065.0
14472,77418.0,21,3415159798,49735031,500.2,5888.0
14473,77426.2,21,11177333923,1379549932,355.2,4084.0
14474,77445.0,21,49752115,1364961091,437.3,4876.0
14475,77460.5,21,49745680,13437605385,752.5,9062.0
14476,77481.4,21,5445800908,49775581,417.4,4664.0
14477,77482.2,21,49803595,1462088982,998.9,12547.0
14478,77499.7,21,49740442,1365013777,600.0,7424.0
14479,77509.2,21,49776916,49856112,356.8,3878.0
14480,77512.1,21,655680757,49769182,572.2,7274.0
14481,77513.2,21,49789251,49859675,154.1,1629.0
14482,77515.5,21,642044494,49759823,1153.5,16354.0
14483,77525.6,21,641116203,49773647,320.2,3746.0
14484,77541.2,21,49792107,641110773,515.9,6612.0
14485,77557.9,21,49792123,49742360,162.7,1697.0
14486,77561.4,21,49820743,49780058,606.3,6745.0
14487,77585.9,21,4561710230,2305183793,33.9,378.0
14488,77588.9,21,49773923,49842979,466.3,5361.0
14489,77593.9,21,49845830,641965122,487.1,6436.0
14490,77594.6,21,49773012,49844089,766.9,9550.0
14491,77607.4,21,49799147,701602949,328.3,3720.0
14492,77613.4,21,49809189,49800720,203.4,2280.0
14493,77639.0,21,49829250,49782040,202.6,2509.0
14494,77657.6,21,1017379708,49770703,110.7,1239.0
14495,77659.6,21,49810876,49792806,248.6,3842.0
14496,77660.4,21,8592032116,49748627,197.9,2403.0
14497,77663.2,21,49756578,49735130,587.0,7088.0
14498,77676.2,21,3013484875,49793970,612.2,7559.0
14499,77698.4,21,49853094,49726410,547.2,5975.0
14500,77701.3,21,1484482239,49772649,817.7,9831.0
14501,77718.8,21,49774087,49778991,390.0,5844.0
14502,77753.9,21,3151812441,49764374,280.1,3126.0
14503,77757.9,21,9166612489,10148005826,254.5,2958.0
14504,77760.9,21,647619114,49770627,162.2,1802.0
14505,77761.6,21,3415159798,3001683706,308.8,4328.0
14506,77766.0,21,49745636,653947544,664.8,8705.0
14507,77787.2,21,49797401,49844804,287.1,3280.0
14508,77796.9,21,49774098,49797044,450.5,5150.0
14509,77799.1,21,49745650,49775557,313.9,3431.0
14510,77801.9,21,5170081599,49816688,469.9,5975.0
14511,77803.6,21,49783079,3657250001,564.5,7118.0
14512,77804.1,21,49769187,13828890638,512.7,6038.0
14513,77808.3,21,49748155,49813696,132.4,1570.0
14514,77809.8,21,49740442,49789520,912.0,10873.0
14515,77812.1,21,49773040,49790022,222.1,2452.0
14516,77816.6,21,638062063,4805685480,253.4,3137.0
14517,77820.4,21,49792123,49745457,556.2,7062.0
14518,77829.9,21,49842421,49830548,324.8,3876.0
14519,77836.9,21,1484331315,49758660,42.2,478.0
14520,77837.9,21,49762264,3056586923,444.5,4900.0
14521,77859.9,21,49840782,1017391974,555.3,7671.0
14522,77860.0,21,642044494,8530666832,694.2,12167.0
14523,77876.6,21,49770680,645963249,276.0,3028.0
14524,77879.8,21,49881497,783623543,663.8,7208.0
14525,77891.3,21,49820583,49768698,614.0,6758.0
14526,77900.2,21,49825409,3627567085,738.3,8248.0
14527,77908.8,21,1243974324,1929135343,840.9,12394.0
14528,77908.9,21,49765167,2921295473,467.7,5292.0
14529,77912.8,21,49820714,49770727,356.3,3982.0
14530,77920.1,21,9723903189,49787492,656.8,8004.0
14531,77922.0,21,655442852,49825427,751.0,8817.0
14532,77922.7,21,49888809,49851841,952.5,11543.0
14533,77925.0,21,49770640,1804420109,306.0,3624.0
14534,77925.7,21,49778050,49753984,636.2,8300.0
14535,77934.6,21,49809698,49745689,198.1,2190.0
14536,77944.4,21,49741165,49765245,483.2,5689.0
14537,77947.6,21,49799147,49773647,474.3,5267.0
14538,77956.1,21,3001046648,49762927,418.3,5902.0
14539,77963.8,21,49797586,647043825,351.2,3946.0
14540,77963.9,21,49782599,49830426,1335.0,15684.0
14541,77965.6,21,3012784293,49764371,185.9,2237.0
14542,77965.8,21,49741274,49758509,451.6,5123.0
14543,77972.7,21,6777089504,49770680,427.0,4984.0
14544,77990.5,21,49793549,49722743,655.5,7359.0
14545,77996.3,21,2896020586,49845885,656.5,8453.0
14546,77997.9,21,49745247,49882399,158.5,1772.0
14547,78017.2,21,49820583,5851387630,246.1,2741.0
14548,78025.6,21,49729179,49742300,212.9,2392.0
14549,78025.8,21,49724395,4643951068,132.1,1464.0
14550,78029.0,21,447591561,49759769,606.8,5957.0
14551,78036.8,21,49820874,49770684,610.8,6826.0
14552,78050.0,21,49773526,4000786673,730.3,8794.0
14553,78066.6,21,49745628,2131533990,563.2,6373.0
14554,78082.6,21,9136825795,49775426,489.2,5374.0
14555,78083.2,21,49833602,49822554,1119.5,14284.0
14556,78109.6,21,49859632,9622473645,420.9,4828.0
14557,78113.7,21,49741730,49776943,372.3,4121.0
14558,78118.8,21,655442853,7802243126,263.8,2937.0
14559,78122.5,21,49748066,1364961102,83.9,949.0
14560,78133.6,21,1362307924,1497927855,878.6,11686.0
14561,78138.1,21,49745232,1470020432,851.1,10405.0
14562,78147.2,21,3012784293,49734612,352.7,4132.0
14563,78148.1,21,49763606,49785326,55.7,583.0
14564,78162.1,21,49776112,49745094,427.6,4767.0
14565,78165.0,21,49815687,1017545562,120.9,1392.0
14566,78170.9,21,49762225,49803373,508.9,5909.0
14567,78192.8,21,49797596,10689662816,583.8,6588.0
14568,78193.4,21,3000430293,49740162,548.8,6245.0
14569,78194.1,21,5170081599,49716129,658.4,8846.0
14570,78196.6,21,3013484875,49732422,344.5,4106.0
14571,78197.4,21,3665450111,49774400,323.5,3238.0
14572,78202.3,21,49820714,49842979,386.7,4284.0
14573,78213.8,21,49848293,49811077,482.8,5912.0
14574,78225.5,21,1379505588,49784228,422.7,4746.0
14575,78229.9,21,3016605409,49817467,212.5,2419.0
14576,78231.5,21,1364989296,49819105,694.6,8759.0
14577,78250.5,21,49784130,49878067,230.1,2710.0
14578,78255.2,21,49780562,49754519,513.0,5690.0
14579,78255.8,21,49772551,49882385,294.8,3334.0
14580,78257.9,21,49773581,641107672,319.0,3613.0
14581,78268.0,21,5180966153,4082394068,549.2,6583.0
14582,78268.7,21,49756474,641110765,255.2,3047.0
14583,78269.5,21,49756474,1485051803,653.9,8528.0
14584,78270.1,21,49773055,49779719,643.8,8194.0
14585,78271.2,21,49866935,2462383184,296.2,3349.0
14586,78282.3,21,49793983,10119384254,804.0,9670.0
14587,78286.6,21,49787453,634011173,214.8,2485.0
14588,78294.7,21,774340109,49810662,287.6,3264.0
14589,78295.6,21,655442853,49759769,738.3,8664.0
14590,78303.2,21,49822928,49861299,310.8,3468.0
14591,78341.7,21,49772633,49756281,465.4,5001.0
14592,78356.4,21,1364961100,49764858,345.9,4743.0
14593,78356.5,21,1013429968,49731508,653.0,7727.0
14594,78362.5,21,49797586,49737508,695.4,8534.0
14595,78375.6,21,49745459,1379495867,328.7,3761.0
14596,78382.7,21,49770708,3006129398,461.4,5340.0
14597,78383.2,21,49848293,49773590,585.9,6690.0
14598,78385.4,21,13259914865,11198017167,629.2,7014.0
14599,78386.8,21,49809698,9983605755,240.4,2587.0
14600,78394.4,21,1618429530,9533966093,115.9,1176.0
14601,78395.0,21,641087352,49809327,431.1,4780.0
14602,78398.8,21,3012829798,655680519,354.6,4777.0
14603,78403.0,21,49752628,49742335,591.9,6832.0
14604,78404.8,21,3012829811,9480293897,357.0,3981.0
14605,78417.6,21,49825108,634784056,297.2,3336.0
14606,78432.8,21,49873688,1363151543,546.7,6600.0
14607,78433.5,21,49770789,49752512,748.0,9200.0
14608,78435.2,21,2975016185,3665480425,433.4,4643.0
14609,78438.7,21,49763640,647044393,357.6,3964.0
14610,78445.6,21,49756373,49863703,568.2,6297.0
14611,78450.1,21,49803595,49816030,954.6,11709.0
14612,78458.2,21,49787890,49764953,698.4,8860.0
14613,78469.8,21,49716899,49764374,152.2,1719.0
14614,78483.9,21,49822338,49747879,631.2,6533.0
14615,78498.7,21,49741095,49764365,303.7,3429.0
14616,78525.9,21,49764791,49746233,924.2,10988.0
14617,78533.3,21,49863186,642817892,159.0,1919.0
14618,78536.9,21,49776112,49769180,343.7,3794.0
14619,78542.7,21,12529163241,49762961,809.2,10772.0
14620,78545.0,21,49749374,49741735,711.3,8373.0
14621,78576.4,21,49740244,1243973976,133.3,1490.0
14622,78585.3,21,49810876,1381307999,122.4,1425.0
14623,78598.2,21,49749106,647043964,303.5,3410.0
14624,78611.6,21,3000430293,49797617,365.2,4040.0
14625,78617.8,21,49799643,12687209031,602.2,7190.0
14626,78620.4,21,655447275,49768464,635.9,7453.0
14627,78622.3,21,49882753,49791711,133.9,1496.0
14628,78656.6,21,49789205,49801021,692.1,7692.0
14629,78670.2,21,49770676,49777682,154.9,1757.0
14630,78688.0,21,49888300,3011565329,799.6,9747.0
14631,78705.0,21,49820743,49767707,1060.2,13015.0
14632,78711.3,21,49829250,49794318,716.8,9961.0
14633,78730.1,21,641073443,1364987323,419.4,5019.0
14634,78740.2,21,49829861,49767426,721.3,8555.0
14635,78750.9,21,49817387,8329479003,459.0,5088.0
14636,78759.3,21,9797239771,49843151,472.2,5514.0
14637,78760.6,21,1379471556,49777993,580.8,6511.0
14638,78768.1,21,49772987,49768071,517.1,5993.0
14639,78771.4,21,49773558,2399740768,408.8,4663.0
14640,78774.6,21,49845830,641112617,66.1,735.0
14641,78781.2,21,49809698,49763467,627.6,7426.0
14642,78782.0,21,829675288,49827117,134.5,1500.0
14643,78790.5,21,49820757,49772747,480.8,5425.0
14644,78796.4,21,49773526,3798943072,842.7,9579.0
14645,78811.5,21,49866594,49748302,758.8,8125.0
14646,78814.9,21,262173261,2974621123,232.1,2543.0
14647,78816.2,21,49745188,4643916786,385.6,5842.0
14648,78816.4,21,3012535014,49780078,165.9,1926.0
14649,78822.7,21,655247774,49766002,358.0,4166.0
14650,78833.0,21,49813365,49765273,337.0,3734.0
14651,78859.1,21,641116213,49801203,171.0,1875.0
14652,78860.1,21,49898275,49812332,307.2,3524.0
14653,78876.6,21,49779896,11230125801,296.7,3341.0
14654,78881.1,21,49809177,647043876,350.8,3948.0
14655,78886.5,21,9130874912,649839841,696.5,8822.0
14656,78895.7,21,49866935,49775998,403.9,4494.0
14657,78899.6,21,3240030410,1443726991,703.3,9444.0
14658,78901.1,21,49845726,49745640,106.9,1227.0
14659,78903.4,21,1381216023,49869665,382.5,4396.0
14660,78913.6,21,49787160,49797192,626.2,7928.0
14661,78921.1,21,49820757,49797713,318.0,3539.0
14662,78921.3,21,49770684,5896031670,413.4,5028.0
14663,78926.2,21,3013407820,1443573427,704.5,8966.0
14664,78932.0,21,49810871,49882315,178.0,1992.0
14665,78934.8,21,3672563449,49778932,584.3,6436.0
14666,78935.9,21,49776463,49765092,511.6,5817.0
14667,78941.7,21,49878016,9389447759,691.6,8960.0
14668,78946.1,21,49719895,49773519,96.2,1041.0
14669,78948.0,21,958991607,49792963,467.1,5687.0
14670,78958.3,21,1364961088,49881897,507.3,6255.0
14671,78958.7,21,49762191,9166612489,173.3,1966.0
14672,78966.6,21,49734621,49758036,357.9,4289.0
14673,78969.7,21,49801673,49745918,852.1,10855.0
14674,78978.7,21,49741165,49866407,315.0,3763.0
14675,78991.4,21,49825108,49749194,849.0,9545.0
14676,79003.5,21,49793759,49853299,553.9,7561.0
14677,79017.7,21,49791685,2765545520,461.9,5447.0
14678,79029.1,21,9134098214,3657251445,873.2,9852.0
14679,79031.5,21,49770423,3378222911,214.2,2387.0
14680,79042.0,21,49756373,49837513,479.5,5493.0
14681,79046.4,21,49771040,49744664,770.8,9340.0
14682,79070.5,21,632879321,49726410,360.6,3925.0
14683,79071.6,21,49747457,49878967,172.0,1752.0
14684,79084.1,21,9136839220,641110826,143.7,1671.0
14685,79086.0,21,1447308555,49868924,1141.9,13501.0
14686,79097.1,21,3240030410,49795928,248.6,2856.0
14687,79114.0,21,49876468,49859675,371.9,4007.0
14688,79118.2,21,49774087,49853021,866.5,10398.0
14689,79118.4,21,49776461,646031258,334.5,3742.0
14690,79126.6,21,8427531415,49826853,443.7,5013.0
14691,79134.6,21,49765155,49830496,382.9,4198.0
14692,79135.5,21,49773036,3388139622,601.9,6698.0
14693,79144.7,21,13790612928,5301966812,353.0,4331.0
14694,79144.7,21,49745457,3302325145,281.2,3148.0
14695,79150.2,21,3378222897,49746693,312.7,3359.0
14696,79176.5,21,49793670,49789277,491.3,5574.0
14697,79193.3,21,49776112,49784154,157.5,1730.0
14698,79196.8,21,49745243,647628152,131.1,1474.0
14699,79210.9,22,49769580,49815553,683.9,7679.0
14700,79220.0,22,49745195,3001431211,186.3,1995.0
14701,79220.3,22,49772633,49739298,273.8,3029.0
14702,79223.8,22,49801673,49750338,617.9,7743.0
14703,79231.4,22,1379505465,49749077,250.4,2880.0
14704,79237.7,22,49863186,49777677,178.1,2087.0
14705,79243.6,22,49782241,7818462163,612.2,6856.0
14706,79247.4,22,49825108,49832630,692.3,8095.0
14707,79292.1,22,3798943055,49745728,321.9,3937.0
14708,79296.9,22,49767517,642446323,524.9,6468.0
14709,79311.1,22,3378110162,49803116,493.5,6764.0
14710,79313.6,22,49772747,9688260452,783.7,9022.0
14711,79318.4,22,49822365,49816406,584.1,6416.0
14712,79336.5,22,49794047,49825124,512.3,6515.0
14713,79345.0,22,49793729,49758252,405.0,4417.0
14714,79360.4,22,49865817,49723981,745.0,8895.0
14715,79377.4,22,3378222899,1440867162,461.9,5989.0
14716,79398.6,22,49741730,49826430,471.2,5266.0
14717,79400.1,22,49767517,49788608,746.9,8930.0
14718,79408.8,22,49745225,5445781491,478.8,5242.0
14719,79410.0,22,647619114,1394275827,105.3,1180.0
14720,79420.2,22,49748725,49790576,791.5,9782.0
14721,79434.9,22,49745676,49847389,226.4,2426.0
14722,79449.4,22,655247774,1443727119,377.6,4348.0
14723,79474.3,22,49853085,49790050,420.5,4742.0
14724,79505.7,22,982859843,49756578,294.4,3413.0
14725,79508.9,22,49741274,49871515,387.4,4375.0
14726,79519.8,22,49774098,49745631,333.9,3852.0
14727,79526.5,22,49741730,49819679,771.2,9947.0
14728,79537.0,22,49876468,49831338,293.4,3932.0
14729,79542.8,22,49745240,49745677,300.2,3361.0
14730,79550.0,22,49866935,13686935904,482.1,5406.0
14731,79553.8,22,1240476057,49776468,434.5,4876.0
14732,79557.5,22,49724395,49716066,563.7,6222.0
14733,79561.1,22,49741058,1458431777,477.7,5303.0
14734,79570.1,22,655662508,49739815,592.6,7507.0
14735,79570.9,22,12974478437,5563919642,230.5,2535.0
14736,79578.1,22,49741703,49789275,490.9,5485.0
14737,79583.8,22,49787453,49715974,369.9,4247.0
14738,79599.8,22,867659605,49719902,47.7,538.0
14739,79603.8,22,49809698,2382483428,208.1,2260.0
14740,79607.8,22,49774079,49833650,548.7,6581.0
14741,79624.7,22,5128694815,49734010,137.1,1466.0
14742,79658.0,22,49789251,3001484259,356.9,4092.0
14743,79680.3,22,8461692431,49827468,734.3,8450.0
14744,79695.6,22,1379505588,953416970,872.7,11091.0
14745,79728.6,22,3001375539,49769241,206.4,2751.0
14746,79745.8,22,49845850,49853703,376.3,4153.0
14747,79746.9,22,49745628,49809702,211.6,2426.0
14748,79751.1,22,49745204,49790534,471.3,5263.0
14749,79803.6,22,49724395,13437605382,146.3,1566.0
14750,79812.3,22,49763640,1443727007,1035.1,14070.0
14751,79817.4,22,49756474,49766761,661.8,9303.0
14752,79817.7,22,2927432297,635118613,412.6,4617.0
14753,79840.8,22,49797586,13686935904,193.7,2169.0
14754,79842.0,22,3670756345,1462089010,731.9,8981.0
14755,79853.5,22,49767194,13790612928,255.4,2916.0
14756,79889.9,22,12143083687,49761428,1317.3,15854.0
14757,79917.9,22,49794206,49826547,200.3,2182.0
14758,79936.4,22,49793729,3286086576,413.6,4736.0
14759,79954.5,22,1379471024,9526260026,107.8,1210.0
14760,79961.4,22,49778342,1231568389,371.5,4253.0
14761,79966.3,22,49844851,1484481646,384.8,4462.0
14762,79972.5,22,49820885,49790053,1149.2,12854.0
14763,80001.4,22,49764791,9768681897,487.5,5456.0
14764,80011.5,22,49797543,3370866933,656.4,7419.0
14765,80037.3,22,646065021,49747844,556.8,6406.0
14766,80045.9,22,11198264287,49794227,291.0,3237.0
14767,80056.2,22,3012429028,632879321,323.4,3591.0
14768,80058.5,22,49789208,49739799,179.8,1945.0
14769,80072.0,22,3670756345,3665453345,715.7,7766.0
14770,80088.6,22,642563716,12479669095,387.1,4566.0
14771,80093.9,22,5170081599,49744620,359.1,4743.0
14772,80094.6,22,3012784293,49717411,558.6,6261.0
14773,80115.2,22,49741274,1364989306,325.9,3793.0
14774,80131.9,22,12143083687,49773008,614.4,7361.0
14775,80162.3,22,1381216023,4059254292,638.5,7202.0
14776,80192.6,22,982859843,49729919,631.1,7331.0
14777,80194.2,22,49776461,49790022,203.6,2223.0
14778,80198.3,22,49765245,49850541,366.2,4050.0
14779,80219.2,22,641116247,49793670,69.8,751.0
14780,80220.2,22,49846816,49765083,184.1,2067.0
14781,80273.9,22,49793777,49845521,883.4,10746.0
14782,80275.9,22,3669554874,49735138,657.7,7138.0
14783,80278.0,22,5180966153,49791973,300.8,4361.0
14784,80287.4,22,49741730,49862829,919.0,11352.0
14785,80293.5,22,1014110633,49765273,106.7,1103.0
14786,80296.4,22,49876468,49829195,883.4,10447.0
14787,80310.8,22,3125718572,3222223997,569.5,7225.0
14788,80325.5,22,1443727088,2765102980,677.5,8229.0
14789,80350.4,22,1740764624,49764271,59.8,655.0
14790,80355.1,22,49846819,641127571,237.4,2697.0
14791,80363.8,22,49773923,2765102985,909.5,11026.0
14792,80380.9,22,49883336,49788468,628.0,7431.0
14793,80405.8,22,49824264,49739603,425.9,4883.0
14794,80419.0,22,49777795,49746114,621.0,8049.0
14795,80438.8,22,49821763,649839280,758.1,9586.0
14796,80448.6,22,49749379,49761531,665.1,7340.0
14797,80450.0,22,1491097176,49742628,805.0,12279.0
14798,80451.2,22,3669554874,3381778777,888.1,10959.0
14799,80453.0,22,1017391974,49778706,525.0,6607.0
14800,80468.3,22,635118613,2456351027,364.1,4178.0
14801,80479.7,22,49825108,49756606,400.0,4708.0
14802,80487.3,22,5180966153,1458950705,684.9,9316.0
14803,80503.2,22,49749106,49774871,322.9,3623.0
14804,80511.9,22,49753516,647087552,716.8,7961.0
14805,80528.1,22,6777089504,965766236,572.2,6547.0
14806,80544.5,22,11177333923,49741703,328.0,3800.0
14807,80559.5,22,6796840445,49762940,365.3,4842.0
14808,80568.2,22,49752621,49883336,618.0,8112.0
14809,80568.9,22,49881497,641127560,424.3,5003.0
14810,80579.9,22,49765161,11198264287,461.0,5857.0
14811,80610.0,22,49741730,5354789656,620.9,6765.0
14812,80629.3,22,49773581,647043621,158.8,1775.0
14813,80649.6,22,49773581,49837683,317.0,3547.0
14814,80650.3,22,49881497,49776668,433.8,4899.0
14815,80665.5,22,49782255,3302325145,151.2,1689.0
14816,80667.4,22,642317837,49800662,911.3,11773.0
14817,80691.9,22,3672563449,1496803767,957.4,11946.0
14818,80693.0,22,49845837,49797063,193.2,2100.0
14819,80693.3,22,5128694819,49734142,396.6,4233.0
14820,80696.0,22,49741058,3379821559,88.9,982.0
14821,80696.1,22,49770639,49857731,684.7,7526.0
14822,80705.1,22,49787863,49796171,107.0,1209.0
14823,80712.6,22,49773040,49741174,206.2,2515.0
14824,80722.1,22,49774093,4325552563,341.5,3940.0
14825,80728.0,22,49884234,49763729,1138.6,14452.0
14826,80747.8,22,49762207,642586207,137.7,1528.0
14827,80755.0,22,49762264,49795913,738.0,9327.0
14828,80756.0,22,49741076,49770179,233.1,2481.0
14829,80767.8,22,49776031,5563919655,511.1,5645.0
14830,80783.1,22,3013407820,49814377,494.5,5665.0
14831,80785.8,22,49721610,49745667,324.2,4102.0
14832,80787.0,22,641116273,49730863,621.4,7246.0
14833,80789.3,22,49756892,1479893413,492.6,6264.0
14834,80789.8,22,49745628,49742320,271.1,3195.0
14835,80825.1,22,49779896,49892045,660.9,7452.0
14836,80841.7,22,49797051,49847120,530.9,6236.0
14837,80844.9,22,4975093911,49815997,867.4,10683.0
14838,80847.0,22,49741058,49842979,369.1,4297.0
14839,80847.6,22,655661924,4325552566,239.6,2852.0
14840,80878.5,22,641054075,49743563,592.3,6817.0
14841,80880.9,22,982859843,49782369,654.1,7803.0
14842,80891.8,22,49741715,4018818990,395.6,4390.0
14843,80902.5,22,49856112,49769213,118.9,1267.0
14844,80905.8,22,49770640,49885662,416.8,4691.0
14845,80907.0,22,49768440,10119384254,236.9,2729.0
14846,80909.1,22,49780558,49763119,440.6,4858.0
14847,80928.2,22,49845850,49773008,344.6,3859.0
14848,80939.6,22,49865817,641107616,221.7,2525.0
14849,80952.4,22,49809177,49851841,779.0,9517.0
14850,80962.4,22,49793773,49819142,888.6,10807.0
14851,80975.8,22,49743415,49778454,683.1,7731.0
14852,80976.5,22,49780562,1363891620,407.4,4564.0
14853,80994.0,22,49782369,49751291,841.8,9511.0
14854,81041.6,22,49789251,645963060,324.0,3764.0
14855,81062.2,22,49745628,7320020925,434.0,5508.0
14856,81075.9,22,49745247,49796171,135.5,1517.0
14857,81080.1,22,641116270,49893849,357.8,3977.0
14858,81097.6,22,49776916,6487879211,592.0,6602.0
14859,81126.9,22,1364961100,1379471024,162.1,1811.0
14860,81132.4,22,49745677,11368228085,1041.4,13053.0
14861,81152.5,22,49745676,49803721,515.0,5891.0
14862,81188.9,22,49745669,646190621,812.0,10404.0
14863,81204.0,22,49889382,49788279,655.9,7525.0
14864,81208.7,22,49845837,49798775,928.4,11465.0
14865,81218.3,22,774340109,49809494,422.0,4917.0
14866,81222.9,22,49745225,739515930,159.3,1779.0
14867,81234.6,22,655442839,49747510,106.9,1408.0
14868,81237.3,22,49848293,49811214,118.1,1253.0
14869,81237.5,22,49745335,641965151,553.4,7240.0
14870,81275.1,22,8146198871,49778836,860.4,9838.0
14871,81276.8,22,49772987,49850541,282.4,3158.0
14872,81278.3,22,49798625,49812478,548.7,7070.0
14873,81288.9,22,1379496002,9642651666,205.9,2351.0
14874,81296.9,22,49745186,49820699,444.7,5041.0
14875,81301.4,22,49764791,49739815,207.1,2273.0
14876,81316.1,22,49745193,49843103,300.9,3550.0
14877,81334.9,22,49860783,49873888,321.4,4090.0
14878,81351.3,22,49774098,635178634,404.2,4637.0
14879,81366.3,22,641119730,49796128,574.4,6577.0
14880,81367.2,22,49888300,2956751419,866.9,10501.0
14881,81378.1,22,1379496002,49722454,451.7,5246.0
14882,81383.7,22,3672563449,49774966,100.9,1127.0
14883,81402.6,22,3012535147,49745296,340.3,3842.0
14884,81409.3,22,49780558,2382483428,264.8,2949.0
14885,81412.8,22,3240030410,642436300,256.6,3345.0
14886,81416.9,22,49745204,49792024,845.6,10295.0
14887,81440.2,22,11198264287,8455846801,56.7,634.0
14888,81511.2,22,4792249103,647087545,715.2,8019.0
14889,81513.1,22,49822928,632935663,189.4,2154.0
14890,81516.5,22,641087352,49851512,586.1,7911.0
14891,81537.3,22,49745650,49848006,434.6,4897.0
14892,81539.1,22,49770639,647043633,336.4,3649.0
14893,81547.7,22,3661066117,49747475,931.4,12484.0
14894,81573.7,22,655662508,49823451,244.0,2771.0
14895,81578.5,22,49720045,49776047,457.3,5124.0
14896,81611.5,22,49770782,49850735,482.8,5485.0
14897,81618.9,22,7494204321,49770179,215.1,2350.0
14898,81636.7,22,49842421,49744672,185.9,2000.0
14899,81667.0,22,633923743,49775726,1022.7,12591.0
14900,81677.1,22,49802545,49743367,453.7,5151.0
14901,81682.3,22,3672563449,49797694,48.0,537.0
14902,81714.1,22,49794206,49745186,280.3,3186.0
14903,81739.9,22,3240030410,49777170,183.0,2037.0
14904,81747.2,22,6777089504,49732193,357.2,4169.0
14905,81750.7,22,49756492,10148005826,525.0,5792.0
14906,81762.2,22,2440761314,3010525228,447.4,5055.0
14907,81801.4,22,49837606,5678291406,214.2,2794.0
14908,81815.5,22,49776112,13765366376,737.5,8856.0
14909,81826.7,22,9136825802,3007587814,662.1,7625.0
14910,81836.0,22,1379496002,6007151790,120.5,1356.0
14911,81870.3,22,49881497,49766729,1135.8,15404.0
14912,81877.9,22,49788457,4618716073,448.7,5167.0
14913,81898.9,22,1014110633,49825434,298.0,3181.0
14914,81923.1,22,49741274,49778492,568.0,6503.0
14915,81930.3,22,49772633,49839896,192.7,2094.0
14916,81931.0,22,49858017,49780533,543.4,6009.0
14917,81950.1,22,4561710230,49752603,333.1,3911.0
14918,81952.7,22,49764337,647043964,210.4,2408.0
14919,81955.6,22,49749855,389067216,1064.3,13453.0
14920,81957.9,22,49810122,49856927,703.5,8123.0
14921,81958.9,22,49825409,49761919,1098.3,13260.0
14922,81973.1,22,49888809,49773519,310.9,3401.0
14923,81973.9,22,49848686,2462383184,373.9,4307.0
14924,81982.7,22,49748151,2399740768,948.9,10972.0
14925,81993.9,22,49770423,49847434,406.4,4498.0
14926,82006.6,22,49808183,49739815,419.9,5025.0
14927,82006.6,22,3012784293,49870402,395.1,4542.0
14928,82014.1,22,49765145,49743578,495.0,5700.0
14929,82030.3,22,1379471105,5581929187,707.6,9091.0
14930,82068.0,22,647043625,49745296,255.5,2835.0
14931,82076.1,22,49756474,1443727108,281.1,3204.0
14932,82080.6,22,49745680,49816125,1008.7,12376.0
14933,82088.4,22,49773526,49751207,601.0,6634.0
14934,82092.8,22,12687209031,3013484854,642.4,7641.0
14935,82104.1,22,11198264296,49847971,361.7,3986.0
14936,82113.9,22,1381216023,3370866935,614.7,7259.0
14937,82124.9,22,49745455,3627567087,774.3,8677.0
14938,82132.9,22,49729182,49843060,412.6,4597.0
14939,82134.1,22,49745243,641110765,277.8,3138.0
14940,82135.8,22,49848686,49770179,99.1,1304.0
14941,82143.8,22,49802301,1364989276,658.5,7784.0
14942,82154.1,22,5128694819,49846690,602.5,8929.0
14943,82158.1,22,49799643,49742585,499.2,5797.0
14944,82160.5,22,641116257,3278871310,831.1,9173.0
14945,82171.1,22,49822928,655447275,705.8,8874.0
14946,82189.6,22,49789333,49754618,263.7,3175.0
14947,82192.9,22,5170081599,49765058,139.6,1504.0
14948,82194.7,22,49756566,49850681,168.7,1796.0
14949,82228.8,22,1484482239,647043654,553.5,6958.0
14950,82237.9,22,1447308555,10806883920,554.1,6314.0
14951,82245.5,22,5128694819,646216604,526.1,6242.0
14952,82245.8,22,49825108,49749062,390.0,4645.0
14953,82252.9,22,49787863,49785313,227.2,2545.0
14954,82253.6,22,1379471556,49755641,882.2,10972.0
14955,82264.9,22,1379471024,49722130,925.7,11439.0
14956,82276.0,22,49789275,3372448408,573.5,6174.0
14957,82278.2,22,49771030,49850686,995.3,11561.0
14958,82285.3,22,49765155,49748539,162.4,1829.0
14959,82300.7,22,49741274,49731206,419.7,4615.0
14960,82301.1,22,49745636,1486620336,709.6,9060.0
14961,82309.5,22,49809698,49753990,612.4,7984.0
14962,82311.6,22,49773070,642909941,410.8,4962.0
14963,82328.6,22,5180966153,49730251,482.0,6867.0
14964,82328.9,22,49767517,49815946,748.4,9366.0
14965,82335.6,22,49881497,49741187,648.3,7212.0
14966,82343.2,22,49820583,49806987,565.0,6647.0
14967,82348.2,22,641087352,49853085,369.8,4122.0
14968,82349.9,22,49759091,49754667,722.0,8320.0
14969,82356.6,22,49771040,1243960522,453.7,5363.0
14970,82367.5,22,49773070,5709916352,715.7,9868.0
14971,82386.4,22,3005831881,49853489,403.6,5595.0
14972,82393.4,22,49764271,49775719,879.7,11000.0
14973,82397.1,22,3012829811,49782655,650.2,7273.0
14974,82399.4,22,4935980603,49762961,295.2,3308.0
14975,82407.1,22,49873440,49764440,592.2,6843.0
14976,82414.7,22,3378222899,3007587814,674.6,7985.0
14977,82417.1,22,49753516,49773622,437.2,4834.0
14978,82417.4,22,49742771,49745673,746.8,7801.0
14979,82420.5,22,49843692,49773485,372.6,3980.0
14980,82444.7,22,4366096286,49791583,236.8,3033.0
14981,82447.7,22,4935980603,49767423,291.6,3162.0
14982,82472.9,22,9136825795,49724253,202.2,2279.0
14983,82477.4,22,49745193,642586818,277.4,3089.0
14984,82499.2,22,49845830,49773936,563.6,6645.0
14985,82504.9,22,49888809,49744624,748.4,10222.0
14986,82523.3,22,3669554865,876615194,114.0,1295.0
14987,82535.1,22,49848686,49797717,348.1,3900.0
14988,82538.7,22,49776047,49784243,433.2,4828.0
14989,82544.5,22,3415851740,49764858,17.9,176.0
14990,82567.5,22,3000430293,1472831401,620.0,7983.0
14991,82593.2,22,49772633,49765918,687.6,7682.0
14992,82632.9,22,49741715,49732428,248.3,2874.0
14993,82661.3,22,49731621,626105035,367.5,4402.0
14994,82716.1,22,49845850,49844276,597.1,8244.0
14995,82727.7,22,49749379,3001527475,281.7,3226.0
14996,82786.7,22,49809698,49809721,43.9,490.0
14997,82802.5,23,49800282,49796427,229.9,2590.0
14998,82874.0,23,12292446080,49800286,628.1,7616.0
14999,82888.1,23,3012535014,49788100,377.4,4264.0
15000,82922.3,23,49745680,5563919714,692.8,7875.0
15001,82926.6,23,3012784293,49745292,257.8,2879.0
15002,82940.4,23,2927473060,49767295,820.4,8702.0
15003,82941.8,23,11261031471,49749085,333.5,3914.0
15004,82953.2,23,4001470337,49756526,442.2,5085.0
15005,82966.6,23,3358724774,49749057,432.0,5301.0
15006,82977.3,23,49745188,1479847898,715.1,8924.0
15007,83000.0,23,49773040,3001288930,161.3,1774.0
15008,83002.2,23,5180966153,10806883923,537.6,6716.0
15009,83010.8,23,49825108,1364961088,108.2,1247.0
15010,83035.5,23,49741730,49764445,213.1,2392.0
15011,83052.0,23,49797596,49759299,730.9,9409.0
15012,83125.1,23,49774087,2099955610,600.1,6696.0
15013,83138.6,23,6777089504,49746266,452.0,6056.0
15014,83153.3,23,3358724774,647044670,669.4,8365.0
15015,83183.2,23,49764337,49774834,460.2,5691.0
15016,83190.2,23,49756373,1475724282,821.5,9789.0
15017,83209.6,23,49809189,49741362,179.7,1993.0
15018,83225.6,23,49773526,49734107,82.6,926.0
15019,83274.2,23,49735524,3388139635,331.4,3232.0
15020,83322.0,23,3672563449,49763879,518.3,5918.0
15021,83328.2,23,49820743,49766022,921.4,10261.0
15022,83329.5,23,49770782,49813704,697.4,8077.0
15023,83341.4,23,49793729,49817328,714.9,9204.0
15024,83426.1,23,49845830,49770719,261.5,2844.0
15025,83430.7,23,49824264,13765588187,667.5,8300.0
15026,83434.5,23,49745628,49791878,404.1,4488.0
15027,83435.3,23,1379496002,49766814,634.7,8613.0
15028,83460.5,23,1243974324,9723923058,850.4,10602.0
15029,83463.6,23,49779839,49755118,574.0,7429.0
15030,83466.5,23,49787616,49734611,334.9,4062.0
15031,83498.8,23,655442853,49757723,464.4,6311.0
15032,83503.6,23,49762191,49772313,337.2,3838.0
15033,83544.6,23,49740442,49741829,583.1,8351.0
15034,83565.9,23,641116213,13765366376,436.1,5195.0
15035,83571.6,23,49774088,49849239,422.6,4791.0
15036,83583.4,23,1381204541,655662364,375.7,4337.0
15037,83590.9,23,49789496,49821688,435.4,5679.0
15038,83596.7,23,49774079,13256237934,581.8,6556.0
15039,83607.7,23,1017391974,49771023,656.9,7687.0
15040,83656.7,23,49780078,641112576,273.0,3122.0
15041,83661.1,23,49750332,642436265,195.0,2842.0
15042,83699.2,23,49809721,49754519,404.1,4448.0
15043,83699.3,23,9593199679,49762870,743.6,8392.0
15044,83736.5,23,1502527108,1482009064,1036.8,12362.0
15045,83767.2,23,49745247,49803381,505.9,5688.0
15046,83782.6,23,49825190,49809334,337.7,3706.0
15047,83787.9,23,49764249,49723815,391.5,4407.0
15048,83823.6,23,49815281,49769126,1131.6,14117.0
15049,83853.5,23,49822338,775930987,860.5,9722.0
15050,83890.0,23,2629963166,11682370589,525.0,7184.0
15051,83921.4,23,49741695,1460668162,586.2,7965.0
15052,83928.0,23,49782369,49734596,850.0,9252.0
15053,83929.5,23,49753516,5507179700,106.4,1107.0
15054,83934.2,23,655442838,12864732636,434.5,4818.0
15055,83944.4,23,12232117844,49810662,512.2,5962.0
15056,83949.5,23,49743955,2927473060,1174.0,14388.0
15057,83953.9,23,49898275,49871587,476.9,5912.0
15058,83970.7,23,49774087,965778739,543.2,6014.0
15059,83974.2,23,6777089507,49785800,411.9,5542.0
15060,83980.4,23,49839137,49746417,488.4,5631.0
15061,84073.5,23,1004809645,49811092,604.4,7067.0
15062,84100.6,23,5180966153,49775960,317.6,4261.0
15063,84119.8,23,1502527108,49826814,281.5,3282.0
15064,84120.4,23,49797596,49764911,517.9,6867.0
15065,84121.8,23,49777556,49824214,219.3,2491.0
15066,84134.8,23,49810122,49758554,75.4,788.0
15067,84174.2,23,49853085,3366676350,386.3,4817.0
15068,84205.5,23,6777089507,49751220,747.3,8507.0
15069,84242.5,23,3670756345,9526260027,164.0,1831.0
15070,84284.2,23,49820714,49854256,841.0,9464.0
15071,84306.4,23,4935980603,3001353540,243.7,3060.0
15072,84314.9,23,49741703,49886177,625.2,6963.0
15073,84339.8,23,49799808,49778454,522.6,5962.0
15074,84368.8,23,49764314,1365050114,487.3,6153.0
15075,84389.6,23,49740244,49750374,925.0,12157.0
15076,84418.8,23,49793670,49770724,218.5,2510.0
15077,84426.5,23,49752621,49828475,441.9,4450.0
15078,84432.7,23,1017391974,49826547,420.0,5425.0
15079,84453.1,23,49815281,49763581,492.4,5528.0
15080,84458.3,23,49743415,11460035915,237.5,2640.0
15081,84469.5,23,49776112,49716137,1063.2,12950.0
15082,84471.7,23,638789448,49745200,181.6,2096.0
15083,84568.4,23,3661066526,49791989,1106.0,13492.0
15084,84602.7,23,49777795,1458923136,588.4,7289.0
15085,84603.7,23,49764271,13273976978,447.6,4863.0
15086,84604.1,23,4000799765,49882741,527.8,5995.0
15087,84611.0,23,2921295172,3711130588,410.5,4377.0
15088,84622.2,23,49745632,5556599906,195.5,2185.0
15089,84626.5,23,49745650,49741740,315.6,3543.0
15090,84661.9,23,3798943060,49730840,605.9,7243.0
15091,84700.9,23,5698252199,641127571,365.1,4176.0
15092,84709.2,23,49745193,49787131,500.5,6124.0
15093,84751.3,23,49752628,49836899,612.4,7063.0
15094,84761.2,23,49794047,49769407,96.0,1255.0
15095,84767.7,23,49770684,49745677,366.0,4286.0
15096,84817.9,23,8592032116,646031210,449.8,6482.0
15097,84822.3,23,49802545,9425953059,713.7,8031.0
15098,84824.7,23,49762243,49758660,804.2,10228.0
15099,84828.3,23,3669554865,5519663699,273.9,3041.0
15100,84831.5,23,49745461,3219165573,182.4,2044.0
15101,84831.8,23,3661066117,49728947,927.7,10729.0
15102,84839.3,23,49839137,49801228,503.7,6274.0
15103,84847.7,23,49797586,1462032500,791.9,11145.0
15104,84854.2,23,49858017,5019937940,478.5,5564.0
15105,84864.9,23,49787160,49756530,181.9,2016.0
15106,84923.4,23,3358724761,49794233,839.4,10265.0
15107,84935.5,23,49777795,49825825,344.8,3970.0
15108,84958.4,23,49751728,49859694,978.9,11905.0
15109,84961.4,23,49747467,49743621,529.6,6377.0
15110,84973.9,23,49745195,49826510,309.7,3570.0
15111,84986.6,23,3001288930,49764467,396.1,4540.0
15112,85036.2,23,635118613,49853897,36.3,407.0
15113,85042.4,23,8461692431,49882753,520.7,5840.0
15114,85048.4,23,4082394063,49749062,54.6,543.0
15115,85049.5,23,49787160,5556601526,246.3,2871.0
15116,85051.9,23,49745247,49741178,297.6,3525.0
15117,85054.0,23,3669554866,634784054,289.7,3208.0
15118,85064.3,23,49888809,49784254,491.8,5584.0
15119,85077.9,23,49817092,49869800,595.4,6692.0
15120,85094.4,23,4325552564,49776487,379.2,4301.0
15121,85124.8,23,49745232,49822994,850.1,10442.0
15122,85125.1,23,49842421,1443727005,746.1,10170.0
15123,85128.6,23,3016605388,9768681882,261.8,2867.0
15124,85141.6,23,49780562,5581929186,643.4,8352.0
15125,85146.1,23,3372235139,49741771,336.7,3727.0
15126,85158.0,23,49780840,49832648,501.0,5478.0
15127,85204.2,23,49865234,49825405,737.9,8231.0
15128,85204.7,23,49842930,49812744,174.0,2019.0
15129,85216.6,23,49774087,49786523,466.7,6186.0
15130,85230.6,23,49799643,49826868,430.9,4798.0
15131,85231.4,23,49792107,49825451,887.7,10433.0
15132,85249.3,23,8411842743,49842337,548.6,7039.0
15133,85362.4,23,49743686,655442822,364.0,4852.0
15134,85376.1,23,1379471556,49756894,448.8,5084.0
15135,85437.7,23,3012535014,49760029,705.5,8750.0
15136,85468.5,23,49822338,13918296300,631.5,6543.0
15137,85477.6,23,49794206,49874974,297.0,3152.0
15138,85482.4,23,1004809645,49791878,286.6,3114.0
15139,85500.3,23,49768440,49787740,205.7,2380.0
15140,85505.6,23,49782369,49780097,392.4,4710.0
15141,85507.2,23,1379505465,4630137704,627.0,7627.0
15142,85519.1,23,49865817,49772739,448.0,5166.0
15143,85537.2,23,49752628,49797942,193.2,2056.0
15144,85569.8,23,5180966153,49744858,392.6,4779.0
15145,85577.4,23,3669554865,49754637,510.8,5901.0
15146,85584.6,23,1014110633,13259893924,218.2,2442.0
15147,85610.0,23,3012829811,49839144,222.6,2340.0
15148,85630.1,23,641116232,49738488,726.2,9593.0
15149,85649.6,23,49773070,49814781,60.6,678.0
15150,85662.6,23,49826586,49782277,287.0,4096.0
15151,85663.5,23,49770423,49763476,841.2,10119.0
15152,85673.9,23,49745455,49744602,745.0,9830.0
15153,85676.2,23,49776461,49774788,817.2,9718.0
15154,85683.3,23,49805505,49716191,638.2,7115.0
15155,85688.2,23,1804420109,1364987323,261.4,2902.0
15156,85688.3,23,49789284,49789196,148.4,1818.0
15157,85723.8,23,49770789,49839247,311.8,3530.0
15158,85746.9,23,49739609,49766018,57.8,636.0
15159,85749.9,23,49777556,49718509,447.0,5180.0
15160,85781.6,23,3027663729,2921295523,551.9,6348.0
15161,85783.3,23,49779896,1013430031,560.1,6489.0
15162,85785.0,23,49745693,49773925,615.1,6850.0
15163,85809.4,23,49848820,49823332,161.9,1814.0
15164,85826.9,23,49787890,49745094,309.3,3457.0
15165,85845.8,23,49823986,49804385,385.6,4164.0
15166,85847.4,23,49822338,49741033,846.1,10090.0
15167,85853.8,23,49773040,49816853,587.4,7443.0
15168,85859.1,23,958981230,49783998,583.2,7263.0
15169,85890.9,23,641116273,49763632,366.9,4026.0
15170,85894.6,23,49772987,2921295156,339.9,3808.0
15171,85930.7,23,12687209031,49819703,1218.5,15491.0
15172,85966.7,23,49773062,650017981,363.1,5272.0
15173,85984.1,23,49765161,49819392,453.0,5083.0
15174,85997.4,23,49776461,49878016,392.9,4571.0
15175,86015.9,23,49773543,4325552562,33.4,374.0
15176,86085.0,23,9136825802,641112576,188.4,2097.0
15177,86086.1,23,49788610,49739277,821.5,9158.0
15178,86126.1,23,49777546,49748079,299.7,3530.0
15179,86176.0,23,49866594,49783121,435.6,4671.0
15180,86201.5,23,49824264,49755047,959.4,11262.0
15181,86208.2,23,49843692,12497001319,368.8,4021.0
15182,86222.9,23,49799293,49755206,979.2,13423.0
15183,86246.2,23,49741104,49774851,116.7,1294.0
15184,86261.3,23,774340109,11267614267,258.1,3070.0
15185,86314.0,23,49817092,49739904,245.5,2657.0
15186,86320.3,23,49752621,5277489314,741.5,9993.0
15187,86331.2,23,49765155,49741393,719.8,8581.0
15188,86365.2,23,5128694815,641127587,417.2,5000.0
