{
"type": "FeatureCollection",
"name": "dc_restaurants_clean",
"crs": { "type": "name", "properties": { "name": "urn:ogc:def:crs:OGC:1.3:CRS84" } },
"features": [
{ "type": "Feature", "properties": { "element": "node", "id": 367141031, "name": "Buff and Brew Café", "amenity": "cafe", "cuisine": "coffee_shop", "edge_u": 49755969, "edge_v": 2444588205, "edge_key": 0, "nearest_node": 2444588205, "snap_dist_m": 81.3, "node_dist_m": 98.5 }, "geometry": { "type": "Point", "coordinates": [ -77.0897162, 38.9175501 ] } },
{ "type": "Feature", "properties": { "element": "node", "id": 388247153, "name": "Millie’s", "amenity": "restaurant", "cuisine": "american", "edge_u": 49800238, "edge_v": 3007425104, "edge_key": 0, "nearest_node": 49873440, "snap_dist_m": 34.8, "node_dist_m": 94.4 }, "geometry": { "type": "Point", "coordinates": [ -77.0963299, 38.9450497 ] } },
{ "type": "Feature", "properties": { "element": "node", "id": 462011947, "name": "Al Tiramisu", "amenity": "restaurant", "cuisine": "italian", "edge_u": 49764785, "edge_v": 49764791, "edge_key": 0, "nearest_node": 49764791, "snap_dist_m": 15.4, "node_dist_m": 25.2 }, "geometry": { "type": "Point", "coordinates": [ -77.0455821, 38.909472 ] } },
{ "type": "Feature", "properties": { "element": "node", "id": 462011949, "name": "New Dynasty", "amenity": "cafe", "cuisine": "chinese", "edge_u": 49764785, "edge_v": 49764791, "edge_key": 0, "nearest_node": 49764791, "snap_dist_m": 14.2, "node_dist_m": 24.8 }, "geometry": { "type": "Point", "coordinates": [ -77.0459245, 38.9094669 ] } },
{ "type": "Feature", "properties": { "element": "node", "id": 462011955, "name": "Dupont Pizza", "amenity": "fast_food", "cuisine": "pizza", "edge_u": 49764791, "edge_v": 49779896, "edge_key": 0, "nearest_node": 49764791, "snap_dist_m": 19.7, "node_dist_m": 42.6 }, "geometry": { "type": "Point", "coordinates": [ -77.0453242, 38.909473899999973 ] } },
{ "type": "Feature", "properties": { "element": "node", "id": 462011956, "name": "Subway", "amenity": "fast_food", "cuisine": "sandwich", "edge_u": 49764791, "edge_v": 49779896, "edge_key": 0, "nearest_node": 49764791, "snap_dist_m": 21.4, "node_dist_m": 36.6 }, "geometry": { "type": "Point", "coordinates": [ -77.045417700000016, 38.909458499999985 ] } },
{ "type": "Feature", "properties": { "element": "node", "id": 462044714, "name": "Bagels Etc.", "amenity": "fast_food", "cuisine": "bagel", "edge_u": 739515930, "edge_v": 49716899, "edge_key": 0, "nearest_node": 49716899, "snap_dist_m": 7.6, "node_dist_m": 19.8 }, "geometry": { "type": "Point", "coordinates": [ -77.047634, 38.9094783 ] } },
{ "type": "Feature", "properties": { "element": "node", "id": 462044729, "name": "Sura", "amenity": "restaurant", "cuisine": "thai;chinese;japanese", "edge_u": 49764785, "edge_v": 49764791, "edge_key": 0, "nearest_node": 49764791, "snap_dist_m": 6.4, "node_dist_m": 20.6 }, "geometry": { "type": "Point", "coordinates": [ -77.0456867, 38.909474099999983 ] } },
{ "type": "Feature", "properties": { "element": "node", "id": 471593595, "name": "Potbelly", "amenity": "fast_food", "cuisine": "sandwich", "edge_u": 49797586, "edge_v": 49809177, "edge_key": 0, "nearest_node": 49809177, "snap_dist_m": 15.6, "node_dist_m": 23.3 }, "geometry": { "type": "Point", "coordinates": [ -77.0436547, 38.903597599999976 ] } },
{ "type": "Feature", "properties": { "element": "node", "id": 486275962, "name": "Gregorys Coffee", "amenity": "cafe", "cuisine": "coffee_shop", "edge_u": 49772964, "edge_v": 3012429028, "edge_key": 0, "nearest_node": 49772964, "snap_dist_m": 17.8, "node_dist_m": 25.5 }, "geometry": { "type": "Point", "coordinates": [ -77.0217125, 38.8959721 ] } },
{ "type": "Feature", "properties": { "element": "node", "id": 486275966, "name": "McDonald's", "amenity": "fast_food", "cuisine": "burger", "edge_u": 49782241, "edge_v": 3670756365, "edge_key": 0, "nearest_node": 49782241, "snap_dist_m": 21.2, "node_dist_m": 31.8 }, "geometry": { "type": "Point", "coordinates": [ -77.0196338, 38.8959399 ] } },
{ "type": "Feature", "properties": { "element": "node", "id": 486343600, "name": "New Big Wong", "amenity": "restaurant", "cuisine": "chinese", "edge_u": 49777795, "edge_v": 49772987, "edge_key": 0, "nearest_node": 49777795, "snap_dist_m": 16.4, "node_dist_m": 61.0 }, "geometry": { "type": "Point", "coordinates": [ -77.020589, 38.899671 ] } },
{ "type": "Feature", "properties": { "element": "node", "id": 486343622, "name": "Jackey Cafe", "amenity": "restaurant", "cuisine": "chinese", "edge_u": 49777795, "edge_v": 49772987, "edge_key": 0, "nearest_node": 49777795, "snap_dist_m": 17.7, "node_dist_m": 54.4 }, "geometry": { "type": "Point", "coordinates": [ -77.0205046, 38.8999776 ] } },
{ "type": "Feature", "properties": { "element": "node", "id": 486343734, "name": "Joy Luck House Bakery & Cafe", "amenity": "restaurant", "cuisine": "chinese", "edge_u": 49777795, "edge_v": 49762383, "edge_key": 0, "nearest_node": 49777795, "snap_dist_m": 18.4, "node_dist_m": 28.8 }, "geometry": { "type": "Point", "coordinates": [ -77.0201222, 38.899618 ] } },
{ "type": "Feature", "properties": { "element": "node", "id": 486343794, "name": "Bantam King", "amenity": "restaurant", "cuisine": "noodle", "edge_u": 49762379, "edge_v": 49762383, "edge_key": 0, "nearest_node": 49762379, "snap_dist_m": 15.6, "node_dist_m": 23.3 }, "geometry": { "type": "Point", "coordinates": [ -77.0191292, 38.898461900000015 ] } },
{ "type": "Feature", "properties": { "element": "node", "id": 486360024, "name": "Chopt", "amenity": "fast_food", "cuisine": "salad", "edge_u": 49762191, "edge_v": 49772987, "edge_key": 0, "nearest_node": 49772987, "snap_dist_m": 16.6, "node_dist_m": 45.5 }, "geometry": { "type": "Point", "coordinates": [ -77.0221058, 38.89943730000001 ] } },
{ "type": "Feature", "properties": { "element": "node", "id": 486527130, "name": "Courtyard Cafe", "amenity": "cafe", "cuisine": null, "edge_u": 49762191, "edge_v": 655247774, "edge_key": 0, "nearest_node": 655247774, "snap_dist_m": 43.5, "node_dist_m": 51.0 }, "geometry": { "type": "Point", "coordinates": [ -77.0226469, 38.8980715 ] } },
{ "type": "Feature", "properties": { "element": "node", "id": 486527145, "name": "Dunkin'", "amenity": "fast_food", "cuisine": "donut;coffee_shop", "edge_u": 3378222899, "edge_v": 49762191, "edge_key": 0, "nearest_node": 3378222899, "snap_dist_m": 24.7, "node_dist_m": 56.3 }, "geometry": { "type": "Point", "coordinates": [ -77.0216338, 38.8977154 ] } },
{ "type": "Feature", "properties": { "element": "node", "id": 487493227, "name": "Ben's Chili Bowl", "amenity": "fast_food", "cuisine": "american", "edge_u": 49809721, "edge_v": 49809715, "edge_key": 0, "nearest_node": 49809715, "snap_dist_m": 16.8, "node_dist_m": 62.2 }, "geometry": { "type": "Point", "coordinates": [ -77.0287742, 38.9171584 ] } },
{ "type": "Feature", "properties": { "element": "node", "id": 487493301, "name": "McDonald's", "amenity": "fast_food", "cuisine": "burger", "edge_u": 49745240, "edge_v": 1379443774, "edge_key": 0, "nearest_node": 49745240, "snap_dist_m": 15.8, "node_dist_m": 25.6 }, "geometry": { "type": "Point", "coordinates": [ -77.0321846, 38.916865200000011 ] } },
{ "type": "Feature", "properties": { "element": "node", "id": 488881227, "name": "Starbucks", "amenity": "cafe", "cuisine": "coffee_shop", "edge_u": 2927432297, "edge_v": 49751580, "edge_key": 0, "nearest_node": 49751580, "snap_dist_m": 21.9, "node_dist_m": 80.6 }, "geometry": { "type": "Point", "coordinates": [ -77.0553144, 38.9295977 ] } },
{ "type": "Feature", "properties": { "element": "node", "id": 490254362, "name": "Mayflower", "amenity": "fast_food", "cuisine": "chinese", "edge_u": 49772633, "edge_v": 49798108, "edge_key": 0, "nearest_node": 49772633, "snap_dist_m": 15.2, "node_dist_m": 28.0 }, "geometry": { "type": "Point", "coordinates": [ -77.037438, 38.9284904 ] } },
{ "type": "Feature", "properties": { "element": "node", "id": 490254367, "name": "Pica Taco", "amenity": "fast_food", "cuisine": "mexican;tacos", "edge_u": 49732422, "edge_v": 13179482138, "edge_key": 0, "nearest_node": 638789448, "snap_dist_m": 15.9, "node_dist_m": 35.7 }, "geometry": { "type": "Point", "coordinates": [ -77.0372965, 38.9264361 ] } },
{ "type": "Feature", "properties": { "element": "node", "id": 490254388, "name": "Ercilia's", "amenity": "restaurant", "cuisine": "salvadoran", "edge_u": 49772633, "edge_v": 49798108, "edge_key": 0, "nearest_node": 49772633, "snap_dist_m": 15.2, "node_dist_m": 19.5 }, "geometry": { "type": "Point", "coordinates": [ -77.0374764, 38.928587699999987 ] } },
{ "type": "Feature", "properties": { "element": "node", "id": 490254398, "name": "Dos Gringos", "amenity": "cafe", "cuisine": null, "edge_u": 49878271, "edge_v": 49772633, "edge_key": 0, "nearest_node": 49878271, "snap_dist_m": 15.1, "node_dist_m": 54.1 }, "geometry": { "type": "Point", "coordinates": [ -77.0378105, 38.9294319 ] } },
{ "type": "Feature", "properties": { "element": "node", "id": 490254403, "name": "Haydee's Restaurant", "amenity": "restaurant", "cuisine": "mexican", "edge_u": 49878271, "edge_v": 49772633, "edge_key": 0, "nearest_node": 49772633, "snap_dist_m": 20.8, "node_dist_m": 37.7 }, "geometry": { "type": "Point", "coordinates": [ -77.037687, 38.928948 ] } },
{ "type": "Feature", "properties": { "element": "node", "id": 495881932, "name": "Dolci Gelati", "amenity": "fast_food", "cuisine": "snack", "edge_u": 2927473060, "edge_v": 2927432300, "edge_key": 0, "nearest_node": 2927473060, "snap_dist_m": 88.2, "node_dist_m": 218.7 }, "geometry": { "type": "Point", "coordinates": [ -77.047181, 38.92938860000001 ] } },
{ "type": "Feature", "properties": { "element": "node", "id": 502878563, "name": "Subway", "amenity": "fast_food", "cuisine": "sandwich", "edge_u": 11347623954, "edge_v": 49789624, "edge_key": 0, "nearest_node": 11347623954, "snap_dist_m": 13.6, "node_dist_m": 18.2 }, "geometry": { "type": "Point", "coordinates": [ -77.0277729, 38.967572600000011 ] } },
{ "type": "Feature", "properties": { "element": "node", "id": 502878565, "name": "Julia's Empanadas", "amenity": "fast_food", "cuisine": "latin_american", "edge_u": 49789379, "edge_v": 49789376, "edge_key": 0, "nearest_node": 49789379, "snap_dist_m": 19.8, "node_dist_m": 31.6 }, "geometry": { "type": "Point", "coordinates": [ -77.0273936, 38.965906599999975 ] } },
{ "type": "Feature", "properties": { "element": "node", "id": 561039688, "name": "Mitsitam Cafe", "amenity": "restaurant", "cuisine": null, "edge_u": 49777546, "edge_v": 49764070, "edge_key": 0, "nearest_node": 49777546, "snap_dist_m": 46.4, "node_dist_m": 70.8 }, "geometry": { "type": "Point", "coordinates": [ -77.016929, 38.8883988 ] } },
{ "type": "Feature", "properties": { "element": "node", "id": 568134261, "name": "Starbucks", "amenity": "cafe", "cuisine": "coffee_shop", "edge_u": 49748460, "edge_v": 49776112, "edge_key": 0, "nearest_node": 49776112, "snap_dist_m": 16.1, "node_dist_m": 42.2 }, "geometry": { "type": "Point", "coordinates": [ -77.0675677, 38.9149962 ] } },
{ "type": "Feature", "properties": { "element": "node", "id": 568148640, "name": "Chipotle", "amenity": "fast_food", "cuisine": "mexican", "edge_u": 49799147, "edge_v": 49845837, "edge_key": 0, "nearest_node": 49799147, "snap_dist_m": 17.3, "node_dist_m": 60.4 }, "geometry": { "type": "Point", "coordinates": [ -77.0645283, 38.9053 ] } },
{ "type": "Feature", "properties": { "element": "node", "id": 574056476, "name": "Starbucks", "amenity": "cafe", "cuisine": "coffee_shop", "edge_u": 1243973943, "edge_v": 1243974048, "edge_key": 0, "nearest_node": 1243973943, "snap_dist_m": 12.0, "node_dist_m": 15.3 }, "geometry": { "type": "Point", "coordinates": [ -77.043618, 38.910432 ] } },
{ "type": "Feature", "properties": { "element": "node", "id": 577421816, "name": "Starbucks", "amenity": "cafe", "cuisine": "coffee_shop", "edge_u": 4001470337, "edge_v": 633923743, "edge_key": 0, "nearest_node": 633923743, "snap_dist_m": 16.0, "node_dist_m": 29.8 }, "geometry": { "type": "Point", "coordinates": [ -77.0446667, 38.8961368 ] } },
{ "type": "Feature", "properties": { "element": "node", "id": 577422397, "name": "Subway", "amenity": "fast_food", "cuisine": "sandwich", "edge_u": 633923743, "edge_v": 49797543, "edge_key": 0, "nearest_node": 633923743, "snap_dist_m": 12.2, "node_dist_m": 33.1 }, "geometry": { "type": "Point", "coordinates": [ -77.0447747, 38.8962321 ] } },
{ "type": "Feature", "properties": { "element": "node", "id": 577428664, "name": "Carvings", "amenity": "fast_food", "cuisine": null, "edge_u": 1381307995, "edge_v": 49797543, "edge_key": 0, "nearest_node": 49797543, "snap_dist_m": 19.6, "node_dist_m": 54.2 }, "geometry": { "type": "Point", "coordinates": [ -77.0454989, 38.8975366 ] } },
{ "type": "Feature", "properties": { "element": "node", "id": 581179489, "name": "Subway", "amenity": "fast_food", "cuisine": "sandwich", "edge_u": 647026143, "edge_v": 3001288930, "edge_key": 0, "nearest_node": 647026143, "snap_dist_m": 15.3, "node_dist_m": 41.6 }, "geometry": { "type": "Point", "coordinates": [ -77.0095586, 38.900354500000013 ] } },
{ "type": "Feature", "properties": { "element": "node", "id": 581182441, "name": "Citi Pizza", "amenity": "fast_food", "cuisine": "pizza;pakistani", "edge_u": 49774079, "edge_v": 49774081, "edge_key": 0, "nearest_node": 49774079, "snap_dist_m": 19.4, "node_dist_m": 35.3 }, "geometry": { "type": "Point", "coordinates": [ -76.999166, 38.900383 ] } },
{ "type": "Feature", "properties": { "element": "node", "id": 584504817, "name": "Moby Dick House of Kabob", "amenity": "fast_food", "cuisine": "middle_eastern", "edge_u": 49845830, "edge_v": 641054075, "edge_key": 0, "nearest_node": 49845830, "snap_dist_m": 12.2, "node_dist_m": 43.6 }, "geometry": { "type": "Point", "coordinates": [ -77.0613208, 38.904823600000014 ] } },
{ "type": "Feature", "properties": { "element": "node", "id": 584633619, "name": "Chipotle", "amenity": "fast_food", "cuisine": "mexican", "edge_u": 49811707, "edge_v": 49873688, "edge_key": 0, "nearest_node": 49873688, "snap_dist_m": 24.8, "node_dist_m": 30.6 }, "geometry": { "type": "Point", "coordinates": [ -77.0777215, 38.945004 ] } },
{ "type": "Feature", "properties": { "element": "node", "id": 584633626, "name": "Popeyes", "amenity": "fast_food", "cuisine": "chicken", "edge_u": 49889050, "edge_v": 49873688, "edge_key": 0, "nearest_node": 49873688, "snap_dist_m": 26.1, "node_dist_m": 45.2 }, "geometry": { "type": "Point", "coordinates": [ -77.0778207, 38.945179200000013 ] } },
{ "type": "Feature", "properties": { "element": "node", "id": 584633645, "name": "McDonald's", "amenity": "fast_food", "cuisine": "burger", "edge_u": 49730129, "edge_v": 49729135, "edge_key": 0, "nearest_node": 49730129, "snap_dist_m": 17.7, "node_dist_m": 29.6 }, "geometry": { "type": "Point", "coordinates": [ -77.0773027, 38.943002200000016 ] } },
{ "type": "Feature", "properties": { "element": "node", "id": 584721033, "name": "Starbucks", "amenity": "cafe", "cuisine": "coffee_shop", "edge_u": 1740764624, "edge_v": 49820981, "edge_key": 0, "nearest_node": 49820981, "snap_dist_m": 13.5, "node_dist_m": 31.3 }, "geometry": { "type": "Point", "coordinates": [ -77.0390376, 38.9027675 ] } },
{ "type": "Feature", "properties": { "element": "node", "id": 584721036, "name": "Qargo Coffee", "amenity": "cafe", "cuisine": "coffee_shop", "edge_u": 641116221, "edge_v": 641116215, "edge_key": 0, "nearest_node": 641116203, "snap_dist_m": 15.1, "node_dist_m": 28.3 }, "geometry": { "type": "Point", "coordinates": [ -77.03695, 38.9022816 ] } },
{ "type": "Feature", "properties": { "element": "node", "id": 585335291, "name": "Truluck's", "amenity": "restaurant", "cuisine": "seafood", "edge_u": 3378110162, "edge_v": 3669554857, "edge_key": 0, "nearest_node": 3378110162, "snap_dist_m": 19.7, "node_dist_m": 30.0 }, "geometry": { "type": "Point", "coordinates": [ -77.0221379, 38.901900399999988 ] } },
{ "type": "Feature", "properties": { "element": "node", "id": 585335297, "name": "Brickstones Kitchen & Bar", "amenity": "restaurant", "cuisine": null, "edge_u": 49846819, "edge_v": 49846816, "edge_key": 0, "nearest_node": 49846819, "snap_dist_m": 18.5, "node_dist_m": 42.3 }, "geometry": { "type": "Point", "coordinates": [ -77.0261991, 38.902190399999988 ] } },
{ "type": "Feature", "properties": { "element": "node", "id": 585335301, "name": "Starbucks Reserve", "amenity": "cafe", "cuisine": "coffee_shop", "edge_u": 49773532, "edge_v": 655247775, "edge_key": 0, "nearest_node": 49773532, "snap_dist_m": 22.8, "node_dist_m": 34.5 }, "geometry": { "type": "Point", "coordinates": [ -77.0267396, 38.8996151 ] } },
{ "type": "Feature", "properties": { "element": "node", "id": 585335303, "name": "Starbucks", "amenity": "cafe", "cuisine": "coffee_shop", "edge_u": 3669554866, "edge_v": 3669554868, "edge_key": 0, "nearest_node": 3669554866, "snap_dist_m": 22.2, "node_dist_m": 22.2 }, "geometry": { "type": "Point", "coordinates": [ -77.0237261, 38.8990552 ] } },
{ "type": "Feature", "properties": { "element": "node", "id": 585335304, "name": "Starbucks", "amenity": "cafe", "cuisine": "coffee_shop", "edge_u": 3378110162, "edge_v": 9134098214, "edge_key": 0, "nearest_node": 9134098214, "snap_dist_m": 36.8, "node_dist_m": 74.6 }, "geometry": { "type": "Point", "coordinates": [ -77.0231662, 38.901777199999984 ] } },
{ "type": "Feature", "properties": { "element": "node", "id": 585335311, "name": "Starbucks", "amenity": "cafe", "cuisine": "coffee_shop", "edge_u": 49762207, "edge_v": 49777815, "edge_key": 0, "nearest_node": 49777815, "snap_dist_m": 26.9, "node_dist_m": 85.8 }, "geometry": { "type": "Point", "coordinates": [ -77.0277974, 38.8990867 ] } },
{ "type": "Feature", "properties": { "element": "node", "id": 585335312, "name": "Così", "amenity": "fast_food", "cuisine": "sandwich", "edge_u": 49762207, "edge_v": 49762202, "edge_key": 0, "nearest_node": 49762207, "snap_dist_m": 26.2, "node_dist_m": 51.8 }, "geometry": { "type": "Point", "coordinates": [ -77.0275939, 38.8985573 ] } },
{ "type": "Feature", "properties": { "element": "node", "id": 585825416, "name": "Cure Bar and Bistro", "amenity": "restaurant", "cuisine": "french;japanese;sushi", "edge_u": 49773532, "edge_v": 655247775, "edge_key": 0, "nearest_node": 655247775, "snap_dist_m": 22.3, "node_dist_m": 33.2 }, "geometry": { "type": "Point", "coordinates": [ -77.0262704, 38.899619699999988 ] } },
{ "type": "Feature", "properties": { "element": "node", "id": 595498696, "name": "Krispy Kreme", "amenity": "fast_food", "cuisine": "donut", "edge_u": 1004839834, "edge_v": 1379471556, "edge_key": 0, "nearest_node": 1004839834, "snap_dist_m": 13.7, "node_dist_m": 44.8 }, "geometry": { "type": "Point", "coordinates": [ -77.0431907, 38.9086787 ] } },
{ "type": "Feature", "properties": { "element": "node", "id": 601634087, "name": "Starbucks", "amenity": "cafe", "cuisine": "coffee_shop", "edge_u": 49820874, "edge_v": 49811692, "edge_key": 0, "nearest_node": 49820874, "snap_dist_m": 18.2, "node_dist_m": 41.6 }, "geometry": { "type": "Point", "coordinates": [ -77.074953, 38.9632558 ] } },
{ "type": "Feature", "properties": { "element": "node", "id": 610994141, "name": "Lincoln's Waffle Shop", "amenity": "restaurant", "cuisine": "american", "edge_u": 3669554874, "edge_v": 3670756345, "edge_key": 0, "nearest_node": 3670756345, "snap_dist_m": 19.5, "node_dist_m": 55.3 }, "geometry": { "type": "Point", "coordinates": [ -77.0262106, 38.896608699999987 ] } },
{ "type": "Feature", "properties": { "element": "node", "id": 611049534, "name": "We The Pizza Express", "amenity": "fast_food", "cuisine": "pizza", "edge_u": 49809721, "edge_v": 49745240, "edge_key": 0, "nearest_node": 49809721, "snap_dist_m": 18.5, "node_dist_m": 64.5 }, "geometry": { "type": "Point", "coordinates": [ -77.0303323, 38.91717520000001 ] } },
{ "type": "Feature", "properties": { "element": "node", "id": 611054693, "name": "Starbucks", "amenity": "cafe", "cuisine": "coffee_shop", "edge_u": 49773526, "edge_v": 3013407820, "edge_key": 0, "nearest_node": 49773526, "snap_dist_m": 27.9, "node_dist_m": 65.6 }, "geometry": { "type": "Point", "coordinates": [ -77.0267175, 38.8966714 ] } },
{ "type": "Feature", "properties": { "element": "node", "id": 661500759, "name": "Potomac Grille", "amenity": "cafe", "cuisine": "american", "edge_u": 49732075, "edge_v": 49894515, "edge_key": 0, "nearest_node": 49894515, "snap_dist_m": 125.1, "node_dist_m": 140.1 }, "geometry": { "type": "Point", "coordinates": [ -77.0267781, 38.874551399999987 ] } },
{ "type": "Feature", "properties": { "element": "node", "id": 681867927, "name": "minibar by José Andrés", "amenity": "restaurant", "cuisine": null, "edge_u": 49782255, "edge_v": 3012535144, "edge_key": 0, "nearest_node": 49782255, "snap_dist_m": 20.3, "node_dist_m": 39.5 }, "geometry": { "type": "Point", "coordinates": [ -77.0235756, 38.8963187 ] } },
{ "type": "Feature", "properties": { "element": "node", "id": 687306805, "name": "Five Guys", "amenity": "fast_food", "cuisine": "burger", "edge_u": 3669554862, "edge_v": 3669554865, "edge_key": 0, "nearest_node": 3669554865, "snap_dist_m": 22.7, "node_dist_m": 47.8 }, "geometry": { "type": "Point", "coordinates": [ -77.02349, 38.89962 ] } },
{ "type": "Feature", "properties": { "element": "node", "id": 687314815, "name": "Auntie Anne's", "amenity": "fast_food", "cuisine": "pretzel", "edge_u": 49772987, "edge_v": 49762191, "edge_key": 0, "nearest_node": 49762191, "snap_dist_m": 38.2, "node_dist_m": 47.9 }, "geometry": { "type": "Point", "coordinates": [ -77.0214781, 38.898717899999987 ] } },
{ "type": "Feature", "properties": { "element": "node", "id": 687314822, "name": "Chick-fil-A", "amenity": "fast_food", "cuisine": "chicken", "edge_u": 49762191, "edge_v": 655247774, "edge_key": 0, "nearest_node": 49762191, "snap_dist_m": 19.6, "node_dist_m": 44.0 }, "geometry": { "type": "Point", "coordinates": [ -77.022371300000017, 38.898637899999976 ] } },
{ "type": "Feature", "properties": { "element": "node", "id": 688506119, "name": "1789", "amenity": "restaurant", "cuisine": "american", "edge_u": 806521182, "edge_v": 49753547, "edge_key": 0, "nearest_node": 806521182, "snap_dist_m": 11.4, "node_dist_m": 16.7 }, "geometry": { "type": "Point", "coordinates": [ -77.0704184, 38.9059774 ] } },
{ "type": "Feature", "properties": { "element": "node", "id": 688506120, "name": "Domino's", "amenity": "fast_food", "cuisine": "pizza", "edge_u": 1060365691, "edge_v": 49753516, "edge_key": 0, "nearest_node": 49753516, "snap_dist_m": 11.4, "node_dist_m": 37.9 }, "geometry": { "type": "Point", "coordinates": [ -77.0648032, 38.9061023 ] } },
{ "type": "Feature", "properties": { "element": "node", "id": 689029977, "name": "Tuscany Cafe", "amenity": "fast_food", "cuisine": "pizza", "edge_u": 1060365691, "edge_v": 49753516, "edge_key": 0, "nearest_node": 49753516, "snap_dist_m": 12.1, "node_dist_m": 31.2 }, "geometry": { "type": "Point", "coordinates": [ -77.0648896, 38.9061063 ] } },
{ "type": "Feature", "properties": { "element": "node", "id": 693942612, "name": "Chipotle", "amenity": "fast_food", "cuisine": "mexican", "edge_u": 49787863, "edge_v": 49820583, "edge_key": 0, "nearest_node": 49820583, "snap_dist_m": 19.2, "node_dist_m": 37.0 }, "geometry": { "type": "Point", "coordinates": [ -77.0518863, 38.9236967 ] } },
{ "type": "Feature", "properties": { "element": "node", "id": 694526720, "name": "Hershey's Ice Cream", "amenity": "fast_food", "cuisine": "ice_cream", "edge_u": 641107784, "edge_v": 641119865, "edge_key": 0, "nearest_node": 49870944, "snap_dist_m": 15.5, "node_dist_m": 65.2 }, "geometry": { "type": "Point", "coordinates": [ -77.0620289, 38.90274680000001 ] } },
{ "type": "Feature", "properties": { "element": "node", "id": 694538723, "name": "Sequoia Grill", "amenity": "restaurant", "cuisine": "american", "edge_u": 262173355, "edge_v": 5320434814, "edge_key": 0, "nearest_node": 5320434814, "snap_dist_m": 50.3, "node_dist_m": 50.3 }, "geometry": { "type": "Point", "coordinates": [ -77.05936610000002, 38.90139319999998 ] } },
{ "type": "Feature", "properties": { "element": "node", "id": 694539805, "name": "Tony & Joe's Seafood Place", "amenity": "restaurant", "cuisine": "seafood", "edge_u": 262173355, "edge_v": 5320434814, "edge_key": 0, "nearest_node": 5320434814, "snap_dist_m": 76.1, "node_dist_m": 76.1 }, "geometry": { "type": "Point", "coordinates": [ -77.0597059, 38.9013006 ] } },
{ "type": "Feature", "properties": { "element": "node", "id": 694547398, "name": "Nick's Riverside Grill", "amenity": "restaurant", "cuisine": "seafood", "edge_u": 4792249103, "edge_v": 4792249103, "edge_key": 0, "nearest_node": 4792249103, "snap_dist_m": 48.5, "node_dist_m": 53.8 }, "geometry": { "type": "Point", "coordinates": [ -77.0605857, 38.9015323 ] } },
{ "type": "Feature", "properties": { "element": "node", "id": 695008022, "name": "Teaism", "amenity": "cafe", "cuisine": null, "edge_u": 1379471024, "edge_v": 49741740, "edge_key": 0, "nearest_node": 49741740, "snap_dist_m": 16.6, "node_dist_m": 62.4 }, "geometry": { "type": "Point", "coordinates": [ -77.0459358, 38.9127576 ] } },
{ "type": "Feature", "properties": { "element": "node", "id": 701593544, "name": "Petit Monde Cafe", "amenity": "cafe", "cuisine": null, "edge_u": 49820604, "edge_v": 49787890, "edge_key": 0, "nearest_node": 49787890, "snap_dist_m": 28.7, "node_dist_m": 28.7 }, "geometry": { "type": "Point", "coordinates": [ -77.0520582, 38.9250943 ] } },
{ "type": "Feature", "properties": { "element": "node", "id": 701601515, "name": "McDonald's", "amenity": "fast_food", "cuisine": "burger", "edge_u": 49820583, "edge_v": 701602949, "edge_key": 0, "nearest_node": 49787884, "snap_dist_m": 27.6, "node_dist_m": 51.8 }, "geometry": { "type": "Point", "coordinates": [ -77.0522632, 38.9242232 ] } },
{ "type": "Feature", "properties": { "element": "node", "id": 701605499, "name": "Yours Cafe", "amenity": "cafe", "cuisine": null, "edge_u": 701602949, "edge_v": 49820583, "edge_key": 0, "nearest_node": 49820583, "snap_dist_m": 25.9, "node_dist_m": 62.4 }, "geometry": { "type": "Point", "coordinates": [ -77.0515122, 38.924098 ] } },
{ "type": "Feature", "properties": { "element": "node", "id": 701650068, "name": "Eddie's Cafe", "amenity": "fast_food", "cuisine": "chinese", "edge_u": 49820583, "edge_v": 49787863, "edge_key": 0, "nearest_node": 49787863, "snap_dist_m": 18.5, "node_dist_m": 46.8 }, "geometry": { "type": "Point", "coordinates": [ -77.0521208, 38.923677199999986 ] } },
{ "type": "Feature", "properties": { "element": "node", "id": 705259428, "name": "Manny & Olga's Pizza", "amenity": "fast_food", "cuisine": "pizza;sandwich;wings;salad;burger", "edge_u": 49796897, "edge_v": 4807605970, "edge_key": 0, "nearest_node": 9593199679, "snap_dist_m": 16.3, "node_dist_m": 76.3 }, "geometry": { "type": "Point", "coordinates": [ -77.0652995, 38.9114886 ] } },
{ "type": "Feature", "properties": { "element": "node", "id": 709004163, "name": "Starbucks", "amenity": "cafe", "cuisine": "coffee_shop", "edge_u": 49765155, "edge_v": 49824748, "edge_key": 0, "nearest_node": 49824748, "snap_dist_m": 20.9, "node_dist_m": 47.7 }, "geometry": { "type": "Point", "coordinates": [ -77.04832, 38.905452 ] } },
{ "type": "Feature", "properties": { "element": "node", "id": 710724028, "name": "Chipotle", "amenity": "fast_food", "cuisine": "mexican", "edge_u": 2974621123, "edge_v": 1379505588, "edge_key": 0, "nearest_node": 49756373, "snap_dist_m": 17.2, "node_dist_m": 43.6 }, "geometry": { "type": "Point", "coordinates": [ -77.044381300000012, 38.911869 ] } },
{ "type": "Feature", "properties": { "element": "node", "id": 710774154, "name": null, "amenity": "restaurant", "cuisine": "french", "edge_u": 49817499, "edge_v": 49776047, "edge_key": 0, "nearest_node": 1379471024, "snap_dist_m": 15.9, "node_dist_m": 85.0 }, "geometry": { "type": "Point", "coordinates": [ -77.0453099, 38.9133707 ] } },
{ "type": "Feature", "properties": { "element": "node", "id": 718282240, "name": "Georgetown Pizza & Grill", "amenity": "fast_food", "cuisine": "pizza", "edge_u": 9593237038, "edge_v": 49888809, "edge_key": 0, "nearest_node": 49888809, "snap_dist_m": 14.2, "node_dist_m": 31.6 }, "geometry": { "type": "Point", "coordinates": [ -77.0639035, 38.907727499999979 ] } },
{ "type": "Feature", "properties": { "element": "node", "id": 719191146, "name": "Hank's Oyster Bar", "amenity": "restaurant", "cuisine": "seafood", "edge_u": 49770676, "edge_v": 49797032, "edge_key": 0, "nearest_node": 49770676, "snap_dist_m": 17.0, "node_dist_m": 38.8 }, "geometry": { "type": "Point", "coordinates": [ -77.0381169, 38.9109906 ] } },
{ "type": "Feature", "properties": { "element": "node", "id": 719556953, "name": "Subway", "amenity": "fast_food", "cuisine": "sandwich", "edge_u": 49770680, "edge_v": 49816494, "edge_key": 0, "nearest_node": 49770680, "snap_dist_m": 22.0, "node_dist_m": 31.0 }, "geometry": { "type": "Point", "coordinates": [ -77.0382632, 38.9116869 ] } },
{ "type": "Feature", "properties": { "element": "node", "id": 721033717, "name": "Starbucks", "amenity": "cafe", "cuisine": "coffee_shop", "edge_u": 806521028, "edge_v": 49793670, "edge_key": 0, "nearest_node": 49765234, "snap_dist_m": 54.9, "node_dist_m": 59.9 }, "geometry": { "type": "Point", "coordinates": [ -77.0507502, 38.9010118 ] } },
{ "type": "Feature", "properties": { "element": "node", "id": 721035640, "name": "Baja Fresh", "amenity": "fast_food", "cuisine": "mexican", "edge_u": 1381204541, "edge_v": 641116270, "edge_key": 0, "nearest_node": 1381204541, "snap_dist_m": 12.5, "node_dist_m": 21.9 }, "geometry": { "type": "Point", "coordinates": [ -77.044723, 38.901481699999977 ] } },
{ "type": "Feature", "properties": { "element": "node", "id": 721050296, "name": "Grill Kabob", "amenity": "fast_food", "cuisine": "afghan", "edge_u": 49809177, "edge_v": 641116283, "edge_key": 0, "nearest_node": 49809177, "snap_dist_m": 18.3, "node_dist_m": 36.5 }, "geometry": { "type": "Point", "coordinates": [ -77.0436693, 38.903455 ] } },
{ "type": "Feature", "properties": { "element": "node", "id": 721060686, "name": "Greek Deli", "amenity": "fast_food", "cuisine": "greek", "edge_u": 49809189, "edge_v": 49809177, "edge_key": 0, "nearest_node": 49809177, "snap_dist_m": 18.9, "node_dist_m": 84.8 }, "geometry": { "type": "Point", "coordinates": [ -77.043671, 38.9044847 ] } },
{ "type": "Feature", "properties": { "element": "node", "id": 721669811, "name": "Springborne", "amenity": "restaurant", "cuisine": null, "edge_u": 49845726, "edge_v": 49809189, "edge_key": 0, "nearest_node": 49809189, "snap_dist_m": 17.3, "node_dist_m": 26.6 }, "geometry": { "type": "Point", "coordinates": [ -77.0432258, 38.9054824 ] } },
{ "type": "Feature", "properties": { "element": "node", "id": 721669870, "name": "Nooshi Carryout", "amenity": "fast_food", "cuisine": "japanese", "edge_u": 49809189, "edge_v": 49809177, "edge_key": 0, "nearest_node": 49809177, "snap_dist_m": 18.9, "node_dist_m": 88.4 }, "geometry": { "type": "Point", "coordinates": [ -77.0436702, 38.904518 ] } },
{ "type": "Feature", "properties": { "element": "node", "id": 723662707, "name": "Jetties", "amenity": "fast_food", "cuisine": "sandwich;salad;soup", "edge_u": 49755836, "edge_v": 49755831, "edge_key": 0, "nearest_node": 7319959761, "snap_dist_m": 27.0, "node_dist_m": 66.3 }, "geometry": { "type": "Point", "coordinates": [ -77.0839777, 38.9112627 ] } },
{ "type": "Feature", "properties": { "element": "node", "id": 730823825, "name": "Juice Zone", "amenity": "fast_food", "cuisine": "smoothies", "edge_u": 49793777, "edge_v": 1381204541, "edge_key": 0, "nearest_node": 1381204541, "snap_dist_m": 17.6, "node_dist_m": 34.3 }, "geometry": { "type": "Point", "coordinates": [ -77.0445323, 38.9014745 ] } },
{ "type": "Feature", "properties": { "element": "node", "id": 730824611, "name": "Starbucks", "amenity": "cafe", "cuisine": "coffee_shop", "edge_u": 641116246, "edge_v": 641116271, "edge_key": 0, "nearest_node": 641116247, "snap_dist_m": 11.7, "node_dist_m": 26.2 }, "geometry": { "type": "Point", "coordinates": [ -77.043818, 38.902294 ] } },
{ "type": "Feature", "properties": { "element": "node", "id": 731341443, "name": "Così", "amenity": "fast_food", "cuisine": "sandwich", "edge_u": 3011565329, "edge_v": 3001569202, "edge_key": 0, "nearest_node": 3011565329, "snap_dist_m": 27.5, "node_dist_m": 51.4 }, "geometry": { "type": "Point", "coordinates": [ -77.020235, 38.893997 ] } },
{ "type": "Feature", "properties": { "element": "node", "id": 731351083, "name": "Jacks Famous Deli", "amenity": "fast_food", "cuisine": null, "edge_u": 3012535014, "edge_v": 3001569202, "edge_key": 0, "nearest_node": 3001569202, "snap_dist_m": 29.3, "node_dist_m": 69.3 }, "geometry": { "type": "Point", "coordinates": [ -77.0207101, 38.8944939 ] } },
{ "type": "Feature", "properties": { "element": "node", "id": 731357142, "name": "Potbelly", "amenity": "fast_food", "cuisine": "sandwich", "edge_u": 3012535014, "edge_v": 3001569202, "edge_key": 0, "nearest_node": 3012535014, "snap_dist_m": 28.2, "node_dist_m": 61.1 }, "geometry": { "type": "Point", "coordinates": [ -77.021418, 38.894289 ] } },
{ "type": "Feature", "properties": { "element": "node", "id": 731372635, "name": "Starbucks", "amenity": "cafe", "cuisine": "coffee_shop", "edge_u": 3012535014, "edge_v": 3012429028, "edge_key": 0, "nearest_node": 3012535014, "snap_dist_m": 17.9, "node_dist_m": 34.5 }, "geometry": { "type": "Point", "coordinates": [ -77.021712, 38.894168 ] } },
{ "type": "Feature", "properties": { "element": "node", "id": 734259644, "name": "Avenue Grill", "amenity": "restaurant", "cuisine": "american", "edge_u": 49782277, "edge_v": 3027832454, "edge_key": 0, "nearest_node": 3027832454, "snap_dist_m": 23.4, "node_dist_m": 72.2 }, "geometry": { "type": "Point", "coordinates": [ -77.03116230000002, 38.8963367 ] } },
{ "type": "Feature", "properties": { "element": "node", "id": 734278762, "name": "Corner Bakery", "amenity": "cafe", "cuisine": "coffee_shop", "edge_u": 49799643, "edge_v": 49745628, "edge_key": 0, "nearest_node": 49745628, "snap_dist_m": 23.4, "node_dist_m": 33.8 }, "geometry": { "type": "Point", "coordinates": [ -77.0316782, 38.897143199999988 ] } },
{ "type": "Feature", "properties": { "element": "node", "id": 734363988, "name": "Potbelly", "amenity": "fast_food", "cuisine": "sandwich", "edge_u": 876615362, "edge_v": 49745629, "edge_key": 0, "nearest_node": 876615362, "snap_dist_m": 19.5, "node_dist_m": 36.1 }, "geometry": { "type": "Point", "coordinates": [ -77.0321734, 38.899085400000011 ] } },
{ "type": "Feature", "properties": { "element": "node", "id": 734367503, "name": "Starbucks", "amenity": "cafe", "cuisine": "coffee_shop", "edge_u": 49764271, "edge_v": 49745632, "edge_key": 0, "nearest_node": 49745632, "snap_dist_m": 19.7, "node_dist_m": 27.7 }, "geometry": { "type": "Point", "coordinates": [ -77.03219, 38.9000558 ] } },
{ "type": "Feature", "properties": { "element": "node", "id": 734420353, "name": "Five Guys", "amenity": "fast_food", "cuisine": "burger", "edge_u": 49745636, "edge_v": 1381307999, "edge_key": 0, "nearest_node": 49745636, "snap_dist_m": 18.7, "node_dist_m": 32.2 }, "geometry": { "type": "Point", "coordinates": [ -77.0322514, 38.9011676 ] } },
{ "type": "Feature", "properties": { "element": "node", "id": 734442884, "name": "Via Sophia", "amenity": "restaurant", "cuisine": "italian;fine_dining", "edge_u": 641116184, "edge_v": 3027663729, "edge_key": 0, "nearest_node": 3027663729, "snap_dist_m": 14.7, "node_dist_m": 25.3 }, "geometry": { "type": "Point", "coordinates": [ -77.0317169, 38.9027741 ] } },
{ "type": "Feature", "properties": { "element": "node", "id": 734445667, "name": "Subway", "amenity": "fast_food", "cuisine": "sandwich", "edge_u": 3027663729, "edge_v": 49745644, "edge_key": 0, "nearest_node": 3027663729, "snap_dist_m": 23.9, "node_dist_m": 46.9 }, "geometry": { "type": "Point", "coordinates": [ -77.032229, 38.903006 ] } },
{ "type": "Feature", "properties": { "element": "node", "id": 734447854, "name": "The Brown Bag", "amenity": "fast_food", "cuisine": "american", "edge_u": 3027663729, "edge_v": 49745644, "edge_key": 0, "nearest_node": 49745644, "snap_dist_m": 24.5, "node_dist_m": 60.7 }, "geometry": { "type": "Point", "coordinates": [ -77.031671, 38.903244 ] } },
{ "type": "Feature", "properties": { "element": "node", "id": 734461801, "name": "The Continent DC", "amenity": "restaurant", "cuisine": "african", "edge_u": 9136825802, "edge_v": 49865774, "edge_key": 0, "nearest_node": 9136825802, "snap_dist_m": 24.2, "node_dist_m": 45.3 }, "geometry": { "type": "Point", "coordinates": [ -77.0331148, 38.9042004 ] } },
{ "type": "Feature", "properties": { "element": "node", "id": 734466377, "name": "Stan's Restaurant", "amenity": "restaurant", "cuisine": null, "edge_u": 49865768, "edge_v": 4366096286, "edge_key": 0, "nearest_node": 49865768, "snap_dist_m": 24.2, "node_dist_m": 29.6 }, "geometry": { "type": "Point", "coordinates": [ -77.0329023, 38.90351519999998 ] } },
{ "type": "Feature", "properties": { "element": "node", "id": 735126542, "name": "District Taco", "amenity": "fast_food", "cuisine": "mexican", "edge_u": 655442853, "edge_v": 655442818, "edge_key": 0, "nearest_node": 655442853, "snap_dist_m": 18.4, "node_dist_m": 66.9 }, "geometry": { "type": "Point", "coordinates": [ -76.9967344, 38.88520960000001 ] } },
{ "type": "Feature", "properties": { "element": "node", "id": 736901986, "name": "Avalon Theatre Cafe", "amenity": "cafe", "cuisine": null, "edge_u": 49820885, "edge_v": 49782599, "edge_key": 0, "nearest_node": 49782599, "snap_dist_m": 24.9, "node_dist_m": 47.2 }, "geometry": { "type": "Point", "coordinates": [ -77.076163, 38.9653756 ] } },
{ "type": "Feature", "properties": { "element": "node", "id": 736903629, "name": "Subway", "amenity": "fast_food", "cuisine": "sandwich", "edge_u": 49820885, "edge_v": 49782599, "edge_key": 0, "nearest_node": 49782599, "snap_dist_m": 26.7, "node_dist_m": 33.0 }, "geometry": { "type": "Point", "coordinates": [ -77.0762815, 38.965538600000023 ] } },
{ "type": "Feature", "properties": { "element": "node", "id": 736905927, "name": "Jetties", "amenity": "fast_food", "cuisine": "sandwich;salad;soup", "edge_u": 49782585, "edge_v": 49782587, "edge_key": 0, "nearest_node": 49782599, "snap_dist_m": 25.0, "node_dist_m": 31.6 }, "geometry": { "type": "Point", "coordinates": [ -77.0764583, 38.9658123 ] } },
{ "type": "Feature", "properties": { "element": "node", "id": 736998220, "name": "Yosaku Restaurant", "amenity": "restaurant", "cuisine": "japanese", "edge_u": 49837997, "edge_v": 3798943055, "edge_key": 0, "nearest_node": 3798943055, "snap_dist_m": 29.7, "node_dist_m": 68.5 }, "geometry": { "type": "Point", "coordinates": [ -77.0813473, 38.9514729 ] } },
{ "type": "Feature", "properties": { "element": "node", "id": 736998225, "name": "Booeymonger", "amenity": "cafe", "cuisine": "deli", "edge_u": 49794626, "edge_v": 49860480, "edge_key": 0, "nearest_node": 49794626, "snap_dist_m": 18.1, "node_dist_m": 22.6 }, "geometry": { "type": "Point", "coordinates": [ -77.084981, 38.9588663 ] } },
{ "type": "Feature", "properties": { "element": "node", "id": 736998227, "name": "Maggiano's Little Italy", "amenity": "restaurant", "cuisine": "italian", "edge_u": 49794626, "edge_v": 3657251451, "edge_key": 0, "nearest_node": 49794626, "snap_dist_m": 24.9, "node_dist_m": 63.0 }, "geometry": { "type": "Point", "coordinates": [ -77.0848233, 38.9596079 ] } },
{ "type": "Feature", "properties": { "element": "node", "id": 736998230, "name": "Satay Club", "amenity": "restaurant", "cuisine": "malaysian", "edge_u": 3798943055, "edge_v": 3798943052, "edge_key": 0, "nearest_node": 3798943055, "snap_dist_m": 24.6, "node_dist_m": 36.1 }, "geometry": { "type": "Point", "coordinates": [ -77.0810725, 38.950832499999983 ] } },
{ "type": "Feature", "properties": { "element": "node", "id": 736998233, "name": "Matisse", "amenity": "restaurant", "cuisine": "french", "edge_u": 49796229, "edge_v": 49888300, "edge_key": 0, "nearest_node": 49888300, "snap_dist_m": 35.3, "node_dist_m": 49.4 }, "geometry": { "type": "Point", "coordinates": [ -77.0828659, 38.954300699999983 ] } },
{ "type": "Feature", "properties": { "element": "node", "id": 736998235, "name": "49 Twelve Thai Cuisine", "amenity": "restaurant", "cuisine": "thai", "edge_u": 49796229, "edge_v": 49888300, "edge_key": 0, "nearest_node": 49796229, "snap_dist_m": 33.9, "node_dist_m": 39.7 }, "geometry": { "type": "Point", "coordinates": [ -77.0826329, 38.9538766 ] } },
{ "type": "Feature", "properties": { "element": "node", "id": 736998241, "name": "Dunkin'", "amenity": "fast_food", "cuisine": "donut;coffee_shop", "edge_u": 49822338, "edge_v": 3659095236, "edge_key": 0, "nearest_node": 3659095236, "snap_dist_m": 23.2, "node_dist_m": 23.4 }, "geometry": { "type": "Point", "coordinates": [ -77.0805769, 38.9492391 ] } },
{ "type": "Feature", "properties": { "element": "node", "id": 737066296, "name": "Osteria al Volo", "amenity": "restaurant", "cuisine": "italian", "edge_u": 49740244, "edge_v": 3672563449, "edge_key": 0, "nearest_node": 3672563449, "snap_dist_m": 20.1, "node_dist_m": 41.2 }, "geometry": { "type": "Point", "coordinates": [ -77.0422146, 38.922737199999979 ] } },
{ "type": "Feature", "properties": { "element": "node", "id": 737066308, "name": "My Canton", "amenity": "restaurant", "cuisine": "mexican;salvadoran", "edge_u": 49740244, "edge_v": 49856113, "edge_key": 0, "nearest_node": 49769187, "snap_dist_m": 19.4, "node_dist_m": 42.5 }, "geometry": { "type": "Point", "coordinates": [ -77.0411902, 38.9234313 ] } },
{ "type": "Feature", "properties": { "element": "node", "id": 737066327, "name": "Tsehay Ethiopian Restaurant And Bar", "amenity": "restaurant", "cuisine": null, "edge_u": 3672563449, "edge_v": 49741274, "edge_key": 0, "nearest_node": 49741274, "snap_dist_m": 25.1, "node_dist_m": 77.0 }, "geometry": { "type": "Point", "coordinates": [ -77.0419121, 38.9212825 ] } },
{ "type": "Feature", "properties": { "element": "node", "id": 737066333, "name": "Johnny Pistola's", "amenity": "restaurant", "cuisine": "mexican", "edge_u": 49741274, "edge_v": 49882753, "edge_key": 0, "nearest_node": 49741274, "snap_dist_m": 27.9, "node_dist_m": 33.5 }, "geometry": { "type": "Point", "coordinates": [ -77.041615, 38.9204913 ] } },
{ "type": "Feature", "properties": { "element": "node", "id": 737066351, "name": "Jyoti Indian Cuisine", "amenity": "restaurant", "cuisine": "indian", "edge_u": 3672563449, "edge_v": 49741274, "edge_key": 0, "nearest_node": 49741274, "snap_dist_m": 20.7, "node_dist_m": 85.3 }, "geometry": { "type": "Point", "coordinates": [ -77.0419905, 38.921359200000019 ] } },
{ "type": "Feature", "properties": { "element": "node", "id": 737066368, "name": "The Green Zone", "amenity": "restaurant", "cuisine": "middle_eastern", "edge_u": 49768440, "edge_v": 49882753, "edge_key": 0, "nearest_node": 49882753, "snap_dist_m": 18.5, "node_dist_m": 27.1 }, "geometry": { "type": "Point", "coordinates": [ -77.0418608, 38.9194799 ] } },
{ "type": "Feature", "properties": { "element": "node", "id": 737066407, "name": "Akira Ramen & Izakaya", "amenity": "restaurant", "cuisine": "japanese", "edge_u": 3672563449, "edge_v": 49741274, "edge_key": 0, "nearest_node": 3672563449, "snap_dist_m": 17.5, "node_dist_m": 33.6 }, "geometry": { "type": "Point", "coordinates": [ -77.0424025, 38.9224593 ] } },
{ "type": "Feature", "properties": { "element": "node", "id": 737066416, "name": "El Tamarindo", "amenity": "restaurant", "cuisine": "salvadoran", "edge_u": 49719895, "edge_v": 4561710230, "edge_key": 0, "nearest_node": 4561710230, "snap_dist_m": 13.4, "node_dist_m": 15.6 }, "geometry": { "type": "Point", "coordinates": [ -77.041244, 38.917154 ] } },
{ "type": "Feature", "properties": { "element": "node", "id": 737066423, "name": "Tryst Coffeehouse", "amenity": "cafe", "cuisine": null, "edge_u": 3672563449, "edge_v": 49741274, "edge_key": 0, "nearest_node": 3672563449, "snap_dist_m": 23.9, "node_dist_m": 91.4 }, "geometry": { "type": "Point", "coordinates": [ -77.0421524, 38.9219571 ] } },
{ "type": "Feature", "properties": { "element": "node", "id": 737066426, "name": "Banana Leaves", "amenity": "restaurant", "cuisine": "asian", "edge_u": 633969379, "edge_v": 49729831, "edge_key": 0, "nearest_node": 49729831, "snap_dist_m": 21.9, "node_dist_m": 22.9 }, "geometry": { "type": "Point", "coordinates": [ -77.0455899, 38.914487299999983 ] } },
{ "type": "Feature", "properties": { "element": "node", "id": 737066437, "name": "Kalorama Deli", "amenity": "fast_food", "cuisine": null, "edge_u": 49843017, "edge_v": 49770627, "edge_key": 0, "nearest_node": 49770627, "snap_dist_m": 15.0, "node_dist_m": 18.4 }, "geometry": { "type": "Point", "coordinates": [ -77.0386847, 38.9213008 ] } },
{ "type": "Feature", "properties": { "element": "node", "id": 737066453, "name": "The Diner", "amenity": "restaurant", "cuisine": "american;diner", "edge_u": 3672563449, "edge_v": 49741274, "edge_key": 0, "nearest_node": 49801673, "snap_dist_m": 18.5, "node_dist_m": 102.2 }, "geometry": { "type": "Point", "coordinates": [ -77.0421725, 38.9218242 ] } },
{ "type": "Feature", "properties": { "element": "node", "id": 737066464, "name": "Himalayan Heritage", "amenity": "restaurant", "cuisine": "nepalese", "edge_u": 49882753, "edge_v": 49827112, "edge_key": 0, "nearest_node": 49882753, "snap_dist_m": 12.8, "node_dist_m": 28.8 }, "geometry": { "type": "Point", "coordinates": [ -77.0414233, 38.9198441 ] } },
{ "type": "Feature", "properties": { "element": "node", "id": 737066474, "name": "Bukom Cafe", "amenity": "restaurant", "cuisine": "african", "edge_u": 3672563449, "edge_v": 49741274, "edge_key": 0, "nearest_node": 49801673, "snap_dist_m": 20.5, "node_dist_m": 77.1 }, "geometry": { "type": "Point", "coordinates": [ -77.0426197, 38.921771 ] } },
{ "type": "Feature", "properties": { "element": "node", "id": 737066475, "name": "The Grill From Ipanema", "amenity": "restaurant", "cuisine": "brazilian", "edge_u": 49741287, "edge_v": 49787453, "edge_key": 0, "nearest_node": 49787453, "snap_dist_m": 22.4, "node_dist_m": 24.9 }, "geometry": { "type": "Point", "coordinates": [ -77.0435, 38.920955 ] } },
{ "type": "Feature", "properties": { "element": "node", "id": 737066512, "name": "Lucky Buns", "amenity": "restaurant", "cuisine": "burger", "edge_u": 49809263, "edge_v": 49809762, "edge_key": 0, "nearest_node": 4561710231, "snap_dist_m": 14.1, "node_dist_m": 22.7 }, "geometry": { "type": "Point", "coordinates": [ -77.0418984, 38.9171217 ] } },
{ "type": "Feature", "properties": { "element": "node", "id": 737066532, "name": "Lapis", "amenity": "restaurant", "cuisine": "afghan", "edge_u": 49787453, "edge_v": 49787467, "edge_key": 0, "nearest_node": 49787453, "snap_dist_m": 16.0, "node_dist_m": 23.4 }, "geometry": { "type": "Point", "coordinates": [ -77.043828, 38.9213 ] } },
{ "type": "Feature", "properties": { "element": "node", "id": 737066535, "name": "Keren Restaurant", "amenity": "cafe", "cuisine": "coffee_shop", "edge_u": 4561710230, "edge_v": 49878097, "edge_key": 0, "nearest_node": 4561710230, "snap_dist_m": 22.9, "node_dist_m": 30.4 }, "geometry": { "type": "Point", "coordinates": [ -77.041281, 38.916743 ] } },
{ "type": "Feature", "properties": { "element": "node", "id": 737066539, "name": "El Nuevo Migueleno", "amenity": "restaurant", "cuisine": "latin_american", "edge_u": 49770639, "edge_v": 49856112, "edge_key": 0, "nearest_node": 49856112, "snap_dist_m": 28.8, "node_dist_m": 46.0 }, "geometry": { "type": "Point", "coordinates": [ -77.040033, 38.924757 ] } },
{ "type": "Feature", "properties": { "element": "node", "id": 737066556, "name": "Meze", "amenity": "restaurant", "cuisine": "mediterranean;turkish", "edge_u": 3672563449, "edge_v": 49741274, "edge_key": 0, "nearest_node": 49741274, "snap_dist_m": 23.6, "node_dist_m": 96.9 }, "geometry": { "type": "Point", "coordinates": [ -77.0419909, 38.9214638 ] } },
{ "type": "Feature", "properties": { "element": "node", "id": 737066563, "name": "Her Diner", "amenity": "restaurant", "cuisine": "diner", "edge_u": 49837617, "edge_v": 4561710231, "edge_key": 0, "nearest_node": 4561710231, "snap_dist_m": 19.2, "node_dist_m": 27.3 }, "geometry": { "type": "Point", "coordinates": [ -77.041878, 38.917216 ] } },
{ "type": "Feature", "properties": { "element": "node", "id": 737066573, "name": "Mama Ayesha's", "amenity": "restaurant", "cuisine": "middle_eastern", "edge_u": 49793526, "edge_v": 2286013912, "edge_key": 0, "nearest_node": 2286013912, "snap_dist_m": 21.3, "node_dist_m": 54.0 }, "geometry": { "type": "Point", "coordinates": [ -77.0467709, 38.9234344 ] } },
{ "type": "Feature", "properties": { "element": "node", "id": 737080352, "name": "Charlies Corner", "amenity": "fast_food", "cuisine": null, "edge_u": 49775781, "edge_v": 49777277, "edge_key": 0, "nearest_node": 49777277, "snap_dist_m": 12.1, "node_dist_m": 21.4 }, "geometry": { "type": "Point", "coordinates": [ -76.9962997, 38.859783599999986 ] } },
{ "type": "Feature", "properties": { "element": "node", "id": 737080371, "name": "Wah Sing Restaurant", "amenity": "restaurant", "cuisine": "chinese;american", "edge_u": 646190646, "edge_v": 49785838, "edge_key": 0, "nearest_node": 646190646, "snap_dist_m": 39.8, "node_dist_m": 71.6 }, "geometry": { "type": "Point", "coordinates": [ -76.970325, 38.872859400000024 ] } },
{ "type": "Feature", "properties": { "element": "node", "id": 737080424, "name": "Epicurean Experience", "amenity": "fast_food", "cuisine": null, "edge_u": 1466445325, "edge_v": 49769028, "edge_key": 0, "nearest_node": 1466445325, "snap_dist_m": 19.9, "node_dist_m": 42.9 }, "geometry": { "type": "Point", "coordinates": [ -76.9763182, 38.8459406 ] } },
{ "type": "Feature", "properties": { "element": "node", "id": 737145397, "name": "Mary Bar & Grill", "amenity": "restaurant", "cuisine": "mexican;salvadoran", "edge_u": 49752628, "edge_v": 12529163241, "edge_key": 0, "nearest_node": 12529163241, "snap_dist_m": 16.2, "node_dist_m": 42.8 }, "geometry": { "type": "Point", "coordinates": [ -77.0249111, 38.942554199999989 ] } },
{ "type": "Feature", "properties": { "element": "node", "id": 737145399, "name": "Hitching Post Restaurant", "amenity": "restaurant", "cuisine": "american", "edge_u": 49752584, "edge_v": 49752579, "edge_key": 0, "nearest_node": 49752579, "snap_dist_m": 18.7, "node_dist_m": 20.5 }, "geometry": { "type": "Point", "coordinates": [ -77.013773, 38.942045 ] } },
{ "type": "Feature", "properties": { "element": "node", "id": 737145405, "name": "Pho Viet USA", "amenity": "restaurant", "cuisine": "vietnamese", "edge_u": 2921295172, "edge_v": 49765290, "edge_key": 0, "nearest_node": 49852777, "snap_dist_m": 16.5, "node_dist_m": 54.4 }, "geometry": { "type": "Point", "coordinates": [ -77.02367, 38.9368137 ] } },
{ "type": "Feature", "properties": { "element": "node", "id": 737145415, "name": "San Antonio Bar & Grill III", "amenity": "restaurant", "cuisine": "mexican", "edge_u": 49821763, "edge_v": 49783089, "edge_key": 0, "nearest_node": 49821763, "snap_dist_m": 21.6, "node_dist_m": 38.2 }, "geometry": { "type": "Point", "coordinates": [ -76.9907583, 38.9375716 ] } },
{ "type": "Feature", "properties": { "element": "node", "id": 737145426, "name": "Midnight Delicatessen", "amenity": "fast_food", "cuisine": null, "edge_u": 49746423, "edge_v": 49746428, "edge_key": 0, "nearest_node": 49746428, "snap_dist_m": 15.7, "node_dist_m": 31.7 }, "geometry": { "type": "Point", "coordinates": [ -77.0264729, 38.947339699999986 ] } },
{ "type": "Feature", "properties": { "element": "node", "id": 737145437, "name": "La Cocina Tex-Mex", "amenity": "restaurant", "cuisine": "tacos;mexican;tex-mex", "edge_u": 49788457, "edge_v": 49849239, "edge_key": 0, "nearest_node": 49849239, "snap_dist_m": 16.2, "node_dist_m": 49.9 }, "geometry": { "type": "Point", "coordinates": [ -76.991304, 38.9358016 ] } },
{ "type": "Feature", "properties": { "element": "node", "id": 737145445, "name": "District Larder Co.", "amenity": "fast_food", "cuisine": "sandwich", "edge_u": 49752621, "edge_v": 49752628, "edge_key": 0, "nearest_node": 49752628, "snap_dist_m": 18.7, "node_dist_m": 76.5 }, "geometry": { "type": "Point", "coordinates": [ -77.024216200000012, 38.9420735 ] } },
{ "type": "Feature", "properties": { "element": "node", "id": 737404932, "name": "Kaiju Ramen Bar", "amenity": "restaurant", "cuisine": "ramen", "edge_u": 49810122, "edge_v": 49787160, "edge_key": 0, "nearest_node": 49787160, "snap_dist_m": 24.7, "node_dist_m": 81.0 }, "geometry": { "type": "Point", "coordinates": [ -76.9952596, 38.881967100000011 ] } },
{ "type": "Feature", "properties": { "element": "node", "id": 737404965, "name": "Belga Cafe", "amenity": "restaurant", "cuisine": "belgian", "edge_u": 49810122, "edge_v": 49787160, "edge_key": 0, "nearest_node": 49810122, "snap_dist_m": 22.6, "node_dist_m": 65.3 }, "geometry": { "type": "Point", "coordinates": [ -76.994714, 38.8821724 ] } },
{ "type": "Feature", "properties": { "element": "node", "id": 737404981, "name": "Los Caballeros", "amenity": "restaurant", "cuisine": "tex-mex", "edge_u": 49773923, "edge_v": 655442847, "edge_key": 0, "nearest_node": 655442847, "snap_dist_m": 16.3, "node_dist_m": 36.9 }, "geometry": { "type": "Point", "coordinates": [ -77.001617, 38.8871803 ] } },
{ "type": "Feature", "properties": { "element": "node", "id": 737404993, "name": "Aatish On The Hill", "amenity": "restaurant", "cuisine": "indian", "edge_u": 655442839, "edge_v": 655442840, "edge_key": 0, "nearest_node": 655442839, "snap_dist_m": 17.8, "node_dist_m": 56.1 }, "geometry": { "type": "Point", "coordinates": [ -76.9980082, 38.8851348 ] } },
{ "type": "Feature", "properties": { "element": "node", "id": 737404996, "name": "Nostra Cucina", "amenity": "restaurant", "cuisine": "italian;pizza;sandwich", "edge_u": 49763064, "edge_v": 49741038, "edge_key": 0, "nearest_node": 49741038, "snap_dist_m": 16.4, "node_dist_m": 55.3 }, "geometry": { "type": "Point", "coordinates": [ -77.0011784, 38.8949485 ] } },
{ "type": "Feature", "properties": { "element": "node", "id": 737405002, "name": "Ethiopic Restaurant", "amenity": "restaurant", "cuisine": "ethiopian", "edge_u": 49741058, "edge_v": 49741052, "edge_key": 0, "nearest_node": 49741058, "snap_dist_m": 15.6, "node_dist_m": 26.0 }, "geometry": { "type": "Point", "coordinates": [ -77.0003904, 38.9000242 ] } },
{ "type": "Feature", "properties": { "element": "node", "id": 737405011, "name": "La Plaza", "amenity": "restaurant", "cuisine": "mexican;salvadoran", "edge_u": 655442839, "edge_v": 655442840, "edge_key": 0, "nearest_node": 655442853, "snap_dist_m": 17.3, "node_dist_m": 108.1 }, "geometry": { "type": "Point", "coordinates": [ -76.9974137, 38.884897599999988 ] } },
{ "type": "Feature", "properties": { "element": "node", "id": 737405018, "name": "Bistro Cacao", "amenity": "restaurant", "cuisine": "french", "edge_u": 49795273, "edge_v": 4001557203, "edge_key": 0, "nearest_node": 4001557203, "snap_dist_m": 28.3, "node_dist_m": 32.2 }, "geometry": { "type": "Point", "coordinates": [ -77.0010799, 38.894510900000014 ] } },
{ "type": "Feature", "properties": { "element": "node", "id": 737405030, "name": "La Lomita", "amenity": "restaurant", "cuisine": "mexican", "edge_u": 49747512, "edge_v": 12270087211, "edge_key": 0, "nearest_node": 9592908693, "snap_dist_m": 13.7, "node_dist_m": 33.7 }, "geometry": { "type": "Point", "coordinates": [ -76.9867171, 38.8810858 ] } },
{ "type": "Feature", "properties": { "element": "node", "id": 737405038, "name": "National Democratic Club", "amenity": "restaurant", "cuisine": null, "edge_u": 49765018, "edge_v": 49765008, "edge_key": 0, "nearest_node": 49765018, "snap_dist_m": 18.6, "node_dist_m": 90.1 }, "geometry": { "type": "Point", "coordinates": [ -77.0079626, 38.8843778 ] } },
{ "type": "Feature", "properties": { "element": "node", "id": 737405061, "name": "Hunan Dynasty", "amenity": "restaurant", "cuisine": "chinese", "edge_u": 655442838, "edge_v": 49756892, "edge_key": 0, "nearest_node": 655442838, "snap_dist_m": 15.5, "node_dist_m": 25.1 }, "geometry": { "type": "Point", "coordinates": [ -77.0028624, 38.88713880000001 ] } },
{ "type": "Feature", "properties": { "element": "node", "id": 737405067, "name": "Matchbox", "amenity": "restaurant", "cuisine": "pizza;american", "edge_u": 49810122, "edge_v": 49787160, "edge_key": 0, "nearest_node": 49810122, "snap_dist_m": 24.9, "node_dist_m": 73.3 }, "geometry": { "type": "Point", "coordinates": [ -76.9952611, 38.8821034 ] } },
{ "type": "Feature", "properties": { "element": "node", "id": 737405121, "name": "Le Pain Quotidien", "amenity": "cafe", "cuisine": "coffee_shop", "edge_u": 655442853, "edge_v": 655442818, "edge_key": 0, "nearest_node": 655442853, "snap_dist_m": 15.4, "node_dist_m": 32.3 }, "geometry": { "type": "Point", "coordinates": [ -76.9963828, 38.8850365 ] } },
{ "type": "Feature", "properties": { "element": "node", "id": 737405170, "name": "Pacci's", "amenity": "restaurant", "cuisine": "italian;pizza", "edge_u": 49759091, "edge_v": 2399740768, "edge_key": 0, "nearest_node": 49759091, "snap_dist_m": 18.5, "node_dist_m": 26.4 }, "geometry": { "type": "Point", "coordinates": [ -76.988103900000013, 38.889421900000016 ] } },
{ "type": "Feature", "properties": { "element": "node", "id": 737405173, "name": "Cafe 8", "amenity": "restaurant", "cuisine": "turkish", "edge_u": 49792107, "edge_v": 49810122, "edge_key": 0, "nearest_node": 49810122, "snap_dist_m": 19.7, "node_dist_m": 39.9 }, "geometry": { "type": "Point", "coordinates": [ -76.9947482, 38.8830374 ] } },
{ "type": "Feature", "properties": { "element": "node", "id": 737405176, "name": "Good Stuff Eatery", "amenity": "fast_food", "cuisine": null, "edge_u": 49756892, "edge_v": 655442833, "edge_key": 0, "nearest_node": 49756892, "snap_dist_m": 19.3, "node_dist_m": 38.2 }, "geometry": { "type": "Point", "coordinates": [ -77.0018054, 38.8866697 ] } },
{ "type": "Feature", "properties": { "element": "node", "id": 737405179, "name": "Ambar", "amenity": "restaurant", "cuisine": "balkan", "edge_u": 49810122, "edge_v": 49787160, "edge_key": 0, "nearest_node": 49810122, "snap_dist_m": 25.0, "node_dist_m": 81.5 }, "geometry": { "type": "Point", "coordinates": [ -76.9952626, 38.8820255 ] } },
{ "type": "Feature", "properties": { "element": "node", "id": 737405202, "name": "Pascual", "amenity": "restaurant", "cuisine": "mexican", "edge_u": 9768681893, "edge_v": 49777899, "edge_key": 0, "nearest_node": 9768681893, "snap_dist_m": 17.8, "node_dist_m": 28.2 }, "geometry": { "type": "Point", "coordinates": [ -76.9951658, 38.8956372 ] } },
{ "type": "Feature", "properties": { "element": "node", "id": 737405207, "name": "Wine and Butter", "amenity": "cafe", "cuisine": null, "edge_u": 4060172794, "edge_v": 49759080, "edge_key": 0, "nearest_node": 4060172794, "snap_dist_m": 16.4, "node_dist_m": 21.5 }, "geometry": { "type": "Point", "coordinates": [ -76.9917104, 38.889526299999986 ] } },
{ "type": "Feature", "properties": { "element": "node", "id": 737405212, "name": "Cafe Berlin", "amenity": "cafe", "cuisine": "german", "edge_u": 49741037, "edge_v": 4001557203, "edge_key": 0, "nearest_node": 4001557203, "snap_dist_m": 27.6, "node_dist_m": 27.8 }, "geometry": { "type": "Point", "coordinates": [ -77.0009334, 38.8944479 ] } },
{ "type": "Feature", "properties": { "element": "node", "id": 737405220, "name": "East St Cafe", "amenity": "cafe", "cuisine": "asian", "edge_u": 3000430293, "edge_v": 49794206, "edge_key": 0, "nearest_node": 3000430293, "snap_dist_m": 88.9, "node_dist_m": 128.9 }, "geometry": { "type": "Point", "coordinates": [ -77.0057287, 38.8975216 ] } },
{ "type": "Feature", "properties": { "element": "node", "id": 737405229, "name": "Mr. Henry's", "amenity": "restaurant", "cuisine": "american", "edge_u": 49792145, "edge_v": 655442839, "edge_key": 0, "nearest_node": 655442839, "snap_dist_m": 16.4, "node_dist_m": 39.8 }, "geometry": { "type": "Point", "coordinates": [ -76.9982684, 38.8851718 ] } },
{ "type": "Feature", "properties": { "element": "node", "id": 737405231, "name": "Wendy's", "amenity": "fast_food", "cuisine": "burger", "edge_u": 3000430293, "edge_v": 642685931, "edge_key": 0, "nearest_node": 3240030410, "snap_dist_m": 78.7, "node_dist_m": 87.1 }, "geometry": { "type": "Point", "coordinates": [ -77.006669, 38.8976332 ] } },
{ "type": "Feature", "properties": { "element": "node", "id": 737405238, "name": "As You Are", "amenity": "cafe", "cuisine": null, "edge_u": 49810122, "edge_v": 49810128, "edge_key": 0, "nearest_node": 49810122, "snap_dist_m": 15.6, "node_dist_m": 23.1 }, "geometry": { "type": "Point", "coordinates": [ -76.9947786, 38.882582499999977 ] } },
{ "type": "Feature", "properties": { "element": "node", "id": 737405254, "name": "Lost Sock", "amenity": "cafe", "cuisine": null, "edge_u": 49742701, "edge_v": 49741076, "edge_key": 0, "nearest_node": 49741076, "snap_dist_m": 17.2, "node_dist_m": 28.2 }, "geometry": { "type": "Point", "coordinates": [ -77.0008251, 38.903882 ] } },
{ "type": "Feature", "properties": { "element": "node", "id": 737460217, "name": "CAVA", "amenity": "restaurant", "cuisine": "mediterranean", "edge_u": 49873688, "edge_v": 12143083687, "edge_key": 0, "nearest_node": 12143083687, "snap_dist_m": 24.5, "node_dist_m": 41.9 }, "geometry": { "type": "Point", "coordinates": [ -77.0773611, 38.9443155 ] } },
{ "type": "Feature", "properties": { "element": "node", "id": 737460244, "name": "Bread & Chocolate", "amenity": "cafe", "cuisine": null, "edge_u": 49788610, "edge_v": 49820885, "edge_key": 0, "nearest_node": 49820885, "snap_dist_m": 32.0, "node_dist_m": 49.5 }, "geometry": { "type": "Point", "coordinates": [ -77.0757385, 38.964488300000014 ] } },
{ "type": "Feature", "properties": { "element": "node", "id": 737460273, "name": "Italian Pizza Kitchen", "amenity": "restaurant", "cuisine": "pizza", "edge_u": 49820743, "edge_v": 49820757, "edge_key": 0, "nearest_node": 49820757, "snap_dist_m": 20.8, "node_dist_m": 40.1 }, "geometry": { "type": "Point", "coordinates": [ -77.0652962, 38.9476909 ] } },
{ "type": "Feature", "properties": { "element": "node", "id": 737460292, "name": "Angelico La Pizzeria", "amenity": "fast_food", "cuisine": "pizza", "edge_u": 49822338, "edge_v": 49848293, "edge_key": 0, "nearest_node": 49822338, "snap_dist_m": 22.6, "node_dist_m": 30.8 }, "geometry": { "type": "Point", "coordinates": [ -77.0798481, 38.9487148 ] } },
{ "type": "Feature", "properties": { "element": "node", "id": 737460307, "name": "Masala Art", "amenity": "restaurant", "cuisine": "indian", "edge_u": 49848293, "edge_v": 49817838, "edge_key": 0, "nearest_node": 49848293, "snap_dist_m": 20.8, "node_dist_m": 52.0 }, "geometry": { "type": "Point", "coordinates": [ -77.0792312, 38.947592399999976 ] } },
{ "type": "Feature", "properties": { "element": "node", "id": 737460331, "name": "Opal", "amenity": "restaurant", "cuisine": "seafood", "edge_u": 49788610, "edge_v": 49820885, "edge_key": 0, "nearest_node": 49788610, "snap_dist_m": 25.7, "node_dist_m": 50.5 }, "geometry": { "type": "Point", "coordinates": [ -77.0755254, 38.964260400000015 ] } },
{ "type": "Feature", "properties": { "element": "node", "id": 737460369, "name": "Buck's Fishing & Camping", "amenity": "restaurant", "cuisine": null, "edge_u": 49761684, "edge_v": 49720045, "edge_key": 0, "nearest_node": 49720045, "snap_dist_m": 22.5, "node_dist_m": 23.0 }, "geometry": { "type": "Point", "coordinates": [ -77.0699873, 38.9557894 ] } },
{ "type": "Feature", "properties": { "element": "node", "id": 737460381, "name": "Guapo's", "amenity": "restaurant", "cuisine": "mexican", "edge_u": 49822338, "edge_v": 49848293, "edge_key": 0, "nearest_node": 49848293, "snap_dist_m": 25.6, "node_dist_m": 54.7 }, "geometry": { "type": "Point", "coordinates": [ -77.0796373, 38.948400699999986 ] } },
{ "type": "Feature", "properties": { "element": "node", "id": 737476763, "name": "Indique", "amenity": "restaurant", "cuisine": "indian", "edge_u": 49805505, "edge_v": 1004809645, "edge_key": 0, "nearest_node": 49805505, "snap_dist_m": 23.8, "node_dist_m": 71.7 }, "geometry": { "type": "Point", "coordinates": [ -77.0590893, 38.9360389 ] } },
{ "type": "Feature", "properties": { "element": "node", "id": 737476786, "name": "Medium Rare Restaurant", "amenity": "restaurant", "cuisine": "steak_house", "edge_u": 49805528, "edge_v": 49805505, "edge_key": 0, "nearest_node": 49805505, "snap_dist_m": 16.4, "node_dist_m": 35.7 }, "geometry": { "type": "Point", "coordinates": [ -77.0588748, 38.9357323 ] } },
{ "type": "Feature", "properties": { "element": "node", "id": 737476792, "name": "Siam House", "amenity": "restaurant", "cuisine": "thai", "edge_u": 1004809645, "edge_v": 49805505, "edge_key": 0, "nearest_node": 1004809645, "snap_dist_m": 22.6, "node_dist_m": 61.0 }, "geometry": { "type": "Point", "coordinates": [ -77.0592125, 38.9362758 ] } },
{ "type": "Feature", "properties": { "element": "node", "id": 737476794, "name": "Sababa", "amenity": "restaurant", "cuisine": "israeli", "edge_u": 1447308555, "edge_v": 49752115, "edge_key": 0, "nearest_node": 1447308555, "snap_dist_m": 34.0, "node_dist_m": 47.4 }, "geometry": { "type": "Point", "coordinates": [ -77.0571148, 38.933903500000014 ] } },
{ "type": "Feature", "properties": { "element": "node", "id": 737476802, "name": "Laredo Restaurant", "amenity": "restaurant", "cuisine": "mexican", "edge_u": 49805528, "edge_v": 49805505, "edge_key": 0, "nearest_node": 49805505, "snap_dist_m": 15.2, "node_dist_m": 40.0 }, "geometry": { "type": "Point", "coordinates": [ -77.058936500000016, 38.9357217 ] } },
{ "type": "Feature", "properties": { "element": "node", "id": 737476805, "name": "Fresh Baguette", "amenity": "cafe", "cuisine": null, "edge_u": 49805505, "edge_v": 49752115, "edge_key": 0, "nearest_node": 49752115, "snap_dist_m": 22.5, "node_dist_m": 59.3 }, "geometry": { "type": "Point", "coordinates": [ -77.0581778, 38.9345016 ] } },
{ "type": "Feature", "properties": { "element": "node", "id": 737476807, "name": "2 Amys", "amenity": "restaurant", "cuisine": "pizza", "edge_u": 49881497, "edge_v": 12305015449, "edge_key": 0, "nearest_node": 49881497, "snap_dist_m": 17.6, "node_dist_m": 62.1 }, "geometry": { "type": "Point", "coordinates": [ -77.0731011, 38.9336409 ] } },
{ "type": "Feature", "properties": { "element": "node", "id": 737476814, "name": "Paragon Thai Restaurant", "amenity": "restaurant", "cuisine": "thai", "edge_u": 49805505, "edge_v": 49761393, "edge_key": 0, "nearest_node": 49805505, "snap_dist_m": 46.7, "node_dist_m": 56.4 }, "geometry": { "type": "Point", "coordinates": [ -77.0580761, 38.9359467 ] } },
{ "type": "Feature", "properties": { "element": "node", "id": 737476817, "name": "Spices Restaurant", "amenity": "restaurant", "cuisine": "asian", "edge_u": 49805505, "edge_v": 49752115, "edge_key": 0, "nearest_node": 49752115, "snap_dist_m": 24.4, "node_dist_m": 39.6 }, "geometry": { "type": "Point", "coordinates": [ -77.0575719, 38.9344834 ] } },
{ "type": "Feature", "properties": { "element": "node", "id": 737476828, "name": "Dolan Uyghur", "amenity": "restaurant", "cuisine": "uyghur", "edge_u": 1004809645, "edge_v": 49805505, "edge_key": 0, "nearest_node": 1004809645, "snap_dist_m": 23.6, "node_dist_m": 74.6 }, "geometry": { "type": "Point", "coordinates": [ -77.0591553, 38.9361564 ] } },
{ "type": "Feature", "properties": { "element": "node", "id": 737495054, "name": "Far East Deli", "amenity": "fast_food", "cuisine": null, "edge_u": 9800726207, "edge_v": 49779152, "edge_key": 0, "nearest_node": 9800726207, "snap_dist_m": 16.5, "node_dist_m": 64.4 }, "geometry": { "type": "Point", "coordinates": [ -76.9349115, 38.911939 ] } },
{ "type": "Feature", "properties": { "element": "node", "id": 737495064, "name": "China Cafe Carryout", "amenity": "fast_food", "cuisine": "chinese", "edge_u": 8530666832, "edge_v": 11275506476, "edge_key": 0, "nearest_node": 11275506476, "snap_dist_m": 24.1, "node_dist_m": 43.3 }, "geometry": { "type": "Point", "coordinates": [ -76.9261437, 38.897789800000012 ] } },
{ "type": "Feature", "properties": { "element": "node", "id": 737526118, "name": "Wingo's", "amenity": "restaurant", "cuisine": "american", "edge_u": 49873888, "edge_v": 49776916, "edge_key": 0, "nearest_node": 49776916, "snap_dist_m": 24.5, "node_dist_m": 62.2 }, "geometry": { "type": "Point", "coordinates": [ -77.0713021, 38.9195776 ] } },
{ "type": "Feature", "properties": { "element": "node", "id": 737526132, "name": "Kusshi", "amenity": "restaurant", "cuisine": "sushi;japanese", "edge_u": 49866935, "edge_v": 1488873885, "edge_key": 0, "nearest_node": 49866935, "snap_dist_m": 7.2, "node_dist_m": 17.9 }, "geometry": { "type": "Point", "coordinates": [ -77.0715081, 38.9205884 ] } },
{ "type": "Feature", "properties": { "element": "node", "id": 737526139, "name": "Breadsoda", "amenity": "cafe", "cuisine": null, "edge_u": 49873888, "edge_v": 49776916, "edge_key": 0, "nearest_node": 49776916, "snap_dist_m": 27.2, "node_dist_m": 63.6 }, "geometry": { "type": "Point", "coordinates": [ -77.070806, 38.9198351 ] } },
{ "type": "Feature", "properties": { "element": "node", "id": 737526145, "name": "Westchester Dining Room", "amenity": "restaurant", "cuisine": "italian", "edge_u": 49802301, "edge_v": 49756275, "edge_key": 0, "nearest_node": 49802301, "snap_dist_m": 147.5, "node_dist_m": 149.3 }, "geometry": { "type": "Point", "coordinates": [ -77.0798506, 38.9284005 ] } },
{ "type": "Feature", "properties": { "element": "node", "id": 737526147, "name": "Rocklands Barbeque and Grilling Company", "amenity": "restaurant", "cuisine": "barbecue", "edge_u": 49843692, "edge_v": 49866935, "edge_key": 0, "nearest_node": 49843692, "snap_dist_m": 19.6, "node_dist_m": 117.4 }, "geometry": { "type": "Point", "coordinates": [ -77.072542, 38.921524599999984 ] } },
{ "type": "Feature", "properties": { "element": "node", "id": 737719989, "name": "Subway", "amenity": "fast_food", "cuisine": "sandwich", "edge_u": 49833602, "edge_v": 49828253, "edge_key": 0, "nearest_node": 49833602, "snap_dist_m": 38.8, "node_dist_m": 67.9 }, "geometry": { "type": "Point", "coordinates": [ -76.9600005, 38.8698245 ] } },
{ "type": "Feature", "properties": { "element": "node", "id": 737724489, "name": "Star Pizza", "amenity": "fast_food", "cuisine": "pizza", "edge_u": 49723269, "edge_v": 49833602, "edge_key": 0, "nearest_node": 49833602, "snap_dist_m": 62.9, "node_dist_m": 81.6 }, "geometry": { "type": "Point", "coordinates": [ -76.959571, 38.869662 ] } },
{ "type": "Feature", "properties": { "element": "node", "id": 737747359, "name": "Papa John's", "amenity": "fast_food", "cuisine": "pizza", "edge_u": 49743686, "edge_v": 49724285, "edge_key": 0, "nearest_node": 49743686, "snap_dist_m": 25.5, "node_dist_m": 48.0 }, "geometry": { "type": "Point", "coordinates": [ -76.95160460000001, 38.8652216 ] } },
{ "type": "Feature", "properties": { "element": "node", "id": 737752784, "name": "Crispy Chicken Wings & Sub", "amenity": "fast_food", "cuisine": null, "edge_u": 49743686, "edge_v": 49724285, "edge_key": 0, "nearest_node": 49743686, "snap_dist_m": 44.9, "node_dist_m": 52.8 }, "geometry": { "type": "Point", "coordinates": [ -76.9513522, 38.8651189 ] } },
{ "type": "Feature", "properties": { "element": "node", "id": 737782524, "name": "America's Best Wings", "amenity": "fast_food", "cuisine": "chicken;wings", "edge_u": 1564708943, "edge_v": 49744199, "edge_key": 0, "nearest_node": 49817254, "snap_dist_m": 33.0, "node_dist_m": 63.7 }, "geometry": { "type": "Point", "coordinates": [ -76.9652302, 38.8601599 ] } },
{ "type": "Feature", "properties": { "element": "node", "id": 737783190, "name": "Subway", "amenity": "fast_food", "cuisine": "sandwich", "edge_u": 1564708943, "edge_v": 49744199, "edge_key": 0, "nearest_node": 49817254, "snap_dist_m": 32.8, "node_dist_m": 70.6 }, "geometry": { "type": "Point", "coordinates": [ -76.9653097, 38.8601331 ] } },
{ "type": "Feature", "properties": { "element": "node", "id": 737783588, "name": "Quickway Japanese Hibachi", "amenity": "restaurant", "cuisine": "japanese", "edge_u": 1564708943, "edge_v": 49744199, "edge_key": 0, "nearest_node": 49817254, "snap_dist_m": 32.5, "node_dist_m": 78.4 }, "geometry": { "type": "Point", "coordinates": [ -76.9653991, 38.8601042 ] } },
{ "type": "Feature", "properties": { "element": "node", "id": 737848087, "name": "Starbucks", "amenity": "cafe", "cuisine": "coffee_shop", "edge_u": 49847649, "edge_v": 49760543, "edge_key": 0, "nearest_node": 49847649, "snap_dist_m": 55.6, "node_dist_m": 79.4 }, "geometry": { "type": "Point", "coordinates": [ -76.9665364, 38.8590682 ] } },
{ "type": "Feature", "properties": { "element": "node", "id": 737867007, "name": "McDonald's", "amenity": "fast_food", "cuisine": "burger", "edge_u": 49750009, "edge_v": 49718816, "edge_key": 0, "nearest_node": 49750009, "snap_dist_m": 53.6, "node_dist_m": 68.0 }, "geometry": { "type": "Point", "coordinates": [ -76.9689057, 38.8600652 ] } },
{ "type": "Feature", "properties": { "element": "node", "id": 737966546, "name": "Subway", "amenity": "fast_food", "cuisine": "sandwich", "edge_u": 49743955, "edge_v": 49743972, "edge_key": 0, "nearest_node": 49743972, "snap_dist_m": 43.5, "node_dist_m": 82.0 }, "geometry": { "type": "Point", "coordinates": [ -76.9808664, 38.846316 ] } },
{ "type": "Feature", "properties": { "element": "node", "id": 737982144, "name": "IHOP", "amenity": "restaurant", "cuisine": "breakfast;pancake", "edge_u": 49743972, "edge_v": 49743955, "edge_key": 0, "nearest_node": 49743955, "snap_dist_m": 20.3, "node_dist_m": 20.3 }, "geometry": { "type": "Point", "coordinates": [ -76.982706, 38.8460105 ] } },
{ "type": "Feature", "properties": { "element": "node", "id": 737988050, "name": "Subway", "amenity": "fast_food", "cuisine": "sandwich", "edge_u": 49777628, "edge_v": 49841029, "edge_key": 0, "nearest_node": 49841029, "snap_dist_m": 21.7, "node_dist_m": 30.9 }, "geometry": { "type": "Point", "coordinates": [ -76.9974207, 38.845433400000012 ] } },
{ "type": "Feature", "properties": { "element": "node", "id": 738001067, "name": "Big Chair Coffee", "amenity": "cafe", "cuisine": "coffee_shop", "edge_u": 1440554109, "edge_v": 49744587, "edge_key": 0, "nearest_node": 49744587, "snap_dist_m": 21.8, "node_dist_m": 33.7 }, "geometry": { "type": "Point", "coordinates": [ -76.989371, 38.865168 ] } },
{ "type": "Feature", "properties": { "element": "node", "id": 738190916, "name": "Daily Fish Of Chesapeake", "amenity": "restaurant", "cuisine": null, "edge_u": 1017489190, "edge_v": 11198575968, "edge_key": 0, "nearest_node": 1017489190, "snap_dist_m": 14.8, "node_dist_m": 30.2 }, "geometry": { "type": "Point", "coordinates": [ -77.0253897, 38.9201562 ] } },
{ "type": "Feature", "properties": { "element": "node", "id": 738190917, "name": "La Molienda", "amenity": "restaurant", "cuisine": "mexican", "edge_u": 13607253872, "edge_v": 49745465, "edge_key": 0, "nearest_node": 49745465, "snap_dist_m": 10.1, "node_dist_m": 26.0 }, "geometry": { "type": "Point", "coordinates": [ -77.0330196, 38.9362468 ] } },
{ "type": "Feature", "properties": { "element": "node", "id": 738190919, "name": "Thip Khao", "amenity": "restaurant", "cuisine": "lao", "edge_u": 49745691, "edge_v": 49745693, "edge_key": 0, "nearest_node": 49745693, "snap_dist_m": 25.5, "node_dist_m": 38.9 }, "geometry": { "type": "Point", "coordinates": [ -77.0330142, 38.9329066 ] } },
{ "type": "Feature", "properties": { "element": "node", "id": 738190921, "name": "Pho Viet USA", "amenity": "restaurant", "cuisine": "vietnamese", "edge_u": 49769209, "edge_v": 49773609, "edge_key": 0, "nearest_node": 49773609, "snap_dist_m": 18.1, "node_dist_m": 29.0 }, "geometry": { "type": "Point", "coordinates": [ -77.0272485, 38.9245608 ] } },
{ "type": "Feature", "properties": { "element": "node", "id": 738190925, "name": "El Rinconcito Cafe", "amenity": "restaurant", "cuisine": "latin_american", "edge_u": 49859632, "edge_v": 1804420109, "edge_key": 0, "nearest_node": 49859632, "snap_dist_m": 29.3, "node_dist_m": 29.3 }, "geometry": { "type": "Point", "coordinates": [ -77.030737, 38.9306839 ] } },
{ "type": "Feature", "properties": { "element": "node", "id": 738190928, "name": "El Amigo", "amenity": "restaurant", "cuisine": "salvadoran", "edge_u": 49745465, "edge_v": 49745468, "edge_key": 0, "nearest_node": 49745468, "snap_dist_m": 32.3, "node_dist_m": 50.9 }, "geometry": { "type": "Point", "coordinates": [ -77.0330937, 38.936722899999978 ] } },
{ "type": "Feature", "properties": { "element": "node", "id": 738190931, "name": "Tynan Coffee and Tea", "amenity": "cafe", "cuisine": "coffee_shop", "edge_u": 49772615, "edge_v": 5698252199, "edge_key": 0, "nearest_node": 5698252199, "snap_dist_m": 19.5, "node_dist_m": 64.6 }, "geometry": { "type": "Point", "coordinates": [ -77.0333593, 38.9285884 ] } },
{ "type": "Feature", "properties": { "element": "node", "id": 738190939, "name": "Gloria's Restaurant", "amenity": "fast_food", "cuisine": "salvadoran", "edge_u": 49745689, "edge_v": 49734615, "edge_key": 0, "nearest_node": 49745689, "snap_dist_m": 20.8, "node_dist_m": 20.9 }, "geometry": { "type": "Point", "coordinates": [ -77.0324832, 38.9318498 ] } },
{ "type": "Feature", "properties": { "element": "node", "id": 738190960, "name": "La Dulce Noche", "amenity": "restaurant", "cuisine": null, "edge_u": 13607253872, "edge_v": 49745465, "edge_key": 0, "nearest_node": 49745465, "snap_dist_m": 16.7, "node_dist_m": 27.3 }, "geometry": { "type": "Point", "coordinates": [ -77.033019, 38.936183 ] } },
{ "type": "Feature", "properties": { "element": "node", "id": 738190961, "name": "Tequila & Mezcal", "amenity": "restaurant", "cuisine": "mexican", "edge_u": 49841879, "edge_v": 49745455, "edge_key": 0, "nearest_node": 49745455, "snap_dist_m": 17.0, "node_dist_m": 29.9 }, "geometry": { "type": "Point", "coordinates": [ -77.0324359, 38.9344148 ] } },
{ "type": "Feature", "properties": { "element": "node", "id": 738190966, "name": "La Cabana Restaurant", "amenity": "restaurant", "cuisine": "salvadoran", "edge_u": 49745465, "edge_v": 49745468, "edge_key": 0, "nearest_node": 49745468, "snap_dist_m": 32.3, "node_dist_m": 46.4 }, "geometry": { "type": "Point", "coordinates": [ -77.0330939, 38.936778 ] } },
{ "type": "Feature", "properties": { "element": "node", "id": 738194936, "name": "Hard Rock Cafe", "amenity": "restaurant", "cuisine": "american", "edge_u": 3670756345, "edge_v": 49782255, "edge_key": 0, "nearest_node": 3670756345, "snap_dist_m": 20.6, "node_dist_m": 32.6 }, "geometry": { "type": "Point", "coordinates": [ -77.0257003, 38.8963303 ] } },
{ "type": "Feature", "properties": { "element": "node", "id": 738194940, "name": "Blackfinn", "amenity": "restaurant", "cuisine": "burger", "edge_u": 49793759, "edge_v": 49770640, "edge_key": 0, "nearest_node": 49770640, "snap_dist_m": 14.7, "node_dist_m": 75.7 }, "geometry": { "type": "Point", "coordinates": [ -77.0376679, 38.9011922 ] } },
{ "type": "Feature", "properties": { "element": "node", "id": 738194946, "name": "D'Acqua Restaurant", "amenity": "restaurant", "cuisine": null, "edge_u": 49767196, "edge_v": 49767194, "edge_key": 0, "nearest_node": 49767194, "snap_dist_m": 51.0, "node_dist_m": 59.2 }, "geometry": { "type": "Point", "coordinates": [ -77.0233122, 38.894344 ] } },
{ "type": "Feature", "properties": { "element": "node", "id": 738194949, "name": "Absolute Thai Restaurant", "amenity": "restaurant", "cuisine": "thai", "edge_u": 49762379, "edge_v": 49762383, "edge_key": 0, "nearest_node": 49762383, "snap_dist_m": 16.8, "node_dist_m": 26.2 }, "geometry": { "type": "Point", "coordinates": [ -77.019677, 38.898471 ] } },
{ "type": "Feature", "properties": { "element": "node", "id": 738194955, "name": "Harriet's", "amenity": "restaurant", "cuisine": "breakfast", "edge_u": 3013484854, "edge_v": 49773526, "edge_key": 0, "nearest_node": 49773526, "snap_dist_m": 19.5, "node_dist_m": 44.2 }, "geometry": { "type": "Point", "coordinates": [ -77.0272645, 38.8957792 ] } },
{ "type": "Feature", "properties": { "element": "node", "id": 738194957, "name": "Matchbox", "amenity": "restaurant", "cuisine": null, "edge_u": 49772964, "edge_v": 3012535144, "edge_key": 0, "nearest_node": 49772964, "snap_dist_m": 22.7, "node_dist_m": 51.0 }, "geometry": { "type": "Point", "coordinates": [ -77.0224446, 38.8959334 ] } },
{ "type": "Feature", "properties": { "element": "node", "id": 738194959, "name": "Central-Michel Richard", "amenity": "restaurant", "cuisine": null, "edge_u": 3013484854, "edge_v": 49773526, "edge_key": 0, "nearest_node": 3013484854, "snap_dist_m": 33.5, "node_dist_m": 41.7 }, "geometry": { "type": "Point", "coordinates": [ -77.026659100000018, 38.8950389 ] } },
{ "type": "Feature", "properties": { "element": "node", "id": 738194960, "name": "Chinatown Express", "amenity": "restaurant", "cuisine": "chinese", "edge_u": 49777795, "edge_v": 49762383, "edge_key": 0, "nearest_node": 49777795, "snap_dist_m": 18.8, "node_dist_m": 33.0 }, "geometry": { "type": "Point", "coordinates": [ -77.0201268, 38.8995738 ] } },
{ "type": "Feature", "properties": { "element": "node", "id": 738194968, "name": "Clyde's Of Gallery Place", "amenity": "restaurant", "cuisine": "american", "edge_u": 49772987, "edge_v": 49762191, "edge_key": 0, "nearest_node": 49762191, "snap_dist_m": 20.0, "node_dist_m": 58.7 }, "geometry": { "type": "Point", "coordinates": [ -77.0216867, 38.8989551 ] } },
{ "type": "Feature", "properties": { "element": "node", "id": 738194974, "name": "Chinatown Garden Restaurant", "amenity": "restaurant", "cuisine": "chinese", "edge_u": 49777795, "edge_v": 49772987, "edge_key": 0, "nearest_node": 49772987, "snap_dist_m": 19.0, "node_dist_m": 60.3 }, "geometry": { "type": "Point", "coordinates": [ -77.0212533, 38.899648399999975 ] } },
{ "type": "Feature", "properties": { "element": "node", "id": 738194983, "name": "Proper 21", "amenity": "restaurant", "cuisine": "american", "edge_u": 49799643, "edge_v": 49745628, "edge_key": 0, "nearest_node": 49799643, "snap_dist_m": 19.1, "node_dist_m": 83.2 }, "geometry": { "type": "Point", "coordinates": [ -77.0305547, 38.897526700000014 ] } },
{ "type": "Feature", "properties": { "element": "node", "id": 738194988, "name": "Ceiba Restaurant & Lounge", "amenity": "restaurant", "cuisine": null, "edge_u": 49745629, "edge_v": 49762210, "edge_key": 0, "nearest_node": 49745629, "snap_dist_m": 24.4, "node_dist_m": 38.2 }, "geometry": { "type": "Point", "coordinates": [ -77.0316162, 38.8985435 ] } },
{ "type": "Feature", "properties": { "element": "node", "id": 738194990, "name": "Ella's Wood-fired Pizza", "amenity": "restaurant", "cuisine": "pizza", "edge_u": 3669554868, "edge_v": 3378222897, "edge_key": 0, "nearest_node": 3378222897, "snap_dist_m": 18.2, "node_dist_m": 46.7 }, "geometry": { "type": "Point", "coordinates": [ -77.02418, 38.897668 ] } },
{ "type": "Feature", "properties": { "element": "node", "id": 738194991, "name": "E Street Lounge", "amenity": "restaurant", "cuisine": null, "edge_u": 3013407820, "edge_v": 49773526, "edge_key": 0, "nearest_node": 49773526, "snap_dist_m": 33.8, "node_dist_m": 70.4 }, "geometry": { "type": "Point", "coordinates": [ -77.0266502, 38.8966928 ] } },
{ "type": "Feature", "properties": { "element": "node", "id": 738194994, "name": "Marrakesh", "amenity": "restaurant", "cuisine": "moroccan;mediterranean", "edge_u": 3027616047, "edge_v": 3027616040, "edge_key": 0, "nearest_node": 3027616047, "snap_dist_m": 16.5, "node_dist_m": 44.0 }, "geometry": { "type": "Point", "coordinates": [ -77.0307147, 38.900395599999989 ] } },
{ "type": "Feature", "properties": { "element": "node", "id": 738194997, "name": "Fogo de Chão", "amenity": "restaurant", "cuisine": "brazilian;steak_house", "edge_u": 3013484854, "edge_v": 49773526, "edge_key": 0, "nearest_node": 3013484854, "snap_dist_m": 18.0, "node_dist_m": 50.6 }, "geometry": { "type": "Point", "coordinates": [ -77.0272493, 38.8952518 ] } },
{ "type": "Feature", "properties": { "element": "node", "id": 738194998, "name": "Capital One Cafe", "amenity": "cafe", "cuisine": "tea;coffee_shop", "edge_u": 49772987, "edge_v": 49762191, "edge_key": 0, "nearest_node": 49772987, "snap_dist_m": 18.1, "node_dist_m": 27.2 }, "geometry": { "type": "Point", "coordinates": [ -77.0221223, 38.8996368 ] } },
{ "type": "Feature", "properties": { "element": "node", "id": 738195000, "name": "Bobby Van's Steakhouse", "amenity": "restaurant", "cuisine": "steak_house", "edge_u": 49764271, "edge_v": 1381307999, "edge_key": 0, "nearest_node": 49764271, "snap_dist_m": 21.5, "node_dist_m": 42.0 }, "geometry": { "type": "Point", "coordinates": [ -77.033389, 38.900575 ] } },
{ "type": "Feature", "properties": { "element": "node", "id": 738195005, "name": "Harry's Bar", "amenity": "restaurant", "cuisine": "american", "edge_u": 3016605388, "edge_v": 49773526, "edge_key": 0, "nearest_node": 49773526, "snap_dist_m": 19.9, "node_dist_m": 37.5 }, "geometry": { "type": "Point", "coordinates": [ -77.027406, 38.895958 ] } },
{ "type": "Feature", "properties": { "element": "node", "id": 738195006, "name": "Bangkok One/China Cafe", "amenity": "restaurant", "cuisine": null, "edge_u": 3027663729, "edge_v": 4366096286, "edge_key": 0, "nearest_node": 4697534335, "snap_dist_m": 28.7, "node_dist_m": 47.8 }, "geometry": { "type": "Point", "coordinates": [ -77.0325633, 38.902901099999973 ] } },
{ "type": "Feature", "properties": { "element": "node", "id": 738195007, "name": "Gaia", "amenity": "restaurant", "cuisine": null, "edge_u": 4366096286, "edge_v": 49865768, "edge_key": 0, "nearest_node": 49865768, "snap_dist_m": 27.0, "node_dist_m": 50.7 }, "geometry": { "type": "Point", "coordinates": [ -77.0329937, 38.90329280000001 ] } },
{ "type": "Feature", "properties": { "element": "node", "id": 738195008, "name": "The Capital Grille - Washington DC", "amenity": "restaurant", "cuisine": "steak_house", "edge_u": 3011565315, "edge_v": 3012429749, "edge_key": 0, "nearest_node": 3011565329, "snap_dist_m": 30.5, "node_dist_m": 60.7 }, "geometry": { "type": "Point", "coordinates": [ -77.0205014, 38.893299099999979 ] } },
{ "type": "Feature", "properties": { "element": "node", "id": 738195011, "name": "Full Kee Restaurant", "amenity": "restaurant", "cuisine": "chinese", "edge_u": 49777795, "edge_v": 49777792, "edge_key": 0, "nearest_node": 49777792, "snap_dist_m": 15.3, "node_dist_m": 37.6 }, "geometry": { "type": "Point", "coordinates": [ -77.0193276, 38.8999536 ] } },
{ "type": "Feature", "properties": { "element": "node", "id": 738195012, "name": "DC thai", "amenity": "restaurant", "cuisine": "thai", "edge_u": 49865768, "edge_v": 4366096286, "edge_key": 0, "nearest_node": 12128376033, "snap_dist_m": 30.4, "node_dist_m": 57.1 }, "geometry": { "type": "Point", "coordinates": [ -77.0337563, 38.903231700000013 ] } },
{ "type": "Feature", "properties": { "element": "node", "id": 738195015, "name": "City Club of Washington", "amenity": "restaurant", "cuisine": null, "edge_u": 49782277, "edge_v": 49799643, "edge_key": 0, "nearest_node": 49799643, "snap_dist_m": 23.1, "node_dist_m": 46.1 }, "geometry": { "type": "Point", "coordinates": [ -77.0293541, 38.89699670000001 ] } },
{ "type": "Feature", "properties": { "element": "node", "id": 738195017, "name": null, "amenity": "restaurant", "cuisine": null, "edge_u": 49749106, "edge_v": 49770640, "edge_key": 0, "nearest_node": 49770640, "snap_dist_m": 28.2, "node_dist_m": 43.2 }, "geometry": { "type": "Point", "coordinates": [ -77.0387577, 38.9009899 ] } },
{ "type": "Feature", "properties": { "element": "node", "id": 738212122, "name": "Raising Cane's", "amenity": "fast_food", "cuisine": "chicken", "edge_u": 49772987, "edge_v": 49762191, "edge_key": 0, "nearest_node": 49772987, "snap_dist_m": 15.8, "node_dist_m": 68.5 }, "geometry": { "type": "Point", "coordinates": [ -77.022098, 38.899219 ] } },
{ "type": "Feature", "properties": { "element": "node", "id": 738212135, "name": "Reren Lamen & Bar", "amenity": "restaurant", "cuisine": "noodle", "edge_u": 49772987, "edge_v": 3669554857, "edge_key": 0, "nearest_node": 49772987, "snap_dist_m": 18.6, "node_dist_m": 55.2 }, "geometry": { "type": "Point", "coordinates": [ -77.0216956, 38.900286700000017 ] } },
{ "type": "Feature", "properties": { "element": "node", "id": 738212139, "name": "Arosto Pizza", "amenity": "restaurant", "cuisine": "pizza;sandwich;salad;wings", "edge_u": 49772987, "edge_v": 49762191, "edge_key": 0, "nearest_node": 49762191, "snap_dist_m": 43.2, "node_dist_m": 65.0 }, "geometry": { "type": "Point", "coordinates": [ -77.0214193, 38.8988944 ] } },
{ "type": "Feature", "properties": { "element": "node", "id": 738212142, "name": "Mastro's Steakhouse", "amenity": "restaurant", "cuisine": "steak_house", "edge_u": 49745628, "edge_v": 49799643, "edge_key": 0, "nearest_node": 49799643, "snap_dist_m": 23.3, "node_dist_m": 36.5 }, "geometry": { "type": "Point", "coordinates": [ -77.0299434, 38.8975669 ] } },
{ "type": "Feature", "properties": { "element": "node", "id": 738212146, "name": "Thai Chili", "amenity": "restaurant", "cuisine": "thai", "edge_u": 49772987, "edge_v": 49762191, "edge_key": 0, "nearest_node": 49762191, "snap_dist_m": 73.6, "node_dist_m": 82.5 }, "geometry": { "type": "Point", "coordinates": [ -77.0210696, 38.8987913 ] } },
{ "type": "Feature", "properties": { "element": "node", "id": 738212154, "name": "Shelly's Back Room", "amenity": "restaurant", "cuisine": null, "edge_u": 49745628, "edge_v": 49799643, "edge_key": 0, "nearest_node": 49745628, "snap_dist_m": 21.2, "node_dist_m": 76.5 }, "geometry": { "type": "Point", "coordinates": [ -77.0311023, 38.8975437 ] } },
{ "type": "Feature", "properties": { "element": "node", "id": 738212167, "name": "The Smith", "amenity": "restaurant", "cuisine": "american", "edge_u": 3669554874, "edge_v": 3378222897, "edge_key": 0, "nearest_node": 3378222897, "snap_dist_m": 18.4, "node_dist_m": 37.1 }, "geometry": { "type": "Point", "coordinates": [ -77.0242722, 38.8975159 ] } },
{ "type": "Feature", "properties": { "element": "node", "id": 738212174, "name": "The Sphinx Club", "amenity": "restaurant", "cuisine": null, "edge_u": 641116184, "edge_v": 3027663729, "edge_key": 0, "nearest_node": 3027663729, "snap_dist_m": 30.9, "node_dist_m": 63.4 }, "geometry": { "type": "Point", "coordinates": [ -77.0313165, 38.9029204 ] } },
{ "type": "Feature", "properties": { "element": "node", "id": 738212194, "name": "Sushi Aoi Restaurant", "amenity": "restaurant", "cuisine": "japanese", "edge_u": 1439584651, "edge_v": 2629963167, "edge_key": 0, "nearest_node": 1439584651, "snap_dist_m": 14.3, "node_dist_m": 24.9 }, "geometry": { "type": "Point", "coordinates": [ -77.0273676, 38.9007173 ] } },
{ "type": "Feature", "properties": { "element": "node", "id": 738212204, "name": "Jaleo", "amenity": "restaurant", "cuisine": "spanish", "edge_u": 49772964, "edge_v": 3012429028, "edge_key": 0, "nearest_node": 49772964, "snap_dist_m": 21.2, "node_dist_m": 31.7 }, "geometry": { "type": "Point", "coordinates": [ -77.0221617, 38.8959243 ] } },
{ "type": "Feature", "properties": { "element": "node", "id": 738212205, "name": "The Oceanaire Seafood Room", "amenity": "restaurant", "cuisine": "seafood", "edge_u": 49799643, "edge_v": 49799633, "edge_key": 0, "nearest_node": 49799633, "snap_dist_m": 29.5, "node_dist_m": 47.3 }, "geometry": { "type": "Point", "coordinates": [ -77.0285371, 38.897621399999977 ] } },
{ "type": "Feature", "properties": { "element": "node", "id": 738212208, "name": "Momiji", "amenity": "restaurant", "cuisine": "japanese", "edge_u": 49777795, "edge_v": 49777792, "edge_key": 0, "nearest_node": 49777792, "snap_dist_m": 15.3, "node_dist_m": 26.5 }, "geometry": { "type": "Point", "coordinates": [ -77.0191808, 38.899954500000014 ] } },
{ "type": "Feature", "properties": { "element": "node", "id": 738212223, "name": "The Oval Room", "amenity": "restaurant", "cuisine": "american", "edge_u": 49749106, "edge_v": 49770640, "edge_key": 0, "nearest_node": 49749106, "snap_dist_m": 30.4, "node_dist_m": 66.1 }, "geometry": { "type": "Point", "coordinates": [ -77.038562, 38.900596600000014 ] } },
{ "type": "Feature", "properties": { "element": "node", "id": 738212230, "name": "Rasika", "amenity": "restaurant", "cuisine": "indian", "edge_u": 3012429028, "edge_v": 49767189, "edge_key": 0, "nearest_node": 3012429028, "snap_dist_m": 19.7, "node_dist_m": 51.4 }, "geometry": { "type": "Point", "coordinates": [ -77.0213706, 38.894978 ] } },
{ "type": "Feature", "properties": { "element": "node", "id": 738212236, "name": "Tony Cheng's Seafood Restaurant", "amenity": "restaurant", "cuisine": "chinese", "edge_u": 49777795, "edge_v": 49772987, "edge_key": 0, "nearest_node": 49777795, "snap_dist_m": 19.0, "node_dist_m": 80.6 }, "geometry": { "type": "Point", "coordinates": [ -77.0208143, 38.8999895 ] } },
{ "type": "Feature", "properties": { "element": "node", "id": 739150307, "name": "Zaytinya", "amenity": "restaurant", "cuisine": "mediterranean", "edge_u": 3669554866, "edge_v": 3669554868, "edge_key": 0, "nearest_node": 3669554866, "snap_dist_m": 22.4, "node_dist_m": 36.2 }, "geometry": { "type": "Point", "coordinates": [ -77.023721, 38.898805 ] } },
{ "type": "Feature", "properties": { "element": "node", "id": 739150316, "name": "Teaism", "amenity": "cafe", "cuisine": null, "edge_u": 49770782, "edge_v": 49749106, "edge_key": 0, "nearest_node": 49749106, "snap_dist_m": 18.2, "node_dist_m": 58.2 }, "geometry": { "type": "Point", "coordinates": [ -77.0386085, 38.900385 ] } },
{ "type": "Feature", "properties": { "element": "node", "id": 739150322, "name": "Teaism", "amenity": "cafe", "cuisine": "sandwich;coffee_shop;bubble_tea", "edge_u": 49767196, "edge_v": 49767194, "edge_key": 0, "nearest_node": 49767194, "snap_dist_m": 16.9, "node_dist_m": 24.7 }, "geometry": { "type": "Point", "coordinates": [ -77.0231696, 38.8949554 ] } },
{ "type": "Feature", "properties": { "element": "node", "id": 739150325, "name": "Let Desales", "amenity": "restaurant", "cuisine": "french", "edge_u": 49774794, "edge_v": 49770651, "edge_key": 0, "nearest_node": 49774794, "snap_dist_m": 13.4, "node_dist_m": 69.6 }, "geometry": { "type": "Point", "coordinates": [ -77.0397327, 38.904886199999986 ] } },
{ "type": "Feature", "properties": { "element": "node", "id": 739150332, "name": "Market To Market", "amenity": "restaurant", "cuisine": "deli;buffet;korean", "edge_u": 49803721, "edge_v": 49762379, "edge_key": 0, "nearest_node": 49762379, "snap_dist_m": 18.6, "node_dist_m": 44.2 }, "geometry": { "type": "Point", "coordinates": [ -77.019145, 38.898683 ] } },
{ "type": "Feature", "properties": { "element": "node", "id": 739150348, "name": "Wok and Roll", "amenity": "restaurant", "cuisine": "chinese;sushi", "edge_u": 49777795, "edge_v": 49772987, "edge_key": 0, "nearest_node": 49777795, "snap_dist_m": 20.7, "node_dist_m": 47.1 }, "geometry": { "type": "Point", "coordinates": [ -77.0203987, 38.8996316 ] } },
{ "type": "Feature", "properties": { "element": "node", "id": 739150350, "name": "The Occidental", "amenity": "restaurant", "cuisine": "seafood", "edge_u": 3027832454, "edge_v": 49764249, "edge_key": 0, "nearest_node": 49764249, "snap_dist_m": 49.8, "node_dist_m": 83.7 }, "geometry": { "type": "Point", "coordinates": [ -77.0328124, 38.8968259 ] } },
{ "type": "Feature", "properties": { "element": "node", "id": 739150352, "name": "Oyamel", "amenity": "restaurant", "cuisine": "mexican", "edge_u": 3012429028, "edge_v": 49767189, "edge_key": 0, "nearest_node": 3012429028, "snap_dist_m": 15.8, "node_dist_m": 26.8 }, "geometry": { "type": "Point", "coordinates": [ -77.021667, 38.894942 ] } },
{ "type": "Feature", "properties": { "element": "node", "id": 739150364, "name": "Old Ebbitt Grill", "amenity": "restaurant", "cuisine": "american;seafood;steak_house", "edge_u": 49762221, "edge_v": 49764251, "edge_key": 0, "nearest_node": 49762221, "snap_dist_m": 25.9, "node_dist_m": 39.0 }, "geometry": { "type": "Point", "coordinates": [ -77.0333288, 38.898056 ] } },
{ "type": "Feature", "properties": { "element": "node", "id": 739150365, "name": "Tosca", "amenity": "restaurant", "cuisine": null, "edge_u": 3016605388, "edge_v": 49799633, "edge_key": 0, "nearest_node": 49799633, "snap_dist_m": 34.7, "node_dist_m": 75.6 }, "geometry": { "type": "Point", "coordinates": [ -77.0277099, 38.896751399999985 ] } },
{ "type": "Feature", "properties": { "element": "node", "id": 739150366, "name": "The Bombay Club", "amenity": "restaurant", "cuisine": "indian", "edge_u": 49749106, "edge_v": 49770640, "edge_key": 0, "nearest_node": 49749106, "snap_dist_m": 27.4, "node_dist_m": 47.8 }, "geometry": { "type": "Point", "coordinates": [ -77.0378587, 38.9006413 ] } },
{ "type": "Feature", "properties": { "element": "node", "id": 739150368, "name": "Article One", "amenity": "restaurant", "cuisine": "american", "edge_u": 6541847546, "edge_v": 3001016717, "edge_key": 0, "nearest_node": 6541847546, "snap_dist_m": 40.1, "node_dist_m": 76.0 }, "geometry": { "type": "Point", "coordinates": [ -77.0117034, 38.8953677 ] } },
{ "type": "Feature", "properties": { "element": "node", "id": 739150373, "name": "The Park at 14th", "amenity": "restaurant", "cuisine": null, "edge_u": 641116213, "edge_v": 49745636, "edge_key": 0, "nearest_node": 641116213, "snap_dist_m": 24.9, "node_dist_m": 61.9 }, "geometry": { "type": "Point", "coordinates": [ -77.0322401, 38.9019088 ] } },
{ "type": "Feature", "properties": { "element": "node", "id": 739262805, "name": "City Club of Washington at Franklin Square", "amenity": "restaurant", "cuisine": null, "edge_u": 49793729, "edge_v": 49745636, "edge_key": 0, "nearest_node": 49793729, "snap_dist_m": 28.2, "node_dist_m": 73.9 }, "geometry": { "type": "Point", "coordinates": [ -77.0304127, 38.90108570000001 ] } },
{ "type": "Feature", "properties": { "element": "node", "id": 739262811, "name": "Bobby Van's Grill", "amenity": "restaurant", "cuisine": "american", "edge_u": 49853878, "edge_v": 49793723, "edge_key": 0, "nearest_node": 49853878, "snap_dist_m": 15.5, "node_dist_m": 20.6 }, "geometry": { "type": "Point", "coordinates": [ -77.0282816, 38.9009286 ] } },
{ "type": "Feature", "properties": { "element": "node", "id": 739339857, "name": "The Admiral", "amenity": "restaurant", "cuisine": "burger;tacos;sandwich;fish_and_chips", "edge_u": 1243974109, "edge_v": 2046464958, "edge_key": 0, "nearest_node": 1243974109, "snap_dist_m": 24.3, "node_dist_m": 25.2 }, "geometry": { "type": "Point", "coordinates": [ -77.0443372, 38.9090673 ] } },
{ "type": "Feature", "properties": { "element": "node", "id": 739339865, "name": "Pizzeria Paradiso", "amenity": "restaurant", "cuisine": "pizza", "edge_u": 49764791, "edge_v": 49779896, "edge_key": 0, "nearest_node": 49779896, "snap_dist_m": 16.1, "node_dist_m": 34.0 }, "geometry": { "type": "Point", "coordinates": [ -77.0452088, 38.909796199999981 ] } },
{ "type": "Feature", "properties": { "element": "node", "id": 739339877, "name": "Kramerbooks & Afterwords Café", "amenity": "cafe", "cuisine": null, "edge_u": 829675288, "edge_v": 1379505588, "edge_key": 0, "nearest_node": 2974621123, "snap_dist_m": 20.0, "node_dist_m": 47.5 }, "geometry": { "type": "Point", "coordinates": [ -77.0438161, 38.9108176 ] } },
{ "type": "Feature", "properties": { "element": "node", "id": 739339904, "name": "The Regent Thai Cuisine", "amenity": "restaurant", "cuisine": "thai", "edge_u": 49865817, "edge_v": 3531416323, "edge_key": 0, "nearest_node": 49865817, "snap_dist_m": 20.5, "node_dist_m": 37.2 }, "geometry": { "type": "Point", "coordinates": [ -77.0418939, 38.9160172 ] } },
{ "type": "Feature", "properties": { "element": "node", "id": 739339906, "name": "Compass Coffee", "amenity": "cafe", "cuisine": "coffee_shop", "edge_u": 49717370, "edge_v": 49779907, "edge_key": 0, "nearest_node": 49779907, "snap_dist_m": 17.4, "node_dist_m": 25.4 }, "geometry": { "type": "Point", "coordinates": [ -77.0485969, 38.9094741 ] } },
{ "type": "Feature", "properties": { "element": "node", "id": 739339923, "name": "Z-Burger", "amenity": "fast_food", "cuisine": "burger", "edge_u": 49716899, "edge_v": 49779907, "edge_key": 0, "nearest_node": 49779907, "snap_dist_m": 17.6, "node_dist_m": 34.0 }, "geometry": { "type": "Point", "coordinates": [ -77.0484634, 38.9098011 ] } },
{ "type": "Feature", "properties": { "element": "node", "id": 739339925, "name": "Trattu Restaurant", "amenity": "restaurant", "cuisine": null, "edge_u": 647619114, "edge_v": 49780562, "edge_key": 0, "nearest_node": 49780562, "snap_dist_m": 14.0, "node_dist_m": 71.1 }, "geometry": { "type": "Point", "coordinates": [ -77.0426462, 38.9065916 ] } },
{ "type": "Feature", "properties": { "element": "node", "id": 739339929, "name": "Sushi Taro", "amenity": "restaurant", "cuisine": "sushi", "edge_u": 49770672, "edge_v": 49770670, "edge_key": 0, "nearest_node": 49770670, "snap_dist_m": 24.6, "node_dist_m": 38.9 }, "geometry": { "type": "Point", "coordinates": [ -77.0382421, 38.909944 ] } },
{ "type": "Feature", "properties": { "element": "node", "id": 739339932, "name": "Pasara Thai DC", "amenity": "restaurant", "cuisine": "thai", "edge_u": 49775504, "edge_v": 49780558, "edge_key": 0, "nearest_node": 647619114, "snap_dist_m": 15.3, "node_dist_m": 32.3 }, "geometry": { "type": "Point", "coordinates": [ -77.0413162, 38.9064624 ] } },
{ "type": "Feature", "properties": { "element": "node", "id": 739339942, "name": "Java House", "amenity": "cafe", "cuisine": "coffee_shop", "edge_u": 49770676, "edge_v": 49797032, "edge_key": 0, "nearest_node": 49770676, "snap_dist_m": 13.4, "node_dist_m": 34.7 }, "geometry": { "type": "Point", "coordinates": [ -77.0381551, 38.911264400000022 ] } },
{ "type": "Feature", "properties": { "element": "node", "id": 739339947, "name": "Bombay Street Food 3", "amenity": "restaurant", "cuisine": "indian", "edge_u": 3531416323, "edge_v": 49865817, "edge_key": 0, "nearest_node": 49865817, "snap_dist_m": 15.2, "node_dist_m": 33.0 }, "geometry": { "type": "Point", "coordinates": [ -77.0414826, 38.91603150000001 ] } },
{ "type": "Feature", "properties": { "element": "node", "id": 739339948, "name": "Ruth's Chris Steak House", "amenity": "restaurant", "cuisine": "american;steak_house", "edge_u": 49776047, "edge_v": 867659605, "edge_key": 0, "nearest_node": 49776047, "snap_dist_m": 17.2, "node_dist_m": 25.6 }, "geometry": { "type": "Point", "coordinates": [ -77.0457124, 38.9142489 ] } },
{ "type": "Feature", "properties": { "element": "node", "id": 739339951, "name": "Just Salad", "amenity": "fast_food", "cuisine": "salad", "edge_u": 49809189, "edge_v": 49809177, "edge_key": 0, "nearest_node": 49809189, "snap_dist_m": 20.2, "node_dist_m": 33.6 }, "geometry": { "type": "Point", "coordinates": [ -77.0436829, 38.9054031 ] } },
{ "type": "Feature", "properties": { "element": "node", "id": 739339967, "name": "The Mansion on O Street", "amenity": "restaurant", "cuisine": null, "edge_u": 49741728, "edge_v": 49764785, "edge_key": 0, "nearest_node": 49764785, "snap_dist_m": 21.0, "node_dist_m": 25.6 }, "geometry": { "type": "Point", "coordinates": [ -77.0459252, 38.90838320000001 ] } },
{ "type": "Feature", "properties": { "element": "node", "id": 739339971, "name": "Rosemarino D'Italia", "amenity": "restaurant", "cuisine": null, "edge_u": 1440867110, "edge_v": 1379471024, "edge_key": 0, "nearest_node": 1379471024, "snap_dist_m": 22.3, "node_dist_m": 75.8 }, "geometry": { "type": "Point", "coordinates": [ -77.0458213, 38.9131171 ] } },
{ "type": "Feature", "properties": { "element": "node", "id": 739339973, "name": "Sette Osteria", "amenity": "restaurant", "cuisine": "pizza", "edge_u": 1379471024, "edge_v": 49741740, "edge_key": 0, "nearest_node": 1379471024, "snap_dist_m": 20.2, "node_dist_m": 28.7 }, "geometry": { "type": "Point", "coordinates": [ -77.0454752, 38.9124242 ] } },
{ "type": "Feature", "properties": { "element": "node", "id": 739339977, "name": "Le Pain Quotidien", "amenity": "cafe", "cuisine": "coffee_shop", "edge_u": 49764791, "edge_v": 49779896, "edge_key": 0, "nearest_node": 49779896, "snap_dist_m": 15.9, "node_dist_m": 24.9 }, "geometry": { "type": "Point", "coordinates": [ -77.0450851, 38.9097947 ] } },
{ "type": "Feature", "properties": { "element": "node", "id": 739339984, "name": "Palm Restaurant", "amenity": "restaurant", "cuisine": null, "edge_u": 647619114, "edge_v": 49780562, "edge_key": 0, "nearest_node": 49780562, "snap_dist_m": 15.4, "node_dist_m": 25.7 }, "geometry": { "type": "Point", "coordinates": [ -77.0432122, 38.90660410000001 ] } },
{ "type": "Feature", "properties": { "element": "node", "id": 739339997, "name": "Iron Gate Inn Restaurant", "amenity": "restaurant", "cuisine": "mediterranean", "edge_u": 49863387, "edge_v": 49770657, "edge_key": 0, "nearest_node": 49770657, "snap_dist_m": 23.9, "node_dist_m": 118.9 }, "geometry": { "type": "Point", "coordinates": [ -77.0398398, 38.9070318 ] } },
{ "type": "Feature", "properties": { "element": "node", "id": 739339998, "name": "Sampannee Thai", "amenity": "restaurant", "cuisine": "thai", "edge_u": 49716899, "edge_v": 739515930, "edge_key": 0, "nearest_node": 49716899, "snap_dist_m": 9.1, "node_dist_m": 24.4 }, "geometry": { "type": "Point", "coordinates": [ -77.0476179, 38.9094386 ] } },
{ "type": "Feature", "properties": { "element": "node", "id": 739340001, "name": "I Ricchi", "amenity": "restaurant", "cuisine": null, "edge_u": 49809200, "edge_v": 49780562, "edge_key": 0, "nearest_node": 49780562, "snap_dist_m": 29.8, "node_dist_m": 36.6 }, "geometry": { "type": "Point", "coordinates": [ -77.0437916, 38.9066592 ] } },
{ "type": "Feature", "properties": { "element": "node", "id": 739340004, "name": "Thai Chef", "amenity": "restaurant", "cuisine": "thai", "edge_u": 1440867110, "edge_v": 1379471024, "edge_key": 0, "nearest_node": 1379471024, "snap_dist_m": 21.7, "node_dist_m": 67.2 }, "geometry": { "type": "Point", "coordinates": [ -77.0457725, 38.913047 ] } },
{ "type": "Feature", "properties": { "element": "node", "id": 739340022, "name": "Mai Thai", "amenity": "restaurant", "cuisine": "chinese", "edge_u": 49780562, "edge_v": 49809189, "edge_key": 0, "nearest_node": 49780562, "snap_dist_m": 23.8, "node_dist_m": 42.7 }, "geometry": { "type": "Point", "coordinates": [ -77.0437218, 38.9061457 ] } },
{ "type": "Feature", "properties": { "element": "node", "id": 739340038, "name": "Sakana Japanese Restaurant", "amenity": "restaurant", "cuisine": "japanese", "edge_u": 49764791, "edge_v": 49741730, "edge_key": 0, "nearest_node": 49764791, "snap_dist_m": 21.2, "node_dist_m": 36.6 }, "geometry": { "type": "Point", "coordinates": [ -77.0461025, 38.9094574 ] } },
{ "type": "Feature", "properties": { "element": "node", "id": 739340052, "name": "Nando's", "amenity": "restaurant", "cuisine": "chicken;portuguese", "edge_u": 49845726, "edge_v": 647619114, "edge_key": 0, "nearest_node": 647619114, "snap_dist_m": 22.4, "node_dist_m": 43.5 }, "geometry": { "type": "Point", "coordinates": [ -77.0419462, 38.906147 ] } },
{ "type": "Feature", "properties": { "element": "node", "id": 739340057, "name": "Across The Pond", "amenity": "restaurant", "cuisine": null, "edge_u": 1440867110, "edge_v": 1379471024, "edge_key": 0, "nearest_node": 1440867110, "snap_dist_m": 22.4, "node_dist_m": 53.1 }, "geometry": { "type": "Point", "coordinates": [ -77.0461128, 38.913616900000015 ] } },
{ "type": "Feature", "properties": { "element": "node", "id": 739340061, "name": "Lauriol Plaza", "amenity": "restaurant", "cuisine": "mexican", "edge_u": 49758528, "edge_v": 3531416323, "edge_key": 0, "nearest_node": 3531416323, "snap_dist_m": 20.3, "node_dist_m": 33.4 }, "geometry": { "type": "Point", "coordinates": [ -77.0414253, 38.9153471 ] } },
{ "type": "Feature", "properties": { "element": "node", "id": 739340074, "name": "Mission", "amenity": "restaurant", "cuisine": "mexican", "edge_u": 49756373, "edge_v": 49797063, "edge_key": 0, "nearest_node": 49797063, "snap_dist_m": 19.7, "node_dist_m": 44.3 }, "geometry": { "type": "Point", "coordinates": [ -77.0451119, 38.9114952 ] } },
{ "type": "Feature", "properties": { "element": "node", "id": 739340080, "name": "ala", "amenity": "restaurant", "cuisine": "turkish", "edge_u": 49809222, "edge_v": 49764794, "edge_key": 0, "nearest_node": 49764794, "snap_dist_m": 19.2, "node_dist_m": 27.5 }, "geometry": { "type": "Point", "coordinates": [ -77.0436669, 38.9080838 ] } },
{ "type": "Feature", "properties": { "element": "node", "id": 739340091, "name": "Alfreda", "amenity": "restaurant", "cuisine": "pizza", "edge_u": 49764785, "edge_v": 49764791, "edge_key": 0, "nearest_node": 49764791, "snap_dist_m": 11.2, "node_dist_m": 22.3 }, "geometry": { "type": "Point", "coordinates": [ -77.0456316, 38.9094763 ] } },
{ "type": "Feature", "properties": { "element": "node", "id": 739528038, "name": "Cafe Soleil", "amenity": "restaurant", "cuisine": "french", "edge_u": 49770782, "edge_v": 49770789, "edge_key": 0, "nearest_node": 49770789, "snap_dist_m": 19.1, "node_dist_m": 35.3 }, "geometry": { "type": "Point", "coordinates": [ -77.0392284, 38.9010659 ] } },
{ "type": "Feature", "properties": { "element": "node", "id": 739528040, "name": "Matera", "amenity": "restaurant", "cuisine": "italian", "edge_u": 632879330, "edge_v": 632879321, "edge_key": 0, "nearest_node": 632879321, "snap_dist_m": 11.4, "node_dist_m": 30.1 }, "geometry": { "type": "Point", "coordinates": [ -77.053624, 38.901473 ] } },
{ "type": "Feature", "properties": { "element": "node", "id": 739528058, "name": "Teatro Goldoni", "amenity": "restaurant", "cuisine": null, "edge_u": 641116235, "edge_v": 641116232, "edge_key": 0, "nearest_node": 641116232, "snap_dist_m": 18.4, "node_dist_m": 18.6 }, "geometry": { "type": "Point", "coordinates": [ -77.044084, 38.9028097 ] } },
{ "type": "Feature", "properties": { "element": "node", "id": 739528060, "name": "Met Cafe", "amenity": "restaurant", "cuisine": null, "edge_u": 49782130, "edge_v": 4001201376, "edge_key": 0, "nearest_node": 49782130, "snap_dist_m": 30.8, "node_dist_m": 49.4 }, "geometry": { "type": "Point", "coordinates": [ -77.0412707, 38.8956851 ] } },
{ "type": "Feature", "properties": { "element": "node", "id": 739528072, "name": "Barbouzard", "amenity": "restaurant", "cuisine": "french", "edge_u": 641116230, "edge_v": 3027665453, "edge_key": 0, "nearest_node": 641116231, "snap_dist_m": 14.3, "node_dist_m": 32.7 }, "geometry": { "type": "Point", "coordinates": [ -77.0402652, 38.9022715 ] } },
{ "type": "Feature", "properties": { "element": "node", "id": 739528074, "name": "Ristorante La Perla", "amenity": "restaurant", "cuisine": "italian", "edge_u": 641128680, "edge_v": 640809773, "edge_key": 0, "nearest_node": 641128680, "snap_dist_m": 15.0, "node_dist_m": 24.2 }, "geometry": { "type": "Point", "coordinates": [ -77.0549159, 38.90392090000001 ] } },
{ "type": "Feature", "properties": { "element": "node", "id": 739528088, "name": "Donburi", "amenity": "restaurant", "cuisine": "japanese", "edge_u": 49809189, "edge_v": 49809177, "edge_key": 0, "nearest_node": 49809189, "snap_dist_m": 19.0, "node_dist_m": 94.8 }, "geometry": { "type": "Point", "coordinates": [ -77.043671, 38.904809 ] } },
{ "type": "Feature", "properties": { "element": "node", "id": 739528104, "name": "El Chalan", "amenity": "restaurant", "cuisine": "peruvian", "edge_u": 49793777, "edge_v": 1381204541, "edge_key": 0, "nearest_node": 1381204541, "snap_dist_m": 21.7, "node_dist_m": 35.6 }, "geometry": { "type": "Point", "coordinates": [ -77.0445659, 38.9011204 ] } },
{ "type": "Feature", "properties": { "element": "node", "id": 739528109, "name": "Thai Coast Restaurant", "amenity": "restaurant", "cuisine": "thai", "edge_u": 641128680, "edge_v": 49827531, "edge_key": 0, "nearest_node": 49827531, "snap_dist_m": 24.0, "node_dist_m": 42.2 }, "geometry": { "type": "Point", "coordinates": [ -77.0539831, 38.9035344 ] } },
{ "type": "Feature", "properties": { "element": "node", "id": 739528114, "name": "Nooshi", "amenity": "restaurant", "cuisine": "japanese", "edge_u": 49809189, "edge_v": 49809177, "edge_key": 0, "nearest_node": 49809177, "snap_dist_m": 18.9, "node_dist_m": 80.1 }, "geometry": { "type": "Point", "coordinates": [ -77.0436712, 38.9044413 ] } },
{ "type": "Feature", "properties": { "element": "node", "id": 739528123, "name": "Thai Kingdom Restaurant", "amenity": "restaurant", "cuisine": "thai", "edge_u": 641116245, "edge_v": 641116273, "edge_key": 0, "nearest_node": 641116273, "snap_dist_m": 25.3, "node_dist_m": 34.4 }, "geometry": { "type": "Point", "coordinates": [ -77.0457753, 38.9028708 ] } },
{ "type": "Feature", "properties": { "element": "node", "id": 739528157, "name": "Marshall's", "amenity": "restaurant", "cuisine": null, "edge_u": 641128680, "edge_v": 49827531, "edge_key": 0, "nearest_node": 641128680, "snap_dist_m": 22.4, "node_dist_m": 42.5 }, "geometry": { "type": "Point", "coordinates": [ -77.0543245, 38.9035492 ] } },
{ "type": "Feature", "properties": { "element": "node", "id": 739528167, "name": "Vapiano", "amenity": "restaurant", "cuisine": "italian", "edge_u": 9676179712, "edge_v": 49845726, "edge_key": 0, "nearest_node": 49845726, "snap_dist_m": 19.1, "node_dist_m": 51.0 }, "geometry": { "type": "Point", "coordinates": [ -77.041914, 38.9052182 ] } },
{ "type": "Feature", "properties": { "element": "node", "id": 739528169, "name": "The Prime Rib", "amenity": "restaurant", "cuisine": "american", "edge_u": 641116257, "edge_v": 641116242, "edge_key": 0, "nearest_node": 641116257, "snap_dist_m": 11.0, "node_dist_m": 11.3 }, "geometry": { "type": "Point", "coordinates": [ -77.0458538, 38.9022971 ] } },
{ "type": "Feature", "properties": { "element": "node", "id": 739528172, "name": "Mezza Luna", "amenity": "restaurant", "cuisine": null, "edge_u": 49809189, "edge_v": 49809177, "edge_key": 0, "nearest_node": 49809189, "snap_dist_m": 37.3, "node_dist_m": 85.3 }, "geometry": { "type": "Point", "coordinates": [ -77.043881, 38.9049544 ] } },
{ "type": "Feature", "properties": { "element": "node", "id": 739528176, "name": "Equinox on 19th", "amenity": "restaurant", "cuisine": "american", "edge_u": 641116271, "edge_v": 49793777, "edge_key": 0, "nearest_node": 49793777, "snap_dist_m": 23.4, "node_dist_m": 42.3 }, "geometry": { "type": "Point", "coordinates": [ -77.043735, 38.901645 ] } },
{ "type": "Feature", "properties": { "element": "node", "id": 739528178, "name": "Thai Kitchen Restaurant", "amenity": "restaurant", "cuisine": "thai", "edge_u": 49845777, "edge_v": 49787785, "edge_key": 0, "nearest_node": 49845777, "snap_dist_m": 29.3, "node_dist_m": 60.4 }, "geometry": { "type": "Point", "coordinates": [ -77.0507201, 38.905519800000022 ] } },
{ "type": "Feature", "properties": { "element": "node", "id": 739528180, "name": "One Fish Two Fish", "amenity": "restaurant", "cuisine": "chinese", "edge_u": 49787770, "edge_v": 49827530, "edge_key": 0, "nearest_node": 49787774, "snap_dist_m": 23.4, "node_dist_m": 77.7 }, "geometry": { "type": "Point", "coordinates": [ -77.0522626, 38.9035206 ] } },
{ "type": "Feature", "properties": { "element": "node", "id": 739528182, "name": "Taberna del Alabardero", "amenity": "restaurant", "cuisine": "spanish", "edge_u": 49777853, "edge_v": 49793773, "edge_key": 0, "nearest_node": 49793773, "snap_dist_m": 15.3, "node_dist_m": 59.8 }, "geometry": { "type": "Point", "coordinates": [ -77.0415245, 38.900819 ] } },
{ "type": "Feature", "properties": { "element": "node", "id": 739528184, "name": "Morton's The Steakhouse", "amenity": "restaurant", "cuisine": "steak_house", "edge_u": 11261031471, "edge_v": 3027665439, "edge_key": 0, "nearest_node": 11261031471, "snap_dist_m": 17.5, "node_dist_m": 31.5 }, "geometry": { "type": "Point", "coordinates": [ -77.0401538, 38.9034565 ] } },
{ "type": "Feature", "properties": { "element": "node", "id": 739528187, "name": "Founding Farmers", "amenity": "restaurant", "cuisine": "american", "edge_u": 49777682, "edge_v": 1381307998, "edge_key": 0, "nearest_node": 1381307998, "snap_dist_m": 28.8, "node_dist_m": 57.7 }, "geometry": { "type": "Point", "coordinates": [ -77.0445601, 38.900258600000022 ] } },
{ "type": "Feature", "properties": { "element": "node", "id": 739528194, "name": "Ris", "amenity": "restaurant", "cuisine": "american", "edge_u": 49869068, "edge_v": 647622728, "edge_key": 0, "nearest_node": 49869068, "snap_dist_m": 24.2, "node_dist_m": 36.7 }, "geometry": { "type": "Point", "coordinates": [ -77.0497946, 38.903955799999977 ] } },
{ "type": "Feature", "properties": { "element": "node", "id": 739528202, "name": "The Cafe At The Corcoran", "amenity": "cafe", "cuisine": null, "edge_u": 49770755, "edge_v": 4001201376, "edge_key": 0, "nearest_node": 49770755, "snap_dist_m": 21.3, "node_dist_m": 54.3 }, "geometry": { "type": "Point", "coordinates": [ -77.0397116, 38.895966 ] } },
{ "type": "Feature", "properties": { "element": "node", "id": 739653619, "name": "La Coop", "amenity": "cafe", "cuisine": "coffee_shop", "edge_u": 49825405, "edge_v": 49825409, "edge_key": 0, "nearest_node": 49825409, "snap_dist_m": 18.3, "node_dist_m": 28.9 }, "geometry": { "type": "Point", "coordinates": [ -77.0200738, 38.956239399999987 ] } },
{ "type": "Feature", "properties": { "element": "node", "id": 739653647, "name": "Nile Market & Kitchen", "amenity": "restaurant", "cuisine": "ethiopian", "edge_u": 3661066526, "edge_v": 3661066122, "edge_key": 0, "nearest_node": 3661066526, "snap_dist_m": 22.9, "node_dist_m": 29.6 }, "geometry": { "type": "Point", "coordinates": [ -77.0263379, 38.984118899999984 ] } },
{ "type": "Feature", "properties": { "element": "node", "id": 739653657, "name": "Haydee's", "amenity": "restaurant", "cuisine": "mexican", "edge_u": 49789381, "edge_v": 49789379, "edge_key": 0, "nearest_node": 49789379, "snap_dist_m": 16.8, "node_dist_m": 28.0 }, "geometry": { "type": "Point", "coordinates": [ -77.0273917, 38.966331 ] } },
{ "type": "Feature", "properties": { "element": "node", "id": 740272384, "name": "Pizzeria Paradiso", "amenity": "restaurant", "cuisine": "pizza", "edge_u": 49845850, "edge_v": 49822884, "edge_key": 0, "nearest_node": 49845850, "snap_dist_m": 16.6, "node_dist_m": 31.4 }, "geometry": { "type": "Point", "coordinates": [ -77.0656038, 38.9049744 ] } },
{ "type": "Feature", "properties": { "element": "node", "id": 740272403, "name": "Lutéce", "amenity": "restaurant", "cuisine": "french", "edge_u": 49779980, "edge_v": 768973159, "edge_key": 0, "nearest_node": 49779980, "snap_dist_m": 13.6, "node_dist_m": 33.8 }, "geometry": { "type": "Point", "coordinates": [ -77.0645772, 38.9094225 ] } },
{ "type": "Feature", "properties": { "element": "node", "id": 740272412, "name": "Cafe Milano", "amenity": "restaurant", "cuisine": "italian", "edge_u": 1060365691, "edge_v": 49753516, "edge_key": 0, "nearest_node": 1060365691, "snap_dist_m": 15.8, "node_dist_m": 73.3 }, "geometry": { "type": "Point", "coordinates": [ -77.0636605, 38.9061658 ] } },
{ "type": "Feature", "properties": { "element": "node", "id": 740272416, "name": "Amigo Mio", "amenity": "restaurant", "cuisine": "mexican", "edge_u": 49845830, "edge_v": 49787640, "edge_key": 0, "nearest_node": 49787640, "snap_dist_m": 14.4, "node_dist_m": 32.7 }, "geometry": { "type": "Point", "coordinates": [ -77.0605122, 38.9053405 ] } },
{ "type": "Feature", "properties": { "element": "node", "id": 740272417, "name": "Bodega", "amenity": "restaurant", "cuisine": "spanish", "edge_u": 49845837, "edge_v": 49845830, "edge_key": 0, "nearest_node": 49845830, "snap_dist_m": 18.1, "node_dist_m": 53.5 }, "geometry": { "type": "Point", "coordinates": [ -77.0617637, 38.9050313 ] } },
{ "type": "Feature", "properties": { "element": "node", "id": 740272420, "name": "Taj of India", "amenity": "restaurant", "cuisine": "indian", "edge_u": 1362307924, "edge_v": 1362307923, "edge_key": 0, "nearest_node": 1362307924, "snap_dist_m": 17.2, "node_dist_m": 17.2 }, "geometry": { "type": "Point", "coordinates": [ -77.0573604, 38.9054 ] } },
{ "type": "Feature", "properties": { "element": "node", "id": 740272423, "name": "River Club", "amenity": "restaurant", "cuisine": null, "edge_u": 641119742, "edge_v": 4001469117, "edge_key": 0, "nearest_node": 49787616, "snap_dist_m": 53.8, "node_dist_m": 60.9 }, "geometry": { "type": "Point", "coordinates": [ -77.0599256, 38.902051399999984 ] } },
{ "type": "Feature", "properties": { "element": "node", "id": 740272427, "name": "Afghania", "amenity": "restaurant", "cuisine": "afghan", "edge_u": 1362307924, "edge_v": 4635639619, "edge_key": 0, "nearest_node": 1362307924, "snap_dist_m": 17.0, "node_dist_m": 17.7 }, "geometry": { "type": "Point", "coordinates": [ -77.057421, 38.905397 ] } },
{ "type": "Feature", "properties": { "element": "node", "id": 740272428, "name": "La Chaumière", "amenity": "restaurant", "cuisine": "french", "edge_u": 1362307924, "edge_v": 4635639619, "edge_key": 0, "nearest_node": 1362307924, "snap_dist_m": 17.1, "node_dist_m": 19.4 }, "geometry": { "type": "Point", "coordinates": [ -77.0574683, 38.9053978 ] } },
{ "type": "Feature", "properties": { "element": "node", "id": 740272431, "name": "Chop Sticks", "amenity": "restaurant", "cuisine": null, "edge_u": 49829250, "edge_v": 49845837, "edge_key": 0, "nearest_node": 49845837, "snap_dist_m": 15.6, "node_dist_m": 57.6 }, "geometry": { "type": "Point", "coordinates": [ -77.0626193, 38.9046811 ] } },
{ "type": "Feature", "properties": { "element": "node", "id": 740272435, "name": "Das Ethiopian Cuisine", "amenity": "restaurant", "cuisine": "ethiopian", "edge_u": 49839650, "edge_v": 49719415, "edge_key": 0, "nearest_node": 49719415, "snap_dist_m": 13.7, "node_dist_m": 21.7 }, "geometry": { "type": "Point", "coordinates": [ -77.056874, 38.905397699999988 ] } },
{ "type": "Feature", "properties": { "element": "node", "id": 740272439, "name": "Il Canale", "amenity": "restaurant", "cuisine": "italian", "edge_u": 49845830, "edge_v": 641054075, "edge_key": 0, "nearest_node": 49845830, "snap_dist_m": 12.8, "node_dist_m": 80.9 }, "geometry": { "type": "Point", "coordinates": [ -77.0610221, 38.904485399999984 ] } },
{ "type": "Feature", "properties": { "element": "node", "id": 740272440, "name": "Ledo Pizza", "amenity": "restaurant", "cuisine": "pizza;pasta", "edge_u": 49776112, "edge_v": 49817626, "edge_key": 0, "nearest_node": 49776112, "snap_dist_m": 23.6, "node_dist_m": 53.7 }, "geometry": { "type": "Point", "coordinates": [ -77.0667557, 38.9144103 ] } },
{ "type": "Feature", "properties": { "element": "node", "id": 740272442, "name": "Georgetown Cafe", "amenity": "cafe", "cuisine": null, "edge_u": 49796897, "edge_v": 4807605970, "edge_key": 0, "nearest_node": 49796897, "snap_dist_m": 20.7, "node_dist_m": 31.3 }, "geometry": { "type": "Point", "coordinates": [ -77.0650135, 38.9110526 ] } },
{ "type": "Feature", "properties": { "element": "node", "id": 740272445, "name": "La Bonne Vache", "amenity": "restaurant", "cuisine": "french", "edge_u": 1060365691, "edge_v": 49753516, "edge_key": 0, "nearest_node": 49753516, "snap_dist_m": 11.7, "node_dist_m": 18.1 }, "geometry": { "type": "Point", "coordinates": [ -77.065061600000021, 38.906097499999987 ] } },
{ "type": "Feature", "properties": { "element": "node", "id": 740272448, "name": "L'Avant-Garde", "amenity": "restaurant", "cuisine": "french", "edge_u": 49732053, "edge_v": 49788264, "edge_key": 0, "nearest_node": 49732053, "snap_dist_m": 14.3, "node_dist_m": 43.5 }, "geometry": { "type": "Point", "coordinates": [ -77.0585963, 38.905363 ] } },
{ "type": "Feature", "properties": { "element": "node", "id": 740272450, "name": "Los Cuates Restaurant", "amenity": "restaurant", "cuisine": "mexican", "edge_u": 49796897, "edge_v": 49797192, "edge_key": 0, "nearest_node": 49797192, "snap_dist_m": 17.8, "node_dist_m": 22.0 }, "geometry": { "type": "Point", "coordinates": [ -77.0651736, 38.9104506 ] } },
{ "type": "Feature", "properties": { "element": "node", "id": 740272451, "name": "Koryouri Urara", "amenity": "restaurant", "cuisine": "japanese", "edge_u": 49796897, "edge_v": 4807605970, "edge_key": 0, "nearest_node": 49796897, "snap_dist_m": 14.9, "node_dist_m": 42.4 }, "geometry": { "type": "Point", "coordinates": [ -77.0654647, 38.911066700000021 ] } },
{ "type": "Feature", "properties": { "element": "node", "id": 740272452, "name": "Bistro Lepic", "amenity": "restaurant", "cuisine": "french", "edge_u": 49776112, "edge_v": 49817626, "edge_key": 0, "nearest_node": 49776112, "snap_dist_m": 17.8, "node_dist_m": 18.3 }, "geometry": { "type": "Point", "coordinates": [ -77.0673912, 38.9146317 ] } },
{ "type": "Feature", "properties": { "element": "node", "id": 740272454, "name": "Epicurean and Company", "amenity": "restaurant", "cuisine": "buffet", "edge_u": 49751422, "edge_v": 1488865313, "edge_key": 0, "nearest_node": 49799293, "snap_dist_m": 125.5, "node_dist_m": 159.0 }, "geometry": { "type": "Point", "coordinates": [ -77.0738137, 38.9111765 ] } },
{ "type": "Feature", "properties": { "element": "node", "id": 740272456, "name": "Kafe Leopold", "amenity": "restaurant", "cuisine": null, "edge_u": 49827853, "edge_v": 49822884, "edge_key": 0, "nearest_node": 49822884, "snap_dist_m": 36.5, "node_dist_m": 53.7 }, "geometry": { "type": "Point", "coordinates": [ -77.0664931, 38.9047765 ] } },
{ "type": "Feature", "properties": { "element": "node", "id": 740272459, "name": "Clyde's", "amenity": "restaurant", "cuisine": null, "edge_u": 49799147, "edge_v": 49845837, "edge_key": 0, "nearest_node": 49845837, "snap_dist_m": 17.8, "node_dist_m": 88.7 }, "geometry": { "type": "Point", "coordinates": [ -77.0638067, 38.9049984 ] } },
{ "type": "Feature", "properties": { "element": "node", "id": 740272461, "name": "Restaurant Harmony", "amenity": "restaurant", "cuisine": "chinese", "edge_u": 49822884, "edge_v": 49845850, "edge_key": 0, "nearest_node": 49845850, "snap_dist_m": 18.4, "node_dist_m": 33.9 }, "geometry": { "type": "Point", "coordinates": [ -77.0656371, 38.905289800000013 ] } },
{ "type": "Feature", "properties": { "element": "node", "id": 740272463, "name": "Neyla", "amenity": "restaurant", "cuisine": "thai", "edge_u": 49799157, "edge_v": 49863186, "edge_key": 0, "nearest_node": 49863186, "snap_dist_m": 21.5, "node_dist_m": 37.0 }, "geometry": { "type": "Point", "coordinates": [ -77.0634173, 38.906679500000017 ] } },
{ "type": "Feature", "properties": { "element": "node", "id": 740272464, "name": "Fitzgerald's DC", "amenity": "restaurant", "cuisine": "american", "edge_u": 806520674, "edge_v": 806521182, "edge_key": 0, "nearest_node": 806521182, "snap_dist_m": 12.2, "node_dist_m": 23.1 }, "geometry": { "type": "Point", "coordinates": [ -77.0704196, 38.906052200000012 ] } },
{ "type": "Feature", "properties": { "element": "node", "id": 740272465, "name": "Peacock Cafe", "amenity": "restaurant", "cuisine": null, "edge_u": 1060365691, "edge_v": 49753516, "edge_key": 0, "nearest_node": 49753516, "snap_dist_m": 17.7, "node_dist_m": 95.3 }, "geometry": { "type": "Point", "coordinates": [ -77.0641423, 38.906174 ] } },
{ "type": "Feature", "properties": { "element": "node", "id": 740272471, "name": "Brasserie Liberté", "amenity": "restaurant", "cuisine": "french", "edge_u": 1060365691, "edge_v": 49753516, "edge_key": 0, "nearest_node": 1060365691, "snap_dist_m": 19.8, "node_dist_m": 54.1 }, "geometry": { "type": "Point", "coordinates": [ -77.0634176, 38.9062069 ] } },
{ "type": "Feature", "properties": { "element": "node", "id": 740272480, "name": "Filomena Ristorante", "amenity": "restaurant", "cuisine": "italian", "edge_u": 49829250, "edge_v": 49845837, "edge_key": 0, "nearest_node": 49829250, "snap_dist_m": 16.7, "node_dist_m": 51.8 }, "geometry": { "type": "Point", "coordinates": [ -77.0626011, 38.9044376 ] } },
{ "type": "Feature", "properties": { "element": "node", "id": 740272484, "name": "Chez Billy", "amenity": "restaurant", "cuisine": "french", "edge_u": 49845830, "edge_v": 641054075, "edge_key": 0, "nearest_node": 641054075, "snap_dist_m": 18.4, "node_dist_m": 29.2 }, "geometry": { "type": "Point", "coordinates": [ -77.0609414, 38.903649 ] } },
{ "type": "Feature", "properties": { "element": "node", "id": 740272485, "name": "Villa Yara", "amenity": "restaurant", "cuisine": "lebanese", "edge_u": 1362307924, "edge_v": 4635639619, "edge_key": 0, "nearest_node": 1362307924, "snap_dist_m": 17.0, "node_dist_m": 23.0 }, "geometry": { "type": "Point", "coordinates": [ -77.0575419, 38.905395599999984 ] } },
{ "type": "Feature", "properties": { "element": "node", "id": 740272486, "name": "Mai Thai", "amenity": "restaurant", "cuisine": "thai", "edge_u": 1060365691, "edge_v": 49753516, "edge_key": 0, "nearest_node": 49753516, "snap_dist_m": 16.5, "node_dist_m": 76.6 }, "geometry": { "type": "Point", "coordinates": [ -77.0643601, 38.9061585 ] } },
{ "type": "Feature", "properties": { "element": "node", "id": 740372204, "name": "Ogawa", "amenity": "restaurant", "cuisine": "sushi", "edge_u": 11198440879, "edge_v": 49820496, "edge_key": 0, "nearest_node": 11198440879, "snap_dist_m": 31.1, "node_dist_m": 47.8 }, "geometry": { "type": "Point", "coordinates": [ -77.047724, 38.917947400000031 ] } },
{ "type": "Feature", "properties": { "element": "node", "id": 740372208, "name": "Pesce Seafood House", "amenity": "restaurant", "cuisine": "seafood", "edge_u": 3281938703, "edge_v": 1379505465, "edge_key": 0, "nearest_node": 1379505465, "snap_dist_m": 13.9, "node_dist_m": 20.1 }, "geometry": { "type": "Point", "coordinates": [ -77.0465065, 38.914385399999986 ] } },
{ "type": "Feature", "properties": { "element": "node", "id": 741013032, "name": "Pappe", "amenity": "restaurant", "cuisine": "indian", "edge_u": 49745188, "edge_v": 49745186, "edge_key": 0, "nearest_node": 49745186, "snap_dist_m": 22.7, "node_dist_m": 70.7 }, "geometry": { "type": "Point", "coordinates": [ -77.0316893, 38.907853200000012 ] } },
{ "type": "Feature", "properties": { "element": "node", "id": 741013078, "name": "JINYA Ramen Bar", "amenity": "restaurant", "cuisine": "ramen", "edge_u": 49745188, "edge_v": 49745186, "edge_key": 0, "nearest_node": 49745188, "snap_dist_m": 21.3, "node_dist_m": 49.8 }, "geometry": { "type": "Point", "coordinates": [ -77.0321988, 38.9084408 ] } },
{ "type": "Feature", "properties": { "element": "node", "id": 741013080, "name": "Tortino", "amenity": "restaurant", "cuisine": null, "edge_u": 3012829811, "edge_v": 3012829798, "edge_key": 0, "nearest_node": 3012829811, "snap_dist_m": 26.0, "node_dist_m": 79.5 }, "geometry": { "type": "Point", "coordinates": [ -77.0273385, 38.9065697 ] } },
{ "type": "Feature", "properties": { "element": "node", "id": 741013086, "name": "Da Hong Pao", "amenity": "restaurant", "cuisine": "chinese;dim_sum", "edge_u": 49745188, "edge_v": 49745193, "edge_key": 0, "nearest_node": 49745193, "snap_dist_m": 20.0, "node_dist_m": 37.9 }, "geometry": { "type": "Point", "coordinates": [ -77.0317195, 38.9093747 ] } },
{ "type": "Feature", "properties": { "element": "node", "id": 741013089, "name": "Ammathar Thai Cuisine", "amenity": "restaurant", "cuisine": "thai", "edge_u": 49745188, "edge_v": 49745186, "edge_key": 0, "nearest_node": 49745188, "snap_dist_m": 21.7, "node_dist_m": 80.4 }, "geometry": { "type": "Point", "coordinates": [ -77.0322029, 38.908148199999985 ] } },
{ "type": "Feature", "properties": { "element": "node", "id": 741013092, "name": "Rice Restaurant & Market", "amenity": "restaurant", "cuisine": "thai", "edge_u": 49745204, "edge_v": 49745200, "edge_key": 0, "nearest_node": 49745200, "snap_dist_m": 20.6, "node_dist_m": 44.7 }, "geometry": { "type": "Point", "coordinates": [ -77.0321904, 38.9114964 ] } },
{ "type": "Feature", "properties": { "element": "node", "id": 741013095, "name": "Allelo Coffee", "amenity": "cafe", "cuisine": "coffee_shop", "edge_u": 49764337, "edge_v": 49745193, "edge_key": 0, "nearest_node": 49764337, "snap_dist_m": 19.4, "node_dist_m": 55.4 }, "geometry": { "type": "Point", "coordinates": [ -77.0339457, 38.909484400000011 ] } },
{ "type": "Feature", "properties": { "element": "node", "id": 741027344, "name": "Corado's Restaurant", "amenity": "restaurant", "cuisine": "guatemalan", "edge_u": 49763640, "edge_v": 4082394063, "edge_key": 0, "nearest_node": 4082394063, "snap_dist_m": 14.5, "node_dist_m": 15.0 }, "geometry": { "type": "Point", "coordinates": [ -77.0383708, 38.9317555 ] } },
{ "type": "Feature", "properties": { "element": "node", "id": 741027357, "name": "China Town", "amenity": "fast_food", "cuisine": "chinese", "edge_u": 49763640, "edge_v": 4082394063, "edge_key": 0, "nearest_node": 49763640, "snap_dist_m": 17.1, "node_dist_m": 32.4 }, "geometry": { "type": "Point", "coordinates": [ -77.0382168, 38.931435800000017 ] } },
{ "type": "Feature", "properties": { "element": "node", "id": 741027384, "name": "Marleny's Restaurant & Carryout", "amenity": "restaurant", "cuisine": "mexican", "edge_u": 49763640, "edge_v": 4082394063, "edge_key": 0, "nearest_node": 49763640, "snap_dist_m": 17.0, "node_dist_m": 19.0 }, "geometry": { "type": "Point", "coordinates": [ -77.0381545, 38.931273199999985 ] } },
{ "type": "Feature", "properties": { "element": "node", "id": 741027391, "name": "Don Juan Restaurant", "amenity": "restaurant", "cuisine": "mexican", "edge_u": 49763644, "edge_v": 49763640, "edge_key": 0, "nearest_node": 49763640, "snap_dist_m": 16.4, "node_dist_m": 19.9 }, "geometry": { "type": "Point", "coordinates": [ -77.038514, 38.9310686 ] } },
{ "type": "Feature", "properties": { "element": "node", "id": 741027395, "name": "Los Primos", "amenity": "restaurant", "cuisine": null, "edge_u": 49878271, "edge_v": 49780840, "edge_key": 0, "nearest_node": 49780840, "snap_dist_m": 17.9, "node_dist_m": 27.4 }, "geometry": { "type": "Point", "coordinates": [ -77.0382875, 38.9305432 ] } },
{ "type": "Feature", "properties": { "element": "node", "id": 741027398, "name": "Purple Patch", "amenity": "restaurant", "cuisine": "filipino", "edge_u": 49780840, "edge_v": 49878271, "edge_key": 0, "nearest_node": 49780840, "snap_dist_m": 17.9, "node_dist_m": 39.5 }, "geometry": { "type": "Point", "coordinates": [ -77.037843, 38.930514 ] } },
{ "type": "Feature", "properties": { "element": "node", "id": 741033218, "name": "D'Leña", "amenity": "restaurant", "cuisine": "mexican", "edge_u": 49793595, "edge_v": 49825108, "edge_key": 0, "nearest_node": 49825108, "snap_dist_m": 19.7, "node_dist_m": 34.6 }, "geometry": { "type": "Point", "coordinates": [ -77.0187023, 38.9022652 ] } },
{ "type": "Feature", "properties": { "element": "node", "id": 741033232, "name": "El Rinconcito", "amenity": "restaurant", "cuisine": "mexican", "edge_u": 49734104, "edge_v": 3012829798, "edge_key": 0, "nearest_node": 3012829798, "snap_dist_m": 20.4, "node_dist_m": 32.4 }, "geometry": { "type": "Point", "coordinates": [ -77.0268039, 38.905431299999989 ] } },
{ "type": "Feature", "properties": { "element": "node", "id": 741033236, "name": "Sfoglina Downtown", "amenity": "restaurant", "cuisine": "italian", "edge_u": 635118613, "edge_v": 49773537, "edge_key": 0, "nearest_node": 635118613, "snap_dist_m": 19.8, "node_dist_m": 28.2 }, "geometry": { "type": "Point", "coordinates": [ -77.0267046, 38.9015423 ] } },
{ "type": "Feature", "properties": { "element": "node", "id": 741033275, "name": "Alta Strada", "amenity": "restaurant", "cuisine": "italian", "edge_u": 49748223, "edge_v": 49825108, "edge_key": 0, "nearest_node": 49825108, "snap_dist_m": 31.5, "node_dist_m": 72.5 }, "geometry": { "type": "Point", "coordinates": [ -77.0181764, 38.9028039 ] } },
{ "type": "Feature", "properties": { "element": "node", "id": 744636052, "name": "Añejo Bar & Grill", "amenity": "restaurant", "cuisine": "mexican;tex-mex", "edge_u": 49745651, "edge_v": 49745650, "edge_key": 0, "nearest_node": 1014110633, "snap_dist_m": 23.3, "node_dist_m": 34.3 }, "geometry": { "type": "Point", "coordinates": [ -77.0329914, 38.938983400000012 ] } },
{ "type": "Feature", "properties": { "element": "node", "id": 744636062, "name": "Barrilito", "amenity": "restaurant", "cuisine": "mexican", "edge_u": 49745651, "edge_v": 49745650, "edge_key": 0, "nearest_node": 49745650, "snap_dist_m": 22.8, "node_dist_m": 45.3 }, "geometry": { "type": "Point", "coordinates": [ -77.0324599, 38.9390311 ] } },
{ "type": "Feature", "properties": { "element": "node", "id": 744636068, "name": "Johana's Restaurant", "amenity": "restaurant", "cuisine": null, "edge_u": 49745680, "edge_v": 49754706, "edge_key": 0, "nearest_node": 49745680, "snap_dist_m": 28.4, "node_dist_m": 41.1 }, "geometry": { "type": "Point", "coordinates": [ -77.0330672, 38.9480063 ] } },
{ "type": "Feature", "properties": { "element": "node", "id": 744636070, "name": "Büna Coffeehouse", "amenity": "cafe", "cuisine": "coffee_shop", "edge_u": 49789291, "edge_v": 49838202, "edge_key": 0, "nearest_node": 49789291, "snap_dist_m": 17.0, "node_dist_m": 32.3 }, "geometry": { "type": "Point", "coordinates": [ -77.0263803, 38.944149 ] } },
{ "type": "Feature", "properties": { "element": "node", "id": 745905454, "name": "The Roasted Boon", "amenity": "cafe", "cuisine": "coffee_shop", "edge_u": 1364961100, "edge_v": 1364961104, "edge_key": 0, "nearest_node": 1364961100, "snap_dist_m": 17.0, "node_dist_m": 28.7 }, "geometry": { "type": "Point", "coordinates": [ -77.026718, 38.9104257 ] } },
{ "type": "Feature", "properties": { "element": "node", "id": 745905490, "name": "El Sol Restaunrante & Tequileria", "amenity": "restaurant", "cuisine": "mexican", "edge_u": 3012829811, "edge_v": 3012829798, "edge_key": 0, "nearest_node": 3012829811, "snap_dist_m": 24.7, "node_dist_m": 75.4 }, "geometry": { "type": "Point", "coordinates": [ -77.0267538, 38.9066038 ] } },
{ "type": "Feature", "properties": { "element": "node", "id": 745905495, "name": "Queen of Sheba", "amenity": "restaurant", "cuisine": "ethiopian", "edge_u": 49796993, "edge_v": 49780078, "edge_key": 0, "nearest_node": 49780078, "snap_dist_m": 15.3, "node_dist_m": 27.7 }, "geometry": { "type": "Point", "coordinates": [ -77.0237981, 38.9098472 ] } },
{ "type": "Feature", "properties": { "element": "node", "id": 745905500, "name": "Mesobe Restaurant and Delimarket", "amenity": "restaurant", "cuisine": null, "edge_u": 49773062, "edge_v": 49754870, "edge_key": 0, "nearest_node": 49773062, "snap_dist_m": 23.1, "node_dist_m": 33.1 }, "geometry": { "type": "Point", "coordinates": [ -77.0216527, 38.915373 ] } },
{ "type": "Feature", "properties": { "element": "node", "id": 745905564, "name": "Ambassador Restaurant", "amenity": "restaurant", "cuisine": "diner", "edge_u": 49809698, "edge_v": 49791685, "edge_key": 0, "nearest_node": 49791685, "snap_dist_m": 20.5, "node_dist_m": 48.6 }, "geometry": { "type": "Point", "coordinates": [ -77.0237335, 38.915982800000023 ] } },
{ "type": "Feature", "properties": { "element": "node", "id": 745905585, "name": "Andy's Carryout", "amenity": "fast_food", "cuisine": "pizza", "edge_u": 49837434, "edge_v": 49845919, "edge_key": 0, "nearest_node": 49845919, "snap_dist_m": 17.2, "node_dist_m": 20.4 }, "geometry": { "type": "Point", "coordinates": [ -77.0140774, 38.905843 ] } },
{ "type": "Feature", "properties": { "element": "node", "id": 745905592, "name": "Shaw Howard Deli", "amenity": "fast_food", "cuisine": null, "edge_u": 49773062, "edge_v": 49773070, "edge_key": 0, "nearest_node": 49773070, "snap_dist_m": 17.4, "node_dist_m": 39.8 }, "geometry": { "type": "Point", "coordinates": [ -77.021720700000017, 38.915951399999983 ] } },
{ "type": "Feature", "properties": { "element": "node", "id": 745922223, "name": "Vie De France", "amenity": "cafe", "cuisine": null, "edge_u": 49754051, "edge_v": 49754042, "edge_key": 0, "nearest_node": 49754051, "snap_dist_m": 57.3, "node_dist_m": 78.4 }, "geometry": { "type": "Point", "coordinates": [ -77.0211087, 38.8859248 ] } },
{ "type": "Feature", "properties": { "element": "node", "id": 748928240, "name": "Alta Strada", "amenity": "restaurant", "cuisine": "italian", "edge_u": 9166612489, "edge_v": 635178634, "edge_key": 0, "nearest_node": 9166612489, "snap_dist_m": 15.9, "node_dist_m": 45.4 }, "geometry": { "type": "Point", "coordinates": [ -77.0368385, 38.906659 ] } },
{ "type": "Feature", "properties": { "element": "node", "id": 750406522, "name": "China House", "amenity": "restaurant", "cuisine": "chinese", "edge_u": 1484481543, "edge_v": 49836903, "edge_key": 0, "nearest_node": 1484481543, "snap_dist_m": 10.9, "node_dist_m": 25.6 }, "geometry": { "type": "Point", "coordinates": [ -76.9814389, 38.8994974 ] } },
{ "type": "Feature", "properties": { "element": "node", "id": 750406526, "name": "Langston Bar & Grille", "amenity": "restaurant", "cuisine": "american;soul_food", "edge_u": 1484481494, "edge_v": 7802243127, "edge_key": 0, "nearest_node": 7802243127, "snap_dist_m": 15.8, "node_dist_m": 28.8 }, "geometry": { "type": "Point", "coordinates": [ -76.9768396, 38.8987588 ] } },
{ "type": "Feature", "properties": { "element": "node", "id": 750408669, "name": "Merry Pin", "amenity": "cafe", "cuisine": null, "edge_u": 3358724774, "edge_v": 49846431, "edge_key": 0, "nearest_node": 3358724774, "snap_dist_m": 16.9, "node_dist_m": 28.7 }, "geometry": { "type": "Point", "coordinates": [ -77.0267174, 38.9792413 ] } },
{ "type": "Feature", "properties": { "element": "node", "id": 750421365, "name": "Chef Geoff's", "amenity": "restaurant", "cuisine": "american", "edge_u": 49747251, "edge_v": 49756297, "edge_key": 0, "nearest_node": 3388139632, "snap_dist_m": 55.5, "node_dist_m": 67.2 }, "geometry": { "type": "Point", "coordinates": [ -77.0848501, 38.9329973 ] } },
{ "type": "Feature", "properties": { "element": "node", "id": 750432387, "name": "Black Salt Fish & Market", "amenity": "restaurant", "cuisine": null, "edge_u": 49771040, "edge_v": 49866459, "edge_key": 0, "nearest_node": 49771040, "snap_dist_m": 15.0, "node_dist_m": 27.1 }, "geometry": { "type": "Point", "coordinates": [ -77.0966655, 38.9177531 ] } },
{ "type": "Feature", "properties": { "element": "node", "id": 750432399, "name": "Kotobuki", "amenity": "restaurant", "cuisine": "sushi", "edge_u": 49743231, "edge_v": 49743224, "edge_key": 0, "nearest_node": 49743231, "snap_dist_m": 26.5, "node_dist_m": 27.0 }, "geometry": { "type": "Point", "coordinates": [ -77.0963702, 38.9167327 ] } },
{ "type": "Feature", "properties": { "element": "node", "id": 750432403, "name": "Et Voila", "amenity": "restaurant", "cuisine": "belgian", "edge_u": 49742782, "edge_v": 49742771, "edge_key": 0, "nearest_node": 49829123, "snap_dist_m": 22.5, "node_dist_m": 86.5 }, "geometry": { "type": "Point", "coordinates": [ -77.102318, 38.925435100000016 ] } },
{ "type": "Feature", "properties": { "element": "node", "id": 750432405, "name": "Little China Cafe", "amenity": "restaurant", "cuisine": "chinese", "edge_u": 49743242, "edge_v": 49743231, "edge_key": 0, "nearest_node": 49743231, "snap_dist_m": 26.3, "node_dist_m": 30.4 }, "geometry": { "type": "Point", "coordinates": [ -77.096519, 38.916873 ] } },
{ "type": "Feature", "properties": { "element": "node", "id": 750432410, "name": "Bistro Aracosia", "amenity": "restaurant", "cuisine": "afghan", "edge_u": 49742771, "edge_v": 49778315, "edge_key": 0, "nearest_node": 49742771, "snap_dist_m": 15.4, "node_dist_m": 22.0 }, "geometry": { "type": "Point", "coordinates": [ -77.1017127, 38.9249347 ] } },
{ "type": "Feature", "properties": { "element": "node", "id": 750432413, "name": "Del Popolo", "amenity": "restaurant", "cuisine": "italian;pizza;italian_pizza;pasta;sandwich", "edge_u": 49771040, "edge_v": 49866459, "edge_key": 0, "nearest_node": 49800755, "snap_dist_m": 10.1, "node_dist_m": 32.8 }, "geometry": { "type": "Point", "coordinates": [ -77.0968806, 38.9178265 ] } },
{ "type": "Feature", "properties": { "element": "node", "id": 750432415, "name": "Makoto Restaurant", "amenity": "restaurant", "cuisine": null, "edge_u": 49743231, "edge_v": 49743224, "edge_key": 0, "nearest_node": 49743231, "snap_dist_m": 29.3, "node_dist_m": 30.5 }, "geometry": { "type": "Point", "coordinates": [ -77.0963702, 38.9166932 ] } },
{ "type": "Feature", "properties": { "element": "node", "id": 750432424, "name": "Bambu", "amenity": "restaurant", "cuisine": "asian", "edge_u": 49778291, "edge_v": 49778302, "edge_key": 0, "nearest_node": 49778302, "snap_dist_m": 16.4, "node_dist_m": 31.7 }, "geometry": { "type": "Point", "coordinates": [ -77.1012922, 38.925310400000015 ] } },
{ "type": "Feature", "properties": { "element": "node", "id": 750461185, "name": "Via Roma", "amenity": "restaurant", "cuisine": "pizza", "edge_u": 49820583, "edge_v": 701602949, "edge_key": 0, "nearest_node": 49787863, "snap_dist_m": 29.1, "node_dist_m": 63.8 }, "geometry": { "type": "Point", "coordinates": [ -77.0520944, 38.92390120000001 ] } },
{ "type": "Feature", "properties": { "element": "node", "id": 750461231, "name": "Rajaji Fine Indian Cuisine", "amenity": "restaurant", "cuisine": "indian", "edge_u": 49820583, "edge_v": 701602949, "edge_key": 0, "nearest_node": 49820583, "snap_dist_m": 28.5, "node_dist_m": 42.7 }, "geometry": { "type": "Point", "coordinates": [ -77.0513653, 38.923902599999984 ] } },
{ "type": "Feature", "properties": { "element": "node", "id": 750461232, "name": "Lebanese Taverna", "amenity": "restaurant", "cuisine": "lebanese", "edge_u": 49820583, "edge_v": 701602949, "edge_key": 0, "nearest_node": 701602949, "snap_dist_m": 23.2, "node_dist_m": 30.0 }, "geometry": { "type": "Point", "coordinates": [ -77.0519049, 38.9247116 ] } },
{ "type": "Feature", "properties": { "element": "node", "id": 750461240, "name": "Naanwise", "amenity": "restaurant", "cuisine": "indian", "edge_u": 49820583, "edge_v": 701602949, "edge_key": 0, "nearest_node": 701602949, "snap_dist_m": 26.6, "node_dist_m": 43.1 }, "geometry": { "type": "Point", "coordinates": [ -77.051798, 38.9246032 ] } },
{ "type": "Feature", "properties": { "element": "node", "id": 750461251, "name": "LiLLiES", "amenity": "restaurant", "cuisine": "italian", "edge_u": 49751580, "edge_v": 49815553, "edge_key": 0, "nearest_node": 49815553, "snap_dist_m": 21.5, "node_dist_m": 44.6 }, "geometry": { "type": "Point", "coordinates": [ -77.0541274, 38.928506 ] } },
{ "type": "Feature", "properties": { "element": "node", "id": 750461252, "name": "Umi Japanese Cuisine", "amenity": "restaurant", "cuisine": "japanese", "edge_u": 49820583, "edge_v": 701602949, "edge_key": 0, "nearest_node": 701602949, "snap_dist_m": 25.7, "node_dist_m": 78.4 }, "geometry": { "type": "Point", "coordinates": [ -77.0516158, 38.9242702 ] } },
{ "type": "Feature", "properties": { "element": "node", "id": 750467824, "name": "Axum Restaurant", "amenity": "restaurant", "cuisine": "ethiopian", "edge_u": 49809698, "edge_v": 49791685, "edge_key": 0, "nearest_node": 49809698, "snap_dist_m": 26.2, "node_dist_m": 55.1 }, "geometry": { "type": "Point", "coordinates": [ -77.024271, 38.916574 ] } },
{ "type": "Feature", "properties": { "element": "node", "id": 750467831, "name": "Ghion Ethiopian Restaurant", "amenity": "restaurant", "cuisine": "ethiopian", "edge_u": 958991607, "edge_v": 49809698, "edge_key": 0, "nearest_node": 958991607, "snap_dist_m": 19.5, "node_dist_m": 44.8 }, "geometry": { "type": "Point", "coordinates": [ -77.0241721, 38.917384299999988 ] } },
{ "type": "Feature", "properties": { "element": "node", "id": 750467840, "name": "Salina Restaurant", "amenity": "restaurant", "cuisine": null, "edge_u": 49809698, "edge_v": 49791685, "edge_key": 0, "nearest_node": 49809698, "snap_dist_m": 23.7, "node_dist_m": 49.5 }, "geometry": { "type": "Point", "coordinates": [ -77.0242425, 38.9166195 ] } },
{ "type": "Feature", "properties": { "element": "node", "id": 750467842, "name": "Busboys and Poets", "amenity": "restaurant", "cuisine": "american", "edge_u": 49813441, "edge_v": 49745243, "edge_key": 0, "nearest_node": 49745243, "snap_dist_m": 20.6, "node_dist_m": 30.4 }, "geometry": { "type": "Point", "coordinates": [ -77.031697, 38.917929 ] } },
{ "type": "Feature", "properties": { "element": "node", "id": 750467858, "name": "Alero Restaurant and Lounge", "amenity": "restaurant", "cuisine": "mexican", "edge_u": 49745240, "edge_v": 49809721, "edge_key": 0, "nearest_node": 49809721, "snap_dist_m": 18.6, "node_dist_m": 28.5 }, "geometry": { "type": "Point", "coordinates": [ -77.0298689, 38.917176 ] } },
{ "type": "Feature", "properties": { "element": "node", "id": 750467861, "name": "Gori Cafe", "amenity": "cafe", "cuisine": null, "edge_u": 49773590, "edge_v": 49853696, "edge_key": 0, "nearest_node": 49853696, "snap_dist_m": 18.2, "node_dist_m": 27.0 }, "geometry": { "type": "Point", "coordinates": [ -77.0278524, 38.9182765 ] } },
{ "type": "Feature", "properties": { "element": "node", "id": 750467876, "name": "Judy Restaurant", "amenity": "restaurant", "cuisine": "mexican;latin_american", "edge_u": 11332977605, "edge_v": 49745247, "edge_key": 0, "nearest_node": 11332977605, "snap_dist_m": 29.1, "node_dist_m": 57.0 }, "geometry": { "type": "Point", "coordinates": [ -77.0322896, 38.9196507 ] } },
{ "type": "Feature", "properties": { "element": "node", "id": 750467878, "name": "Appioo African Bar & Grill", "amenity": "restaurant", "cuisine": "ghanaian", "edge_u": 49809698, "edge_v": 49791685, "edge_key": 0, "nearest_node": 1017391974, "snap_dist_m": 18.9, "node_dist_m": 49.9 }, "geometry": { "type": "Point", "coordinates": [ -77.0241875, 38.9162904 ] } },
{ "type": "Feature", "properties": { "element": "node", "id": 750467891, "name": "Ben's Next Door", "amenity": "restaurant", "cuisine": "american", "edge_u": 49809715, "edge_v": 49809721, "edge_key": 0, "nearest_node": 49809715, "snap_dist_m": 16.8, "node_dist_m": 53.8 }, "geometry": { "type": "Point", "coordinates": [ -77.028673, 38.9171585 ] } },
{ "type": "Feature", "properties": { "element": "node", "id": 750467898, "name": "Spicy Water", "amenity": "restaurant", "cuisine": "west_african;african", "edge_u": 49773581, "edge_v": 49773590, "edge_key": 0, "nearest_node": 49773590, "snap_dist_m": 20.8, "node_dist_m": 62.5 }, "geometry": { "type": "Point", "coordinates": [ -77.0267987, 38.9175831 ] } },
{ "type": "Feature", "properties": { "element": "node", "id": 750467900, "name": "Eatopia Eatery", "amenity": "restaurant", "cuisine": "ethiopian", "edge_u": 49745240, "edge_v": 49809721, "edge_key": 0, "nearest_node": 49809721, "snap_dist_m": 18.6, "node_dist_m": 50.1 }, "geometry": { "type": "Point", "coordinates": [ -77.0301564, 38.9171762 ] } },
{ "type": "Feature", "properties": { "element": "node", "id": 750467916, "name": "St. James", "amenity": "restaurant", "cuisine": "caribbean", "edge_u": 49745243, "edge_v": 49745240, "edge_key": 0, "nearest_node": 49745243, "snap_dist_m": 29.1, "node_dist_m": 60.4 }, "geometry": { "type": "Point", "coordinates": [ -77.0316179, 38.917638599999982 ] } },
{ "type": "Feature", "properties": { "element": "node", "id": 750467920, "name": "Coppi's Pizza", "amenity": "restaurant", "cuisine": "pizza", "edge_u": 49745240, "edge_v": 1379443774, "edge_key": 0, "nearest_node": 49745240, "snap_dist_m": 18.7, "node_dist_m": 59.2 }, "geometry": { "type": "Point", "coordinates": [ -77.0326008, 38.916840799999974 ] } },
{ "type": "Feature", "properties": { "element": "node", "id": 750467922, "name": "Yegna", "amenity": "restaurant", "cuisine": null, "edge_u": 49809698, "edge_v": 49791685, "edge_key": 0, "nearest_node": 1017391974, "snap_dist_m": 20.0, "node_dist_m": 45.0 }, "geometry": { "type": "Point", "coordinates": [ -77.0241997, 38.9161886 ] } },
{ "type": "Feature", "properties": { "element": "node", "id": 750467927, "name": "Expo Restaurant & Nightclub", "amenity": "restaurant", "cuisine": null, "edge_u": 49809698, "edge_v": 49791685, "edge_key": 0, "nearest_node": 1017391974, "snap_dist_m": 20.7, "node_dist_m": 53.9 }, "geometry": { "type": "Point", "coordinates": [ -77.0242085, 38.9163861 ] } },
{ "type": "Feature", "properties": { "element": "node", "id": 750467945, "name": "Dukem", "amenity": "restaurant", "cuisine": "ethiopian", "edge_u": 49791702, "edge_v": 49809715, "edge_key": 0, "nearest_node": 49809715, "snap_dist_m": 16.1, "node_dist_m": 26.1 }, "geometry": { "type": "Point", "coordinates": [ -77.0278994, 38.9168217 ] } },
{ "type": "Feature", "properties": { "element": "node", "id": 750467955, "name": "Amsterdam Cafe & Lounge", "amenity": "restaurant", "cuisine": null, "edge_u": 49809721, "edge_v": 49809715, "edge_key": 0, "nearest_node": 49809715, "snap_dist_m": 17.6, "node_dist_m": 38.7 }, "geometry": { "type": "Point", "coordinates": [ -77.0284813, 38.9168487 ] } },
{ "type": "Feature", "properties": { "element": "node", "id": 750467958, "name": "El Secreto de Rosita", "amenity": "restaurant", "cuisine": "peruvian;latin_american", "edge_u": 2305183793, "edge_v": 49770715, "edge_key": 0, "nearest_node": 49770715, "snap_dist_m": 24.9, "node_dist_m": 57.2 }, "geometry": { "type": "Point", "coordinates": [ -77.0378895, 38.9167893 ] } },
{ "type": "Feature", "properties": { "element": "node", "id": 750467960, "name": "Mercadito Ramos", "amenity": "restaurant", "cuisine": null, "edge_u": 49745247, "edge_v": 11332977605, "edge_key": 0, "nearest_node": 11332977605, "snap_dist_m": 25.1, "node_dist_m": 51.5 }, "geometry": { "type": "Point", "coordinates": [ -77.031664600000013, 38.9196651 ] } },
{ "type": "Feature", "properties": { "element": "node", "id": 750467966, "name": "El Sol de America", "amenity": "restaurant", "cuisine": null, "edge_u": 49809698, "edge_v": 49791685, "edge_key": 0, "nearest_node": 1017391974, "snap_dist_m": 20.2, "node_dist_m": 57.1 }, "geometry": { "type": "Point", "coordinates": [ -77.0242024, 38.9164261 ] } },
{ "type": "Feature", "properties": { "element": "node", "id": 750762276, "name": "Starbucks", "amenity": "cafe", "cuisine": "coffee_shop", "edge_u": 49787785, "edge_v": 49845782, "edge_key": 0, "nearest_node": 49787785, "snap_dist_m": 16.9, "node_dist_m": 39.7 }, "geometry": { "type": "Point", "coordinates": [ -77.0518238, 38.905103200000013 ] } },
{ "type": "Feature", "properties": { "element": "node", "id": 751881400, "name": "Compass Coffee", "amenity": "cafe", "cuisine": "coffee_shop", "edge_u": 49773526, "edge_v": 3670756345, "edge_key": 0, "nearest_node": 49773526, "snap_dist_m": 19.0, "node_dist_m": 29.6 }, "geometry": { "type": "Point", "coordinates": [ -77.0267772, 38.8959649 ] } },
{ "type": "Feature", "properties": { "element": "node", "id": 753461153, "name": "Cafe Citron", "amenity": "restaurant", "cuisine": "latin_american", "edge_u": 829675288, "edge_v": 49882269, "edge_key": 0, "nearest_node": 1379471556, "snap_dist_m": 14.7, "node_dist_m": 58.9 }, "geometry": { "type": "Point", "coordinates": [ -77.0423666, 38.908350200000015 ] } },
{ "type": "Feature", "properties": { "element": "node", "id": 764447421, "name": "Bibibop", "amenity": "fast_food", "cuisine": "asian", "edge_u": 49719415, "edge_v": 1362307924, "edge_key": 0, "nearest_node": 1362307924, "snap_dist_m": 17.3, "node_dist_m": 18.4 }, "geometry": { "type": "Point", "coordinates": [ -77.0572872, 38.9054005 ] } },
{ "type": "Feature", "properties": { "element": "node", "id": 767497037, "name": "CF Folks", "amenity": "cafe", "cuisine": "diner", "edge_u": 49809200, "edge_v": 49780562, "edge_key": 0, "nearest_node": 49780562, "snap_dist_m": 20.9, "node_dist_m": 32.9 }, "geometry": { "type": "Point", "coordinates": [ -77.0432068, 38.906693800000021 ] } },
{ "type": "Feature", "properties": { "element": "node", "id": 767501984, "name": "Julia's Empanadas", "amenity": "fast_food", "cuisine": null, "edge_u": 49775504, "edge_v": 49780558, "edge_key": 0, "nearest_node": 647619114, "snap_dist_m": 16.7, "node_dist_m": 30.8 }, "geometry": { "type": "Point", "coordinates": [ -77.0413377, 38.9065292 ] } },
{ "type": "Feature", "properties": { "element": "node", "id": 767549590, "name": "Moby Dick House of Kabob", "amenity": "fast_food", "cuisine": "kebab", "edge_u": 1379496002, "edge_v": 49809200, "edge_key": 0, "nearest_node": 49809200, "snap_dist_m": 15.3, "node_dist_m": 55.8 }, "geometry": { "type": "Point", "coordinates": [ -77.0428287, 38.907382 ] } },
{ "type": "Feature", "properties": { "element": "node", "id": 767555830, "name": "Subway", "amenity": "fast_food", "cuisine": "sandwich", "edge_u": 9676179712, "edge_v": 49845726, "edge_key": 0, "nearest_node": 1379495851, "snap_dist_m": 24.9, "node_dist_m": 71.6 }, "geometry": { "type": "Point", "coordinates": [ -77.041409, 38.904444 ] } },
{ "type": "Feature", "properties": { "element": "node", "id": 767556108, "name": "Starbucks", "amenity": "cafe", "cuisine": "coffee_shop", "edge_u": 4635639616, "edge_v": 11261031471, "edge_key": 0, "nearest_node": 4635639616, "snap_dist_m": 22.3, "node_dist_m": 23.5 }, "geometry": { "type": "Point", "coordinates": [ -77.0407761, 38.9035359 ] } },
{ "type": "Feature", "properties": { "element": "node", "id": 767556198, "name": "Au Bon Pain", "amenity": "fast_food", "cuisine": "sandwich", "edge_u": 4635639616, "edge_v": 11261031471, "edge_key": 0, "nearest_node": 4635639616, "snap_dist_m": 22.7, "node_dist_m": 28.7 }, "geometry": { "type": "Point", "coordinates": [ -77.0406581, 38.9035317 ] } },
{ "type": "Feature", "properties": { "element": "node", "id": 768951250, "name": "Yellow", "amenity": "cafe", "cuisine": null, "edge_u": 768973159, "edge_v": 49779980, "edge_key": 0, "nearest_node": 49779980, "snap_dist_m": 14.3, "node_dist_m": 39.1 }, "geometry": { "type": "Point", "coordinates": [ -77.064609, 38.909466 ] } },
{ "type": "Feature", "properties": { "element": "node", "id": 769077474, "name": "Five Guys", "amenity": "fast_food", "cuisine": "burger", "edge_u": 958981263, "edge_v": 12974478437, "edge_key": 0, "nearest_node": 12974478437, "snap_dist_m": 16.1, "node_dist_m": 23.0 }, "geometry": { "type": "Point", "coordinates": [ -77.0036583, 38.908296599999986 ] } },
{ "type": "Feature", "properties": { "element": "node", "id": 769079444, "name": "Big Bear Cafe", "amenity": "cafe", "cuisine": null, "edge_u": 49817394, "edge_v": 49817387, "edge_key": 0, "nearest_node": 49817387, "snap_dist_m": 15.6, "node_dist_m": 25.6 }, "geometry": { "type": "Point", "coordinates": [ -77.012387, 38.91275 ] } },
{ "type": "Feature", "properties": { "element": "node", "id": 769318418, "name": "Soho Cafe & Market", "amenity": "cafe", "cuisine": null, "edge_u": 3016708830, "edge_v": 641116184, "edge_key": 0, "nearest_node": 3016708830, "snap_dist_m": 15.4, "node_dist_m": 33.5 }, "geometry": { "type": "Point", "coordinates": [ -77.0299687, 38.9027795 ] } },
{ "type": "Feature", "properties": { "element": "node", "id": 772330048, "name": "Sidamo Coffee and Tea", "amenity": "cafe", "cuisine": "coffee_shop;tea", "edge_u": 49774079, "edge_v": 49741058, "edge_key": 0, "nearest_node": 49774079, "snap_dist_m": 16.9, "node_dist_m": 38.2 }, "geometry": { "type": "Point", "coordinates": [ -76.999903, 38.9000597 ] } },
{ "type": "Feature", "properties": { "element": "node", "id": 772907070, "name": "Taylor Gourmet Deli & Market", "amenity": "restaurant", "cuisine": "deli", "edge_u": 49774093, "edge_v": 49768706, "edge_key": 0, "nearest_node": 49774093, "snap_dist_m": 17.5, "node_dist_m": 55.2 }, "geometry": { "type": "Point", "coordinates": [ -76.9908439, 38.9003598 ] } },
{ "type": "Feature", "properties": { "element": "node", "id": 774321289, "name": "Maxwell", "amenity": "restaurant", "cuisine": null, "edge_u": 49810877, "edge_v": 49810876, "edge_key": 0, "nearest_node": 49810877, "snap_dist_m": 16.4, "node_dist_m": 23.7 }, "geometry": { "type": "Point", "coordinates": [ -77.0241595, 38.908420599999985 ] } },
{ "type": "Feature", "properties": { "element": "node", "id": 775416901, "name": "Maketto", "amenity": "restaurant", "cuisine": "asian", "edge_u": 49774098, "edge_v": 49739609, "edge_key": 0, "nearest_node": 49739609, "snap_dist_m": 17.2, "node_dist_m": 102.8 }, "geometry": { "type": "Point", "coordinates": [ -76.9866724, 38.900045599999984 ] } },
{ "type": "Feature", "properties": { "element": "node", "id": 775709452, "name": "Tiki Garden", "amenity": "restaurant", "cuisine": "thai", "edge_u": 49807256, "edge_v": 49774098, "edge_key": 0, "nearest_node": 49774098, "snap_dist_m": 16.7, "node_dist_m": 24.6 }, "geometry": { "type": "Point", "coordinates": [ -76.988501, 38.9003636 ] } },
{ "type": "Feature", "properties": { "element": "node", "id": 775709455, "name": "Sol Mexican Grill", "amenity": "restaurant", "cuisine": "mexican", "edge_u": 49774098, "edge_v": 49774093, "edge_key": 0, "nearest_node": 49774098, "snap_dist_m": 21.0, "node_dist_m": 34.7 }, "geometry": { "type": "Point", "coordinates": [ -76.9886263, 38.9000117 ] } },
{ "type": "Feature", "properties": { "element": "node", "id": 775709521, "name": "Hangry Joe's Hot Chicken & Wings", "amenity": "fast_food", "cuisine": "chicken", "edge_u": 49774098, "edge_v": 49739609, "edge_key": 0, "nearest_node": 49774098, "snap_dist_m": 18.3, "node_dist_m": 75.3 }, "geometry": { "type": "Point", "coordinates": [ -76.9874649, 38.900364499999988 ] } },
{ "type": "Feature", "properties": { "element": "node", "id": 775883213, "name": "Ledo Pizza", "amenity": "restaurant", "cuisine": "pizza;pasta", "edge_u": 49774088, "edge_v": 49774087, "edge_key": 0, "nearest_node": 49774088, "snap_dist_m": 18.8, "node_dist_m": 48.4 }, "geometry": { "type": "Point", "coordinates": [ -76.9942703, 38.9003718 ] } },
{ "type": "Feature", "properties": { "element": "node", "id": 775886254, "name": "Ben's Chili Bowl", "amenity": "fast_food", "cuisine": null, "edge_u": 49756538, "edge_v": 49774091, "edge_key": 0, "nearest_node": 49774091, "snap_dist_m": 16.9, "node_dist_m": 28.4 }, "geometry": { "type": "Point", "coordinates": [ -76.9924511, 38.8999962 ] } },
{ "type": "Feature", "properties": { "element": "node", "id": 775912193, "name": "Major’s Carryout", "amenity": "fast_food", "cuisine": "chinese;asian;soul_food;american", "edge_u": 13790612928, "edge_v": 49774087, "edge_key": 0, "nearest_node": 49774087, "snap_dist_m": 21.8, "node_dist_m": 47.9 }, "geometry": { "type": "Point", "coordinates": [ -76.9954526, 38.900399 ] } },
{ "type": "Feature", "properties": { "element": "node", "id": 775912202, "name": "Crown Fried Chicken", "amenity": "fast_food", "cuisine": "american", "edge_u": 49774087, "edge_v": 13790612928, "edge_key": 0, "nearest_node": 49774087, "snap_dist_m": 21.8, "node_dist_m": 42.6 }, "geometry": { "type": "Point", "coordinates": [ -76.9953829, 38.900399 ] } },
{ "type": "Feature", "properties": { "element": "node", "id": 775912206, "name": "Tiffany's Bar & Bistro", "amenity": "restaurant", "cuisine": "mediterranean;american", "edge_u": 49774087, "edge_v": 13790612928, "edge_key": 0, "nearest_node": 13790612928, "snap_dist_m": 19.4, "node_dist_m": 44.1 }, "geometry": { "type": "Point", "coordinates": [ -76.9957101, 38.9000274 ] } },
{ "type": "Feature", "properties": { "element": "node", "id": 775946132, "name": "Sweet Sweet Kitchen", "amenity": "restaurant", "cuisine": "caribbean", "edge_u": 49774079, "edge_v": 49790025, "edge_key": 0, "nearest_node": 49774079, "snap_dist_m": 17.9, "node_dist_m": 25.7 }, "geometry": { "type": "Point", "coordinates": [ -76.9993, 38.900375 ] } },
{ "type": "Feature", "properties": { "element": "node", "id": 775946142, "name": "Taste of Jamaica", "amenity": "fast_food", "cuisine": null, "edge_u": 49774081, "edge_v": 49790029, "edge_key": 0, "nearest_node": 49774081, "snap_dist_m": 14.6, "node_dist_m": 21.8 }, "geometry": { "type": "Point", "coordinates": [ -76.9986184, 38.90035390000002 ] } },
{ "type": "Feature", "properties": { "element": "node", "id": 775976035, "name": "Double Up Burger", "amenity": "fast_food", "cuisine": "burger", "edge_u": 49774098, "edge_v": 49774093, "edge_key": 0, "nearest_node": 49774098, "snap_dist_m": 17.7, "node_dist_m": 34.2 }, "geometry": { "type": "Point", "coordinates": [ -76.9886453, 38.9003608 ] } },
{ "type": "Feature", "properties": { "element": "node", "id": 775976037, "name": "Smokin' Pig", "amenity": "restaurant", "cuisine": "barbecue", "edge_u": 49774098, "edge_v": 49774093, "edge_key": 0, "nearest_node": 49774093, "snap_dist_m": 17.2, "node_dist_m": 41.1 }, "geometry": { "type": "Point", "coordinates": [ -76.9898096, 38.9003559 ] } },
{ "type": "Feature", "properties": { "element": "node", "id": 775976040, "name": "Popeyes", "amenity": "fast_food", "cuisine": "chicken", "edge_u": 49774098, "edge_v": 49774093, "edge_key": 0, "nearest_node": 49774098, "snap_dist_m": 17.4, "node_dist_m": 80.1 }, "geometry": { "type": "Point", "coordinates": [ -76.9892091, 38.900357300000017 ] } },
{ "type": "Feature", "properties": { "element": "node", "id": 776800161, "name": "Pizza Hut", "amenity": "restaurant", "cuisine": "pizza", "edge_u": 49769580, "edge_v": 3665020002, "edge_key": 0, "nearest_node": 49769580, "snap_dist_m": 38.1, "node_dist_m": 47.8 }, "geometry": { "type": "Point", "coordinates": [ -76.98169390000001, 38.9002607 ] } },
{ "type": "Feature", "properties": { "element": "node", "id": 793933186, "name": "Cosmo", "amenity": "cafe", "cuisine": null, "edge_u": 49828677, "edge_v": 49802545, "edge_key": 0, "nearest_node": 49802545, "snap_dist_m": 47.9, "node_dist_m": 71.4 }, "geometry": { "type": "Point", "coordinates": [ -77.0211574, 38.8860812 ] } },
{ "type": "Feature", "properties": { "element": "node", "id": 801001168, "name": "Manna Korean BBQ and Dosirak", "amenity": "restaurant", "cuisine": "korean", "edge_u": 49758306, "edge_v": 49734140, "edge_key": 0, "nearest_node": 49734140, "snap_dist_m": 26.3, "node_dist_m": 34.2 }, "geometry": { "type": "Point", "coordinates": [ -76.9833433, 38.8951974 ] } },
{ "type": "Feature", "properties": { "element": "node", "id": 801351625, "name": "M.E. Swing Coffee Roasters", "amenity": "cafe", "cuisine": "coffee_shop", "edge_u": 49762225, "edge_v": 49762238, "edge_key": 0, "nearest_node": 49762225, "snap_dist_m": 22.2, "node_dist_m": 51.8 }, "geometry": { "type": "Point", "coordinates": [ -77.0400004, 38.8981378 ] } },
{ "type": "Feature", "properties": { "element": "node", "id": 801352275, "name": "Ellipse Cafe", "amenity": "cafe", "cuisine": null, "edge_u": 49762225, "edge_v": 49762238, "edge_key": 0, "nearest_node": 49762225, "snap_dist_m": 41.5, "node_dist_m": 78.4 }, "geometry": { "type": "Point", "coordinates": [ -77.040228, 38.897964399999978 ] } },
{ "type": "Feature", "properties": { "element": "node", "id": 801352530, "name": "Met Cafe", "amenity": "cafe", "cuisine": null, "edge_u": 49799808, "edge_v": 49770764, "edge_key": 0, "nearest_node": 49799808, "snap_dist_m": 21.4, "node_dist_m": 84.1 }, "geometry": { "type": "Point", "coordinates": [ -77.0407728, 38.8975533 ] } },
{ "type": "Feature", "properties": { "element": "node", "id": 804047623, "name": "Wingo's", "amenity": "fast_food", "cuisine": "chicken", "edge_u": 9593237038, "edge_v": 49888809, "edge_key": 0, "nearest_node": 49888809, "snap_dist_m": 12.3, "node_dist_m": 36.5 }, "geometry": { "type": "Point", "coordinates": [ -77.0639918, 38.9079644 ] } },
{ "type": "Feature", "properties": { "element": "node", "id": 804049825, "name": "Blank Street Coffee", "amenity": "cafe", "cuisine": "coffee_shop", "edge_u": 1060365691, "edge_v": 49753516, "edge_key": 0, "nearest_node": 1060365691, "snap_dist_m": 10.9, "node_dist_m": 34.8 }, "geometry": { "type": "Point", "coordinates": [ -77.0632157, 38.9061309 ] } },
{ "type": "Feature", "properties": { "element": "node", "id": 804058859, "name": "Coffee Republic", "amenity": "cafe", "cuisine": "coffee_shop", "edge_u": 49858932, "edge_v": 49784136, "edge_key": 0, "nearest_node": 49858932, "snap_dist_m": 12.6, "node_dist_m": 22.5 }, "geometry": { "type": "Point", "coordinates": [ -77.0692472, 38.9076209 ] } },
{ "type": "Feature", "properties": { "element": "node", "id": 804065026, "name": "Blossom Daily", "amenity": "cafe", "cuisine": "coffee_shop", "edge_u": 49799147, "edge_v": 49845837, "edge_key": 0, "nearest_node": 49845837, "snap_dist_m": 15.6, "node_dist_m": 34.3 }, "geometry": { "type": "Point", "coordinates": [ -77.0631677, 38.9053109 ] } },
{ "type": "Feature", "properties": { "element": "node", "id": 804598117, "name": "SecreTea", "amenity": "cafe", "cuisine": "bubble_tea", "edge_u": 4001470337, "edge_v": 633923743, "edge_key": 0, "nearest_node": 633923743, "snap_dist_m": 16.3, "node_dist_m": 37.2 }, "geometry": { "type": "Point", "coordinates": [ -77.044562, 38.896139699999985 ] } },
{ "type": "Feature", "properties": { "element": "node", "id": 804599169, "name": "Cafe Aria", "amenity": "cafe", "cuisine": "pizza;korean", "edge_u": 49797543, "edge_v": 49799817, "edge_key": 0, "nearest_node": 49799817, "snap_dist_m": 17.1, "node_dist_m": 39.3 }, "geometry": { "type": "Point", "coordinates": [ -77.043879, 38.897517 ] } },
{ "type": "Feature", "properties": { "element": "node", "id": 804627406, "name": "Casey's Coffee", "amenity": "cafe", "cuisine": "coffee_shop", "edge_u": 49782082, "edge_v": 641073501, "edge_key": 0, "nearest_node": 641073443, "snap_dist_m": 49.7, "node_dist_m": 61.8 }, "geometry": { "type": "Point", "coordinates": [ -77.0508285, 38.8964756 ] } },
{ "type": "Feature", "properties": { "element": "node", "id": 804627554, "name": "Sizzling Express", "amenity": "fast_food", "cuisine": null, "edge_u": 641127592, "edge_v": 641127560, "edge_key": 0, "nearest_node": 641127560, "snap_dist_m": 56.9, "node_dist_m": 66.0 }, "geometry": { "type": "Point", "coordinates": [ -77.0511549, 38.8969612 ] } },
{ "type": "Feature", "properties": { "element": "node", "id": 804628568, "name": "Magic Gourd Restaurant", "amenity": "restaurant", "cuisine": "chinese", "edge_u": 49782082, "edge_v": 641127594, "edge_key": 0, "nearest_node": 641127560, "snap_dist_m": 41.1, "node_dist_m": 49.8 }, "geometry": { "type": "Point", "coordinates": [ -77.0506151, 38.896776399999986 ] } },
{ "type": "Feature", "properties": { "element": "node", "id": 804649915, "name": "Chopt", "amenity": "fast_food", "cuisine": "salad", "edge_u": 49809189, "edge_v": 49809177, "edge_key": 0, "nearest_node": 49809177, "snap_dist_m": 19.9, "node_dist_m": 33.8 }, "geometry": { "type": "Point", "coordinates": [ -77.0432269, 38.9039852 ] } },
{ "type": "Feature", "properties": { "element": "node", "id": 804650030, "name": "Luke's Lobster", "amenity": "restaurant", "cuisine": "seafood", "edge_u": 49777853, "edge_v": 49770782, "edge_key": 0, "nearest_node": 49770782, "snap_dist_m": 17.3, "node_dist_m": 50.3 }, "geometry": { "type": "Point", "coordinates": [ -77.039999, 38.9003787 ] } },
{ "type": "Feature", "properties": { "element": "node", "id": 804650032, "name": "Poki DC", "amenity": "restaurant", "cuisine": "hawaiian", "edge_u": 49809177, "edge_v": 9676179707, "edge_key": 0, "nearest_node": 9676179707, "snap_dist_m": 23.0, "node_dist_m": 46.5 }, "geometry": { "type": "Point", "coordinates": [ -77.0429268, 38.903945899999989 ] } },
{ "type": "Feature", "properties": { "element": "node", "id": 804650192, "name": "Sichuan Pavilion", "amenity": "restaurant", "cuisine": "chinese", "edge_u": 641116237, "edge_v": 641116223, "edge_key": 0, "nearest_node": 641116223, "snap_dist_m": 19.1, "node_dist_m": 22.8 }, "geometry": { "type": "Point", "coordinates": [ -77.0425739, 38.902224 ] } },
{ "type": "Feature", "properties": { "element": "node", "id": 804650654, "name": "Roti", "amenity": "restaurant", "cuisine": "mediterranean", "edge_u": 1381216023, "edge_v": 49827624, "edge_key": 0, "nearest_node": 49827624, "snap_dist_m": 23.2, "node_dist_m": 63.4 }, "geometry": { "type": "Point", "coordinates": [ -77.0409765, 38.8995734 ] } },
{ "type": "Feature", "properties": { "element": "node", "id": 804650692, "name": "Compass Coffee", "amenity": "cafe", "cuisine": "coffee_shop", "edge_u": 49777853, "edge_v": 49770782, "edge_key": 0, "nearest_node": 49770782, "snap_dist_m": 17.3, "node_dist_m": 41.6 }, "geometry": { "type": "Point", "coordinates": [ -77.0398904, 38.900378600000018 ] } },
{ "type": "Feature", "properties": { "element": "node", "id": 804650739, "name": "McDonald's", "amenity": "fast_food", "cuisine": "burger", "edge_u": 49770782, "edge_v": 1381216023, "edge_key": 0, "nearest_node": 49770782, "snap_dist_m": 21.6, "node_dist_m": 71.5 }, "geometry": { "type": "Point", "coordinates": [ -77.0397097, 38.8996102 ] } },
{ "type": "Feature", "properties": { "element": "node", "id": 804650866, "name": "Potbelly", "amenity": "fast_food", "cuisine": "sandwich", "edge_u": 49770782, "edge_v": 1381216023, "edge_key": 0, "nearest_node": 1381216023, "snap_dist_m": 21.0, "node_dist_m": 63.1 }, "geometry": { "type": "Point", "coordinates": [ -77.0397035, 38.8993516 ] } },
{ "type": "Feature", "properties": { "element": "node", "id": 804650907, "name": "Chick-fil-A", "amenity": "fast_food", "cuisine": "chicken", "edge_u": 647619114, "edge_v": 49780562, "edge_key": 0, "nearest_node": 647619114, "snap_dist_m": 20.6, "node_dist_m": 32.1 }, "geometry": { "type": "Point", "coordinates": [ -77.0419499, 38.9062793 ] } },
{ "type": "Feature", "properties": { "element": "node", "id": 804650968, "name": "Loeb's NY Deli", "amenity": "restaurant", "cuisine": "italian", "edge_u": 49770789, "edge_v": 49793773, "edge_key": 0, "nearest_node": 49770789, "snap_dist_m": 17.0, "node_dist_m": 64.1 }, "geometry": { "type": "Point", "coordinates": [ -77.0401606, 38.901184099999988 ] } },
{ "type": "Feature", "properties": { "element": "node", "id": 806290821, "name": "Bon Beke’s Bakehouse & Grill", "amenity": "cafe", "cuisine": null, "edge_u": 1440867110, "edge_v": 1379471024, "edge_key": 0, "nearest_node": 1379471024, "snap_dist_m": 16.9, "node_dist_m": 88.5 }, "geometry": { "type": "Point", "coordinates": [ -77.0458339, 38.9132559 ] } },
{ "type": "Feature", "properties": { "element": "node", "id": 806297205, "name": "Capital Doner", "amenity": "fast_food", "cuisine": "turkish", "edge_u": 49764791, "edge_v": 49741730, "edge_key": 0, "nearest_node": 49741730, "snap_dist_m": 16.2, "node_dist_m": 23.2 }, "geometry": { "type": "Point", "coordinates": [ -77.0464416, 38.9097936 ] } },
{ "type": "Feature", "properties": { "element": "node", "id": 806537605, "name": "68 Cafe", "amenity": "restaurant", "cuisine": "vietnamese;asian", "edge_u": 49797586, "edge_v": 49797596, "edge_key": 0, "nearest_node": 49797596, "snap_dist_m": 15.8, "node_dist_m": 28.7 }, "geometry": { "type": "Point", "coordinates": [ -77.0446763, 38.9054377 ] } },
{ "type": "Feature", "properties": { "element": "node", "id": 806539314, "name": "Swahili Village", "amenity": "restaurant", "cuisine": "african;fine_dining", "edge_u": 49809189, "edge_v": 49797596, "edge_key": 0, "nearest_node": 49797596, "snap_dist_m": 18.8, "node_dist_m": 32.8 }, "geometry": { "type": "Point", "coordinates": [ -77.0445494, 38.9054837 ] } },
{ "type": "Feature", "properties": { "element": "node", "id": 806598314, "name": "Flavio", "amenity": "restaurant", "cuisine": "italian", "edge_u": 49845830, "edge_v": 641054075, "edge_key": 0, "nearest_node": 49845830, "snap_dist_m": 12.9, "node_dist_m": 67.1 }, "geometry": { "type": "Point", "coordinates": [ -77.0610243, 38.9046112 ] } },
{ "type": "Feature", "properties": { "element": "node", "id": 806600885, "name": "Zenobia Cafe", "amenity": "cafe", "cuisine": "middle_eastern", "edge_u": 49870940, "edge_v": 641054075, "edge_key": 0, "nearest_node": 641054075, "snap_dist_m": 16.3, "node_dist_m": 19.6 }, "geometry": { "type": "Point", "coordinates": [ -77.0609601, 38.903346500000012 ] } },
{ "type": "Feature", "properties": { "element": "node", "id": 806607734, "name": "Patisserie Poupon", "amenity": "cafe", "cuisine": null, "edge_u": 49796897, "edge_v": 4807605970, "edge_key": 0, "nearest_node": 49822928, "snap_dist_m": 16.1, "node_dist_m": 69.4 }, "geometry": { "type": "Point", "coordinates": [ -77.0653559, 38.9115909 ] } },
{ "type": "Feature", "properties": { "element": "node", "id": 806613082, "name": "Susheria", "amenity": "restaurant", "cuisine": "sushi", "edge_u": 641107784, "edge_v": 641119865, "edge_key": 0, "nearest_node": 49870940, "snap_dist_m": 15.5, "node_dist_m": 29.6 }, "geometry": { "type": "Point", "coordinates": [ -77.0614025, 38.9027483 ] } },
{ "type": "Feature", "properties": { "element": "node", "id": 806614381, "name": "Taichi Bubble Tea", "amenity": "cafe", "cuisine": "bubble_tea", "edge_u": 49888809, "edge_v": 49888810, "edge_key": 0, "nearest_node": 49888809, "snap_dist_m": 13.2, "node_dist_m": 23.5 }, "geometry": { "type": "Point", "coordinates": [ -77.0635318, 38.9080774 ] } },
{ "type": "Feature", "properties": { "element": "node", "id": 806614861, "name": "Baked and Wired", "amenity": "cafe", "cuisine": "coffee_shop", "edge_u": 1381251541, "edge_v": 49787640, "edge_key": 0, "nearest_node": 641054075, "snap_dist_m": 25.2, "node_dist_m": 78.7 }, "geometry": { "type": "Point", "coordinates": [ -77.060435, 38.903879 ] } },
{ "type": "Feature", "properties": { "element": "node", "id": 806617165, "name": "Herbivore", "amenity": "restaurant", "cuisine": "indian", "edge_u": 49796897, "edge_v": 4807605970, "edge_key": 0, "nearest_node": 9593199679, "snap_dist_m": 16.6, "node_dist_m": 71.1 }, "geometry": { "type": "Point", "coordinates": [ -77.0652692, 38.9114397 ] } },
{ "type": "Feature", "properties": { "element": "node", "id": 807161971, "name": "Taqueria Al Lado II", "amenity": "restaurant", "cuisine": "mexican", "edge_u": 49774093, "edge_v": 49849131, "edge_key": 0, "nearest_node": 49774093, "snap_dist_m": 19.5, "node_dist_m": 36.6 }, "geometry": { "type": "Point", "coordinates": [ -76.9900154, 38.9004806 ] } },
{ "type": "Feature", "properties": { "element": "node", "id": 807162165, "name": "Feru", "amenity": "restaurant", "cuisine": "ethiopian", "edge_u": 49774093, "edge_v": 49768706, "edge_key": 0, "nearest_node": 49774093, "snap_dist_m": 18.4, "node_dist_m": 26.9 }, "geometry": { "type": "Point", "coordinates": [ -76.9904658, 38.900368 ] } },
{ "type": "Feature", "properties": { "element": "node", "id": 807592195, "name": "54 Noodles Bar", "amenity": "restaurant", "cuisine": "vietnamese", "edge_u": 49745200, "edge_v": 49745195, "edge_key": 0, "nearest_node": 49745195, "snap_dist_m": 21.1, "node_dist_m": 28.8 }, "geometry": { "type": "Point", "coordinates": [ -77.031711, 38.9105707 ] } },
{ "type": "Feature", "properties": { "element": "node", "id": 807596820, "name": "Yum's", "amenity": "fast_food", "cuisine": "chinese", "edge_u": 49745188, "edge_v": 49745193, "edge_key": 0, "nearest_node": 49745193, "snap_dist_m": 20.1, "node_dist_m": 32.0 }, "geometry": { "type": "Point", "coordinates": [ -77.0317196, 38.9094398 ] } },
{ "type": "Feature", "properties": { "element": "node", "id": 807740925, "name": "Rakuya", "amenity": "restaurant", "cuisine": "pan-asian", "edge_u": 2974621123, "edge_v": 49797051, "edge_key": 0, "nearest_node": 49797051, "snap_dist_m": 16.5, "node_dist_m": 25.2 }, "geometry": { "type": "Point", "coordinates": [ -77.0436569, 38.910993200000014 ] } },
{ "type": "Feature", "properties": { "element": "node", "id": 807741591, "name": "La Tomate", "amenity": "restaurant", "cuisine": "italian", "edge_u": 49817499, "edge_v": 49776047, "edge_key": 0, "nearest_node": 49817499, "snap_dist_m": 15.6, "node_dist_m": 43.6 }, "geometry": { "type": "Point", "coordinates": [ -77.0450968, 38.9129983 ] } },
{ "type": "Feature", "properties": { "element": "node", "id": 808100357, "name": "Steak N Egg Diner", "amenity": "restaurant", "cuisine": "american;diner", "edge_u": 3798943055, "edge_v": 49837997, "edge_key": 0, "nearest_node": 3798943055, "snap_dist_m": 22.8, "node_dist_m": 41.7 }, "geometry": { "type": "Point", "coordinates": [ -77.0811579, 38.9512729 ] } },
{ "type": "Feature", "properties": { "element": "node", "id": 809008741, "name": "Parthenon Restaurant & Chevy Chase Lounge", "amenity": "restaurant", "cuisine": "greek", "edge_u": 49820874, "edge_v": 49788610, "edge_key": 0, "nearest_node": 49820874, "snap_dist_m": 28.7, "node_dist_m": 61.2 }, "geometry": { "type": "Point", "coordinates": [ -77.0750801, 38.9634282 ] } },
{ "type": "Feature", "properties": { "element": "node", "id": 809008779, "name": "Mamma Lucia", "amenity": "restaurant", "cuisine": "italian;pizza", "edge_u": 49820874, "edge_v": 49788610, "edge_key": 0, "nearest_node": 49820874, "snap_dist_m": 27.8, "node_dist_m": 51.7 }, "geometry": { "type": "Point", "coordinates": [ -77.0750205, 38.9633464 ] } },
{ "type": "Feature", "properties": { "element": "node", "id": 809402117, "name": "Yerevan", "amenity": "cafe", "cuisine": "armenian", "edge_u": 49882753, "edge_v": 49768440, "edge_key": 0, "nearest_node": 49768440, "snap_dist_m": 15.8, "node_dist_m": 38.5 }, "geometry": { "type": "Point", "coordinates": [ -77.04183, 38.91906 ] } },
{ "type": "Feature", "properties": { "element": "node", "id": 810396000, "name": "Prego Again", "amenity": "cafe", "cuisine": "coffee_shop;sandwich;salad", "edge_u": 49770680, "edge_v": 49816494, "edge_key": 0, "nearest_node": 49770680, "snap_dist_m": 13.4, "node_dist_m": 25.9 }, "geometry": { "type": "Point", "coordinates": [ -77.0382617, 38.911764599999984 ] } },
{ "type": "Feature", "properties": { "element": "node", "id": 810436945, "name": "Bar Japonais", "amenity": "restaurant", "cuisine": "japanese;french", "edge_u": 49745195, "edge_v": 49764341, "edge_key": 0, "nearest_node": 49745195, "snap_dist_m": 12.6, "node_dist_m": 24.3 }, "geometry": { "type": "Point", "coordinates": [ -77.0321945, 38.91028 ] } },
{ "type": "Feature", "properties": { "element": "node", "id": 810477700, "name": "South Block", "amenity": "cafe", "cuisine": "juice;smoothie;coffee;açaí", "edge_u": 49764337, "edge_v": 49745193, "edge_key": 0, "nearest_node": 49745193, "snap_dist_m": 17.5, "node_dist_m": 30.9 }, "geometry": { "type": "Point", "coordinates": [ -77.0322433, 38.9095034 ] } },
{ "type": "Feature", "properties": { "element": "node", "id": 810524392, "name": "Chipotle", "amenity": "fast_food", "cuisine": "mexican", "edge_u": 49825108, "edge_v": 49825121, "edge_key": 0, "nearest_node": 49825108, "snap_dist_m": 14.4, "node_dist_m": 57.7 }, "geometry": { "type": "Point", "coordinates": [ -77.0187634, 38.9030247 ] } },
{ "type": "Feature", "properties": { "element": "node", "id": 810529548, "name": "Mandu", "amenity": "restaurant", "cuisine": "korean", "edge_u": 49825108, "edge_v": 49748223, "edge_key": 0, "nearest_node": 49825108, "snap_dist_m": 33.9, "node_dist_m": 96.1 }, "geometry": { "type": "Point", "coordinates": [ -77.0178927, 38.902825300000011 ] } },
{ "type": "Feature", "properties": { "element": "node", "id": 810580194, "name": "Domino's", "amenity": "fast_food", "cuisine": "pizza", "edge_u": 12974478437, "edge_v": 49842421, "edge_key": 0, "nearest_node": 12974478437, "snap_dist_m": 15.8, "node_dist_m": 31.9 }, "geometry": { "type": "Point", "coordinates": [ -77.003309, 38.908079 ] } },
{ "type": "Feature", "properties": { "element": "node", "id": 810582132, "name": "Full Yum Carry Out", "amenity": "restaurant", "cuisine": "chinese", "edge_u": 647030735, "edge_v": 49776952, "edge_key": 0, "nearest_node": 647030735, "snap_dist_m": 16.6, "node_dist_m": 28.9 }, "geometry": { "type": "Point", "coordinates": [ -77.0087368, 38.9097873 ] } },
{ "type": "Feature", "properties": { "element": "node", "id": 810623012, "name": "Anju", "amenity": "restaurant", "cuisine": "korean", "edge_u": 49758528, "edge_v": 49776031, "edge_key": 0, "nearest_node": 49776031, "snap_dist_m": 15.0, "node_dist_m": 32.1 }, "geometry": { "type": "Point", "coordinates": [ -77.041489, 38.91436 ] } },
{ "type": "Feature", "properties": { "element": "node", "id": 810624054, "name": "Pupatella", "amenity": "restaurant", "cuisine": "pizza;italian", "edge_u": 49758528, "edge_v": 49776031, "edge_key": 0, "nearest_node": 49776031, "snap_dist_m": 15.6, "node_dist_m": 24.4 }, "geometry": { "type": "Point", "coordinates": [ -77.041483, 38.914275 ] } },
{ "type": "Feature", "properties": { "element": "node", "id": 810758239, "name": "V14 Street Lounge", "amenity": "restaurant", "cuisine": "american", "edge_u": 49745243, "edge_v": 49764380, "edge_key": 0, "nearest_node": 49745243, "snap_dist_m": 16.0, "node_dist_m": 30.5 }, "geometry": { "type": "Point", "coordinates": [ -77.0322542, 38.9182589 ] } },
{ "type": "Feature", "properties": { "element": "node", "id": 810758483, "name": "Lupo Verde", "amenity": "restaurant", "cuisine": "italian", "edge_u": 4618716073, "edge_v": 49745232, "edge_key": 0, "nearest_node": 49745232, "snap_dist_m": 13.1, "node_dist_m": 22.7 }, "geometry": { "type": "Point", "coordinates": [ -77.0321712, 38.915704799999986 ] } },
{ "type": "Feature", "properties": { "element": "node", "id": 810759235, "name": "Pizza Boli's", "amenity": "fast_food", "cuisine": "pizza", "edge_u": 49764374, "edge_v": 49765113, "edge_key": 0, "nearest_node": 49764374, "snap_dist_m": 13.4, "node_dist_m": 54.1 }, "geometry": { "type": "Point", "coordinates": [ -77.0351263, 38.9171323 ] } },
{ "type": "Feature", "properties": { "element": "node", "id": 810774997, "name": "Florida Avenue Grill", "amenity": "restaurant", "cuisine": "soul_food", "edge_u": 49773597, "edge_v": 49853710, "edge_key": 0, "nearest_node": 49773597, "snap_dist_m": 14.1, "node_dist_m": 26.4 }, "geometry": { "type": "Point", "coordinates": [ -77.0272831, 38.9206307 ] } },
{ "type": "Feature", "properties": { "element": "node", "id": 810785289, "name": "JJ's Cheesesteaks", "amenity": "fast_food", "cuisine": "cheesesteak", "edge_u": 49745235, "edge_v": 49745240, "edge_key": 0, "nearest_node": 49745240, "snap_dist_m": 20.4, "node_dist_m": 29.5 }, "geometry": { "type": "Point", "coordinates": [ -77.0317168, 38.9168171 ] } },
{ "type": "Feature", "properties": { "element": "node", "id": 810789153, "name": "Taqueria Xochi", "amenity": "restaurant", "cuisine": "mexican", "edge_u": 4807147204, "edge_v": 1017391970, "edge_key": 0, "nearest_node": 1017391970, "snap_dist_m": 18.8, "node_dist_m": 29.5 }, "geometry": { "type": "Point", "coordinates": [ -77.024966, 38.916838199999987 ] } },
{ "type": "Feature", "properties": { "element": "node", "id": 811818522, "name": "Golden China", "amenity": "restaurant", "cuisine": "chinese", "edge_u": 49817415, "edge_v": 1364961088, "edge_key": 0, "nearest_node": 1364961088, "snap_dist_m": 13.3, "node_dist_m": 24.4 }, "geometry": { "type": "Point", "coordinates": [ -77.0196945, 38.9128107 ] } },
{ "type": "Feature", "properties": { "element": "node", "id": 811874867, "name": "Subway", "amenity": "fast_food", "cuisine": "sandwich", "edge_u": 3012784293, "edge_v": 3012784288, "edge_key": 0, "nearest_node": 3012784288, "snap_dist_m": 15.9, "node_dist_m": 25.1 }, "geometry": { "type": "Point", "coordinates": [ -77.0217328, 38.9054749 ] } },
{ "type": "Feature", "properties": { "element": "node", "id": 812044172, "name": "Najjaarra", "amenity": "restaurant", "cuisine": "indian", "edge_u": 49848662, "edge_v": 49796955, "edge_key": 0, "nearest_node": 49848662, "snap_dist_m": 16.1, "node_dist_m": 36.4 }, "geometry": { "type": "Point", "coordinates": [ -77.0119674, 38.911830499999986 ] } },
{ "type": "Feature", "properties": { "element": "node", "id": 812180278, "name": "Darita Pizza", "amenity": "restaurant", "cuisine": "pizza", "edge_u": 11198264287, "edge_v": 641939501, "edge_key": 0, "nearest_node": 641939501, "snap_dist_m": 13.1, "node_dist_m": 39.0 }, "geometry": { "type": "Point", "coordinates": [ -77.0094158, 38.8749298 ] } },
{ "type": "Feature", "properties": { "element": "node", "id": 814315594, "name": "Young Chow", "amenity": "restaurant", "cuisine": "asian", "edge_u": 49773923, "edge_v": 655442847, "edge_key": 0, "nearest_node": 655442847, "snap_dist_m": 21.7, "node_dist_m": 45.9 }, "geometry": { "type": "Point", "coordinates": [ -77.0015133, 38.8871927 ] } },
{ "type": "Feature", "properties": { "element": "node", "id": 814338243, "name": "Perry's Restaurant", "amenity": "restaurant", "cuisine": "japanese", "edge_u": 49801673, "edge_v": 49787453, "edge_key": 0, "nearest_node": 49801673, "snap_dist_m": 21.5, "node_dist_m": 39.4 }, "geometry": { "type": "Point", "coordinates": [ -77.04354, 38.922119 ] } },
{ "type": "Feature", "properties": { "element": "node", "id": 814340134, "name": "Namak", "amenity": "restaurant", "cuisine": "mediterranean", "edge_u": 49801673, "edge_v": 49787453, "edge_key": 0, "nearest_node": 49801673, "snap_dist_m": 21.0, "node_dist_m": 44.1 }, "geometry": { "type": "Point", "coordinates": [ -77.0435557, 38.9220655 ] } },
{ "type": "Feature", "properties": { "element": "node", "id": 815428332, "name": "Old Europe", "amenity": "restaurant", "cuisine": "german", "edge_u": 49843692, "edge_v": 49866935, "edge_key": 0, "nearest_node": 49843692, "snap_dist_m": 20.8, "node_dist_m": 79.7 }, "geometry": { "type": "Point", "coordinates": [ -77.0727455, 38.9218366 ] } },
{ "type": "Feature", "properties": { "element": "node", "id": 823911087, "name": "Songbird", "amenity": "restaurant", "cuisine": "thai", "edge_u": 49786047, "edge_v": 49820874, "edge_key": 0, "nearest_node": 49820874, "snap_dist_m": 28.0, "node_dist_m": 33.9 }, "geometry": { "type": "Point", "coordinates": [ -77.0742994, 38.9633439 ] } },
{ "type": "Feature", "properties": { "element": "node", "id": 826539331, "name": "Bombay Street Food", "amenity": "restaurant", "cuisine": "indian", "edge_u": 49745335, "edge_v": 49847837, "edge_key": 0, "nearest_node": 1804420112, "snap_dist_m": 11.6, "node_dist_m": 58.8 }, "geometry": { "type": "Point", "coordinates": [ -77.0333869, 38.9305909 ] } },
{ "type": "Feature", "properties": { "element": "node", "id": 829736502, "name": "Manny & Olga's", "amenity": "fast_food", "cuisine": "pizza", "edge_u": 49789251, "edge_v": 49776928, "edge_key": 0, "nearest_node": 49789251, "snap_dist_m": 21.4, "node_dist_m": 39.5 }, "geometry": { "type": "Point", "coordinates": [ -77.024311, 38.934781 ] } },
{ "type": "Feature", "properties": { "element": "node", "id": 829739773, "name": "Saint Vincent Wine", "amenity": "restaurant", "cuisine": "breakfast;american;chicken;fondue;french", "edge_u": 49789218, "edge_v": 49789219, "edge_key": 0, "nearest_node": 49789219, "snap_dist_m": 19.0, "node_dist_m": 24.2 }, "geometry": { "type": "Point", "coordinates": [ -77.0236525, 38.930445 ] } },
{ "type": "Feature", "properties": { "element": "node", "id": 834422884, "name": "New Heights", "amenity": "cafe", "cuisine": "american", "edge_u": 49820583, "edge_v": 49787863, "edge_key": 0, "nearest_node": 49787863, "snap_dist_m": 23.3, "node_dist_m": 39.9 }, "geometry": { "type": "Point", "coordinates": [ -77.052246, 38.9237141 ] } },
{ "type": "Feature", "properties": { "element": "node", "id": 834424618, "name": "Open City", "amenity": "cafe", "cuisine": "diner", "edge_u": 49787863, "edge_v": 49787884, "edge_key": 0, "nearest_node": 49787863, "snap_dist_m": 20.9, "node_dist_m": 32.9 }, "geometry": { "type": "Point", "coordinates": [ -77.0523658, 38.9237168 ] } },
{ "type": "Feature", "properties": { "element": "node", "id": 834426759, "name": "Donsak", "amenity": "restaurant", "cuisine": "thai", "edge_u": 49820583, "edge_v": 701602949, "edge_key": 0, "nearest_node": 49787863, "snap_dist_m": 27.8, "node_dist_m": 68.4 }, "geometry": { "type": "Point", "coordinates": [ -77.0521203, 38.9239733 ] } },
{ "type": "Feature", "properties": { "element": "node", "id": 837122883, "name": "Pines of Florence", "amenity": "restaurant", "cuisine": "italian", "edge_u": 49809189, "edge_v": 49797596, "edge_key": 0, "nearest_node": 49797596, "snap_dist_m": 18.7, "node_dist_m": 47.9 }, "geometry": { "type": "Point", "coordinates": [ -77.0443513, 38.905484099999988 ] } },
{ "type": "Feature", "properties": { "element": "node", "id": 837122887, "name": "Ellington Park Bistro", "amenity": "restaurant", "cuisine": "french;american", "edge_u": 49797596, "edge_v": 49741715, "edge_key": 0, "nearest_node": 49741715, "snap_dist_m": 17.8, "node_dist_m": 27.7 }, "geometry": { "type": "Point", "coordinates": [ -77.0464351, 38.9058141 ] } },
{ "type": "Feature", "properties": { "element": "node", "id": 837122889, "name": "District Taco", "amenity": "fast_food", "cuisine": "mexican", "edge_u": 49797596, "edge_v": 49797601, "edge_key": 0, "nearest_node": 49797596, "snap_dist_m": 16.7, "node_dist_m": 26.3 }, "geometry": { "type": "Point", "coordinates": [ -77.0446657, 38.9058351 ] } },
{ "type": "Feature", "properties": { "element": "node", "id": 837122892, "name": "Eggoholic", "amenity": "restaurant", "cuisine": "indian;egg", "edge_u": 49809189, "edge_v": 49797596, "edge_key": 0, "nearest_node": 49797596, "snap_dist_m": 18.8, "node_dist_m": 43.1 }, "geometry": { "type": "Point", "coordinates": [ -77.0444119, 38.9054835 ] } },
{ "type": "Feature", "properties": { "element": "node", "id": 837802841, "name": "Spice", "amenity": "restaurant", "cuisine": "caribbean", "edge_u": 49852795, "edge_v": 49789275, "edge_key": 0, "nearest_node": 49789275, "snap_dist_m": 18.8, "node_dist_m": 43.6 }, "geometry": { "type": "Point", "coordinates": [ -77.0245028, 38.939587599999982 ] } },
{ "type": "Feature", "properties": { "element": "node", "id": 837825225, "name": "Cinder Neighborhood Barbeque", "amenity": "restaurant", "cuisine": "barbecue", "edge_u": 49826461, "edge_v": 49752621, "edge_key": 0, "nearest_node": 49752621, "snap_dist_m": 18.1, "node_dist_m": 25.6 }, "geometry": { "type": "Point", "coordinates": [ -77.023545, 38.9417593 ] } },
{ "type": "Feature", "properties": { "element": "node", "id": 837827539, "name": "Ice N Slice Eatery", "amenity": "restaurant", "cuisine": "ethiopian;american;pizza;smoothie", "edge_u": 49852795, "edge_v": 49789275, "edge_key": 0, "nearest_node": 49789275, "snap_dist_m": 16.6, "node_dist_m": 27.4 }, "geometry": { "type": "Point", "coordinates": [ -77.0247055, 38.939602 ] } },
{ "type": "Feature", "properties": { "element": "node", "id": 837830320, "name": "Little Food Studio", "amenity": "cafe", "cuisine": null, "edge_u": 49752621, "edge_v": 49752628, "edge_key": 0, "nearest_node": 49752628, "snap_dist_m": 15.2, "node_dist_m": 26.3 }, "geometry": { "type": "Point", "coordinates": [ -77.0248231, 38.9420261 ] } },
{ "type": "Feature", "properties": { "element": "node", "id": 849596198, "name": "Starbucks", "amenity": "cafe", "cuisine": "coffee_shop", "edge_u": 49735527, "edge_v": 2795614002, "edge_key": 0, "nearest_node": 2795614002, "snap_dist_m": 17.0, "node_dist_m": 28.0 }, "geometry": { "type": "Point", "coordinates": [ -77.064239, 38.9444744 ] } },
{ "type": "Feature", "properties": { "element": "node", "id": 850208840, "name": "Apple's Carry-Out", "amenity": "fast_food", "cuisine": null, "edge_u": 49732230, "edge_v": 49898275, "edge_key": 0, "nearest_node": 49898275, "snap_dist_m": 8.1, "node_dist_m": 11.3 }, "geometry": { "type": "Point", "coordinates": [ -77.0282178, 38.9615802 ] } },
{ "type": "Feature", "properties": { "element": "node", "id": 872962387, "name": "Sacrificial Lamb", "amenity": "fast_food", "cuisine": "indian", "edge_u": 49770684, "edge_v": 49765088, "edge_key": 0, "nearest_node": 49770684, "snap_dist_m": 16.5, "node_dist_m": 34.5 }, "geometry": { "type": "Point", "coordinates": [ -77.0388433, 38.912461799999988 ] } },
{ "type": "Feature", "properties": { "element": "node", "id": 872963963, "name": "Dupont Italian Kitchen", "amenity": "restaurant", "cuisine": "italian", "edge_u": 49817467, "edge_v": 49770684, "edge_key": 0, "nearest_node": 49770684, "snap_dist_m": 22.3, "node_dist_m": 30.6 }, "geometry": { "type": "Point", "coordinates": [ -77.038252, 38.912409 ] } },
{ "type": "Feature", "properties": { "element": "node", "id": 874685167, "name": "Pret A Manger", "amenity": "fast_food", "cuisine": "sandwich", "edge_u": 49799633, "edge_v": 3013407820, "edge_key": 0, "nearest_node": 3013407820, "snap_dist_m": 22.8, "node_dist_m": 36.3 }, "geometry": { "type": "Point", "coordinates": [ -77.027366, 38.897563 ] } },
{ "type": "Feature", "properties": { "element": "node", "id": 875991793, "name": "Momoyama", "amenity": "restaurant", "cuisine": "japanese", "edge_u": 49748627, "edge_v": 642563700, "edge_key": 0, "nearest_node": 642563716, "snap_dist_m": 15.2, "node_dist_m": 56.7 }, "geometry": { "type": "Point", "coordinates": [ -77.013462, 38.8931863 ] } },
{ "type": "Feature", "properties": { "element": "node", "id": 875991911, "name": "Hamilton's Bar and Grill", "amenity": "restaurant", "cuisine": "american", "edge_u": 49748627, "edge_v": 642563700, "edge_key": 0, "nearest_node": 642563716, "snap_dist_m": 16.8, "node_dist_m": 50.4 }, "geometry": { "type": "Point", "coordinates": [ -77.0134424, 38.893256 ] } },
{ "type": "Feature", "properties": { "element": "node", "id": 876088399, "name": "Food Corner Kabob & Rotisserie", "amenity": "restaurant", "cuisine": "international", "edge_u": 49749470, "edge_v": 49749379, "edge_key": 0, "nearest_node": 49749379, "snap_dist_m": 14.5, "node_dist_m": 54.4 }, "geometry": { "type": "Point", "coordinates": [ -77.0218261, 38.9205156 ] } },
{ "type": "Feature", "properties": { "element": "node", "id": 876098064, "name": "Subway", "amenity": "fast_food", "cuisine": "sandwich", "edge_u": 49749379, "edge_v": 49749470, "edge_key": 0, "nearest_node": 49749379, "snap_dist_m": 14.8, "node_dist_m": 31.9 }, "geometry": { "type": "Point", "coordinates": [ -77.0218535, 38.9207324 ] } },
{ "type": "Feature", "properties": { "element": "node", "id": 876098199, "name": "Negril", "amenity": "restaurant", "cuisine": "jamaican", "edge_u": 49749470, "edge_v": 49749379, "edge_key": 0, "nearest_node": 49749379, "snap_dist_m": 14.8, "node_dist_m": 48.0 }, "geometry": { "type": "Point", "coordinates": [ -77.021831, 38.920576 ] } },
{ "type": "Feature", "properties": { "element": "node", "id": 904053647, "name": "Potbelly", "amenity": "fast_food", "cuisine": "sandwich", "edge_u": 49839137, "edge_v": 49783079, "edge_key": 0, "nearest_node": 49783079, "snap_dist_m": 21.9, "node_dist_m": 21.9 }, "geometry": { "type": "Point", "coordinates": [ -77.005632, 38.906441400000013 ] } },
{ "type": "Feature", "properties": { "element": "node", "id": 904092546, "name": "Pizza Movers", "amenity": "fast_food", "cuisine": "pizza", "edge_u": 4807605970, "edge_v": 49796897, "edge_key": 0, "nearest_node": 49822928, "snap_dist_m": 20.7, "node_dist_m": 61.1 }, "geometry": { "type": "Point", "coordinates": [ -77.065678, 38.911333 ] } },
{ "type": "Feature", "properties": { "element": "node", "id": 904122228, "name": "Bean Counter", "amenity": "cafe", "cuisine": null, "edge_u": 4807605970, "edge_v": 49796897, "edge_key": 0, "nearest_node": 4807605970, "snap_dist_m": 11.3, "node_dist_m": 44.5 }, "geometry": { "type": "Point", "coordinates": [ -77.0656742, 38.9120804 ] } },
{ "type": "Feature", "properties": { "element": "node", "id": 925567205, "name": "Peregrine Espresso", "amenity": "cafe", "cuisine": null, "edge_u": 655442853, "edge_v": 49776461, "edge_key": 0, "nearest_node": 655442853, "snap_dist_m": 16.9, "node_dist_m": 43.0 }, "geometry": { "type": "Point", "coordinates": [ -76.9963701, 38.8851511 ] } },
{ "type": "Feature", "properties": { "element": "node", "id": 934092844, "name": "Subway", "amenity": "fast_food", "cuisine": "sandwich", "edge_u": 641116273, "edge_v": 633923936, "edge_key": 0, "nearest_node": 641116273, "snap_dist_m": 15.3, "node_dist_m": 16.6 }, "geometry": { "type": "Point", "coordinates": [ -77.046117, 38.902781 ] } },
{ "type": "Feature", "properties": { "element": "node", "id": 939448561, "name": "Bon Appétit Marketplace", "amenity": "fast_food", "cuisine": null, "edge_u": 2167451953, "edge_v": 2167451939, "edge_key": 0, "nearest_node": 2167451939, "snap_dist_m": 44.0, "node_dist_m": 172.8 }, "geometry": { "type": "Point", "coordinates": [ -76.9933672, 38.906536799999976 ] } },
{ "type": "Feature", "properties": { "element": "node", "id": 939458547, "name": "The Bistro", "amenity": "restaurant", "cuisine": null, "edge_u": 2167451953, "edge_v": 2167451939, "edge_key": 0, "nearest_node": 49816388, "snap_dist_m": 38.0, "node_dist_m": 234.6 }, "geometry": { "type": "Point", "coordinates": [ -76.9952232, 38.9075094 ] } },
{ "type": "Feature", "properties": { "element": "node", "id": 978051610, "name": "Potbelly", "amenity": "fast_food", "cuisine": "sandwich", "edge_u": 11261031475, "edge_v": 5445789508, "edge_key": 0, "nearest_node": 11261031475, "snap_dist_m": 21.4, "node_dist_m": 31.3 }, "geometry": { "type": "Point", "coordinates": [ -77.038248, 38.903546 ] } },
{ "type": "Feature", "properties": { "element": "node", "id": 978051659, "name": "Peet's Coffee", "amenity": "cafe", "cuisine": "coffee_shop", "edge_u": 11261031475, "edge_v": 5445789508, "edge_key": 0, "nearest_node": 9136825813, "snap_dist_m": 22.1, "node_dist_m": 36.8 }, "geometry": { "type": "Point", "coordinates": [ -77.038132, 38.903939 ] } },
{ "type": "Feature", "properties": { "element": "node", "id": 982859838, "name": "Cafe Twelve", "amenity": "cafe", "cuisine": null, "edge_u": 655662040, "edge_v": 650017956, "edge_key": 0, "nearest_node": 650017956, "snap_dist_m": 20.1, "node_dist_m": 41.9 }, "geometry": { "type": "Point", "coordinates": [ -77.0283376, 38.884133799999979 ] } },
{ "type": "Feature", "properties": { "element": "node", "id": 982859859, "name": "Starbucks", "amenity": "cafe", "cuisine": "coffee_shop", "edge_u": 3010525209, "edge_v": 982859843, "edge_key": 0, "nearest_node": 982859843, "snap_dist_m": 17.7, "node_dist_m": 22.7 }, "geometry": { "type": "Point", "coordinates": [ -77.029584200000016, 38.8844745 ] } },
{ "type": "Feature", "properties": { "element": "node", "id": 985944477, "name": "Pollo Campero", "amenity": "fast_food", "cuisine": "chicken", "edge_u": 49813499, "edge_v": 49745335, "edge_key": 0, "nearest_node": 1804420109, "snap_dist_m": 21.3, "node_dist_m": 41.2 }, "geometry": { "type": "Point", "coordinates": [ -77.032142, 38.930087 ] } },
{ "type": "Feature", "properties": { "element": "node", "id": 990458415, "name": null, "amenity": "restaurant", "cuisine": "pizza;salad", "edge_u": 49747466, "edge_v": 49764867, "edge_key": 0, "nearest_node": 49764867, "snap_dist_m": 16.1, "node_dist_m": 40.3 }, "geometry": { "type": "Point", "coordinates": [ -77.00608010000002, 38.8778669 ] } },
{ "type": "Feature", "properties": { "element": "node", "id": 1020922828, "name": "Sonoma Restaurant and Wine Bar", "amenity": "restaurant", "cuisine": "american", "edge_u": 655442838, "edge_v": 49756892, "edge_key": 0, "nearest_node": 655442852, "snap_dist_m": 19.5, "node_dist_m": 42.0 }, "geometry": { "type": "Point", "coordinates": [ -77.0026388, 38.887005599999988 ] } },
{ "type": "Feature", "properties": { "element": "node", "id": 1065887591, "name": "Cactus Cantina", "amenity": "restaurant", "cuisine": "mexican", "edge_u": 12305015449, "edge_v": 49881497, "edge_key": 0, "nearest_node": 49881497, "snap_dist_m": 23.7, "node_dist_m": 34.9 }, "geometry": { "type": "Point", "coordinates": [ -77.07271, 38.9336983 ] } },
{ "type": "Feature", "properties": { "element": "node", "id": 1065890982, "name": "Barcelona Wine Bar", "amenity": "restaurant", "cuisine": "catalan", "edge_u": 49752200, "edge_v": 49881497, "edge_key": 0, "nearest_node": 49881497, "snap_dist_m": 24.3, "node_dist_m": 47.2 }, "geometry": { "type": "Point", "coordinates": [ -77.0726922, 38.933850199999981 ] } },
{ "type": "Feature", "properties": { "element": "node", "id": 1065927167, "name": "La Piquette", "amenity": "restaurant", "cuisine": "french", "edge_u": 49881497, "edge_v": 12305015449, "edge_key": 0, "nearest_node": 49881497, "snap_dist_m": 15.8, "node_dist_m": 61.7 }, "geometry": { "type": "Point", "coordinates": [ -77.0731, 38.9333395 ] } },
{ "type": "Feature", "properties": { "element": "node", "id": 1065935245, "name": "Heritage India", "amenity": "restaurant", "cuisine": "indian", "edge_u": 49881497, "edge_v": 12305015449, "edge_key": 0, "nearest_node": 49881497, "snap_dist_m": 20.0, "node_dist_m": 34.0 }, "geometry": { "type": "Point", "coordinates": [ -77.072729, 38.9333039 ] } },
{ "type": "Feature", "properties": { "element": "node", "id": 1066037564, "name": "Byblos Deli", "amenity": "fast_food", "cuisine": "mediterranean", "edge_u": 49805505, "edge_v": 49752115, "edge_key": 0, "nearest_node": 49752115, "snap_dist_m": 25.7, "node_dist_m": 78.3 }, "geometry": { "type": "Point", "coordinates": [ -77.0583024, 38.9346466 ] } },
{ "type": "Feature", "properties": { "element": "node", "id": 1066046909, "name": "Cracked Eggery", "amenity": "restaurant", "cuisine": "breakfast", "edge_u": 49805505, "edge_v": 49752115, "edge_key": 0, "nearest_node": 49805505, "snap_dist_m": 30.6, "node_dist_m": 89.8 }, "geometry": { "type": "Point", "coordinates": [ -77.058434, 38.934766 ] } },
{ "type": "Feature", "properties": { "element": "node", "id": 1066788789, "name": "Planet Smoothie", "amenity": "fast_food", "cuisine": "smoothie", "edge_u": 49805505, "edge_v": 49761393, "edge_key": 0, "nearest_node": 49805505, "snap_dist_m": 25.2, "node_dist_m": 51.9 }, "geometry": { "type": "Point", "coordinates": [ -77.0579552, 38.935734300000014 ] } },
{ "type": "Feature", "properties": { "element": "node", "id": 1066791913, "name": "Buffalo & Bergen", "amenity": "cafe", "cuisine": "sandwich", "edge_u": 49805505, "edge_v": 49761393, "edge_key": 0, "nearest_node": 49805505, "snap_dist_m": 18.8, "node_dist_m": 53.4 }, "geometry": { "type": "Point", "coordinates": [ -77.0579141, 38.9356705 ] } },
{ "type": "Feature", "properties": { "element": "node", "id": 1066856899, "name": "Turning Natural", "amenity": "cafe", "cuisine": "juice", "edge_u": 49748151, "edge_v": 49802852, "edge_key": 0, "nearest_node": 49748151, "snap_dist_m": 15.7, "node_dist_m": 23.7 }, "geometry": { "type": "Point", "coordinates": [ -77.017826, 38.9734651 ] } },
{ "type": "Feature", "properties": { "element": "node", "id": 1066861256, "name": "Lost Sock", "amenity": "cafe", "cuisine": null, "edge_u": 9257612257, "edge_v": 49748151, "edge_key": 0, "nearest_node": 49748151, "snap_dist_m": 17.7, "node_dist_m": 37.4 }, "geometry": { "type": "Point", "coordinates": [ -77.01782750000001, 38.9733098 ] } },
{ "type": "Feature", "properties": { "element": "node", "id": 1067837942, "name": "El Dorado Bread", "amenity": "restaurant", "cuisine": "mexican", "edge_u": 49789379, "edge_v": 49789376, "edge_key": 0, "nearest_node": 49789376, "snap_dist_m": 34.8, "node_dist_m": 63.7 }, "geometry": { "type": "Point", "coordinates": [ -77.027263, 38.96541 ] } },
{ "type": "Feature", "properties": { "element": "node", "id": 1067838903, "name": "China Taste Carryout", "amenity": "fast_food", "cuisine": "chinese", "edge_u": 49789379, "edge_v": 49789376, "edge_key": 0, "nearest_node": 49789379, "snap_dist_m": 16.9, "node_dist_m": 64.1 }, "geometry": { "type": "Point", "coordinates": [ -77.0274556, 38.9655747 ] } },
{ "type": "Feature", "properties": { "element": "node", "id": 1115021850, "name": "Peet's Coffee", "amenity": "cafe", "cuisine": "coffee_shop", "edge_u": 49783079, "edge_v": 49842421, "edge_key": 0, "nearest_node": 49783079, "snap_dist_m": 22.7, "node_dist_m": 41.2 }, "geometry": { "type": "Point", "coordinates": [ -77.0056234, 38.9067571 ] } },
{ "type": "Feature", "properties": { "element": "node", "id": 1218539023, "name": "Starbucks", "amenity": "cafe", "cuisine": "coffee_shop", "edge_u": 8288816498, "edge_v": 10125817774, "edge_key": 0, "nearest_node": 8288816498, "snap_dist_m": 74.8, "node_dist_m": 83.9 }, "geometry": { "type": "Point", "coordinates": [ -77.0749547, 38.9101453 ] } },
{ "type": "Feature", "properties": { "element": "node", "id": 1218539027, "name": "Faculty Club", "amenity": "restaurant", "cuisine": null, "edge_u": 310957741, "edge_v": 8288816498, "edge_key": 0, "nearest_node": 1205178199, "snap_dist_m": 79.2, "node_dist_m": 92.0 }, "geometry": { "type": "Point", "coordinates": [ -77.0750094, 38.909697300000019 ] } },
{ "type": "Feature", "properties": { "element": "node", "id": 1218539029, "name": "Uncommon Grounds", "amenity": "cafe", "cuisine": null, "edge_u": 310957741, "edge_v": 1205178199, "edge_key": 0, "nearest_node": 1205178199, "snap_dist_m": 60.0, "node_dist_m": 60.0 }, "geometry": { "type": "Point", "coordinates": [ -77.0746194, 38.9098107 ] } },
{ "type": "Feature", "properties": { "element": "node", "id": 1233197339, "name": "Starbucks", "amenity": "cafe", "cuisine": "coffee_shop", "edge_u": 11831784025, "edge_v": 642044494, "edge_key": 0, "nearest_node": 642044494, "snap_dist_m": 801.7, "node_dist_m": 805.5 }, "geometry": { "type": "Point", "coordinates": [ -77.0179049, 38.8435064 ] } },
{ "type": "Feature", "properties": { "element": "node", "id": 1242700793, "name": "Dyllan’s Raw Bar Grill", "amenity": "restaurant", "cuisine": "seafood", "edge_u": 49845830, "edge_v": 641054075, "edge_key": 0, "nearest_node": 49845830, "snap_dist_m": 11.6, "node_dist_m": 82.3 }, "geometry": { "type": "Point", "coordinates": [ -77.0613029, 38.9044669 ] } },
{ "type": "Feature", "properties": { "element": "node", "id": 1276325781, "name": "The Greek Spot", "amenity": "fast_food", "cuisine": "greek;gyro;sandwich", "edge_u": 49773581, "edge_v": 49773590, "edge_key": 0, "nearest_node": 49773581, "snap_dist_m": 20.4, "node_dist_m": 62.8 }, "geometry": { "type": "Point", "coordinates": [ -77.0268032, 38.9175413 ] } },
{ "type": "Feature", "properties": { "element": "node", "id": 1333685835, "name": "IHOP", "amenity": "restaurant", "cuisine": "breakfast;pancake", "edge_u": 49772615, "edge_v": 5698252199, "edge_key": 0, "nearest_node": 49772615, "snap_dist_m": 17.2, "node_dist_m": 85.9 }, "geometry": { "type": "Point", "coordinates": [ -77.0336861, 38.9288994 ] } },
{ "type": "Feature", "properties": { "element": "node", "id": 1360061099, "name": "McDonald's", "amenity": "fast_food", "cuisine": "burger", "edge_u": 642885424, "edge_v": 49789369, "edge_key": 0, "nearest_node": 49789369, "snap_dist_m": 33.6, "node_dist_m": 50.8 }, "geometry": { "type": "Point", "coordinates": [ -77.028304, 38.9623786 ] } },
{ "type": "Feature", "properties": { "element": "node", "id": 1382526714, "name": "McDonald's", "amenity": "fast_food", "cuisine": "burger", "edge_u": 1484481543, "edge_v": 1484481512, "edge_key": 0, "nearest_node": 1484481512, "snap_dist_m": 27.8, "node_dist_m": 80.2 }, "geometry": { "type": "Point", "coordinates": [ -76.9802195, 38.8992483 ] } },
{ "type": "Feature", "properties": { "element": "node", "id": 1416494712, "name": "My Own Pizza", "amenity": "fast_food", "cuisine": "pizza", "edge_u": 49777556, "edge_v": 49779839, "edge_key": 0, "nearest_node": 49777556, "snap_dist_m": 16.5, "node_dist_m": 41.8 }, "geometry": { "type": "Point", "coordinates": [ -77.0180006, 38.8858932 ] } },
{ "type": "Feature", "properties": { "element": "node", "id": 1416494713, "name": "Starbucks", "amenity": "cafe", "cuisine": "coffee_shop", "edge_u": 49777556, "edge_v": 49779839, "edge_key": 0, "nearest_node": 49779839, "snap_dist_m": 18.6, "node_dist_m": 27.7 }, "geometry": { "type": "Point", "coordinates": [ -77.019674, 38.885881 ] } },
{ "type": "Feature", "properties": { "element": "node", "id": 1416494715, "name": "McDonald's", "amenity": "fast_food", "cuisine": "burger", "edge_u": 49777556, "edge_v": 49779839, "edge_key": 0, "nearest_node": 49777556, "snap_dist_m": 17.3, "node_dist_m": 29.2 }, "geometry": { "type": "Point", "coordinates": [ -77.017829, 38.8858849 ] } },
{ "type": "Feature", "properties": { "element": "node", "id": 1422466837, "name": "Gordon Ramsay Street Pizza", "amenity": "restaurant", "cuisine": "pizza", "edge_u": 3378222899, "edge_v": 49772964, "edge_key": 0, "nearest_node": 49772964, "snap_dist_m": 19.6, "node_dist_m": 33.8 }, "geometry": { "type": "Point", "coordinates": [ -77.0216908, 38.8963842 ] } },
{ "type": "Feature", "properties": { "element": "node", "id": 1424881530, "name": "Potbelly", "amenity": "fast_food", "cuisine": "sandwich", "edge_u": 49828475, "edge_v": 49820727, "edge_key": 0, "nearest_node": 49820727, "snap_dist_m": 14.6, "node_dist_m": 35.3 }, "geometry": { "type": "Point", "coordinates": [ -77.0646422, 38.945623 ] } },
{ "type": "Feature", "properties": { "element": "node", "id": 1425506224, "name": "The Pretzel Bakery", "amenity": "cafe", "cuisine": "pretzel;coffee_shop", "edge_u": 49776416, "edge_v": 49772320, "edge_key": 0, "nearest_node": 49776416, "snap_dist_m": 13.6, "node_dist_m": 20.4 }, "geometry": { "type": "Point", "coordinates": [ -76.9838366, 38.885484 ] } },
{ "type": "Feature", "properties": { "element": "node", "id": 1427151077, "name": "Atrium Cafe", "amenity": "fast_food", "cuisine": null, "edge_u": 3669554865, "edge_v": 3669554866, "edge_key": 0, "nearest_node": 3669554866, "snap_dist_m": 23.8, "node_dist_m": 42.8 }, "geometry": { "type": "Point", "coordinates": [ -77.0242552, 38.8993814 ] } },
{ "type": "Feature", "properties": { "element": "node", "id": 1474747373, "name": "McDonald's", "amenity": "fast_food", "cuisine": "burger", "edge_u": 49794047, "edge_v": 49809919, "edge_key": 0, "nearest_node": 1474747464, "snap_dist_m": 32.9, "node_dist_m": 45.7 }, "geometry": { "type": "Point", "coordinates": [ -76.9499393, 38.8934235 ] } },
{ "type": "Feature", "properties": { "element": "node", "id": 1475707377, "name": "Domino's", "amenity": "fast_food", "cuisine": "pizza", "edge_u": 49793990, "edge_v": 49793983, "edge_key": 0, "nearest_node": 49793983, "snap_dist_m": 28.2, "node_dist_m": 29.2 }, "geometry": { "type": "Point", "coordinates": [ -76.9517364, 38.8921521 ] } },
{ "type": "Feature", "properties": { "element": "node", "id": 1584935434, "name": "Subway", "amenity": "fast_food", "cuisine": "sandwich", "edge_u": 49745240, "edge_v": 49809721, "edge_key": 0, "nearest_node": 49745240, "snap_dist_m": 15.4, "node_dist_m": 23.8 }, "geometry": { "type": "Point", "coordinates": [ -77.0317421, 38.9171459 ] } },
{ "type": "Feature", "properties": { "element": "node", "id": 1592873132, "name": "The Den Coffeehouse", "amenity": "cafe", "cuisine": "coffee_shop", "edge_u": 49820820, "edge_v": 49720045, "edge_key": 0, "nearest_node": 49784285, "snap_dist_m": 40.6, "node_dist_m": 53.1 }, "geometry": { "type": "Point", "coordinates": [ -77.0695948, 38.955503 ] } },
{ "type": "Feature", "properties": { "element": "node", "id": 1626377260, "name": "Amy Grill & Graze", "amenity": "restaurant", "cuisine": null, "edge_u": 49817406, "edge_v": 49817413, "edge_key": 0, "nearest_node": 49817406, "snap_dist_m": 15.6, "node_dist_m": 37.1 }, "geometry": { "type": "Point", "coordinates": [ -77.0177495, 38.912746299999981 ] } },
{ "type": "Feature", "properties": { "element": "node", "id": 1652367001, "name": "Roti Mediterranean Grill", "amenity": "restaurant", "cuisine": "greek", "edge_u": 49783079, "edge_v": 49842421, "edge_key": 0, "nearest_node": 49783079, "snap_dist_m": 22.3, "node_dist_m": 27.6 }, "geometry": { "type": "Point", "coordinates": [ -77.005628, 38.9065945 ] } },
{ "type": "Feature", "properties": { "element": "node", "id": 1668199595, "name": "Chipotle", "amenity": "fast_food", "cuisine": "mexican", "edge_u": 5698252199, "edge_v": 49745335, "edge_key": 0, "nearest_node": 49745335, "snap_dist_m": 18.6, "node_dist_m": 65.1 }, "geometry": { "type": "Point", "coordinates": [ -77.0325131, 38.929655700000012 ] } },
{ "type": "Feature", "properties": { "element": "node", "id": 1671413948, "name": "Los Hermanos", "amenity": "restaurant", "cuisine": "dominican", "edge_u": 49745335, "edge_v": 49847837, "edge_key": 0, "nearest_node": 1804420112, "snap_dist_m": 14.3, "node_dist_m": 96.7 }, "geometry": { "type": "Point", "coordinates": [ -77.0338325, 38.9305009 ] } },
{ "type": "Feature", "properties": { "element": "node", "id": 1784870447, "name": "Fish in the Neighborhood", "amenity": "restaurant", "cuisine": "fish", "edge_u": 49841884, "edge_v": 49789251, "edge_key": 0, "nearest_node": 49789251, "snap_dist_m": 14.0, "node_dist_m": 21.7 }, "geometry": { "type": "Point", "coordinates": [ -77.0238515, 38.9346494 ] } },
{ "type": "Feature", "properties": { "element": "node", "id": 1784884975, "name": "Pantry Thai & Sushi", "amenity": "restaurant", "cuisine": "thai", "edge_u": 1021561602, "edge_v": 49789264, "edge_key": 0, "nearest_node": 1021561602, "snap_dist_m": 23.3, "node_dist_m": 34.7 }, "geometry": { "type": "Point", "coordinates": [ -77.0246018, 38.936613499999986 ] } },
{ "type": "Feature", "properties": { "element": "node", "id": 1784884976, "name": "Subway", "amenity": "fast_food", "cuisine": "sandwich", "edge_u": 49789264, "edge_v": 1021561602, "edge_key": 0, "nearest_node": 1021561602, "snap_dist_m": 22.3, "node_dist_m": 40.0 }, "geometry": { "type": "Point", "coordinates": [ -77.0246013, 38.9366814 ] } },
{ "type": "Feature", "properties": { "element": "node", "id": 1827013271, "name": "Bacio Pizzeria", "amenity": "fast_food", "cuisine": "pizza", "edge_u": 647044202, "edge_v": 49848686, "edge_key": 0, "nearest_node": 49848686, "snap_dist_m": 13.7, "node_dist_m": 44.0 }, "geometry": { "type": "Point", "coordinates": [ -77.0116735, 38.9149503 ] } },
{ "type": "Feature", "properties": { "element": "node", "id": 1866785526, "name": "Johnny Rockets", "amenity": "restaurant", "cuisine": "burger", "edge_u": 49775608, "edge_v": 49764326, "edge_key": 0, "nearest_node": 49764326, "snap_dist_m": 20.8, "node_dist_m": 41.5 }, "geometry": { "type": "Point", "coordinates": [ -77.0350228, 38.9079795 ] } },
{ "type": "Feature", "properties": { "element": "node", "id": 1911661702, "name": "The Pembroke", "amenity": "restaurant", "cuisine": "french;mediterranean", "edge_u": 1243973943, "edge_v": 49797051, "edge_key": 0, "nearest_node": 1243973943, "snap_dist_m": 22.0, "node_dist_m": 29.9 }, "geometry": { "type": "Point", "coordinates": [ -77.0431886, 38.9106393 ] } },
{ "type": "Feature", "properties": { "element": "node", "id": 1911661703, "name": "Agora", "amenity": "restaurant", "cuisine": "turkish;mediterranean", "edge_u": 49770676, "edge_v": 49770672, "edge_key": 0, "nearest_node": 49770672, "snap_dist_m": 23.6, "node_dist_m": 35.7 }, "geometry": { "type": "Point", "coordinates": [ -77.038250600000012, 38.9106296 ] } },
{ "type": "Feature", "properties": { "element": "node", "id": 1911661704, "name": "Subway", "amenity": "fast_food", "cuisine": "sandwich", "edge_u": 2974621123, "edge_v": 1379505588, "edge_key": 0, "nearest_node": 2974621123, "snap_dist_m": 13.3, "node_dist_m": 36.8 }, "geometry": { "type": "Point", "coordinates": [ -77.0441997, 38.911472700000019 ] } },
{ "type": "Feature", "properties": { "element": "node", "id": 1912289096, "name": "Pops Legasea", "amenity": "restaurant", "cuisine": "seafood", "edge_u": 49845726, "edge_v": 49809189, "edge_key": 0, "nearest_node": 49809189, "snap_dist_m": 16.7, "node_dist_m": 41.9 }, "geometry": { "type": "Point", "coordinates": [ -77.0430038, 38.9057895 ] } },
{ "type": "Feature", "properties": { "element": "node", "id": 1948151456, "name": "The Coupe", "amenity": "restaurant", "cuisine": "american;coffee_shop", "edge_u": 49773653, "edge_v": 49788660, "edge_key": 0, "nearest_node": 49773653, "snap_dist_m": 14.1, "node_dist_m": 21.0 }, "geometry": { "type": "Point", "coordinates": [ -77.0282624, 38.932732699999981 ] } },
{ "type": "Feature", "properties": { "element": "node", "id": 1948154933, "name": "El Jardin", "amenity": "restaurant", "cuisine": "mexican", "edge_u": 49773653, "edge_v": 49773647, "edge_key": 0, "nearest_node": 49773653, "snap_dist_m": 19.1, "node_dist_m": 55.0 }, "geometry": { "type": "Point", "coordinates": [ -77.028602, 38.932302799999981 ] } },
{ "type": "Feature", "properties": { "element": "node", "id": 1983196726, "name": "Bean & Bite", "amenity": "cafe", "cuisine": null, "edge_u": 49764314, "edge_v": 4597151559, "edge_key": 0, "nearest_node": 49764314, "snap_dist_m": 23.0, "node_dist_m": 73.0 }, "geometry": { "type": "Point", "coordinates": [ -77.0348363, 38.905024499999989 ] } },
{ "type": "Feature", "properties": { "element": "node", "id": 2015788365, "name": "Dunkin'", "amenity": "fast_food", "cuisine": "donut;coffee_shop", "edge_u": 633923743, "edge_v": 49741673, "edge_key": 0, "nearest_node": 49741673, "snap_dist_m": 16.9, "node_dist_m": 50.2 }, "geometry": { "type": "Point", "coordinates": [ -77.0461405, 38.8961738 ] } },
{ "type": "Feature", "properties": { "element": "node", "id": 2043201535, "name": "Station 4", "amenity": "restaurant", "cuisine": "american", "edge_u": 2502976209, "edge_v": 8146198871, "edge_key": 0, "nearest_node": 8146198871, "snap_dist_m": 21.0, "node_dist_m": 32.6 }, "geometry": { "type": "Point", "coordinates": [ -77.0179718, 38.8773835 ] } },
{ "type": "Feature", "properties": { "element": "node", "id": 2043201536, "name": "All About Burger", "amenity": "fast_food", "cuisine": "burger", "edge_u": 2502976209, "edge_v": 8146198871, "edge_key": 0, "nearest_node": 8146198871, "snap_dist_m": 55.8, "node_dist_m": 58.7 }, "geometry": { "type": "Point", "coordinates": [ -77.0183769, 38.877354700000012 ] } },
{ "type": "Feature", "properties": { "element": "node", "id": 2043203802, "name": "Starbucks", "amenity": "cafe", "cuisine": "coffee_shop", "edge_u": 11198779769, "edge_v": 2502976209, "edge_key": 0, "nearest_node": 2502976209, "snap_dist_m": 21.3, "node_dist_m": 29.7 }, "geometry": { "type": "Point", "coordinates": [ -77.017402, 38.877524100000024 ] } },
{ "type": "Feature", "properties": { "element": "node", "id": 2043206191, "name": "Subway", "amenity": "fast_food", "cuisine": "sandwich", "edge_u": 49777586, "edge_v": 2502976209, "edge_key": 0, "nearest_node": 2502976209, "snap_dist_m": 20.6, "node_dist_m": 29.9 }, "geometry": { "type": "Point", "coordinates": [ -77.0178785, 38.877907200000017 ] } },
{ "type": "Feature", "properties": { "element": "node", "id": 2048917250, "name": "DC Stone Pizza", "amenity": "fast_food", "cuisine": "pizza", "edge_u": 49764374, "edge_v": 49765113, "edge_key": 0, "nearest_node": 49764374, "snap_dist_m": 13.8, "node_dist_m": 27.3 }, "geometry": { "type": "Point", "coordinates": [ -77.0347944, 38.9171347 ] } },
{ "type": "Feature", "properties": { "element": "node", "id": 2066553064, "name": "Pho 72", "amenity": "restaurant", "cuisine": "vietnamese", "edge_u": 49859632, "edge_v": 1804420109, "edge_key": 0, "nearest_node": 1804420109, "snap_dist_m": 15.5, "node_dist_m": 37.8 }, "geometry": { "type": "Point", "coordinates": [ -77.0319727, 38.9303924 ] } },
{ "type": "Feature", "properties": { "element": "node", "id": 2076863951, "name": "The Coffee Bar (TCB)", "amenity": "cafe", "cuisine": "coffee_shop", "edge_u": 49791702, "edge_v": 49775993, "edge_key": 0, "nearest_node": 49775993, "snap_dist_m": 15.8, "node_dist_m": 24.5 }, "geometry": { "type": "Point", "coordinates": [ -77.0282722, 38.914267699999989 ] } },
{ "type": "Feature", "properties": { "element": "node", "id": 2094309662, "name": "Davenport Coffee Lounge", "amenity": "cafe", "cuisine": "coffee_shop;cafe", "edge_u": 5380888621, "edge_v": 49761574, "edge_key": 0, "nearest_node": 5380888621, "snap_dist_m": 59.0, "node_dist_m": 61.6 }, "geometry": { "type": "Point", "coordinates": [ -77.0883876, 38.9359408 ] } },
{ "type": "Feature", "properties": { "element": "node", "id": 2128394641, "name": "Starbucks", "amenity": "cafe", "cuisine": "coffee_shop", "edge_u": 49741695, "edge_v": 49777696, "edge_key": 0, "nearest_node": 49777696, "snap_dist_m": 15.5, "node_dist_m": 23.8 }, "geometry": { "type": "Point", "coordinates": [ -77.048635, 38.899439 ] } },
{ "type": "Feature", "properties": { "element": "node", "id": 2129716338, "name": "Lot 38 Espresso Bar", "amenity": "cafe", "cuisine": "coffee_shop", "edge_u": 49750332, "edge_v": 49747475, "edge_key": 0, "nearest_node": 49750332, "snap_dist_m": 12.6, "node_dist_m": 20.8 }, "geometry": { "type": "Point", "coordinates": [ -77.003671, 38.87768 ] } },
{ "type": "Feature", "properties": { "element": "node", "id": 2246967238, "name": "Shake Shack", "amenity": "fast_food", "cuisine": "burger", "edge_u": 647619114, "edge_v": 49780562, "edge_key": 0, "nearest_node": 647619114, "snap_dist_m": 10.9, "node_dist_m": 19.0 }, "geometry": { "type": "Point", "coordinates": [ -77.041848, 38.906367 ] } },
{ "type": "Feature", "properties": { "element": "node", "id": 2275736566, "name": "Subway", "amenity": "fast_food", "cuisine": "sandwich", "edge_u": 49750332, "edge_v": 2975016185, "edge_key": 0, "nearest_node": 2975016185, "snap_dist_m": 16.1, "node_dist_m": 51.8 }, "geometry": { "type": "Point", "coordinates": [ -77.0037153, 38.8769879 ] } },
{ "type": "Feature", "properties": { "element": "node", "id": 2291863402, "name": "Pink Taco", "amenity": "restaurant", "cuisine": "mexican", "edge_u": 655662508, "edge_v": 49883336, "edge_key": 0, "nearest_node": 49883336, "snap_dist_m": 10.9, "node_dist_m": 30.4 }, "geometry": { "type": "Point", "coordinates": [ -77.005572, 38.876643 ] } },
{ "type": "Feature", "properties": { "element": "node", "id": 2294829393, "name": "Five Guys", "amenity": "fast_food", "cuisine": "burger", "edge_u": 49750332, "edge_v": 2975016185, "edge_key": 0, "nearest_node": 49750332, "snap_dist_m": 15.8, "node_dist_m": 42.1 }, "geometry": { "type": "Point", "coordinates": [ -77.00371, 38.87718 ] } },
{ "type": "Feature", "properties": { "element": "node", "id": 2294844532, "name": "Kruba Thai & Sushi", "amenity": "restaurant", "cuisine": "thai", "edge_u": 49734802, "edge_v": 1618429530, "edge_key": 0, "nearest_node": 49734802, "snap_dist_m": 20.5, "node_dist_m": 105.5 }, "geometry": { "type": "Point", "coordinates": [ -77.0017416, 38.8739785 ] } },
{ "type": "Feature", "properties": { "element": "node", "id": 2299969865, "name": "&pizza", "amenity": "fast_food", "cuisine": "pizza", "edge_u": 49813499, "edge_v": 49745335, "edge_key": 0, "nearest_node": 1804420109, "snap_dist_m": 28.4, "node_dist_m": 34.9 }, "geometry": { "type": "Point", "coordinates": [ -77.0321359, 38.9301632 ] } },
{ "type": "Feature", "properties": { "element": "node", "id": 2299978589, "name": "CAVA", "amenity": "restaurant", "cuisine": "mediterranean", "edge_u": 5698252199, "edge_v": 49745335, "edge_key": 0, "nearest_node": 5698252199, "snap_dist_m": 19.4, "node_dist_m": 68.6 }, "geometry": { "type": "Point", "coordinates": [ -77.032487, 38.929388 ] } },
{ "type": "Feature", "properties": { "element": "node", "id": 2299982815, "name": "Starbucks", "amenity": "cafe", "cuisine": "coffee_shop", "edge_u": 5698252199, "edge_v": 49745335, "edge_key": 0, "nearest_node": 5698252199, "snap_dist_m": 18.8, "node_dist_m": 80.3 }, "geometry": { "type": "Point", "coordinates": [ -77.032503, 38.929498 ] } },
{ "type": "Feature", "properties": { "element": "node", "id": 2301048377, "name": "Tiger Fork", "amenity": "restaurant", "cuisine": "asian", "edge_u": 49810876, "edge_v": 49846846, "edge_key": 0, "nearest_node": 2440761314, "snap_dist_m": 76.3, "node_dist_m": 102.2 }, "geometry": { "type": "Point", "coordinates": [ -77.0248564, 38.9065656 ] } },
{ "type": "Feature", "properties": { "element": "node", "id": 2316453086, "name": "Eye Street Grill", "amenity": "restaurant", "cuisine": "american", "edge_u": 49764296, "edge_v": 9983605758, "edge_key": 0, "nearest_node": 9983605758, "snap_dist_m": 22.0, "node_dist_m": 83.5 }, "geometry": { "type": "Point", "coordinates": [ -77.035562, 38.901517 ] } },
{ "type": "Feature", "properties": { "element": "node", "id": 2326197423, "name": "Passato Pizza & Grill", "amenity": "fast_food", "cuisine": "pizza;sandwich;chicken", "edge_u": 3672563449, "edge_v": 49741274, "edge_key": 0, "nearest_node": 49801673, "snap_dist_m": 16.9, "node_dist_m": 97.0 }, "geometry": { "type": "Point", "coordinates": [ -77.0422071, 38.92187 ] } },
{ "type": "Feature", "properties": { "element": "node", "id": 2326233814, "name": "Sakuramen", "amenity": "restaurant", "cuisine": "japanese;ramen", "edge_u": 3672563449, "edge_v": 49741274, "edge_key": 0, "nearest_node": 49741274, "snap_dist_m": 23.4, "node_dist_m": 107.2 }, "geometry": { "type": "Point", "coordinates": [ -77.0420242, 38.9215559 ] } },
{ "type": "Feature", "properties": { "element": "node", "id": 2329222368, "name": "Kouzina Angelina's Pizzeria", "amenity": "fast_food", "cuisine": "pizza", "edge_u": 49773070, "edge_v": 49853085, "edge_key": 0, "nearest_node": 49853085, "snap_dist_m": 20.9, "node_dist_m": 24.6 }, "geometry": { "type": "Point", "coordinates": [ -77.0226958, 38.916828500000015 ] } },
{ "type": "Feature", "properties": { "element": "node", "id": 2341042333, "name": "Mandarin Carryout", "amenity": "fast_food", "cuisine": "chinese", "edge_u": 49721277, "edge_v": 49789467, "edge_key": 0, "nearest_node": 49721277, "snap_dist_m": 16.9, "node_dist_m": 38.9 }, "geometry": { "type": "Point", "coordinates": [ -76.9838551, 38.8879266 ] } },
{ "type": "Feature", "properties": { "element": "node", "id": 2341048306, "name": "DC Capitol Square", "amenity": "restaurant", "cuisine": "american", "edge_u": 49758271, "edge_v": 49758282, "edge_key": 0, "nearest_node": 49758271, "snap_dist_m": 17.7, "node_dist_m": 33.3 }, "geometry": { "type": "Point", "coordinates": [ -76.983454, 38.890065 ] } },
{ "type": "Feature", "properties": { "element": "node", "id": 2341048508, "name": "Hong Kong Carryout", "amenity": "fast_food", "cuisine": "chinese", "edge_u": 49836837, "edge_v": 49758271, "edge_key": 0, "nearest_node": 49758271, "snap_dist_m": 27.9, "node_dist_m": 44.2 }, "geometry": { "type": "Point", "coordinates": [ -76.9832649, 38.8900631 ] } },
{ "type": "Feature", "properties": { "element": "node", "id": 2348914809, "name": "Aroi Thai", "amenity": "restaurant", "cuisine": "thai", "edge_u": 49848686, "edge_v": 49791610, "edge_key": 0, "nearest_node": 1364987325, "snap_dist_m": 17.5, "node_dist_m": 31.7 }, "geometry": { "type": "Point", "coordinates": [ -77.0123571, 38.915273699999986 ] } },
{ "type": "Feature", "properties": { "element": "node", "id": 2348914810, "name": "Sylvan Cafe", "amenity": "cafe", "cuisine": null, "edge_u": 1364987324, "edge_v": 1364987325, "edge_key": 0, "nearest_node": 1364987325, "snap_dist_m": 16.5, "node_dist_m": 20.1 }, "geometry": { "type": "Point", "coordinates": [ -77.0125825, 38.9153462 ] } },
{ "type": "Feature", "properties": { "element": "node", "id": 2357976893, "name": "Rania", "amenity": "restaurant", "cuisine": "indian", "edge_u": 3013484854, "edge_v": 49773526, "edge_key": 0, "nearest_node": 49773526, "snap_dist_m": 23.3, "node_dist_m": 58.6 }, "geometry": { "type": "Point", "coordinates": [ -77.0267703, 38.8956521 ] } },
{ "type": "Feature", "properties": { "element": "node", "id": 2387758798, "name": "Corner Bakery", "amenity": "cafe", "cuisine": "coffee_shop", "edge_u": 49771469, "edge_v": 3001016695, "edge_key": 0, "nearest_node": 49771469, "snap_dist_m": 20.6, "node_dist_m": 31.4 }, "geometry": { "type": "Point", "coordinates": [ -77.0093591, 38.8963164 ] } },
{ "type": "Feature", "properties": { "element": "node", "id": 2390679320, "name": "Pearl Dive Oyster Palace", "amenity": "restaurant", "cuisine": "seafood", "edge_u": 49745204, "edge_v": 49745200, "edge_key": 0, "nearest_node": 49745204, "snap_dist_m": 19.7, "node_dist_m": 32.4 }, "geometry": { "type": "Point", "coordinates": [ -77.0321798, 38.9116427 ] } },
{ "type": "Feature", "properties": { "element": "node", "id": 2390679356, "name": "Etto", "amenity": "restaurant", "cuisine": "italian", "edge_u": 49745200, "edge_v": 49753507, "edge_key": 0, "nearest_node": 49745200, "snap_dist_m": 18.7, "node_dist_m": 26.9 }, "geometry": { "type": "Point", "coordinates": [ -77.0317299, 38.910971199999985 ] } },
{ "type": "Feature", "properties": { "element": "node", "id": 2390692386, "name": "Hot N Juicy Crawfish", "amenity": "restaurant", "cuisine": "cajun", "edge_u": 49787890, "edge_v": 701602949, "edge_key": 0, "nearest_node": 49787890, "snap_dist_m": 24.6, "node_dist_m": 25.6 }, "geometry": { "type": "Point", "coordinates": [ -77.0520609, 38.9250107 ] } },
{ "type": "Feature", "properties": { "element": "node", "id": 2393440167, "name": "Cabana Grill", "amenity": "fast_food", "cuisine": "barbecue", "edge_u": 49789277, "edge_v": 49752632, "edge_key": 0, "nearest_node": 49789277, "snap_dist_m": 17.3, "node_dist_m": 49.5 }, "geometry": { "type": "Point", "coordinates": [ -77.0255414, 38.9411901 ] } },
{ "type": "Feature", "properties": { "element": "node", "id": 2393490489, "name": "Cafe on 9th", "amenity": "cafe", "cuisine": null, "edge_u": 49752628, "edge_v": 12529163241, "edge_key": 0, "nearest_node": 12529163241, "snap_dist_m": 16.8, "node_dist_m": 25.0 }, "geometry": { "type": "Point", "coordinates": [ -77.0249241, 38.9427981 ] } },
{ "type": "Feature", "properties": { "element": "node", "id": 2393490691, "name": "Lulabelle's Sweet Shop", "amenity": "cafe", "cuisine": "regional;coffee_shop;ice_cream", "edge_u": 49752621, "edge_v": 49752628, "edge_key": 0, "nearest_node": 49752628, "snap_dist_m": 16.5, "node_dist_m": 32.1 }, "geometry": { "type": "Point", "coordinates": [ -77.0247534, 38.9420394 ] } },
{ "type": "Feature", "properties": { "element": "node", "id": 2395183427, "name": "Highlands Cafe", "amenity": "cafe", "cuisine": "american", "edge_u": 49745680, "edge_v": 49745677, "edge_key": 0, "nearest_node": 49745677, "snap_dist_m": 23.0, "node_dist_m": 43.3 }, "geometry": { "type": "Point", "coordinates": [ -77.032991, 38.947525 ] } },
{ "type": "Feature", "properties": { "element": "node", "id": 2402684131, "name": "Pete's Diner", "amenity": "restaurant", "cuisine": "american", "edge_u": 49750467, "edge_v": 8461692428, "edge_key": 0, "nearest_node": 655442838, "snap_dist_m": 15.2, "node_dist_m": 50.2 }, "geometry": { "type": "Point", "coordinates": [ -77.0033429, 38.8869923 ] } },
{ "type": "Feature", "properties": { "element": "node", "id": 2402684132, "name": "Le Bon Cafe", "amenity": "cafe", "cuisine": "coffee_shop", "edge_u": 49750467, "edge_v": 8461692428, "edge_key": 0, "nearest_node": 655442838, "snap_dist_m": 15.2, "node_dist_m": 45.8 }, "geometry": { "type": "Point", "coordinates": [ -77.0033429, 38.8870439 ] } },
{ "type": "Feature", "properties": { "element": "node", "id": 2402694703, "name": "Sweetgreen", "amenity": "fast_food", "cuisine": "salad", "edge_u": 49745247, "edge_v": 49813443, "edge_key": 0, "nearest_node": 49745247, "snap_dist_m": 13.4, "node_dist_m": 54.5 }, "geometry": { "type": "Point", "coordinates": [ -77.0313431, 38.91932 ] } },
{ "type": "Feature", "properties": { "element": "node", "id": 2409083701, "name": "The Artemis", "amenity": "restaurant", "cuisine": null, "edge_u": 49745465, "edge_v": 49777174, "edge_key": 0, "nearest_node": 49745465, "snap_dist_m": 25.3, "node_dist_m": 32.0 }, "geometry": { "type": "Point", "coordinates": [ -77.0324099, 38.936419500000014 ] } },
{ "type": "Feature", "properties": { "element": "node", "id": 2419067376, "name": "District Taco", "amenity": "fast_food", "cuisine": "mexican", "edge_u": 49745628, "edge_v": 49799643, "edge_key": 0, "nearest_node": 49799643, "snap_dist_m": 17.7, "node_dist_m": 57.0 }, "geometry": { "type": "Point", "coordinates": [ -77.0302458, 38.8975151 ] } },
{ "type": "Feature", "properties": { "element": "node", "id": 2419110680, "name": "Jimmy John's", "amenity": "fast_food", "cuisine": "sandwich", "edge_u": 49745644, "edge_v": 49813365, "edge_key": 0, "nearest_node": 9136825795, "snap_dist_m": 17.4, "node_dist_m": 25.8 }, "geometry": { "type": "Point", "coordinates": [ -77.0316888, 38.903898 ] } },
{ "type": "Feature", "properties": { "element": "node", "id": 2419110683, "name": "Devon and Blakely", "amenity": "fast_food", "cuisine": "sandwich", "edge_u": 49793729, "edge_v": 4325552562, "edge_key": 0, "nearest_node": 49793729, "snap_dist_m": 21.2, "node_dist_m": 42.3 }, "geometry": { "type": "Point", "coordinates": [ -77.0293808, 38.901667500000016 ] } },
{ "type": "Feature", "properties": { "element": "node", "id": 2419110687, "name": "Shake Shack", "amenity": "fast_food", "cuisine": "burger", "edge_u": 3378222897, "edge_v": 49782255, "edge_key": 0, "nearest_node": 3378222897, "snap_dist_m": 15.6, "node_dist_m": 29.2 }, "geometry": { "type": "Point", "coordinates": [ -77.0237893, 38.8970578 ] } },
{ "type": "Feature", "properties": { "element": "node", "id": 2419110693, "name": "Sweetgreen", "amenity": "fast_food", "cuisine": "salad", "edge_u": 49782241, "edge_v": 49772964, "edge_key": 0, "nearest_node": 49772964, "snap_dist_m": 17.5, "node_dist_m": 44.6 }, "geometry": { "type": "Point", "coordinates": [ -77.021445, 38.8959797 ] } },
{ "type": "Feature", "properties": { "element": "node", "id": 2419110694, "name": "Luke's Lobster", "amenity": "fast_food", "cuisine": "sandwich", "edge_u": 49782241, "edge_v": 49772964, "edge_key": 0, "nearest_node": 49772964, "snap_dist_m": 17.5, "node_dist_m": 50.2 }, "geometry": { "type": "Point", "coordinates": [ -77.0213758, 38.8959798 ] } },
{ "type": "Feature", "properties": { "element": "node", "id": 2419110697, "name": "Bindaas", "amenity": "restaurant", "cuisine": "indian", "edge_u": 49772964, "edge_v": 3012429028, "edge_key": 0, "nearest_node": 3012429028, "snap_dist_m": 21.5, "node_dist_m": 57.7 }, "geometry": { "type": "Point", "coordinates": [ -77.0216698, 38.895281500000017 ] } },
{ "type": "Feature", "properties": { "element": "node", "id": 2419110698, "name": "Pitango", "amenity": "cafe", "cuisine": "ice_cream", "edge_u": 49772964, "edge_v": 3012429028, "edge_key": 0, "nearest_node": 3012429028, "snap_dist_m": 21.3, "node_dist_m": 50.4 }, "geometry": { "type": "Point", "coordinates": [ -77.0216721, 38.895210800000029 ] } },
{ "type": "Feature", "properties": { "element": "node", "id": 2419110701, "name": "McDonald's", "amenity": "fast_food", "cuisine": "burger", "edge_u": 49782255, "edge_v": 3670756345, "edge_key": 0, "nearest_node": 49782255, "snap_dist_m": 20.5, "node_dist_m": 59.5 }, "geometry": { "type": "Point", "coordinates": [ -77.024611, 38.8963297 ] } },
{ "type": "Feature", "properties": { "element": "node", "id": 2419110705, "name": "Astro Doughnuts & Fried Chicken", "amenity": "fast_food", "cuisine": "chicken;donut", "edge_u": 49762210, "edge_v": 49745629, "edge_key": 0, "nearest_node": 49762210, "snap_dist_m": 20.1, "node_dist_m": 67.0 }, "geometry": { "type": "Point", "coordinates": [ -77.0303604, 38.89814489999997 ] } },
{ "type": "Feature", "properties": { "element": "node", "id": 2419110709, "name": "Potbelly", "amenity": "fast_food", "cuisine": "sandwich", "edge_u": 49846819, "edge_v": 49773539, "edge_key": 0, "nearest_node": 49773539, "snap_dist_m": 28.4, "node_dist_m": 49.9 }, "geometry": { "type": "Point", "coordinates": [ -77.0265576, 38.902274099999985 ] } },
{ "type": "Feature", "properties": { "element": "node", "id": 2419113016, "name": "Izakaya", "amenity": "restaurant", "cuisine": "japanese", "edge_u": 49777795, "edge_v": 49762383, "edge_key": 0, "nearest_node": 49762383, "snap_dist_m": 20.1, "node_dist_m": 38.9 }, "geometry": { "type": "Point", "coordinates": [ -77.0196767, 38.8986189 ] } },
{ "type": "Feature", "properties": { "element": "node", "id": 2419194145, "name": "Roti Modern Mediterranean", "amenity": "fast_food", "cuisine": "mediterranean", "edge_u": 49745628, "edge_v": 49799643, "edge_key": 0, "nearest_node": 49799643, "snap_dist_m": 17.8, "node_dist_m": 66.1 }, "geometry": { "type": "Point", "coordinates": [ -77.0303552, 38.8975153 ] } },
{ "type": "Feature", "properties": { "element": "node", "id": 2419194168, "name": "Chopt", "amenity": "fast_food", "cuisine": "salad", "edge_u": 49799633, "edge_v": 49762207, "edge_key": 0, "nearest_node": 49762207, "snap_dist_m": 15.1, "node_dist_m": 40.6 }, "geometry": { "type": "Point", "coordinates": [ -77.0282846, 38.8979829 ] } },
{ "type": "Feature", "properties": { "element": "node", "id": 2432474414, "name": "Dog Haus", "amenity": "fast_food", "cuisine": "hot_dog", "edge_u": 49845726, "edge_v": 49809189, "edge_key": 0, "nearest_node": 49809189, "snap_dist_m": 17.7, "node_dist_m": 25.0 }, "geometry": { "type": "Point", "coordinates": [ -77.0432392, 38.9057981 ] } },
{ "type": "Feature", "properties": { "element": "node", "id": 2432474415, "name": "Boquería", "amenity": "restaurant", "cuisine": "spanish", "edge_u": 49780562, "edge_v": 49809189, "edge_key": 0, "nearest_node": 49809189, "snap_dist_m": 18.6, "node_dist_m": 30.2 }, "geometry": { "type": "Point", "coordinates": [ -77.0432358, 38.9058591 ] } },
{ "type": "Feature", "properties": { "element": "node", "id": 2439191510, "name": "Ted's Bulletin", "amenity": "restaurant", "cuisine": "american", "edge_u": 49758541, "edge_v": 49745225, "edge_key": 0, "nearest_node": 49745225, "snap_dist_m": 16.2, "node_dist_m": 28.8 }, "geometry": { "type": "Point", "coordinates": [ -77.0322271, 38.9146964 ] } },
{ "type": "Feature", "properties": { "element": "node", "id": 2456893811, "name": "Kogod's New York Deli", "amenity": "cafe", "cuisine": "sandwich", "edge_u": 3001016695, "edge_v": 49771469, "edge_key": 0, "nearest_node": 3001016695, "snap_dist_m": 19.5, "node_dist_m": 53.5 }, "geometry": { "type": "Point", "coordinates": [ -77.0108582, 38.8959544 ] } },
{ "type": "Feature", "properties": { "element": "node", "id": 2473035116, "name": "Starbucks", "amenity": "cafe", "cuisine": "coffee_shop", "edge_u": 638452596, "edge_v": 49839137, "edge_key": 0, "nearest_node": 49839137, "snap_dist_m": 21.9, "node_dist_m": 34.2 }, "geometry": { "type": "Point", "coordinates": [ -77.0061889, 38.9054447 ] } },
{ "type": "Feature", "properties": { "element": "node", "id": 2474206109, "name": "Sette Osteria", "amenity": "restaurant", "cuisine": "italian", "edge_u": 49745204, "edge_v": 49745207, "edge_key": 0, "nearest_node": 49745207, "snap_dist_m": 21.6, "node_dist_m": 30.7 }, "geometry": { "type": "Point", "coordinates": [ -77.0322019, 38.9124129 ] } },
{ "type": "Feature", "properties": { "element": "node", "id": 2485064898, "name": "Elizabeth's Pupuseria", "amenity": "restaurant", "cuisine": "salvadoran", "edge_u": 49734621, "edge_v": 49813525, "edge_key": 0, "nearest_node": 49734622, "snap_dist_m": 17.1, "node_dist_m": 23.4 }, "geometry": { "type": "Point", "coordinates": [ -77.0325178, 38.9377626 ] } },
{ "type": "Feature", "properties": { "element": "node", "id": 2498039170, "name": "Pho Viet", "amenity": "restaurant", "cuisine": "vietnamese", "edge_u": 49745457, "edge_v": 49745459, "edge_key": 0, "nearest_node": 49745457, "snap_dist_m": 21.5, "node_dist_m": 27.5 }, "geometry": { "type": "Point", "coordinates": [ -77.0324727, 38.9350923 ] } },
{ "type": "Feature", "properties": { "element": "node", "id": 2508944448, "name": "Barcelona Wine Bar & Restaurant", "amenity": "restaurant", "cuisine": "tapas;spanish;wine", "edge_u": 49764348, "edge_v": 49745204, "edge_key": 0, "nearest_node": 49745204, "snap_dist_m": 24.1, "node_dist_m": 35.8 }, "geometry": { "type": "Point", "coordinates": [ -77.0322592, 38.9120904 ] } },
{ "type": "Feature", "properties": { "element": "node", "id": 2509918667, "name": "McDonald's", "amenity": "fast_food", "cuisine": "burger", "edge_u": 3672563449, "edge_v": 49741274, "edge_key": 0, "nearest_node": 3672563449, "snap_dist_m": 16.5, "node_dist_m": 21.3 }, "geometry": { "type": "Point", "coordinates": [ -77.0424574, 38.9225903 ] } },
{ "type": "Feature", "properties": { "element": "node", "id": 2527022932, "name": "Burrito Brothers", "amenity": "fast_food", "cuisine": "mexican", "edge_u": 8461692428, "edge_v": 655442838, "edge_key": 0, "nearest_node": 655442838, "snap_dist_m": 16.2, "node_dist_m": 20.0 }, "geometry": { "type": "Point", "coordinates": [ -77.0031871, 38.8872642 ] } },
{ "type": "Feature", "properties": { "element": "node", "id": 2527022948, "name": "Sweetgreen", "amenity": "fast_food", "cuisine": "salad", "edge_u": 655442838, "edge_v": 49756892, "edge_key": 0, "nearest_node": 655442852, "snap_dist_m": 17.8, "node_dist_m": 40.0 }, "geometry": { "type": "Point", "coordinates": [ -77.0026986, 38.887047499999987 ] } },
{ "type": "Feature", "properties": { "element": "node", "id": 2565838457, "name": "&pizza", "amenity": "fast_food", "cuisine": "pizza", "edge_u": 49809715, "edge_v": 49809721, "edge_key": 0, "nearest_node": 49809721, "snap_dist_m": 17.0, "node_dist_m": 33.6 }, "geometry": { "type": "Point", "coordinates": [ -77.0292866, 38.91685420000001 ] } },
{ "type": "Feature", "properties": { "element": "node", "id": 2587382975, "name": "Potbelly", "amenity": "fast_food", "cuisine": "sandwich", "edge_u": 3011107102, "edge_v": 49733427, "edge_key": 0, "nearest_node": 3011107102, "snap_dist_m": 28.7, "node_dist_m": 62.6 }, "geometry": { "type": "Point", "coordinates": [ -77.0155132, 38.8845603 ] } },
{ "type": "Feature", "properties": { "element": "node", "id": 2590875643, "name": "PhoXotic", "amenity": "fast_food", "cuisine": "vietnamese", "edge_u": 49775514, "edge_v": 1009113524, "edge_key": 0, "nearest_node": 49775514, "snap_dist_m": 18.9, "node_dist_m": 25.9 }, "geometry": { "type": "Point", "coordinates": [ -77.0124277, 38.915875 ] } },
{ "type": "Feature", "properties": { "element": "node", "id": 2607233243, "name": "Mr. Pollo", "amenity": "restaurant", "cuisine": "chicken", "edge_u": 49745468, "edge_v": 49734621, "edge_key": 0, "nearest_node": 49745468, "snap_dist_m": 21.5, "node_dist_m": 27.6 }, "geometry": { "type": "Point", "coordinates": [ -77.0324733, 38.9372333 ] } },
{ "type": "Feature", "properties": { "element": "node", "id": 2623832015, "name": "Pho 14", "amenity": "restaurant", "cuisine": "vietnamese", "edge_u": 49820714, "edge_v": 49735524, "edge_key": 0, "nearest_node": 49820714, "snap_dist_m": 23.4, "node_dist_m": 41.9 }, "geometry": { "type": "Point", "coordinates": [ -77.0628404, 38.9435261 ] } },
{ "type": "Feature", "properties": { "element": "node", "id": 2624315392, "name": "Viet Chopsticks", "amenity": "restaurant", "cuisine": "vietnamese", "edge_u": 49820743, "edge_v": 49820727, "edge_key": 0, "nearest_node": 49820727, "snap_dist_m": 24.5, "node_dist_m": 52.4 }, "geometry": { "type": "Point", "coordinates": [ -77.0647542, 38.9457726 ] } },
{ "type": "Feature", "properties": { "element": "node", "id": 2627546438, "name": "Cuba Libre", "amenity": "restaurant", "cuisine": "latin_american", "edge_u": 3669554865, "edge_v": 3669554862, "edge_key": 0, "nearest_node": 3669554865, "snap_dist_m": 18.0, "node_dist_m": 27.6 }, "geometry": { "type": "Point", "coordinates": [ -77.023737, 38.899987 ] } },
{ "type": "Feature", "properties": { "element": "node", "id": 2627560729, "name": "Poké Papa", "amenity": "restaurant", "cuisine": "hawaiian", "edge_u": 3669554862, "edge_v": 3669554865, "edge_key": 0, "nearest_node": 3669554862, "snap_dist_m": 22.6, "node_dist_m": 43.8 }, "geometry": { "type": "Point", "coordinates": [ -77.0233842, 38.899620899999988 ] } },
{ "type": "Feature", "properties": { "element": "node", "id": 2629039434, "name": "Cascade Café", "amenity": "cafe", "cuisine": "coffee_shop", "edge_u": 3011318694, "edge_v": 49748168, "edge_key": 0, "nearest_node": 49748168, "snap_dist_m": 27.1, "node_dist_m": 77.8 }, "geometry": { "type": "Point", "coordinates": [ -77.0178726, 38.891259 ] } },
{ "type": "Feature", "properties": { "element": "node", "id": 2637738372, "name": "Potbelly", "amenity": "fast_food", "cuisine": "sandwich", "edge_u": 49724395, "edge_v": 49734802, "edge_key": 0, "nearest_node": 49734802, "snap_dist_m": 15.2, "node_dist_m": 27.5 }, "geometry": { "type": "Point", "coordinates": [ -77.0017753, 38.8747618 ] } },
{ "type": "Feature", "properties": { "element": "node", "id": 2748975958, "name": "Tune Inn", "amenity": "restaurant", "cuisine": "american", "edge_u": 49756892, "edge_v": 655442833, "edge_key": 0, "nearest_node": 655442833, "snap_dist_m": 18.3, "node_dist_m": 40.9 }, "geometry": { "type": "Point", "coordinates": [ -77.0010395, 38.8863674 ] } },
{ "type": "Feature", "properties": { "element": "node", "id": 2766131330, "name": "Subway", "amenity": "fast_food", "cuisine": "sandwich", "edge_u": 49735119, "edge_v": 49735120, "edge_key": 0, "nearest_node": 49735120, "snap_dist_m": 402.2, "node_dist_m": 402.2 }, "geometry": { "type": "Point", "coordinates": [ -77.0221959, 38.8252001 ] } },
{ "type": "Feature", "properties": { "element": "node", "id": 2776241340, "name": "Saints Paradise Cafeteria", "amenity": "cafe", "cuisine": "regional", "edge_u": 49844812, "edge_v": 3012784288, "edge_key": 0, "nearest_node": 49844812, "snap_dist_m": 19.3, "node_dist_m": 73.7 }, "geometry": { "type": "Point", "coordinates": [ -77.0207195, 38.9058228 ] } },
{ "type": "Feature", "properties": { "element": "node", "id": 2776290923, "name": "Chipotle", "amenity": "fast_food", "cuisine": "mexican", "edge_u": 49741703, "edge_v": 4975093911, "edge_key": 0, "nearest_node": 4975093911, "snap_dist_m": 58.4, "node_dist_m": 83.7 }, "geometry": { "type": "Point", "coordinates": [ -77.0457349, 38.900176900000019 ] } },
{ "type": "Feature", "properties": { "element": "node", "id": 2778688818, "name": "Circa at Foggy Bottom", "amenity": "restaurant", "cuisine": "american", "edge_u": 49793670, "edge_v": 806521028, "edge_key": 0, "nearest_node": 49793670, "snap_dist_m": 16.8, "node_dist_m": 31.0 }, "geometry": { "type": "Point", "coordinates": [ -77.0499237, 38.9009334 ] } },
{ "type": "Feature", "properties": { "element": "node", "id": 2778688834, "name": "Wonder Chicken", "amenity": "fast_food", "cuisine": "asian", "edge_u": 1013367449, "edge_v": 49789376, "edge_key": 0, "nearest_node": 49789376, "snap_dist_m": 13.2, "node_dist_m": 24.2 }, "geometry": { "type": "Point", "coordinates": [ -77.0279447, 38.9650723 ] } },
{ "type": "Feature", "properties": { "element": "node", "id": 2785683612, "name": "Wiseguy Pizza", "amenity": "fast_food", "cuisine": "pizza", "edge_u": 49725576, "edge_v": 3001253763, "edge_key": 0, "nearest_node": 49725576, "snap_dist_m": 17.8, "node_dist_m": 26.5 }, "geometry": { "type": "Point", "coordinates": [ -77.0159849, 38.8996267 ] } },
{ "type": "Feature", "properties": { "element": "node", "id": 2786062685, "name": "La Colombe Coffee Roasters", "amenity": "cafe", "cuisine": "coffee_shop", "edge_u": 49810876, "edge_v": 49846846, "edge_key": 0, "nearest_node": 2440761314, "snap_dist_m": 80.1, "node_dist_m": 98.0 }, "geometry": { "type": "Point", "coordinates": [ -77.0249182, 38.9065312 ] } },
{ "type": "Feature", "properties": { "element": "node", "id": 2786959456, "name": "HipCityVeg", "amenity": "fast_food", "cuisine": "american", "edge_u": 49772987, "edge_v": 49762191, "edge_key": 0, "nearest_node": 49762191, "snap_dist_m": 16.9, "node_dist_m": 58.5 }, "geometry": { "type": "Point", "coordinates": [ -77.0221114, 38.898962899999979 ] } },
{ "type": "Feature", "properties": { "element": "node", "id": 2787690575, "name": "City Tap House", "amenity": "restaurant", "cuisine": "american", "edge_u": 49793566, "edge_v": 3669554860, "edge_key": 0, "nearest_node": 49793566, "snap_dist_m": 16.7, "node_dist_m": 23.6 }, "geometry": { "type": "Point", "coordinates": [ -77.0237868, 38.9010301 ] } },
{ "type": "Feature", "properties": { "element": "node", "id": 2788370125, "name": "Pizza Hut", "amenity": "restaurant", "cuisine": "pizza", "edge_u": 49752628, "edge_v": 12529163241, "edge_key": 0, "nearest_node": 49789284, "snap_dist_m": 22.1, "node_dist_m": 27.2 }, "geometry": { "type": "Point", "coordinates": [ -77.0253356, 38.9421937 ] } },
{ "type": "Feature", "properties": { "element": "node", "id": 2788370142, "name": "G.O.A.T. Room", "amenity": "restaurant", "cuisine": "indian", "edge_u": 49773543, "edge_v": 49800286, "edge_key": 0, "nearest_node": 49773543, "snap_dist_m": 17.9, "node_dist_m": 26.5 }, "geometry": { "type": "Point", "coordinates": [ -77.0268242, 38.903578099999976 ] } },
{ "type": "Feature", "properties": { "element": "node", "id": 2790685727, "name": "All About Burger", "amenity": "fast_food", "cuisine": "burger", "edge_u": 49793546, "edge_v": 49777792, "edge_key": 0, "nearest_node": 49777792, "snap_dist_m": 15.0, "node_dist_m": 21.3 }, "geometry": { "type": "Point", "coordinates": [ -77.0191046, 38.8999518 ] } },
{ "type": "Feature", "properties": { "element": "node", "id": 2792745937, "name": "Lincoln", "amenity": "restaurant", "cuisine": "american", "edge_u": 9136825802, "edge_v": 49865774, "edge_key": 0, "nearest_node": 49865774, "snap_dist_m": 24.9, "node_dist_m": 61.0 }, "geometry": { "type": "Point", "coordinates": [ -77.0330232, 38.9043735 ] } },
{ "type": "Feature", "properties": { "element": "node", "id": 2792797186, "name": "Potbelly", "amenity": "fast_food", "cuisine": "sandwich", "edge_u": 4366096286, "edge_v": 11261031488, "edge_key": 0, "nearest_node": 11261031488, "snap_dist_m": 15.7, "node_dist_m": 33.9 }, "geometry": { "type": "Point", "coordinates": [ -77.0342066, 38.9027851 ] } },
{ "type": "Feature", "properties": { "element": "node", "id": 2792878028, "name": "Joe's Seafood, Prime Steak & Stone Crab - Washington DC", "amenity": "restaurant", "cuisine": "seafood", "edge_u": 49764271, "edge_v": 876615335, "edge_key": 0, "nearest_node": 49764271, "snap_dist_m": 22.1, "node_dist_m": 36.0 }, "geometry": { "type": "Point", "coordinates": [ -77.0338962, 38.899996400000028 ] } },
{ "type": "Feature", "properties": { "element": "node", "id": 2806227481, "name": "Au Bon Pain", "amenity": "fast_food", "cuisine": "sandwich", "edge_u": 49756474, "edge_v": 49745618, "edge_key": 0, "nearest_node": 49756474, "snap_dist_m": 60.7, "node_dist_m": 65.4 }, "geometry": { "type": "Point", "coordinates": [ -77.0310885, 38.89407970000002 ] } },
{ "type": "Feature", "properties": { "element": "node", "id": 2806227487, "name": "Devon & Blakeley", "amenity": "fast_food", "cuisine": "sandwich;soup;salad", "edge_u": 49745628, "edge_v": 49799643, "edge_key": 0, "nearest_node": 49745628, "snap_dist_m": 21.6, "node_dist_m": 90.3 }, "geometry": { "type": "Point", "coordinates": [ -77.0309396, 38.8975479 ] } },
{ "type": "Feature", "properties": { "element": "node", "id": 2822855310, "name": "Charlene's Bar & Grille", "amenity": "restaurant", "cuisine": null, "edge_u": 49769193, "edge_v": 49787486, "edge_key": 0, "nearest_node": 49787486, "snap_dist_m": 22.4, "node_dist_m": 22.6 }, "geometry": { "type": "Point", "coordinates": [ -77.0228687, 38.9247629 ] } },
{ "type": "Feature", "properties": { "element": "node", "id": 2823718459, "name": "Kezira", "amenity": "restaurant", "cuisine": null, "edge_u": 49772551, "edge_v": 49789208, "edge_key": 0, "nearest_node": 49789208, "snap_dist_m": 14.1, "node_dist_m": 49.7 }, "geometry": { "type": "Point", "coordinates": [ -77.0229956, 38.9285636 ] } },
{ "type": "Feature", "properties": { "element": "node", "id": 2847291425, "name": "Tikka", "amenity": "restaurant", "cuisine": "indian", "edge_u": 49820714, "edge_v": 49735524, "edge_key": 0, "nearest_node": 49820714, "snap_dist_m": 23.3, "node_dist_m": 61.5 }, "geometry": { "type": "Point", "coordinates": [ -77.062948, 38.9437072 ] } },
{ "type": "Feature", "properties": { "element": "node", "id": 2906355784, "name": "Nando's", "amenity": "restaurant", "cuisine": "chicken;portuguese", "edge_u": 49724395, "edge_v": 49734802, "edge_key": 0, "nearest_node": 49724395, "snap_dist_m": 33.0, "node_dist_m": 57.2 }, "geometry": { "type": "Point", "coordinates": [ -77.0010843, 38.8751946 ] } },
{ "type": "Feature", "properties": { "element": "node", "id": 2906355785, "name": "Starbucks", "amenity": "cafe", "cuisine": "coffee_shop", "edge_u": 5204545200, "edge_v": 2906363140, "edge_key": 0, "nearest_node": 2975016185, "snap_dist_m": 34.3, "node_dist_m": 47.3 }, "geometry": { "type": "Point", "coordinates": [ -77.0036151, 38.876122799999976 ] } },
{ "type": "Feature", "properties": { "element": "node", "id": 2911411336, "name": "Compliments Only", "amenity": "fast_food", "cuisine": "sandwich", "edge_u": 49764791, "edge_v": 49741730, "edge_key": 0, "nearest_node": 49741730, "snap_dist_m": 15.7, "node_dist_m": 32.8 }, "geometry": { "type": "Point", "coordinates": [ -77.0463016, 38.9097897 ] } },
{ "type": "Feature", "properties": { "element": "node", "id": 2921237094, "name": "Hill East Burger", "amenity": "restaurant", "cuisine": "tex-mex", "edge_u": 49789496, "edge_v": 49760367, "edge_key": 0, "nearest_node": 49789496, "snap_dist_m": 19.5, "node_dist_m": 59.5 }, "geometry": { "type": "Point", "coordinates": [ -76.9841302, 38.8800854 ] } },
{ "type": "Feature", "properties": { "element": "node", "id": 2922821803, "name": "Nu Vegan Cafe", "amenity": "restaurant", "cuisine": null, "edge_u": 49785289, "edge_v": 49785338, "edge_key": 0, "nearest_node": 49785338, "snap_dist_m": 21.4, "node_dist_m": 22.2 }, "geometry": { "type": "Point", "coordinates": [ -77.0233006, 38.9278237 ] } },
{ "type": "Feature", "properties": { "element": "node", "id": 2932211168, "name": "Gerrard Street Kitchen", "amenity": "restaurant", "cuisine": "american", "edge_u": 49775608, "edge_v": 49764326, "edge_key": 0, "nearest_node": 49775608, "snap_dist_m": 23.0, "node_dist_m": 28.4 }, "geometry": { "type": "Point", "coordinates": [ -77.0353539, 38.907885400000012 ] } },
{ "type": "Feature", "properties": { "element": "node", "id": 2944631896, "name": "City Place Cafe", "amenity": "cafe", "cuisine": "mediterranean", "edge_u": 9136825813, "edge_v": 49770651, "edge_key": 0, "nearest_node": 9136825813, "snap_dist_m": 25.0, "node_dist_m": 55.5 }, "geometry": { "type": "Point", "coordinates": [ -77.038226, 38.904242 ] } },
{ "type": "Feature", "properties": { "element": "node", "id": 2951662359, "name": "Mamma Tee's", "amenity": "restaurant", "cuisine": "american", "edge_u": 49752621, "edge_v": 49752628, "edge_key": 0, "nearest_node": 49752628, "snap_dist_m": 17.4, "node_dist_m": 48.3 }, "geometry": { "type": "Point", "coordinates": [ -77.0245377, 38.9417401 ] } },
{ "type": "Feature", "properties": { "element": "node", "id": 2951662361, "name": "Dannie's Carryout", "amenity": "fast_food", "cuisine": "chinese", "edge_u": 49752621, "edge_v": 49752628, "edge_key": 0, "nearest_node": 49752628, "snap_dist_m": 16.1, "node_dist_m": 41.8 }, "geometry": { "type": "Point", "coordinates": [ -77.0246127, 38.941750100000021 ] } },
{ "type": "Feature", "properties": { "element": "node", "id": 2953545510, "name": "Jetties", "amenity": "fast_food", "cuisine": "sandwich;salad;soup", "edge_u": 49881497, "edge_v": 12305015449, "edge_key": 0, "nearest_node": 49881497, "snap_dist_m": 15.8, "node_dist_m": 48.2 }, "geometry": { "type": "Point", "coordinates": [ -77.0729379, 38.933340600000022 ] } },
{ "type": "Feature", "properties": { "element": "node", "id": 2975868991, "name": "Starbucks", "amenity": "cafe", "cuisine": "coffee_shop", "edge_u": 49749470, "edge_v": 49789168, "edge_key": 0, "nearest_node": 49749470, "snap_dist_m": 16.4, "node_dist_m": 29.3 }, "geometry": { "type": "Point", "coordinates": [ -77.0217179, 38.919785799999985 ] } },
{ "type": "Feature", "properties": { "element": "node", "id": 2975905265, "name": null, "amenity": "restaurant", "cuisine": null, "edge_u": 49789379, "edge_v": 49789376, "edge_key": 0, "nearest_node": 49789376, "snap_dist_m": 20.3, "node_dist_m": 57.7 }, "geometry": { "type": "Point", "coordinates": [ -77.0278973, 38.9654521 ] } },
{ "type": "Feature", "properties": { "element": "node", "id": 2984535156, "name": "Southern Style Chicken & Waffles", "amenity": "fast_food", "cuisine": "chicken", "edge_u": 49759674, "edge_v": 49759660, "edge_key": 0, "nearest_node": 49759674, "snap_dist_m": 6.8, "node_dist_m": 18.4 }, "geometry": { "type": "Point", "coordinates": [ -77.0237301, 38.9338782 ] } },
{ "type": "Feature", "properties": { "element": "node", "id": 2984617625, "name": "Cane & Coconut", "amenity": "restaurant", "cuisine": null, "edge_u": 49859579, "edge_v": 49789237, "edge_key": 0, "nearest_node": 49789239, "snap_dist_m": 11.9, "node_dist_m": 19.9 }, "geometry": { "type": "Point", "coordinates": [ -77.0236, 38.93293520000001 ] } },
{ "type": "Feature", "properties": { "element": "node", "id": 2986421304, "name": "Salt and Pepper Grill", "amenity": "restaurant", "cuisine": "indian;pakistani", "edge_u": 49787487, "edge_v": 49787492, "edge_key": 0, "nearest_node": 49787487, "snap_dist_m": 11.2, "node_dist_m": 23.0 }, "geometry": { "type": "Point", "coordinates": [ -77.022882, 38.925042 ] } },
{ "type": "Feature", "properties": { "element": "node", "id": 2986680656, "name": "Angelico", "amenity": "fast_food", "cuisine": "pizza", "edge_u": 3661066115, "edge_v": 3358724774, "edge_key": 0, "nearest_node": 49793411, "snap_dist_m": 25.0, "node_dist_m": 40.1 }, "geometry": { "type": "Point", "coordinates": [ -77.0261445, 38.9785997 ] } },
{ "type": "Feature", "properties": { "element": "node", "id": 2986709133, "name": "Harrar Coffee and Roastery", "amenity": "cafe", "cuisine": "coffee_shop", "edge_u": 49823986, "edge_v": 49789205, "edge_key": 0, "nearest_node": 49789205, "snap_dist_m": 14.7, "node_dist_m": 24.0 }, "geometry": { "type": "Point", "coordinates": [ -77.0232372, 38.9272677 ] } },
{ "type": "Feature", "properties": { "element": "node", "id": 2987758790, "name": "Chipotle", "amenity": "fast_food", "cuisine": "mexican", "edge_u": 49723269, "edge_v": 49833602, "edge_key": 0, "nearest_node": 49833602, "snap_dist_m": 56.7, "node_dist_m": 87.4 }, "geometry": { "type": "Point", "coordinates": [ -76.9594245, 38.8695333 ] } },
{ "type": "Feature", "properties": { "element": "node", "id": 2987782649, "name": "Eddie Leonard Carryout", "amenity": "fast_food", "cuisine": "chinese", "edge_u": 2921295150, "edge_v": 49763609, "edge_key": 0, "nearest_node": 49763606, "snap_dist_m": 12.8, "node_dist_m": 20.7 }, "geometry": { "type": "Point", "coordinates": [ -77.023773, 38.931151 ] } },
{ "type": "Feature", "properties": { "element": "node", "id": 2987986333, "name": null, "amenity": "restaurant", "cuisine": null, "edge_u": 49782277, "edge_v": 3016605388, "edge_key": 0, "nearest_node": 3016605388, "snap_dist_m": 17.7, "node_dist_m": 48.9 }, "geometry": { "type": "Point", "coordinates": [ -77.028634, 38.895982 ] } },
{ "type": "Feature", "properties": { "element": "node", "id": 2989655143, "name": "Au Bon Pain", "amenity": "fast_food", "cuisine": "sandwich", "edge_u": 3016605388, "edge_v": 49799633, "edge_key": 0, "nearest_node": 3016605388, "snap_dist_m": 9.2, "node_dist_m": 40.3 }, "geometry": { "type": "Point", "coordinates": [ -77.028214, 38.896492 ] } },
{ "type": "Feature", "properties": { "element": "node", "id": 2989823277, "name": "Sweet Sweet Kitchen", "amenity": "restaurant", "cuisine": "caribbean;west_african", "edge_u": 49723519, "edge_v": 49749203, "edge_key": 0, "nearest_node": 49749203, "snap_dist_m": 14.2, "node_dist_m": 29.4 }, "geometry": { "type": "Point", "coordinates": [ -76.9711406, 38.873077099999982 ] } },
{ "type": "Feature", "properties": { "element": "node", "id": 2989827820, "name": "Luck Ginger Carryout", "amenity": "fast_food", "cuisine": null, "edge_u": 3358724774, "edge_v": 3661066115, "edge_key": 0, "nearest_node": 49793411, "snap_dist_m": 23.0, "node_dist_m": 40.1 }, "geometry": { "type": "Point", "coordinates": [ -77.0261708, 38.9787676 ] } },
{ "type": "Feature", "properties": { "element": "node", "id": 2989905712, "name": "Teddy's Roti Shop", "amenity": "fast_food", "cuisine": "caribbean", "edge_u": 3661066115, "edge_v": 3358724774, "edge_key": 0, "nearest_node": 3661066115, "snap_dist_m": 22.5, "node_dist_m": 36.9 }, "geometry": { "type": "Point", "coordinates": [ -77.0266912, 38.978563 ] } },
{ "type": "Feature", "properties": { "element": "node", "id": 2989905725, "name": "Moh Moh...Licious", "amenity": "restaurant", "cuisine": "nepalese", "edge_u": 3661066117, "edge_v": 3358724774, "edge_key": 0, "nearest_node": 3358724774, "snap_dist_m": 19.9, "node_dist_m": 75.0 }, "geometry": { "type": "Point", "coordinates": [ -77.0267066, 38.980040099999989 ] } },
{ "type": "Feature", "properties": { "element": "node", "id": 2997990205, "name": "An Uncommon Cafe", "amenity": "cafe", "cuisine": null, "edge_u": 49762238, "edge_v": 49762243, "edge_key": 0, "nearest_node": 49762243, "snap_dist_m": 21.3, "node_dist_m": 46.2 }, "geometry": { "type": "Point", "coordinates": [ -77.0429955, 38.8981607 ] } },
{ "type": "Feature", "properties": { "element": "node", "id": 2998003606, "name": "Sixty Vines", "amenity": "restaurant", "cuisine": "italian", "edge_u": 49738093, "edge_v": 49824719, "edge_key": 0, "nearest_node": 49738093, "snap_dist_m": 23.5, "node_dist_m": 29.7 }, "geometry": { "type": "Point", "coordinates": [ -77.0494444, 38.9019403 ] } },
{ "type": "Feature", "properties": { "element": "node", "id": 2998020223, "name": "South Block", "amenity": "cafe", "cuisine": "juice;smoothie;coffee;açaí", "edge_u": 49777712, "edge_v": 49762286, "edge_key": 0, "nearest_node": 49762286, "snap_dist_m": 19.3, "node_dist_m": 28.6 }, "geometry": { "type": "Point", "coordinates": [ -77.050355, 38.8985413 ] } },
{ "type": "Feature", "properties": { "element": "node", "id": 2998040300, "name": "The Bistro", "amenity": "cafe", "cuisine": null, "edge_u": 49777712, "edge_v": 49793670, "edge_key": 0, "nearest_node": 49777712, "snap_dist_m": 22.6, "node_dist_m": 55.9 }, "geometry": { "type": "Point", "coordinates": [ -77.0503862, 38.900046099999983 ] } },
{ "type": "Feature", "properties": { "element": "node", "id": 2999902821, "name": "Maman", "amenity": "cafe", "cuisine": "french", "edge_u": 49777682, "edge_v": 1381307998, "edge_key": 0, "nearest_node": 1381307998, "snap_dist_m": 22.8, "node_dist_m": 55.7 }, "geometry": { "type": "Point", "coordinates": [ -77.0451546, 38.900252099999982 ] } },
{ "type": "Feature", "properties": { "element": "node", "id": 2999903042, "name": null, "amenity": "restaurant", "cuisine": null, "edge_u": 49782082, "edge_v": 641073501, "edge_key": 0, "nearest_node": 641073443, "snap_dist_m": 50.0, "node_dist_m": 62.3 }, "geometry": { "type": "Point", "coordinates": [ -77.0507992, 38.896478200000011 ] } },
{ "type": "Feature", "properties": { "element": "node", "id": 2999912041, "name": "Roti Mediterranean Grill", "amenity": "restaurant", "cuisine": "mediterranean", "edge_u": 49793670, "edge_v": 1443727088, "edge_key": 0, "nearest_node": 49793670, "snap_dist_m": 29.4, "node_dist_m": 52.0 }, "geometry": { "type": "Point", "coordinates": [ -77.0496223, 38.9009628 ] } },
{ "type": "Feature", "properties": { "element": "node", "id": 2999965662, "name": "Full Yum 2", "amenity": "restaurant", "cuisine": "chinese", "edge_u": 4059272467, "edge_v": 3372235139, "edge_key": 0, "nearest_node": 49750803, "snap_dist_m": 37.4, "node_dist_m": 86.1 }, "geometry": { "type": "Point", "coordinates": [ -76.992756, 38.949034 ] } },
{ "type": "Feature", "properties": { "element": "node", "id": 3000023676, "name": "Sweetgreen", "amenity": "fast_food", "cuisine": "salad", "edge_u": 49793670, "edge_v": 1443727088, "edge_key": 0, "nearest_node": 49793670, "snap_dist_m": 28.9, "node_dist_m": 44.3 }, "geometry": { "type": "Point", "coordinates": [ -77.0497296, 38.9009587 ] } },
{ "type": "Feature", "properties": { "element": "node", "id": 3000171775, "name": "Uptowner Cafe", "amenity": "cafe", "cuisine": "coffee_shop", "edge_u": 49762251, "edge_v": 1381307996, "edge_key": 0, "nearest_node": 1381307996, "snap_dist_m": 41.1, "node_dist_m": 79.5 }, "geometry": { "type": "Point", "coordinates": [ -77.0458775, 38.898712 ] } },
{ "type": "Feature", "properties": { "element": "node", "id": 3000193586, "name": "E-Tea", "amenity": "cafe", "cuisine": "bubble_tea", "edge_u": 49770789, "edge_v": 49793773, "edge_key": 0, "nearest_node": 49770789, "snap_dist_m": 16.9, "node_dist_m": 73.8 }, "geometry": { "type": "Point", "coordinates": [ -77.040276, 38.901185199999986 ] } },
{ "type": "Feature", "properties": { "element": "node", "id": 3000232251, "name": "Astoria's Kitchen by 54", "amenity": "restaurant", "cuisine": "moroccan;spanish", "edge_u": 633923936, "edge_v": 641116287, "edge_key": 0, "nearest_node": 633923936, "snap_dist_m": 13.3, "node_dist_m": 43.0 }, "geometry": { "type": "Point", "coordinates": [ -77.047121, 38.9027672 ] } },
{ "type": "Feature", "properties": { "element": "node", "id": 3000539094, "name": "Starbucks", "amenity": "cafe", "cuisine": "coffee_shop", "edge_u": 49797586, "edge_v": 49797596, "edge_key": 0, "nearest_node": 49797586, "snap_dist_m": 19.7, "node_dist_m": 33.0 }, "geometry": { "type": "Point", "coordinates": [ -77.0451283, 38.9039735 ] } },
{ "type": "Feature", "properties": { "element": "node", "id": 3000561354, "name": "Pret A Manger", "amenity": "fast_food", "cuisine": "sandwich", "edge_u": 9676179712, "edge_v": 49845726, "edge_key": 0, "nearest_node": 49845726, "snap_dist_m": 18.8, "node_dist_m": 38.0 }, "geometry": { "type": "Point", "coordinates": [ -77.041909500000017, 38.9053471 ] } },
{ "type": "Feature", "properties": { "element": "node", "id": 3000621453, "name": "Chalin's Restaurant", "amenity": "restaurant", "cuisine": "chinese", "edge_u": 49793777, "edge_v": 1381204541, "edge_key": 0, "nearest_node": 49793777, "snap_dist_m": 18.3, "node_dist_m": 60.4 }, "geometry": { "type": "Point", "coordinates": [ -77.0441212, 38.901150499999979 ] } },
{ "type": "Feature", "properties": { "element": "node", "id": 3000673779, "name": "Domino's", "amenity": "fast_food", "cuisine": "pizza", "edge_u": 641116245, "edge_v": 641116273, "edge_key": 0, "nearest_node": 641116273, "snap_dist_m": 15.7, "node_dist_m": 16.7 }, "geometry": { "type": "Point", "coordinates": [ -77.04597990000002, 38.9027848 ] } },
{ "type": "Feature", "properties": { "element": "node", "id": 3000700981, "name": "Crepeaway", "amenity": "fast_food", "cuisine": "crepe", "edge_u": 49741710, "edge_v": 49797586, "edge_key": 0, "nearest_node": 49797586, "snap_dist_m": 19.5, "node_dist_m": 37.1 }, "geometry": { "type": "Point", "coordinates": [ -77.0452702, 38.903907 ] } },
{ "type": "Feature", "properties": { "element": "node", "id": 3000714257, "name": "The Green Bee", "amenity": "restaurant", "cuisine": "bagel;coffee_shop;american;breakfast;tea", "edge_u": 49797586, "edge_v": 49797596, "edge_key": 0, "nearest_node": 49797586, "snap_dist_m": 17.7, "node_dist_m": 101.1 }, "geometry": { "type": "Point", "coordinates": [ -77.0446612, 38.904624199999986 ] } },
{ "type": "Feature", "properties": { "element": "node", "id": 3000739361, "name": "Poppabox", "amenity": "cafe", "cuisine": "asian", "edge_u": 1381307998, "edge_v": 1381204541, "edge_key": 0, "nearest_node": 1381204541, "snap_dist_m": 13.3, "node_dist_m": 20.5 }, "geometry": { "type": "Point", "coordinates": [ -77.0447352, 38.9011806 ] } },
{ "type": "Feature", "properties": { "element": "node", "id": 3000859352, "name": "Flavors of India", "amenity": "restaurant", "cuisine": "indian", "edge_u": 641128680, "edge_v": 49827531, "edge_key": 0, "nearest_node": 641128680, "snap_dist_m": 17.8, "node_dist_m": 51.8 }, "geometry": { "type": "Point", "coordinates": [ -77.05418, 38.9035909 ] } },
{ "type": "Feature", "properties": { "element": "node", "id": 3000865524, "name": "Papa John's", "amenity": "fast_food", "cuisine": "pizza", "edge_u": 640809773, "edge_v": 49827531, "edge_key": 0, "nearest_node": 49827531, "snap_dist_m": 20.9, "node_dist_m": 50.4 }, "geometry": { "type": "Point", "coordinates": [ -77.0539774, 38.9040849 ] } },
{ "type": "Feature", "properties": { "element": "node", "id": 3001374833, "name": "Amen Coffee and Juice", "amenity": "cafe", "cuisine": null, "edge_u": 2921295172, "edge_v": 49768181, "edge_key": 0, "nearest_node": 2921295172, "snap_dist_m": 16.4, "node_dist_m": 23.3 }, "geometry": { "type": "Point", "coordinates": [ -77.0240706, 38.9361793 ] } },
{ "type": "Feature", "properties": { "element": "node", "id": 3004999291, "name": "Howard China", "amenity": "fast_food", "cuisine": "chinese", "edge_u": 49754612, "edge_v": 49789196, "edge_key": 0, "nearest_node": 49754612, "snap_dist_m": 14.1, "node_dist_m": 14.7 }, "geometry": { "type": "Point", "coordinates": [ -77.0227134, 38.9266192 ] } },
{ "type": "Feature", "properties": { "element": "node", "id": 3007506242, "name": "Starbucks", "amenity": "cafe", "cuisine": "coffee_shop", "edge_u": 2616277014, "edge_v": 2616277023, "edge_key": 0, "nearest_node": 2616277014, "snap_dist_m": 63.5, "node_dist_m": 63.5 }, "geometry": { "type": "Point", "coordinates": [ -76.9982616, 38.935507800000018 ] } },
{ "type": "Feature", "properties": { "element": "node", "id": 3007954883, "name": "Blue Bottle Coffee", "amenity": "cafe", "cuisine": "coffee_shop", "edge_u": 49741095, "edge_v": 7494204320, "edge_key": 0, "nearest_node": 49741095, "snap_dist_m": 19.2, "node_dist_m": 30.7 }, "geometry": { "type": "Point", "coordinates": [ -77.0001309, 38.908115800000012 ] } },
{ "type": "Feature", "properties": { "element": "node", "id": 3007954884, "name": "St. Anselm", "amenity": "restaurant", "cuisine": "american", "edge_u": 49816382, "edge_v": 49741095, "edge_key": 0, "nearest_node": 49816382, "snap_dist_m": 17.3, "node_dist_m": 25.0 }, "geometry": { "type": "Point", "coordinates": [ -76.999039600000017, 38.907638 ] } },
{ "type": "Feature", "properties": { "element": "node", "id": 3007954934, "name": "Ivy City Smokehouse", "amenity": "restaurant", "cuisine": "barbecue", "edge_u": 49817092, "edge_v": 49829940, "edge_key": 0, "nearest_node": 49817092, "snap_dist_m": 18.2, "node_dist_m": 66.3 }, "geometry": { "type": "Point", "coordinates": [ -76.9854395, 38.9145961 ] } },
{ "type": "Feature", "properties": { "element": "node", "id": 3008727677, "name": "Chipotle", "amenity": "fast_food", "cuisine": "mexican", "edge_u": 49745195, "edge_v": 49745193, "edge_key": 0, "nearest_node": 49745193, "snap_dist_m": 19.0, "node_dist_m": 42.7 }, "geometry": { "type": "Point", "coordinates": [ -77.0321723, 38.9100081 ] } },
{ "type": "Feature", "properties": { "element": "node", "id": 3008727681, "name": "Sweetgreen", "amenity": "fast_food", "cuisine": "salad", "edge_u": 49764337, "edge_v": 49745193, "edge_key": 0, "nearest_node": 49764337, "snap_dist_m": 17.1, "node_dist_m": 51.2 }, "geometry": { "type": "Point", "coordinates": [ -77.0339893, 38.9098132 ] } },
{ "type": "Feature", "properties": { "element": "node", "id": 3010902605, "name": "Andrene's Caribbean Soul Food", "amenity": "restaurant", "cuisine": "caribbean", "edge_u": 49747955, "edge_v": 49876468, "edge_key": 0, "nearest_node": 49876468, "snap_dist_m": 22.5, "node_dist_m": 44.5 }, "geometry": { "type": "Point", "coordinates": [ -77.0165522, 38.956341 ] } },
{ "type": "Feature", "properties": { "element": "node", "id": 3010902615, "name": "Shellfish Market", "amenity": "restaurant", "cuisine": "seafood", "edge_u": 49801263, "edge_v": 49825409, "edge_key": 0, "nearest_node": 49825409, "snap_dist_m": 16.0, "node_dist_m": 23.2 }, "geometry": { "type": "Point", "coordinates": [ -77.0196945, 38.956603 ] } },
{ "type": "Feature", "properties": { "element": "node", "id": 3010902618, "name": "La Mia Italian", "amenity": "restaurant", "cuisine": "italian", "edge_u": 49735128, "edge_v": 49876468, "edge_key": 0, "nearest_node": 49876468, "snap_dist_m": 18.1, "node_dist_m": 45.1 }, "geometry": { "type": "Point", "coordinates": [ -77.016302, 38.956176 ] } },
{ "type": "Feature", "properties": { "element": "node", "id": 3010902621, "name": "Kenny's Carryout", "amenity": "fast_food", "cuisine": "chinese", "edge_u": 49825409, "edge_v": 49825405, "edge_key": 0, "nearest_node": 49825409, "snap_dist_m": 29.1, "node_dist_m": 42.0 }, "geometry": { "type": "Point", "coordinates": [ -77.0195237, 38.9561836 ] } },
{ "type": "Feature", "properties": { "element": "node", "id": 3010902624, "name": "Twin Dragon", "amenity": "restaurant", "cuisine": "chinese", "edge_u": 3366676351, "edge_v": 49876468, "edge_key": 0, "nearest_node": 49876468, "snap_dist_m": 21.3, "node_dist_m": 32.7 }, "geometry": { "type": "Point", "coordinates": [ -77.0163806, 38.9567691 ] } },
{ "type": "Feature", "properties": { "element": "node", "id": 3012311756, "name": "Poplar", "amenity": "restaurant", "cuisine": null, "edge_u": 49772753, "edge_v": 49772747, "edge_key": 0, "nearest_node": 49772747, "snap_dist_m": 17.3, "node_dist_m": 25.3 }, "geometry": { "type": "Point", "coordinates": [ -77.0225181, 38.9565359 ] } },
{ "type": "Feature", "properties": { "element": "node", "id": 3012311760, "name": "Soup Up", "amenity": "restaurant", "cuisine": "soup", "edge_u": 49772747, "edge_v": 49852910, "edge_key": 0, "nearest_node": 49772747, "snap_dist_m": 19.6, "node_dist_m": 44.9 }, "geometry": { "type": "Point", "coordinates": [ -77.0227841, 38.956539100000029 ] } },
{ "type": "Feature", "properties": { "element": "node", "id": 3014269364, "name": "Subway", "amenity": "fast_food", "cuisine": "sandwich", "edge_u": 1484482239, "edge_v": 49794047, "edge_key": 0, "nearest_node": 49794047, "snap_dist_m": 17.7, "node_dist_m": 75.9 }, "geometry": { "type": "Point", "coordinates": [ -76.949881, 38.8944917 ] } },
{ "type": "Feature", "properties": { "element": "node", "id": 3014806033, "name": "Grilled Cheese DC", "amenity": "fast_food", "cuisine": "sandwich", "edge_u": 49827624, "edge_v": 1381216023, "edge_key": 0, "nearest_node": 1381216023, "snap_dist_m": 24.7, "node_dist_m": 90.4 }, "geometry": { "type": "Point", "coordinates": [ -77.0404921, 38.898932 ] } },
{ "type": "Feature", "properties": { "element": "node", "id": 3016648167, "name": "City Kabob & Curry House", "amenity": "restaurant", "cuisine": "indian", "edge_u": 49721610, "edge_v": 638915905, "edge_key": 0, "nearest_node": 49721610, "snap_dist_m": 40.0, "node_dist_m": 105.5 }, "geometry": { "type": "Point", "coordinates": [ -77.004282, 38.929686 ] } },
{ "type": "Feature", "properties": { "element": "node", "id": 3016648168, "name": "Domino's", "amenity": "fast_food", "cuisine": "pizza", "edge_u": 49721610, "edge_v": 638915905, "edge_key": 0, "nearest_node": 49721610, "snap_dist_m": 46.4, "node_dist_m": 108.8 }, "geometry": { "type": "Point", "coordinates": [ -77.0043401, 38.9297204 ] } },
{ "type": "Feature", "properties": { "element": "node", "id": 3024745518, "name": "Chipotle", "amenity": "fast_food", "cuisine": "mexican", "edge_u": 3105427804, "edge_v": 814299119, "edge_key": 0, "nearest_node": 814299119, "snap_dist_m": 10.6, "node_dist_m": 32.0 }, "geometry": { "type": "Point", "coordinates": [ -76.9939222, 38.9209562 ] } },
{ "type": "Feature", "properties": { "element": "node", "id": 3072858192, "name": "Soi 38", "amenity": "restaurant", "cuisine": "thai", "edge_u": 49741715, "edge_v": 49741710, "edge_key": 0, "nearest_node": 49741710, "snap_dist_m": 16.0, "node_dist_m": 50.2 }, "geometry": { "type": "Point", "coordinates": [ -77.0468374, 38.904163 ] } },
{ "type": "Feature", "properties": { "element": "node", "id": 3099875496, "name": "Sweetgreen", "amenity": "fast_food", "cuisine": "salad", "edge_u": 49824748, "edge_v": 49845777, "edge_key": 0, "nearest_node": 49845777, "snap_dist_m": 16.9, "node_dist_m": 53.1 }, "geometry": { "type": "Point", "coordinates": [ -77.0495276, 38.9051079 ] } },
{ "type": "Feature", "properties": { "element": "node", "id": 3137216529, "name": "Cynthia Bar and Bistro", "amenity": "restaurant", "cuisine": "american", "edge_u": 49774079, "edge_v": 49774081, "edge_key": 0, "nearest_node": 49774079, "snap_dist_m": 23.2, "node_dist_m": 33.1 }, "geometry": { "type": "Point", "coordinates": [ -76.999233, 38.900417 ] } },
{ "type": "Feature", "properties": { "element": "node", "id": 3137363007, "name": "The Boiling Crab", "amenity": "restaurant", "cuisine": "cajun", "edge_u": 49741069, "edge_v": 49741058, "edge_key": 0, "nearest_node": 49741058, "snap_dist_m": 16.0, "node_dist_m": 23.2 }, "geometry": { "type": "Point", "coordinates": [ -77.000383, 38.9003609 ] } },
{ "type": "Feature", "properties": { "element": "node", "id": 3137363008, "name": "Khepras Juice Bar and Raw Food", "amenity": "restaurant", "cuisine": "health_food", "edge_u": 49774079, "edge_v": 49741058, "edge_key": 0, "nearest_node": 49741058, "snap_dist_m": 15.5, "node_dist_m": 34.4 }, "geometry": { "type": "Point", "coordinates": [ -77.0002169, 38.900351 ] } },
{ "type": "Feature", "properties": { "element": "node", "id": 3137411785, "name": "Cane", "amenity": "restaurant", "cuisine": "caribbean", "edge_u": 49774079, "edge_v": 49741058, "edge_key": 0, "nearest_node": 49741058, "snap_dist_m": 15.6, "node_dist_m": 26.0 }, "geometry": { "type": "Point", "coordinates": [ -77.0003301, 38.900071 ] } },
{ "type": "Feature", "properties": { "element": "node", "id": 3137414819, "name": "&pizza", "amenity": "fast_food", "cuisine": "pizza", "edge_u": 49774093, "edge_v": 49768706, "edge_key": 0, "nearest_node": 49774093, "snap_dist_m": 17.8, "node_dist_m": 50.0 }, "geometry": { "type": "Point", "coordinates": [ -76.9907785, 38.9003617 ] } },
{ "type": "Feature", "properties": { "element": "node", "id": 3165690275, "name": "Denny's", "amenity": "restaurant", "cuisine": "american", "edge_u": 1499921620, "edge_v": 5563919642, "edge_key": 0, "nearest_node": 1499921620, "snap_dist_m": 24.3, "node_dist_m": 30.2 }, "geometry": { "type": "Point", "coordinates": [ -76.9794732, 38.9067755 ] } },
{ "type": "Feature", "properties": { "element": "node", "id": 3197373642, "name": "Indigo", "amenity": "restaurant", "cuisine": "indian", "edge_u": 49786576, "edge_v": 49863614, "edge_key": 0, "nearest_node": 49863614, "snap_dist_m": 16.1, "node_dist_m": 30.2 }, "geometry": { "type": "Point", "coordinates": [ -77.0022229, 38.9022844 ] } },
{ "type": "Feature", "properties": { "element": "node", "id": 3204789596, "name": "McDonald's", "amenity": "fast_food", "cuisine": "burger", "edge_u": 49799643, "edge_v": 49799633, "edge_key": 0, "nearest_node": 49799643, "snap_dist_m": 22.4, "node_dist_m": 42.4 }, "geometry": { "type": "Point", "coordinates": [ -77.0292058, 38.8971538 ] } },
{ "type": "Feature", "properties": { "element": "node", "id": 3212487616, "name": "NOMA Deli", "amenity": "cafe", "cuisine": "italian", "edge_u": 12974478437, "edge_v": 49842421, "edge_key": 0, "nearest_node": 12974478437, "snap_dist_m": 14.1, "node_dist_m": 36.6 }, "geometry": { "type": "Point", "coordinates": [ -77.0036534, 38.908090299999984 ] } },
{ "type": "Feature", "properties": { "element": "node", "id": 3212487618, "name": "Subway", "amenity": "fast_food", "cuisine": "sandwich", "edge_u": 12974478437, "edge_v": 49842421, "edge_key": 0, "nearest_node": 12974478437, "snap_dist_m": 13.6, "node_dist_m": 56.9 }, "geometry": { "type": "Point", "coordinates": [ -77.0036493, 38.907881 ] } },
{ "type": "Feature", "properties": { "element": "node", "id": 3214777199, "name": "Slipstream", "amenity": "cafe", "cuisine": null, "edge_u": 49745193, "edge_v": 49753502, "edge_key": 0, "nearest_node": 49745193, "snap_dist_m": 14.6, "node_dist_m": 45.8 }, "geometry": { "type": "Point", "coordinates": [ -77.0314535, 38.909799 ] } },
{ "type": "Feature", "properties": { "element": "node", "id": 3222124867, "name": "Yum's Carry Out", "amenity": "restaurant", "cuisine": "home_style", "edge_u": 1484482239, "edge_v": 1484482233, "edge_key": 0, "nearest_node": 1484482239, "snap_dist_m": 17.6, "node_dist_m": 26.5 }, "geometry": { "type": "Point", "coordinates": [ -76.949098, 38.894855 ] } },
{ "type": "Feature", "properties": { "element": "node", "id": 3243783226, "name": "Potbelly", "amenity": "fast_food", "cuisine": "sandwich", "edge_u": 49767517, "edge_v": 49732272, "edge_key": 0, "nearest_node": 49767517, "snap_dist_m": 23.9, "node_dist_m": 37.9 }, "geometry": { "type": "Point", "coordinates": [ -76.9965122, 38.932586699999987 ] } },
{ "type": "Feature", "properties": { "element": "node", "id": 3261823930, "name": "Bistrot du Coin", "amenity": "restaurant", "cuisine": "french", "edge_u": 1440867110, "edge_v": 1379471024, "edge_key": 0, "nearest_node": 1440867110, "snap_dist_m": 15.5, "node_dist_m": 33.6 }, "geometry": { "type": "Point", "coordinates": [ -77.046129, 38.9137931 ] } },
{ "type": "Feature", "properties": { "element": "node", "id": 3262684689, "name": "ChiKo", "amenity": "fast_food", "cuisine": "chinese;korean", "edge_u": 49764791, "edge_v": 49741730, "edge_key": 0, "nearest_node": 49764791, "snap_dist_m": 15.9, "node_dist_m": 40.6 }, "geometry": { "type": "Point", "coordinates": [ -77.0461931, 38.909791 ] } },
{ "type": "Feature", "properties": { "element": "node", "id": 3270464179, "name": "Well Dressed Burrito", "amenity": "fast_food", "cuisine": "mexican", "edge_u": 49809200, "edge_v": 49780562, "edge_key": 0, "nearest_node": 49780562, "snap_dist_m": 46.1, "node_dist_m": 46.2 }, "geometry": { "type": "Point", "coordinates": [ -77.0439804, 38.906500499999986 ] } },
{ "type": "Feature", "properties": { "element": "node", "id": 3278391410, "name": "Rome Pizza & Subs", "amenity": "fast_food", "cuisine": "pizza", "edge_u": 49871679, "edge_v": 49888300, "edge_key": 0, "nearest_node": 49888300, "snap_dist_m": 19.8, "node_dist_m": 38.4 }, "geometry": { "type": "Point", "coordinates": [ -77.0830077, 38.9548827 ] } },
{ "type": "Feature", "properties": { "element": "node", "id": 3304965166, "name": "Sweet Agave", "amenity": "restaurant", "cuisine": "mexican", "edge_u": 49778302, "edge_v": 2896020560, "edge_key": 0, "nearest_node": 49778302, "snap_dist_m": 9.9, "node_dist_m": 33.6 }, "geometry": { "type": "Point", "coordinates": [ -77.1014799, 38.9253153 ] } },
{ "type": "Feature", "properties": { "element": "node", "id": 3308116819, "name": "Nando's", "amenity": "restaurant", "cuisine": "chicken;portuguese", "edge_u": 49765407, "edge_v": 12143083687, "edge_key": 0, "nearest_node": 12143083687, "snap_dist_m": 13.1, "node_dist_m": 21.6 }, "geometry": { "type": "Point", "coordinates": [ -77.0772939, 38.944088900000018 ] } },
{ "type": "Feature", "properties": { "element": "node", "id": 3354796433, "name": "Starbucks", "amenity": "cafe", "cuisine": "coffee_shop", "edge_u": 49764337, "edge_v": 49745193, "edge_key": 0, "nearest_node": 49745193, "snap_dist_m": 15.0, "node_dist_m": 104.4 }, "geometry": { "type": "Point", "coordinates": [ -77.0331436, 38.9097949 ] } },
{ "type": "Feature", "properties": { "element": "node", "id": 3358288102, "name": "Le Pain Quotidien", "amenity": "cafe", "cuisine": "coffee_shop", "edge_u": 49770789, "edge_v": 49770782, "edge_key": 0, "nearest_node": 49770789, "snap_dist_m": 21.7, "node_dist_m": 54.5 }, "geometry": { "type": "Point", "coordinates": [ -77.0396996, 38.9008843 ] } },
{ "type": "Feature", "properties": { "element": "node", "id": 3368367471, "name": "Garden Cafe", "amenity": "cafe", "cuisine": "american", "edge_u": 49799834, "edge_v": 1381307995, "edge_key": 0, "nearest_node": 1381307995, "snap_dist_m": 17.9, "node_dist_m": 78.7 }, "geometry": { "type": "Point", "coordinates": [ -77.0475703, 38.8971986 ] } },
{ "type": "Feature", "properties": { "element": "node", "id": 3372389883, "name": "Panda Express", "amenity": "fast_food", "cuisine": "chinese", "edge_u": 1443727088, "edge_v": 49793670, "edge_key": 0, "nearest_node": 1443727088, "snap_dist_m": 18.5, "node_dist_m": 27.0 }, "geometry": { "type": "Point", "coordinates": [ -77.049058, 38.900529400000011 ] } },
{ "type": "Feature", "properties": { "element": "node", "id": 3395924726, "name": "Civic", "amenity": "cafe", "cuisine": null, "edge_u": 49797421, "edge_v": 49810122, "edge_key": 0, "nearest_node": 49810122, "snap_dist_m": 16.5, "node_dist_m": 26.7 }, "geometry": { "type": "Point", "coordinates": [ -76.9952161, 38.8825755 ] } },
{ "type": "Feature", "properties": { "element": "node", "id": 3395924727, "name": "Ted's Bulletin", "amenity": "restaurant", "cuisine": null, "edge_u": 49810122, "edge_v": 49787160, "edge_key": 0, "nearest_node": 49810122, "snap_dist_m": 21.0, "node_dist_m": 36.0 }, "geometry": { "type": "Point", "coordinates": [ -76.9952158, 38.8824602 ] } },
{ "type": "Feature", "properties": { "element": "node", "id": 3450631395, "name": "Greenberry's", "amenity": "cafe", "cuisine": "coffee_shop", "edge_u": 49782040, "edge_v": 4001470337, "edge_key": 0, "nearest_node": 49782040, "snap_dist_m": 19.5, "node_dist_m": 58.1 }, "geometry": { "type": "Point", "coordinates": [ -77.0423402, 38.896166299999976 ] } },
{ "type": "Feature", "properties": { "element": "node", "id": 3496169033, "name": "Sanphan Thai", "amenity": "restaurant", "cuisine": "thai", "edge_u": 655442839, "edge_v": 655442840, "edge_key": 0, "nearest_node": 655442840, "snap_dist_m": 20.6, "node_dist_m": 44.0 }, "geometry": { "type": "Point", "coordinates": [ -76.9966804, 38.884565 ] } },
{ "type": "Feature", "properties": { "element": "node", "id": 3502087778, "name": "Chick-fil-A", "amenity": "fast_food", "cuisine": "chicken", "edge_u": 49739600, "edge_v": 49756566, "edge_key": 0, "nearest_node": 49756566, "snap_dist_m": 22.1, "node_dist_m": 41.8 }, "geometry": { "type": "Point", "coordinates": [ -76.9849754, 38.8991106 ] } },
{ "type": "Feature", "properties": { "element": "node", "id": 3545087068, "name": "Giant Panda Overlook", "amenity": "fast_food", "cuisine": "ice_cream;dessert;pastry", "edge_u": 2927473060, "edge_v": 2927432300, "edge_key": 0, "nearest_node": 2927432300, "snap_dist_m": 122.2, "node_dist_m": 192.4 }, "geometry": { "type": "Point", "coordinates": [ -77.0526647, 38.9311226 ] } },
{ "type": "Feature", "properties": { "element": "node", "id": 3545723704, "name": "Subway", "amenity": "fast_food", "cuisine": "sandwich", "edge_u": 49865234, "edge_v": 49777564, "edge_key": 0, "nearest_node": 49865234, "snap_dist_m": 11.5, "node_dist_m": 40.3 }, "geometry": { "type": "Point", "coordinates": [ -77.019463, 38.8840422 ] } },
{ "type": "Feature", "properties": { "element": "node", "id": 3559302434, "name": "Lobby Bar", "amenity": "restaurant", "cuisine": "american", "edge_u": 49776461, "edge_v": 49797401, "edge_key": 0, "nearest_node": 49776461, "snap_dist_m": 16.7, "node_dist_m": 59.3 }, "geometry": { "type": "Point", "coordinates": [ -76.9959851, 38.886552 ] } },
{ "type": "Feature", "properties": { "element": "node", "id": 3559302435, "name": "7st Hill Cafe", "amenity": "cafe", "cuisine": "coffee_shop", "edge_u": 49776461, "edge_v": 49797401, "edge_key": 0, "nearest_node": 49797401, "snap_dist_m": 16.7, "node_dist_m": 27.3 }, "geometry": { "type": "Point", "coordinates": [ -76.9959943, 38.887199 ] } },
{ "type": "Feature", "properties": { "element": "node", "id": 3559302436, "name": "Prego", "amenity": "fast_food", "cuisine": "sandwich", "edge_u": 49776461, "edge_v": 49797401, "edge_key": 0, "nearest_node": 49797401, "snap_dist_m": 16.7, "node_dist_m": 54.2 }, "geometry": { "type": "Point", "coordinates": [ -76.995991100000012, 38.8869271 ] } },
{ "type": "Feature", "properties": { "element": "node", "id": 3559302437, "name": "Tortilla Café", "amenity": "restaurant", "cuisine": "mexican", "edge_u": 49776461, "edge_v": 49797401, "edge_key": 0, "nearest_node": 49797401, "snap_dist_m": 16.7, "node_dist_m": 46.5 }, "geometry": { "type": "Point", "coordinates": [ -76.9959919, 38.8870013 ] } },
{ "type": "Feature", "properties": { "element": "node", "id": 3590681660, "name": "Jack's", "amenity": "fast_food", "cuisine": "burger", "edge_u": 3001130394, "edge_v": 3001046648, "edge_key": 0, "nearest_node": 3001046648, "snap_dist_m": 12.7, "node_dist_m": 25.1 }, "geometry": { "type": "Point", "coordinates": [ -77.0149526, 38.896285 ] } },
{ "type": "Feature", "properties": { "element": "node", "id": 3590681663, "name": "Warka Coffee", "amenity": "cafe", "cuisine": "coffee_shop", "edge_u": 3001016717, "edge_v": 3001016695, "edge_key": 0, "nearest_node": 3001016717, "snap_dist_m": 16.8, "node_dist_m": 34.5 }, "geometry": { "type": "Point", "coordinates": [ -77.0118172, 38.8962866 ] } },
{ "type": "Feature", "properties": { "element": "node", "id": 3615494961, "name": "DC Pizza", "amenity": "restaurant", "cuisine": "pizza", "edge_u": 49809189, "edge_v": 49809177, "edge_key": 0, "nearest_node": 49809177, "snap_dist_m": 19.5, "node_dist_m": 29.7 }, "geometry": { "type": "Point", "coordinates": [ -77.0432314, 38.9039405 ] } },
{ "type": "Feature", "properties": { "element": "node", "id": 3621904757, "name": "New Course", "amenity": "restaurant", "cuisine": null, "edge_u": 49748177, "edge_v": 3001046648, "edge_key": 0, "nearest_node": 3001046648, "snap_dist_m": 14.3, "node_dist_m": 23.4 }, "geometry": { "type": "Point", "coordinates": [ -77.0153812, 38.896262299999989 ] } },
{ "type": "Feature", "properties": { "element": "node", "id": 3621904758, "name": "Subway", "amenity": "fast_food", "cuisine": "sandwich", "edge_u": 3670756359, "edge_v": 49767189, "edge_key": 0, "nearest_node": 3670756359, "snap_dist_m": 11.5, "node_dist_m": 19.0 }, "geometry": { "type": "Point", "coordinates": [ -77.0191172, 38.8949008 ] } },
{ "type": "Feature", "properties": { "element": "node", "id": 3624135951, "name": "Dunkin'", "amenity": "fast_food", "cuisine": "donut;coffee_shop", "edge_u": 641116230, "edge_v": 3027665453, "edge_key": 0, "nearest_node": 3027665453, "snap_dist_m": 14.9, "node_dist_m": 36.9 }, "geometry": { "type": "Point", "coordinates": [ -77.039901, 38.9022667 ] } },
{ "type": "Feature", "properties": { "element": "node", "id": 3663384625, "name": "Potbelly", "amenity": "fast_food", "cuisine": "sandwich", "edge_u": 49782277, "edge_v": 3016605388, "edge_key": 0, "nearest_node": 49782277, "snap_dist_m": 20.7, "node_dist_m": 55.2 }, "geometry": { "type": "Point", "coordinates": [ -77.029028, 38.896329 ] } },
{ "type": "Feature", "properties": { "element": "node", "id": 3663386125, "name": "Brick Iron Pizza", "amenity": "fast_food", "cuisine": "pizza", "edge_u": 49782277, "edge_v": 3016605388, "edge_key": 0, "nearest_node": 3016605388, "snap_dist_m": 20.0, "node_dist_m": 66.5 }, "geometry": { "type": "Point", "coordinates": [ -77.028837, 38.896322 ] } },
{ "type": "Feature", "properties": { "element": "node", "id": 3665047537, "name": "Pub and the People", "amenity": "restaurant", "cuisine": "american", "edge_u": 647044393, "edge_v": 49817387, "edge_key": 0, "nearest_node": 647044393, "snap_dist_m": 18.7, "node_dist_m": 26.7 }, "geometry": { "type": "Point", "coordinates": [ -77.009312, 38.912427 ] } },
{ "type": "Feature", "properties": { "element": "node", "id": 3665977287, "name": "Raku", "amenity": "restaurant", "cuisine": "sushi;asian;japanese", "edge_u": 49752200, "edge_v": 49881497, "edge_key": 0, "nearest_node": 49881497, "snap_dist_m": 24.5, "node_dist_m": 58.5 }, "geometry": { "type": "Point", "coordinates": [ -77.0726962, 38.9339639 ] } },
{ "type": "Feature", "properties": { "element": "node", "id": 3666389125, "name": "Potbelly", "amenity": "fast_food", "cuisine": "sandwich", "edge_u": 49772987, "edge_v": 3669554862, "edge_key": 0, "nearest_node": 49772987, "snap_dist_m": 15.0, "node_dist_m": 47.2 }, "geometry": { "type": "Point", "coordinates": [ -77.0224282, 38.8999564 ] } },
{ "type": "Feature", "properties": { "element": "node", "id": 3667356243, "name": "Julia's Empanadas", "amenity": "fast_food", "cuisine": "venezuelan;empanada", "edge_u": 3672563449, "edge_v": 49741274, "edge_key": 0, "nearest_node": 49801673, "snap_dist_m": 18.1, "node_dist_m": 57.1 }, "geometry": { "type": "Point", "coordinates": [ -77.0426632, 38.921986800000013 ] } },
{ "type": "Feature", "properties": { "element": "node", "id": 3667375627, "name": "Rise Bakery", "amenity": "fast_food", "cuisine": null, "edge_u": 3672563449, "edge_v": 49741274, "edge_key": 0, "nearest_node": 49741274, "snap_dist_m": 18.7, "node_dist_m": 19.7 }, "geometry": { "type": "Point", "coordinates": [ -77.0417913, 38.920689 ] } },
{ "type": "Feature", "properties": { "element": "node", "id": 3667402025, "name": "Pizza Mart", "amenity": "fast_food", "cuisine": "pizza", "edge_u": 49741274, "edge_v": 3672563449, "edge_key": 0, "nearest_node": 49741274, "snap_dist_m": 20.0, "node_dist_m": 116.9 }, "geometry": { "type": "Point", "coordinates": [ -77.0420923, 38.9216403 ] } },
{ "type": "Feature", "properties": { "element": "node", "id": 3667517629, "name": "Panda Express", "amenity": "fast_food", "cuisine": "chinese", "edge_u": 49772615, "edge_v": 5698252199, "edge_key": 0, "nearest_node": 5698252199, "snap_dist_m": 18.6, "node_dist_m": 56.7 }, "geometry": { "type": "Point", "coordinates": [ -77.033283, 38.928937 ] } },
{ "type": "Feature", "properties": { "element": "node", "id": 3670693625, "name": "DGS Delicatessen", "amenity": "restaurant", "cuisine": "jewish", "edge_u": 49821002, "edge_v": 829675288, "edge_key": 0, "nearest_node": 829675288, "snap_dist_m": 16.1, "node_dist_m": 16.4 }, "geometry": { "type": "Point", "coordinates": [ -77.0420846, 38.9078251 ] } },
{ "type": "Feature", "properties": { "element": "node", "id": 3670708925, "name": "Jumbo Slice Pizza", "amenity": "fast_food", "cuisine": "pizza", "edge_u": 3672563449, "edge_v": 49741274, "edge_key": 0, "nearest_node": 49741274, "snap_dist_m": 17.8, "node_dist_m": 26.4 }, "geometry": { "type": "Point", "coordinates": [ -77.04184, 38.920802 ] } },
{ "type": "Feature", "properties": { "element": "node", "id": 3674258325, "name": "Starbucks", "amenity": "cafe", "cuisine": "coffee_shop", "edge_u": 49752200, "edge_v": 49778342, "edge_key": 0, "nearest_node": 49778342, "snap_dist_m": 21.5, "node_dist_m": 21.7 }, "geometry": { "type": "Point", "coordinates": [ -77.0731263, 38.9354523 ] } },
{ "type": "Feature", "properties": { "element": "node", "id": 3680880725, "name": "Timgad", "amenity": "cafe", "cuisine": null, "edge_u": 49732286, "edge_v": 3016605409, "edge_key": 0, "nearest_node": 49756474, "snap_dist_m": 97.6, "node_dist_m": 170.7 }, "geometry": { "type": "Point", "coordinates": [ -77.0292571, 38.893674599999983 ] } },
{ "type": "Feature", "properties": { "element": "node", "id": 3680881525, "name": "Market 2 Market", "amenity": "restaurant", "cuisine": "sandwich", "edge_u": 49732286, "edge_v": 3016605409, "edge_key": 0, "nearest_node": 3016605409, "snap_dist_m": 98.9, "node_dist_m": 150.8 }, "geometry": { "type": "Point", "coordinates": [ -77.029271, 38.893931 ] } },
{ "type": "Feature", "properties": { "element": "node", "id": 3685835492, "name": "Papa John's", "amenity": "fast_food", "cuisine": "pizza", "edge_u": 49747351, "edge_v": 49798243, "edge_key": 0, "nearest_node": 49747351, "snap_dist_m": 17.9, "node_dist_m": 41.2 }, "geometry": { "type": "Point", "coordinates": [ -76.991328, 38.8787382 ] } },
{ "type": "Feature", "properties": { "element": "node", "id": 3687328483, "name": "Call Your Mother", "amenity": "fast_food", "cuisine": null, "edge_u": 49787160, "edge_v": 49826586, "edge_key": 0, "nearest_node": 49787160, "snap_dist_m": 15.2, "node_dist_m": 23.8 }, "geometry": { "type": "Point", "coordinates": [ -76.9951644, 38.8811057 ] } },
{ "type": "Feature", "properties": { "element": "node", "id": 3692356785, "name": "The Red Hen", "amenity": "restaurant", "cuisine": "italian", "edge_u": 1009113444, "edge_v": 49848686, "edge_key": 0, "nearest_node": 49848686, "snap_dist_m": 16.3, "node_dist_m": 23.2 }, "geometry": { "type": "Point", "coordinates": [ -77.0123423, 38.914975299999973 ] } },
{ "type": "Feature", "properties": { "element": "node", "id": 3710986602, "name": "Sweetgreen", "amenity": "fast_food", "cuisine": "salad", "edge_u": 655680518, "edge_v": 49724395, "edge_key": 0, "nearest_node": 49724395, "snap_dist_m": 23.9, "node_dist_m": 34.4 }, "geometry": { "type": "Point", "coordinates": [ -77.0002718, 38.875120399999986 ] } },
{ "type": "Feature", "properties": { "element": "node", "id": 3710986603, "name": "TaKorean", "amenity": "fast_food", "cuisine": "korean", "edge_u": 655680518, "edge_v": 49724395, "edge_key": 0, "nearest_node": 49724395, "snap_dist_m": 23.9, "node_dist_m": 44.1 }, "geometry": { "type": "Point", "coordinates": [ -77.000272, 38.875231 ] } },
{ "type": "Feature", "properties": { "element": "node", "id": 3711286135, "name": "Dunkin'", "amenity": "fast_food", "cuisine": "donut;coffee_shop", "edge_u": 49745644, "edge_v": 49813365, "edge_key": 0, "nearest_node": 9136825795, "snap_dist_m": 17.2, "node_dist_m": 41.3 }, "geometry": { "type": "Point", "coordinates": [ -77.0314984, 38.9038959 ] } },
{ "type": "Feature", "properties": { "element": "node", "id": 3713654966, "name": "Talay Thai", "amenity": "restaurant", "cuisine": "thai", "edge_u": 49823835, "edge_v": 49792123, "edge_key": 0, "nearest_node": 49792123, "snap_dist_m": 18.6, "node_dist_m": 39.8 }, "geometry": { "type": "Point", "coordinates": [ -77.0056741, 38.884760800000016 ] } },
{ "type": "Feature", "properties": { "element": "node", "id": 3713803075, "name": "Agua 301", "amenity": "restaurant", "cuisine": "mexican", "edge_u": 49734802, "edge_v": 1618429530, "edge_key": 0, "nearest_node": 1618429530, "snap_dist_m": 56.5, "node_dist_m": 115.5 }, "geometry": { "type": "Point", "coordinates": [ -77.001694, 38.873284499999983 ] } },
{ "type": "Feature", "properties": { "element": "node", "id": 3725028264, "name": "Doi Moi", "amenity": "restaurant", "cuisine": "vietnamese", "edge_u": 49776008, "edge_v": 49745214, "edge_key": 0, "nearest_node": 49745214, "snap_dist_m": 17.4, "node_dist_m": 29.3 }, "geometry": { "type": "Point", "coordinates": [ -77.0322271, 38.914256599999987 ] } },
{ "type": "Feature", "properties": { "element": "node", "id": 3739356342, "name": "Jersey Mike's Subs", "amenity": "fast_food", "cuisine": "sandwich", "edge_u": 3105427804, "edge_v": 814299119, "edge_key": 0, "nearest_node": 814299119, "snap_dist_m": 16.4, "node_dist_m": 54.2 }, "geometry": { "type": "Point", "coordinates": [ -76.994129, 38.9208356 ] } },
{ "type": "Feature", "properties": { "element": "node", "id": 3749280825, "name": "Due South", "amenity": "restaurant", "cuisine": "southern", "edge_u": 49734802, "edge_v": 1618429530, "edge_key": 0, "nearest_node": 1618429530, "snap_dist_m": 20.4, "node_dist_m": 102.2 }, "geometry": { "type": "Point", "coordinates": [ -77.0016874, 38.8736097 ] } },
{ "type": "Feature", "properties": { "element": "node", "id": 3758295406, "name": "China Chilcano", "amenity": "restaurant", "cuisine": "chinese", "edge_u": 49772964, "edge_v": 3012429028, "edge_key": 0, "nearest_node": 3012429028, "snap_dist_m": 19.4, "node_dist_m": 67.4 }, "geometry": { "type": "Point", "coordinates": [ -77.02214, 38.8953808 ] } },
{ "type": "Feature", "properties": { "element": "node", "id": 3778088364, "name": "Le Caprice DC Café Bakery", "amenity": "cafe", "cuisine": null, "edge_u": 49745691, "edge_v": 49745693, "edge_key": 0, "nearest_node": 49745691, "snap_dist_m": 23.0, "node_dist_m": 26.6 }, "geometry": { "type": "Point", "coordinates": [ -77.0329848, 38.9326023 ] } },
{ "type": "Feature", "properties": { "element": "node", "id": 3781128759, "name": "Dunkin'", "amenity": "fast_food", "cuisine": "donut;coffee_shop", "edge_u": 49789264, "edge_v": 1021561602, "edge_key": 0, "nearest_node": 49789264, "snap_dist_m": 18.5, "node_dist_m": 25.2 }, "geometry": { "type": "Point", "coordinates": [ -77.0246852, 38.937434799999984 ] } },
{ "type": "Feature", "properties": { "element": "node", "id": 3781160485, "name": "Papa John's", "amenity": "fast_food", "cuisine": "pizza", "edge_u": 49822464, "edge_v": 49745457, "edge_key": 0, "nearest_node": 49745459, "snap_dist_m": 14.2, "node_dist_m": 57.1 }, "geometry": { "type": "Point", "coordinates": [ -77.0333769, 38.9352565 ] } },
{ "type": "Feature", "properties": { "element": "node", "id": 3781178446, "name": "Johnny's", "amenity": "fast_food", "cuisine": "chinese;seafood", "edge_u": 49849366, "edge_v": 49745693, "edge_key": 0, "nearest_node": 49745693, "snap_dist_m": 14.8, "node_dist_m": 31.7 }, "geometry": { "type": "Point", "coordinates": [ -77.0323955, 38.933302600000012 ] } },
{ "type": "Feature", "properties": { "element": "node", "id": 3781187511, "name": "Heat da Spot", "amenity": "cafe", "cuisine": "coffee_shop;american;ethiopian", "edge_u": 49789218, "edge_v": 49789219, "edge_key": 0, "nearest_node": 49789219, "snap_dist_m": 14.3, "node_dist_m": 20.3 }, "geometry": { "type": "Point", "coordinates": [ -77.0232717, 38.9304828 ] } },
{ "type": "Feature", "properties": { "element": "node", "id": 3781207317, "name": "Starbucks", "amenity": "cafe", "cuisine": "coffee_shop", "edge_u": 49789264, "edge_v": 49789269, "edge_key": 0, "nearest_node": 49789269, "snap_dist_m": 18.4, "node_dist_m": 25.4 }, "geometry": { "type": "Point", "coordinates": [ -77.024866, 38.9385006 ] } },
{ "type": "Feature", "properties": { "element": "node", "id": 3784891426, "name": "Dunkin'", "amenity": "fast_food", "cuisine": "donut;coffee_shop", "edge_u": 49745240, "edge_v": 49809721, "edge_key": 0, "nearest_node": 49745240, "snap_dist_m": 20.6, "node_dist_m": 29.7 }, "geometry": { "type": "Point", "coordinates": [ -77.0317049, 38.9171928 ] } },
{ "type": "Feature", "properties": { "element": "node", "id": 3784891428, "name": "Sook DC", "amenity": "restaurant", "cuisine": "coffee_shop", "edge_u": 49745232, "edge_v": 49791711, "edge_key": 0, "nearest_node": 49745232, "snap_dist_m": 17.2, "node_dist_m": 38.8 }, "geometry": { "type": "Point", "coordinates": [ -77.0315545, 38.9154335 ] } },
{ "type": "Feature", "properties": { "element": "node", "id": 3784892677, "name": "Izakaya Seki", "amenity": "restaurant", "cuisine": "japanese", "edge_u": 49773590, "edge_v": 49853696, "edge_key": 0, "nearest_node": 49853696, "snap_dist_m": 13.2, "node_dist_m": 28.2 }, "geometry": { "type": "Point", "coordinates": [ -77.027796, 38.918232 ] } },
{ "type": "Feature", "properties": { "element": "node", "id": 3797564312, "name": "Busboys and Poets", "amenity": "restaurant", "cuisine": null, "edge_u": 49767517, "edge_v": 49732272, "edge_key": 0, "nearest_node": 49732272, "snap_dist_m": 37.5, "node_dist_m": 60.8 }, "geometry": { "type": "Point", "coordinates": [ -76.9974134, 38.932035699999986 ] } },
{ "type": "Feature", "properties": { "element": "node", "id": 3804820763, "name": "plan b", "amenity": "restaurant", "cuisine": null, "edge_u": 49767196, "edge_v": 49767194, "edge_key": 0, "nearest_node": 49767194, "snap_dist_m": 45.4, "node_dist_m": 51.4 }, "geometry": { "type": "Point", "coordinates": [ -77.023243, 38.8943941 ] } },
{ "type": "Feature", "properties": { "element": "node", "id": 3816366750, "name": "America's Best Wings", "amenity": "fast_food", "cuisine": "chicken", "edge_u": 49768181, "edge_v": 49768166, "edge_key": 0, "nearest_node": 49768181, "snap_dist_m": 14.5, "node_dist_m": 22.2 }, "geometry": { "type": "Point", "coordinates": [ -77.0240509, 38.9359223 ] } },
{ "type": "Feature", "properties": { "element": "node", "id": 3832550822, "name": "Blue Duck Tavern", "amenity": "restaurant", "cuisine": "american", "edge_u": 49787785, "edge_v": 49787793, "edge_key": 0, "nearest_node": 49787785, "snap_dist_m": 21.2, "node_dist_m": 37.5 }, "geometry": { "type": "Point", "coordinates": [ -77.0511634, 38.905532499999985 ] } },
{ "type": "Feature", "properties": { "element": "node", "id": 3836731905, "name": "Domino's", "amenity": "fast_food", "cuisine": "pizza", "edge_u": 49745297, "edge_v": 49745301, "edge_key": 0, "nearest_node": 49745301, "snap_dist_m": 20.5, "node_dist_m": 44.2 }, "geometry": { "type": "Point", "coordinates": [ -77.0320456, 38.925165 ] } },
{ "type": "Feature", "properties": { "element": "node", "id": 3884927064, "name": "Pret A Manger", "amenity": "fast_food", "cuisine": "sandwich", "edge_u": 49809177, "edge_v": 9676179707, "edge_key": 0, "nearest_node": 9676179707, "snap_dist_m": 19.3, "node_dist_m": 46.9 }, "geometry": { "type": "Point", "coordinates": [ -77.042955, 38.903565 ] } },
{ "type": "Feature", "properties": { "element": "node", "id": 3892122961, "name": "Jumbo Slice Pizza", "amenity": "fast_food", "cuisine": "pizza", "edge_u": 49745240, "edge_v": 49809721, "edge_key": 0, "nearest_node": 49745240, "snap_dist_m": 17.0, "node_dist_m": 58.4 }, "geometry": { "type": "Point", "coordinates": [ -77.0313093, 38.9168544 ] } },
{ "type": "Feature", "properties": { "element": "node", "id": 3892242699, "name": "Ginza BBQ Lounge & Karaoke", "amenity": "restaurant", "cuisine": "japanese", "edge_u": 49810122, "edge_v": 49787160, "edge_key": 0, "nearest_node": 49787160, "snap_dist_m": 35.0, "node_dist_m": 72.6 }, "geometry": { "type": "Point", "coordinates": [ -76.9945744, 38.881838 ] } },
{ "type": "Feature", "properties": { "element": "node", "id": 3939927731, "name": "KoChix", "amenity": "fast_food", "cuisine": "korean", "edge_u": 49748056, "edge_v": 49748066, "edge_key": 0, "nearest_node": 49748066, "snap_dist_m": 15.6, "node_dist_m": 18.6 }, "geometry": { "type": "Point", "coordinates": [ -77.0163479, 38.91374230000001 ] } },
{ "type": "Feature", "properties": { "element": "node", "id": 3954164032, "name": "Beau Thai", "amenity": "restaurant", "cuisine": "thai", "edge_u": 49773036, "edge_v": 49773040, "edge_key": 0, "nearest_node": 49773036, "snap_dist_m": 17.1, "node_dist_m": 25.4 }, "geometry": { "type": "Point", "coordinates": [ -77.0221144, 38.9098082 ] } },
{ "type": "Feature", "properties": { "element": "node", "id": 3982434672, "name": "Busboys and Poets", "amenity": "restaurant", "cuisine": "sandwich;chicken;american;middle_eastern", "edge_u": 49748223, "edge_v": 49825108, "edge_key": 0, "nearest_node": 49825108, "snap_dist_m": 22.2, "node_dist_m": 84.2 }, "geometry": { "type": "Point", "coordinates": [ -77.0179932, 38.9023202 ] } },
{ "type": "Feature", "properties": { "element": "node", "id": 3984368967, "name": "Chick-fil-A", "amenity": "fast_food", "cuisine": "chicken", "edge_u": 49745335, "edge_v": 5698252199, "edge_key": 0, "nearest_node": 5698252199, "snap_dist_m": 13.8, "node_dist_m": 43.0 }, "geometry": { "type": "Point", "coordinates": [ -77.0328487, 38.9291422 ] } },
{ "type": "Feature", "properties": { "element": "node", "id": 3984638716, "name": "Call Your Mother", "amenity": "fast_food", "cuisine": null, "edge_u": 49763606, "edge_v": 49763587, "edge_key": 0, "nearest_node": 49763606, "snap_dist_m": 16.9, "node_dist_m": 27.2 }, "geometry": { "type": "Point", "coordinates": [ -77.023315, 38.931364 ] } },
{ "type": "Feature", "properties": { "element": "node", "id": 3996210557, "name": "Capriotti's", "amenity": "fast_food", "cuisine": "sandwich", "edge_u": 49845726, "edge_v": 49809189, "edge_key": 0, "nearest_node": 49845726, "snap_dist_m": 9.2, "node_dist_m": 54.4 }, "geometry": { "type": "Point", "coordinates": [ -77.0423089, 38.9055579 ] } },
{ "type": "Feature", "properties": { "element": "node", "id": 3998253420, "name": "Masseria", "amenity": "restaurant", "cuisine": "italian", "edge_u": 49741104, "edge_v": 49741107, "edge_key": 0, "nearest_node": 7494204321, "snap_dist_m": 41.5, "node_dist_m": 57.3 }, "geometry": { "type": "Point", "coordinates": [ -76.999245, 38.909718 ] } },
{ "type": "Feature", "properties": { "element": "node", "id": 4022750099, "name": "Potbelly", "amenity": "fast_food", "cuisine": "sandwich", "edge_u": 49828695, "edge_v": 650017956, "edge_key": 0, "nearest_node": 49828695, "snap_dist_m": 19.7, "node_dist_m": 24.2 }, "geometry": { "type": "Point", "coordinates": [ -77.0293677, 38.8839502 ] } },
{ "type": "Feature", "properties": { "element": "node", "id": 4055821166, "name": "Soupy Dumpling & Boba", "amenity": "restaurant", "cuisine": "chinese;bubble_tea", "edge_u": 49745186, "edge_v": 49745188, "edge_key": 0, "nearest_node": 49745186, "snap_dist_m": 23.8, "node_dist_m": 80.3 }, "geometry": { "type": "Point", "coordinates": [ -77.032227, 38.907942400000032 ] } },
{ "type": "Feature", "properties": { "element": "node", "id": 4059018494, "name": "Baan Siam", "amenity": "restaurant", "cuisine": "thai", "edge_u": 49793595, "edge_v": 49748212, "edge_key": 0, "nearest_node": 49748212, "snap_dist_m": 18.9, "node_dist_m": 27.3 }, "geometry": { "type": "Point", "coordinates": [ -77.0164144, 38.901501799999984 ] } },
{ "type": "Feature", "properties": { "element": "node", "id": 4064188255, "name": "Potter's House", "amenity": "cafe", "cuisine": "coffee_shop", "edge_u": 49770639, "edge_v": 49739801, "edge_key": 0, "nearest_node": 49770639, "snap_dist_m": 20.1, "node_dist_m": 40.8 }, "geometry": { "type": "Point", "coordinates": [ -77.038708, 38.924999699999987 ] } },
{ "type": "Feature", "properties": { "element": "node", "id": 4067051344, "name": "FroZenYo", "amenity": "fast_food", "cuisine": "ice_cream", "edge_u": 49770640, "edge_v": 49770789, "edge_key": 0, "nearest_node": 49770789, "snap_dist_m": 18.1, "node_dist_m": 42.8 }, "geometry": { "type": "Point", "coordinates": [ -77.0389994, 38.901171700000013 ] } },
{ "type": "Feature", "properties": { "element": "node", "id": 4070745889, "name": "City Lights of China", "amenity": "restaurant", "cuisine": "chinese", "edge_u": 49817499, "edge_v": 49776047, "edge_key": 0, "nearest_node": 867659605, "snap_dist_m": 15.6, "node_dist_m": 81.4 }, "geometry": { "type": "Point", "coordinates": [ -77.0453777, 38.9134807 ] } },
{ "type": "Feature", "properties": { "element": "node", "id": 4075555789, "name": "Filter", "amenity": "cafe", "cuisine": null, "edge_u": 49793777, "edge_v": 1381204541, "edge_key": 0, "nearest_node": 1381204541, "snap_dist_m": 19.0, "node_dist_m": 57.7 }, "geometry": { "type": "Point", "coordinates": [ -77.0442576, 38.9011446 ] } },
{ "type": "Feature", "properties": { "element": "node", "id": 4075556089, "name": "Jrink", "amenity": "cafe", "cuisine": null, "edge_u": 49793777, "edge_v": 1381204541, "edge_key": 0, "nearest_node": 1381204541, "snap_dist_m": 13.3, "node_dist_m": 35.6 }, "geometry": { "type": "Point", "coordinates": [ -77.0445055, 38.9011958 ] } },
{ "type": "Feature", "properties": { "element": "node", "id": 4085394391, "name": "Subway", "amenity": "fast_food", "cuisine": "sandwich", "edge_u": 49770640, "edge_v": 1240476057, "edge_key": 0, "nearest_node": 1240476057, "snap_dist_m": 26.6, "node_dist_m": 54.4 }, "geometry": { "type": "Point", "coordinates": [ -77.0382135, 38.901986 ] } },
{ "type": "Feature", "properties": { "element": "node", "id": 4085394392, "name": "Protein Bar", "amenity": "fast_food", "cuisine": "smoothies", "edge_u": 1240476057, "edge_v": 49770640, "edge_key": 0, "nearest_node": 1240476057, "snap_dist_m": 26.8, "node_dist_m": 44.0 }, "geometry": { "type": "Point", "coordinates": [ -77.0382111, 38.9020994 ] } },
{ "type": "Feature", "properties": { "element": "node", "id": 4085797893, "name": "Super Tacos and Bakery", "amenity": "fast_food", "cuisine": "mexican", "edge_u": 49740244, "edge_v": 49856113, "edge_key": 0, "nearest_node": 49769187, "snap_dist_m": 19.1, "node_dist_m": 68.7 }, "geometry": { "type": "Point", "coordinates": [ -77.0409473, 38.9235957 ] } },
{ "type": "Feature", "properties": { "element": "node", "id": 4100600591, "name": "Peet's Coffee", "amenity": "cafe", "cuisine": "coffee_shop", "edge_u": 49770782, "edge_v": 1381216023, "edge_key": 0, "nearest_node": 1381216023, "snap_dist_m": 23.1, "node_dist_m": 46.2 }, "geometry": { "type": "Point", "coordinates": [ -77.0397272, 38.8991762 ] } },
{ "type": "Feature", "properties": { "element": "node", "id": 4103580309, "name": "Baja Grille", "amenity": "restaurant", "cuisine": "mexican", "edge_u": 49797586, "edge_v": 49797596, "edge_key": 0, "nearest_node": 49797596, "snap_dist_m": 16.1, "node_dist_m": 87.1 }, "geometry": { "type": "Point", "coordinates": [ -77.0446734, 38.9048823 ] } },
{ "type": "Feature", "properties": { "element": "node", "id": 4103599693, "name": "Umai Nori", "amenity": "restaurant", "cuisine": "sushi", "edge_u": 49797586, "edge_v": 49797596, "edge_key": 0, "nearest_node": 49797596, "snap_dist_m": 16.4, "node_dist_m": 57.2 }, "geometry": { "type": "Point", "coordinates": [ -77.0446687, 38.905159899999987 ] } },
{ "type": "Feature", "properties": { "element": "node", "id": 4103599694, "name": "Gursha", "amenity": "restaurant", "cuisine": "ethiopian", "edge_u": 49797586, "edge_v": 49797596, "edge_key": 0, "nearest_node": 49797596, "snap_dist_m": 16.2, "node_dist_m": 38.8 }, "geometry": { "type": "Point", "coordinates": [ -77.0446717, 38.905336 ] } },
{ "type": "Feature", "properties": { "element": "node", "id": 4111853391, "name": "La Tejana", "amenity": "restaurant", "cuisine": "mexican;breakfast", "edge_u": 49763640, "edge_v": 4082394063, "edge_key": 0, "nearest_node": 4082394063, "snap_dist_m": 18.5, "node_dist_m": 36.8 }, "geometry": { "type": "Point", "coordinates": [ -77.0382336, 38.9315245 ] } },
{ "type": "Feature", "properties": { "element": "node", "id": 4111853392, "name": "Angelico La Pizzeria", "amenity": "fast_food", "cuisine": "pizza", "edge_u": 49763640, "edge_v": 4082394063, "edge_key": 0, "nearest_node": 49763640, "snap_dist_m": 16.5, "node_dist_m": 27.5 }, "geometry": { "type": "Point", "coordinates": [ -77.0382046, 38.931386400000015 ] } },
{ "type": "Feature", "properties": { "element": "node", "id": 4111853692, "name": "Joia Burger", "amenity": "fast_food", "cuisine": "burger", "edge_u": 49763640, "edge_v": 4082394063, "edge_key": 0, "nearest_node": 4082394063, "snap_dist_m": 15.8, "node_dist_m": 29.8 }, "geometry": { "type": "Point", "coordinates": [ -77.038286, 38.931574 ] } },
{ "type": "Feature", "properties": { "element": "node", "id": 4111902590, "name": "Pollo Sabrosa", "amenity": "fast_food", "cuisine": "chicken", "edge_u": 49780840, "edge_v": 49878271, "edge_key": 0, "nearest_node": 49780840, "snap_dist_m": 17.8, "node_dist_m": 45.7 }, "geometry": { "type": "Point", "coordinates": [ -77.037821, 38.9304544 ] } },
{ "type": "Feature", "properties": { "element": "node", "id": 4117734192, "name": "Devon & Blakeley", "amenity": "fast_food", "cuisine": null, "edge_u": 49799808, "edge_v": 49762238, "edge_key": 0, "nearest_node": 49762238, "snap_dist_m": 23.3, "node_dist_m": 33.9 }, "geometry": { "type": "Point", "coordinates": [ -77.0414395, 38.89812580000001 ] } },
{ "type": "Feature", "properties": { "element": "node", "id": 4117797489, "name": "Bar Del Monte", "amenity": "restaurant", "cuisine": "italian", "edge_u": 49772633, "edge_v": 49798108, "edge_key": 0, "nearest_node": 49772633, "snap_dist_m": 19.3, "node_dist_m": 53.6 }, "geometry": { "type": "Point", "coordinates": [ -77.0373913, 38.9282509 ] } },
{ "type": "Feature", "properties": { "element": "node", "id": 4117864889, "name": "Don Juan Carry Out", "amenity": "restaurant", "cuisine": "mexican", "edge_u": 49763644, "edge_v": 49770809, "edge_key": 0, "nearest_node": 49763640, "snap_dist_m": 18.0, "node_dist_m": 29.4 }, "geometry": { "type": "Point", "coordinates": [ -77.0386433, 38.931101700000013 ] } },
{ "type": "Feature", "properties": { "element": "node", "id": 4119395502, "name": "Pret A Manger", "amenity": "fast_food", "cuisine": "sandwich", "edge_u": 1740764624, "edge_v": 49820981, "edge_key": 0, "nearest_node": 1740764624, "snap_dist_m": 15.3, "node_dist_m": 25.5 }, "geometry": { "type": "Point", "coordinates": [ -77.038753, 38.902783299999989 ] } },
{ "type": "Feature", "properties": { "element": "node", "id": 4119398797, "name": "Capitol Grounds Cafe", "amenity": "cafe", "cuisine": null, "edge_u": 1740764624, "edge_v": 11261031475, "edge_key": 0, "nearest_node": 1740764624, "snap_dist_m": 19.7, "node_dist_m": 44.8 }, "geometry": { "type": "Point", "coordinates": [ -77.0387446, 38.9030084 ] } },
{ "type": "Feature", "properties": { "element": "node", "id": 4128350125, "name": "Joselyn", "amenity": "restaurant", "cuisine": "tex-mex", "edge_u": 49763606, "edge_v": 11267636269, "edge_key": 0, "nearest_node": 49763606, "snap_dist_m": 19.7, "node_dist_m": 32.4 }, "geometry": { "type": "Point", "coordinates": [ -77.0233475, 38.9314428 ] } },
{ "type": "Feature", "properties": { "element": "node", "id": 4128603542, "name": "EatsPlace", "amenity": "restaurant", "cuisine": null, "edge_u": 49776928, "edge_v": 49789251, "edge_key": 0, "nearest_node": 49789251, "snap_dist_m": 19.1, "node_dist_m": 34.3 }, "geometry": { "type": "Point", "coordinates": [ -77.023841, 38.934780800000013 ] } },
{ "type": "Feature", "properties": { "element": "node", "id": 4134637857, "name": "Osteria Morini", "amenity": "restaurant", "cuisine": "italian", "edge_u": 1618429530, "edge_v": 49734802, "edge_key": 0, "nearest_node": 1618429530, "snap_dist_m": 56.7, "node_dist_m": 92.8 }, "geometry": { "type": "Point", "coordinates": [ -77.001381, 38.873282699999983 ] } },
{ "type": "Feature", "properties": { "element": "node", "id": 4156160937, "name": "Ruben's", "amenity": "fast_food", "cuisine": "mexican", "edge_u": 829675288, "edge_v": 49882269, "edge_key": 0, "nearest_node": 829675288, "snap_dist_m": 14.4, "node_dist_m": 19.4 }, "geometry": { "type": "Point", "coordinates": [ -77.0421566, 38.9079421 ] } },
{ "type": "Feature", "properties": { "element": "node", "id": 4156160938, "name": "Casamara", "amenity": "restaurant", "cuisine": "mediterranean", "edge_u": 829675288, "edge_v": 49882269, "edge_key": 0, "nearest_node": 1379471556, "snap_dist_m": 13.7, "node_dist_m": 50.0 }, "geometry": { "type": "Point", "coordinates": [ -77.0423275, 38.9082613 ] } },
{ "type": "Feature", "properties": { "element": "node", "id": 4156160942, "name": "Surfside", "amenity": "fast_food", "cuisine": "mexican", "edge_u": 1379496002, "edge_v": 49809200, "edge_key": 0, "nearest_node": 1379496002, "snap_dist_m": 13.0, "node_dist_m": 44.1 }, "geometry": { "type": "Point", "coordinates": [ -77.0426241, 38.9071271 ] } },
{ "type": "Feature", "properties": { "element": "node", "id": 4158541601, "name": "Starbucks", "amenity": "cafe", "cuisine": "coffee_shop", "edge_u": 49748231, "edge_v": 49825121, "edge_key": 0, "nearest_node": 49825121, "snap_dist_m": 13.1, "node_dist_m": 23.1 }, "geometry": { "type": "Point", "coordinates": [ -77.0187108, 38.9036165 ] } },
{ "type": "Feature", "properties": { "element": "node", "id": 4158541989, "name": "Chopt", "amenity": "fast_food", "cuisine": "salad", "edge_u": 3012429749, "edge_v": 3012535147, "edge_key": 0, "nearest_node": 3012535147, "snap_dist_m": 49.4, "node_dist_m": 62.8 }, "geometry": { "type": "Point", "coordinates": [ -77.0233691, 38.8942743 ] } },
{ "type": "Feature", "properties": { "element": "node", "id": 4159639014, "name": "Menomale", "amenity": "restaurant", "cuisine": "pizza", "edge_u": 49849181, "edge_v": 49849187, "edge_key": 0, "nearest_node": 49849181, "snap_dist_m": 14.4, "node_dist_m": 56.5 }, "geometry": { "type": "Point", "coordinates": [ -76.99022, 38.9248995 ] } },
{ "type": "Feature", "properties": { "element": "node", "id": 4177355289, "name": "Buffalo Wild Wings", "amenity": "restaurant", "cuisine": "wings", "edge_u": 49740442, "edge_v": 11198264296, "edge_key": 0, "nearest_node": 11198264296, "snap_dist_m": 19.3, "node_dist_m": 70.3 }, "geometry": { "type": "Point", "coordinates": [ -77.0072425, 38.8758657 ] } },
{ "type": "Feature", "properties": { "element": "node", "id": 4180358901, "name": "Dog Tag Bakery", "amenity": "cafe", "cuisine": null, "edge_u": 49743415, "edge_v": 49829250, "edge_key": 0, "nearest_node": 49829250, "snap_dist_m": 14.3, "node_dist_m": 34.6 }, "geometry": { "type": "Point", "coordinates": [ -77.0631451, 38.903862499999988 ] } },
{ "type": "Feature", "properties": { "element": "node", "id": 4228579173, "name": "San Matteo", "amenity": "restaurant", "cuisine": "italian", "edge_u": 49752621, "edge_v": 49752628, "edge_key": 0, "nearest_node": 49752621, "snap_dist_m": 18.5, "node_dist_m": 71.9 }, "geometry": { "type": "Point", "coordinates": [ -77.0241524, 38.9420733 ] } },
{ "type": "Feature", "properties": { "element": "node", "id": 4228579174, "name": "Timber Pizza Company", "amenity": "restaurant", "cuisine": "pizza", "edge_u": 49752621, "edge_v": 49752628, "edge_key": 0, "nearest_node": 49752621, "snap_dist_m": 17.3, "node_dist_m": 45.9 }, "geometry": { "type": "Point", "coordinates": [ -77.0238399, 38.9420712 ] } },
{ "type": "Feature", "properties": { "element": "node", "id": 4233962106, "name": "Bullfrog Bagels", "amenity": "restaurant", "cuisine": null, "edge_u": 655442853, "edge_v": 49776461, "edge_key": 0, "nearest_node": 49776461, "snap_dist_m": 18.1, "node_dist_m": 52.7 }, "geometry": { "type": "Point", "coordinates": [ -76.996384, 38.8855934 ] } },
{ "type": "Feature", "properties": { "element": "node", "id": 4241849507, "name": "Pho 14", "amenity": "restaurant", "cuisine": "vietnamese", "edge_u": 49745335, "edge_v": 49847837, "edge_key": 0, "nearest_node": 49847837, "snap_dist_m": 14.7, "node_dist_m": 85.8 }, "geometry": { "type": "Point", "coordinates": [ -77.0340708, 38.930587799999984 ] } },
{ "type": "Feature", "properties": { "element": "node", "id": 4247759662, "name": "Busboys and Poets", "amenity": "restaurant", "cuisine": null, "edge_u": 49749374, "edge_v": 49717954, "edge_key": 0, "nearest_node": 49749374, "snap_dist_m": 14.5, "node_dist_m": 32.8 }, "geometry": { "type": "Point", "coordinates": [ -77.0151611, 38.9750439 ] } },
{ "type": "Feature", "properties": { "element": "node", "id": 4252926719, "name": "Starbucks", "amenity": "cafe", "cuisine": "coffee_shop", "edge_u": 3011107102, "edge_v": 49733427, "edge_key": 0, "nearest_node": 3011107102, "snap_dist_m": 27.3, "node_dist_m": 39.5 }, "geometry": { "type": "Point", "coordinates": [ -77.0154975, 38.884800899999981 ] } },
{ "type": "Feature", "properties": { "element": "node", "id": 4253477732, "name": "Panera Bread", "amenity": "fast_food", "cuisine": "sandwich;bakery", "edge_u": 49734802, "edge_v": 49724395, "edge_key": 0, "nearest_node": 49724395, "snap_dist_m": 21.4, "node_dist_m": 51.4 }, "geometry": { "type": "Point", "coordinates": [ -77.001085, 38.874705 ] } },
{ "type": "Feature", "properties": { "element": "node", "id": 4253505146, "name": "Nats Dogs", "amenity": "fast_food", "cuisine": "hot_dog", "edge_u": 49759499, "edge_v": 5128694819, "edge_key": 0, "nearest_node": 49759499, "snap_dist_m": 52.0, "node_dist_m": 72.6 }, "geometry": { "type": "Point", "coordinates": [ -77.0064968, 38.8725281 ] } },
{ "type": "Feature", "properties": { "element": "node", "id": 4253505149, "name": "Nats Dogs", "amenity": "fast_food", "cuisine": "hot_dog", "edge_u": 49759499, "edge_v": 49821658, "edge_key": 0, "nearest_node": 49821658, "snap_dist_m": 33.6, "node_dist_m": 53.0 }, "geometry": { "type": "Point", "coordinates": [ -77.0062828, 38.873411899999986 ] } },
{ "type": "Feature", "properties": { "element": "node", "id": 4253505150, "name": "Grand Slam Grill", "amenity": "fast_food", "cuisine": null, "edge_u": 49759499, "edge_v": 49821658, "edge_key": 0, "nearest_node": 49759499, "snap_dist_m": 33.3, "node_dist_m": 53.3 }, "geometry": { "type": "Point", "coordinates": [ -77.0062789, 38.873359 ] } },
{ "type": "Feature", "properties": { "element": "node", "id": 4253505151, "name": "Ben's Chili Bowl", "amenity": "fast_food", "cuisine": null, "edge_u": 3608395904, "edge_v": 5128694815, "edge_key": 0, "nearest_node": 3608395904, "snap_dist_m": 35.0, "node_dist_m": 58.3 }, "geometry": { "type": "Point", "coordinates": [ -77.0085695, 38.873410500000013 ] } },
{ "type": "Feature", "properties": { "element": "node", "id": 4263388891, "name": "Farmers Fishers Bakers", "amenity": "restaurant", "cuisine": "american", "edge_u": 262173355, "edge_v": 5320434814, "edge_key": 0, "nearest_node": 5320434814, "snap_dist_m": 61.5, "node_dist_m": 61.5 }, "geometry": { "type": "Point", "coordinates": [ -77.0597769, 38.9016383 ] } },
{ "type": "Feature", "properties": { "element": "node", "id": 4270700092, "name": "Rito Loco", "amenity": "restaurant", "cuisine": "mexican", "edge_u": 49791642, "edge_v": 49844851, "edge_key": 0, "nearest_node": 49844851, "snap_dist_m": 21.4, "node_dist_m": 37.2 }, "geometry": { "type": "Point", "coordinates": [ -77.020389, 38.915408 ] } },
{ "type": "Feature", "properties": { "element": "node", "id": 4270732917, "name": "Gogi Yogi", "amenity": "restaurant", "cuisine": "korean", "edge_u": 49853085, "edge_v": 49853080, "edge_key": 0, "nearest_node": 49853085, "snap_dist_m": 16.5, "node_dist_m": 36.0 }, "geometry": { "type": "Point", "coordinates": [ -77.022755, 38.916436 ] } },
{ "type": "Feature", "properties": { "element": "node", "id": 4270742029, "name": "Emmy Squared Pizza", "amenity": "restaurant", "cuisine": "pizza", "edge_u": 49853085, "edge_v": 49853080, "edge_key": 0, "nearest_node": 49853085, "snap_dist_m": 18.2, "node_dist_m": 38.8 }, "geometry": { "type": "Point", "coordinates": [ -77.023155, 38.916415 ] } },
{ "type": "Feature", "properties": { "element": "node", "id": 4270778640, "name": "Pizzarro", "amenity": "restaurant", "cuisine": "pizza;mediterranean", "edge_u": 4270790281, "edge_v": 49825030, "edge_key": 0, "nearest_node": 4270790281, "snap_dist_m": 18.2, "node_dist_m": 19.8 }, "geometry": { "type": "Point", "coordinates": [ -77.0180479, 38.914814199999988 ] } },
{ "type": "Feature", "properties": { "element": "node", "id": 4270800539, "name": "Chaplin's", "amenity": "restaurant", "cuisine": "japanese", "edge_u": 49796993, "edge_v": 49780078, "edge_key": 0, "nearest_node": 49780078, "snap_dist_m": 14.4, "node_dist_m": 20.5 }, "geometry": { "type": "Point", "coordinates": [ -77.0238087, 38.9097705 ] } },
{ "type": "Feature", "properties": { "element": "node", "id": 4288683516, "name": "Buredo", "amenity": "fast_food", "cuisine": "sushi", "edge_u": 49745632, "edge_v": 49745636, "edge_key": 0, "nearest_node": 49745636, "snap_dist_m": 22.1, "node_dist_m": 53.3 }, "geometry": { "type": "Point", "coordinates": [ -77.0316956, 38.9009005 ] } },
{ "type": "Feature", "properties": { "element": "node", "id": 4296933402, "name": "Char Bar & Eli's Market", "amenity": "restaurant", "cuisine": "regional", "edge_u": 49765145, "edge_v": 49741710, "edge_key": 0, "nearest_node": 49765145, "snap_dist_m": 19.6, "node_dist_m": 50.2 }, "geometry": { "type": "Point", "coordinates": [ -77.0482828, 38.9035609 ] } },
{ "type": "Feature", "properties": { "element": "node", "id": 4338649340, "name": "Starbucks", "amenity": "cafe", "cuisine": "coffee_shop", "edge_u": 49810871, "edge_v": 49784130, "edge_key": 0, "nearest_node": 49810871, "snap_dist_m": 20.3, "node_dist_m": 63.5 }, "geometry": { "type": "Point", "coordinates": [ -77.024204, 38.9036346 ] } },
{ "type": "Feature", "properties": { "element": "node", "id": 4343337833, "name": "Starbucks", "amenity": "cafe", "cuisine": "coffee_shop", "edge_u": 447591561, "edge_v": 447823042, "edge_key": 0, "nearest_node": 447591561, "snap_dist_m": 6.7, "node_dist_m": 6.8 }, "geometry": { "type": "Point", "coordinates": [ -77.0891061, 38.9372611 ] } },
{ "type": "Feature", "properties": { "element": "node", "id": 4343340753, "name": "Subway", "amenity": "fast_food", "cuisine": "sandwich", "edge_u": 389074956, "edge_v": 447591561, "edge_key": 0, "nearest_node": 447591561, "snap_dist_m": 6.4, "node_dist_m": 10.0 }, "geometry": { "type": "Point", "coordinates": [ -77.0891674, 38.9371951 ] } },
{ "type": "Feature", "properties": { "element": "node", "id": 4349652336, "name": "&pizza", "amenity": "fast_food", "cuisine": "pizza", "edge_u": 49773526, "edge_v": 3670756345, "edge_key": 0, "nearest_node": 3670756345, "snap_dist_m": 19.6, "node_dist_m": 39.4 }, "geometry": { "type": "Point", "coordinates": [ -77.026385, 38.896315 ] } },
{ "type": "Feature", "properties": { "element": "node", "id": 4349684108, "name": "L’Enfant Bar & Grill", "amenity": "restaurant", "cuisine": "american", "edge_u": 9130874912, "edge_v": 2956751419, "edge_key": 0, "nearest_node": 49731670, "snap_dist_m": 13.9, "node_dist_m": 95.3 }, "geometry": { "type": "Point", "coordinates": [ -77.0244196, 38.8837226 ] } },
{ "type": "Feature", "properties": { "element": "node", "id": 4349684399, "name": "Tip Thai", "amenity": "restaurant", "cuisine": "thai", "edge_u": 3012535014, "edge_v": 3012429028, "edge_key": 0, "nearest_node": 3012535014, "snap_dist_m": 21.2, "node_dist_m": 36.8 }, "geometry": { "type": "Point", "coordinates": [ -77.021674, 38.894173699999975 ] } },
{ "type": "Feature", "properties": { "element": "node", "id": 4391184206, "name": "90 Second Pizza", "amenity": "fast_food", "cuisine": "pizza", "edge_u": 1379443774, "edge_v": 49745240, "edge_key": 0, "nearest_node": 49745240, "snap_dist_m": 16.8, "node_dist_m": 42.7 }, "geometry": { "type": "Point", "coordinates": [ -77.0324051, 38.916857 ] } },
{ "type": "Feature", "properties": { "element": "node", "id": 4401911089, "name": "The Dabney", "amenity": "restaurant", "cuisine": "american", "edge_u": 49810876, "edge_v": 774340109, "edge_key": 0, "nearest_node": 2440761314, "snap_dist_m": 52.2, "node_dist_m": 88.4 }, "geometry": { "type": "Point", "coordinates": [ -77.0245704, 38.906377699999979 ] } },
{ "type": "Feature", "properties": { "element": "node", "id": 4411526727, "name": "Mika’s Neopolitan Pizzeria", "amenity": "restaurant", "cuisine": "pizza", "edge_u": 2927432297, "edge_v": 49751580, "edge_key": 0, "nearest_node": 2927432297, "snap_dist_m": 23.1, "node_dist_m": 80.1 }, "geometry": { "type": "Point", "coordinates": [ -77.0554218, 38.929756600000012 ] } },
{ "type": "Feature", "properties": { "element": "node", "id": 4411526728, "name": "Duke's Counter", "amenity": "restaurant", "cuisine": "pub;english;burger", "edge_u": 2927432297, "edge_v": 49751580, "edge_key": 0, "nearest_node": 2927432297, "snap_dist_m": 21.9, "node_dist_m": 46.2 }, "geometry": { "type": "Point", "coordinates": [ -77.0555823, 38.9300563 ] } },
{ "type": "Feature", "properties": { "element": "node", "id": 4416686742, "name": "Chick-fil-A", "amenity": "fast_food", "cuisine": "chicken", "edge_u": 49848293, "edge_v": 49822338, "edge_key": 0, "nearest_node": 49848293, "snap_dist_m": 25.0, "node_dist_m": 40.8 }, "geometry": { "type": "Point", "coordinates": [ -77.0795679, 38.9482668 ] } },
{ "type": "Feature", "properties": { "element": "node", "id": 4421276775, "name": "Haikan", "amenity": "restaurant", "cuisine": "japanese", "edge_u": 10978669007, "edge_v": 49853094, "edge_key": 0, "nearest_node": 49853094, "snap_dist_m": 13.7, "node_dist_m": 21.8 }, "geometry": { "type": "Point", "coordinates": [ -77.023107900000014, 38.917924 ] } },
{ "type": "Feature", "properties": { "element": "node", "id": 4426797447, "name": "Little Coco's", "amenity": "restaurant", "cuisine": "italian", "edge_u": 49745651, "edge_v": 49745650, "edge_key": 0, "nearest_node": 49745650, "snap_dist_m": 22.9, "node_dist_m": 37.4 }, "geometry": { "type": "Point", "coordinates": [ -77.0324582, 38.9389441 ] } },
{ "type": "Feature", "properties": { "element": "node", "id": 4433431823, "name": "La Colombe Coffee Roasters", "amenity": "cafe", "cuisine": "coffee_shop", "edge_u": 49813458, "edge_v": 11332977605, "edge_key": 0, "nearest_node": 11332977605, "snap_dist_m": 21.3, "node_dist_m": 77.8 }, "geometry": { "type": "Point", "coordinates": [ -77.031033, 38.920055 ] } },
{ "type": "Feature", "properties": { "element": "node", "id": 4460779184, "name": "Good Stuff Eatery", "amenity": "fast_food", "cuisine": "burger", "edge_u": 49822884, "edge_v": 49845850, "edge_key": 0, "nearest_node": 49822884, "snap_dist_m": 13.5, "node_dist_m": 28.8 }, "geometry": { "type": "Point", "coordinates": [ -77.0657609, 38.9052426 ] } },
{ "type": "Feature", "properties": { "element": "node", "id": 4466461306, "name": "Annie's Paramount Steak House", "amenity": "restaurant", "cuisine": "steak_house", "edge_u": 49770680, "edge_v": 49770676, "edge_key": 0, "nearest_node": 49770680, "snap_dist_m": 22.0, "node_dist_m": 37.3 }, "geometry": { "type": "Point", "coordinates": [ -77.0382672, 38.911608 ] } },
{ "type": "Feature", "properties": { "element": "node", "id": 4511030064, "name": "Family Ethiopian Restaurant", "amenity": "restaurant", "cuisine": "ethiopian", "edge_u": 49780078, "edge_v": 49810877, "edge_key": 0, "nearest_node": 4807040760, "snap_dist_m": 14.7, "node_dist_m": 36.0 }, "geometry": { "type": "Point", "coordinates": [ -77.0241415, 38.9091358 ] } },
{ "type": "Feature", "properties": { "element": "node", "id": 4516200579, "name": "El Rey", "amenity": "restaurant", "cuisine": "mexican", "edge_u": 4807147204, "edge_v": 1017391970, "edge_key": 0, "nearest_node": 1017391970, "snap_dist_m": 17.0, "node_dist_m": 18.7 }, "geometry": { "type": "Point", "coordinates": [ -77.0247933, 38.9171602 ] } },
{ "type": "Feature", "properties": { "element": "node", "id": 4516202188, "name": "Takoda", "amenity": "restaurant", "cuisine": "american", "edge_u": 49773070, "edge_v": 49853085, "edge_key": 0, "nearest_node": 49853085, "snap_dist_m": 15.8, "node_dist_m": 27.8 }, "geometry": { "type": "Point", "coordinates": [ -77.0226273, 38.9167467 ] } },
{ "type": "Feature", "properties": { "element": "node", "id": 4521454471, "name": "Ghost Burger", "amenity": "fast_food", "cuisine": "burger", "edge_u": 49810876, "edge_v": 774340109, "edge_key": 0, "nearest_node": 49810876, "snap_dist_m": 15.0, "node_dist_m": 23.3 }, "geometry": { "type": "Point", "coordinates": [ -77.0241415, 38.9070864 ] } },
{ "type": "Feature", "properties": { "element": "node", "id": 4535684395, "name": "Panera Bread", "amenity": "fast_food", "cuisine": "sandwich;bakery", "edge_u": 49777853, "edge_v": 49770782, "edge_key": 0, "nearest_node": 49777853, "snap_dist_m": 15.8, "node_dist_m": 70.8 }, "geometry": { "type": "Point", "coordinates": [ -77.0409066, 38.9000805 ] } },
{ "type": "Feature", "properties": { "element": "node", "id": 4557453678, "name": "Zippin Chickin n Fish", "amenity": "fast_food", "cuisine": "regional", "edge_u": 49789205, "edge_v": 49823952, "edge_key": 0, "nearest_node": 49789205, "snap_dist_m": 12.7, "node_dist_m": 26.8 }, "geometry": { "type": "Point", "coordinates": [ -77.022782, 38.927419899999975 ] } },
{ "type": "Feature", "properties": { "element": "node", "id": 4558685164, "name": "Subway", "amenity": "fast_food", "cuisine": "sandwich", "edge_u": 1004809645, "edge_v": 49805505, "edge_key": 0, "nearest_node": 1004809645, "snap_dist_m": 22.8, "node_dist_m": 67.0 }, "geometry": { "type": "Point", "coordinates": [ -77.0591836, 38.936223 ] } },
{ "type": "Feature", "properties": { "element": "node", "id": 4558693745, "name": "Dos Toros Taqueria", "amenity": "fast_food", "cuisine": "mexican", "edge_u": 655442838, "edge_v": 49756892, "edge_key": 0, "nearest_node": 655442838, "snap_dist_m": 14.9, "node_dist_m": 34.9 }, "geometry": { "type": "Point", "coordinates": [ -77.00274, 38.887094099999985 ] } },
{ "type": "Feature", "properties": { "element": "node", "id": 4573880391, "name": "jetties", "amenity": "fast_food", "cuisine": null, "edge_u": 3669554862, "edge_v": 655247774, "edge_key": 0, "nearest_node": 655247774, "snap_dist_m": 20.9, "node_dist_m": 42.8 }, "geometry": { "type": "Point", "coordinates": [ -77.0227082, 38.898802199999977 ] } },
{ "type": "Feature", "properties": { "element": "node", "id": 4578523132, "name": "Cafe du Parc", "amenity": "cafe", "cuisine": "french", "edge_u": 3027832454, "edge_v": 49764249, "edge_key": 0, "nearest_node": 3027832454, "snap_dist_m": 28.9, "node_dist_m": 80.7 }, "geometry": { "type": "Point", "coordinates": [ -77.0326751, 38.8965926 ] } },
{ "type": "Feature", "properties": { "element": "node", "id": 4579629186, "name": "CAVA", "amenity": "restaurant", "cuisine": "mediterranean", "edge_u": 49773070, "edge_v": 49853085, "edge_key": 0, "nearest_node": 49853085, "snap_dist_m": 15.4, "node_dist_m": 47.1 }, "geometry": { "type": "Point", "coordinates": [ -77.02258430000002, 38.9164074 ] } },
{ "type": "Feature", "properties": { "element": "node", "id": 4580586204, "name": "District Taco", "amenity": "fast_food", "cuisine": "mexican", "edge_u": 49889089, "edge_v": 49853330, "edge_key": 0, "nearest_node": 12292446080, "snap_dist_m": 14.6, "node_dist_m": 23.5 }, "geometry": { "type": "Point", "coordinates": [ -77.080684, 38.9498188 ] } },
{ "type": "Feature", "properties": { "element": "node", "id": 4597148503, "name": "North Gate Grill", "amenity": "restaurant", "cuisine": "regional", "edge_u": 49842930, "edge_v": 11460035915, "edge_key": 0, "nearest_node": 49842930, "snap_dist_m": 18.3, "node_dist_m": 37.1 }, "geometry": { "type": "Point", "coordinates": [ -77.036169, 38.903581 ] } },
{ "type": "Feature", "properties": { "element": "node", "id": 4608336781, "name": "Mezcalero Cocina Mexicana", "amenity": "restaurant", "cuisine": "mexican", "edge_u": 49826690, "edge_v": 49734622, "edge_key": 0, "nearest_node": 49734621, "snap_dist_m": 29.1, "node_dist_m": 29.7 }, "geometry": { "type": "Point", "coordinates": [ -77.0330623, 38.9376368 ] } },
{ "type": "Feature", "properties": { "element": "node", "id": 4638123129, "name": "All Purpose", "amenity": "restaurant", "cuisine": "pizza", "edge_u": 49810876, "edge_v": 774340109, "edge_key": 0, "nearest_node": 49810876, "snap_dist_m": 17.7, "node_dist_m": 39.2 }, "geometry": { "type": "Point", "coordinates": [ -77.0241733, 38.9069325 ] } },
{ "type": "Feature", "properties": { "element": "node", "id": 4640273559, "name": "Cultural Citations", "amenity": "restaurant", "cuisine": "caribbean", "edge_u": 49840782, "edge_v": 1493859549, "edge_key": 0, "nearest_node": 49840782, "snap_dist_m": 9.7, "node_dist_m": 16.0 }, "geometry": { "type": "Point", "coordinates": [ -76.9901853, 38.863789299999986 ] } },
{ "type": "Feature", "properties": { "element": "node", "id": 4640281774, "name": "Uniontown Bar & Grill", "amenity": "restaurant", "cuisine": "american", "edge_u": 1440554109, "edge_v": 49761968, "edge_key": 0, "nearest_node": 1440554109, "snap_dist_m": 10.3, "node_dist_m": 15.0 }, "geometry": { "type": "Point", "coordinates": [ -76.9896623, 38.8647834 ] } },
{ "type": "Feature", "properties": { "element": "node", "id": 4640859360, "name": "DCity Smokehouse", "amenity": "restaurant", "cuisine": "barbecue", "edge_u": 49841801, "edge_v": 642317837, "edge_key": 0, "nearest_node": 642317837, "snap_dist_m": 13.1, "node_dist_m": 26.6 }, "geometry": { "type": "Point", "coordinates": [ -76.9869632, 38.8668977 ] } },
{ "type": "Feature", "properties": { "element": "node", "id": 4640949026, "name": "Cheers @ The Big Chair", "amenity": "restaurant", "cuisine": null, "edge_u": 1440554109, "edge_v": 49744587, "edge_key": 0, "nearest_node": 49744587, "snap_dist_m": 15.8, "node_dist_m": 30.6 }, "geometry": { "type": "Point", "coordinates": [ -76.9894384, 38.8651813 ] } },
{ "type": "Feature", "properties": { "element": "node", "id": 4640949029, "name": "Kings Cafe Carry Out", "amenity": "restaurant", "cuisine": null, "edge_u": 49744602, "edge_v": 49744587, "edge_key": 0, "nearest_node": 49744587, "snap_dist_m": 14.7, "node_dist_m": 15.2 }, "geometry": { "type": "Point", "coordinates": [ -76.9893321, 38.865441 ] } },
{ "type": "Feature", "properties": { "element": "node", "id": 4641016697, "name": "Little Caesars", "amenity": "fast_food", "cuisine": "pizza", "edge_u": 49749851, "edge_v": 49749855, "edge_key": 0, "nearest_node": 49749855, "snap_dist_m": 20.0, "node_dist_m": 24.4 }, "geometry": { "type": "Point", "coordinates": [ -76.9845656, 38.8664912 ] } },
{ "type": "Feature", "properties": { "element": "node", "id": 4644746626, "name": "Peregrine Espresso", "amenity": "cafe", "cuisine": "coffee_shop", "edge_u": 49777259, "edge_v": 49816388, "edge_key": 0, "nearest_node": 49770423, "snap_dist_m": 48.2, "node_dist_m": 65.8 }, "geometry": { "type": "Point", "coordinates": [ -76.997337, 38.908518 ] } },
{ "type": "Feature", "properties": { "element": "node", "id": 4644746627, "name": "Red Apron", "amenity": "fast_food", "cuisine": "sandwich", "edge_u": 49777245, "edge_v": 49770423, "edge_key": 0, "nearest_node": 49770423, "snap_dist_m": 47.1, "node_dist_m": 56.4 }, "geometry": { "type": "Point", "coordinates": [ -76.9974284, 38.9086888 ] } },
{ "type": "Feature", "properties": { "element": "node", "id": 4644797066, "name": "DC Empanadas", "amenity": "fast_food", "cuisine": "latin_american", "edge_u": 49816388, "edge_v": 49777259, "edge_key": 0, "nearest_node": 49770423, "snap_dist_m": 42.0, "node_dist_m": 74.9 }, "geometry": { "type": "Point", "coordinates": [ -76.9972196, 38.908565099999976 ] } },
{ "type": "Feature", "properties": { "element": "node", "id": 4644797068, "name": "Bidwell", "amenity": "restaurant", "cuisine": null, "edge_u": 49777245, "edge_v": 49770423, "edge_key": 0, "nearest_node": 49770423, "snap_dist_m": 20.8, "node_dist_m": 25.0 }, "geometry": { "type": "Point", "coordinates": [ -76.9977896, 38.908667399999985 ] } },
{ "type": "Feature", "properties": { "element": "node", "id": 4661437192, "name": "Mangialardo's", "amenity": "fast_food", "cuisine": "diner", "edge_u": 655442844, "edge_v": 655448766, "edge_key": 0, "nearest_node": 655447275, "snap_dist_m": 23.6, "node_dist_m": 47.3 }, "geometry": { "type": "Point", "coordinates": [ -76.9877235, 38.8808852 ] } },
{ "type": "Feature", "properties": { "element": "node", "id": 4675751060, "name": "Peet's Coffee", "amenity": "cafe", "cuisine": "coffee_shop", "edge_u": 1443727088, "edge_v": 49741703, "edge_key": 0, "nearest_node": 1443727088, "snap_dist_m": 21.7, "node_dist_m": 86.0 }, "geometry": { "type": "Point", "coordinates": [ -77.0478711, 38.9005017 ] } },
{ "type": "Feature", "properties": { "element": "node", "id": 4675755558, "name": "&pizza", "amenity": "fast_food", "cuisine": "pizza", "edge_u": 262542282, "edge_v": 49799834, "edge_key": 0, "nearest_node": 641127587, "snap_dist_m": 19.2, "node_dist_m": 50.6 }, "geometry": { "type": "Point", "coordinates": [ -77.0495727, 38.8971889 ] } },
{ "type": "Feature", "properties": { "element": "node", "id": 4711869695, "name": "Emissary", "amenity": "cafe", "cuisine": "coffee_shop", "edge_u": 49797631, "edge_v": 867659605, "edge_key": 0, "nearest_node": 867659605, "snap_dist_m": 16.4, "node_dist_m": 48.6 }, "geometry": { "type": "Point", "coordinates": [ -77.0450657, 38.9136883 ] } },
{ "type": "Feature", "properties": { "element": "node", "id": 4736459235, "name": "Scarlet Oak Restaurant", "amenity": "restaurant", "cuisine": null, "edge_u": 49747466, "edge_v": 49747467, "edge_key": 0, "nearest_node": 49747467, "snap_dist_m": 18.1, "node_dist_m": 42.7 }, "geometry": { "type": "Point", "coordinates": [ -77.0052921, 38.878576699999989 ] } },
{ "type": "Feature", "properties": { "element": "node", "id": 4745796677, "name": "Emissary", "amenity": "cafe", "cuisine": null, "edge_u": 49764791, "edge_v": 49741730, "edge_key": 0, "nearest_node": 49741730, "snap_dist_m": 17.0, "node_dist_m": 27.4 }, "geometry": { "type": "Point", "coordinates": [ -77.0463838, 38.9094949 ] } },
{ "type": "Feature", "properties": { "element": "node", "id": 4745956987, "name": "&pizza", "amenity": "fast_food", "cuisine": "pizza", "edge_u": 49767517, "edge_v": 49732272, "edge_key": 0, "nearest_node": 49767517, "snap_dist_m": 21.2, "node_dist_m": 48.0 }, "geometry": { "type": "Point", "coordinates": [ -76.9966693, 38.9325623 ] } },
{ "type": "Feature", "properties": { "element": "node", "id": 4745962621, "name": "Starbucks", "amenity": "cafe", "cuisine": "coffee_shop", "edge_u": 49732272, "edge_v": 49757359, "edge_key": 0, "nearest_node": 49732272, "snap_dist_m": 19.4, "node_dist_m": 51.1 }, "geometry": { "type": "Point", "coordinates": [ -76.9971467, 38.9325665 ] } },
{ "type": "Feature", "properties": { "element": "node", "id": 4749803307, "name": "M.E. Swing's", "amenity": "cafe", "cuisine": "coffee_shop", "edge_u": 49745628, "edge_v": 49745629, "edge_key": 0, "nearest_node": 49745628, "snap_dist_m": 28.9, "node_dist_m": 56.6 }, "geometry": { "type": "Point", "coordinates": [ -77.0322831, 38.897799500000012 ] } },
{ "type": "Feature", "properties": { "element": "node", "id": 4749816293, "name": "Vera", "amenity": "restaurant", "cuisine": "lebanese;mexican", "edge_u": 49817092, "edge_v": 646031208, "edge_key": 0, "nearest_node": 49817092, "snap_dist_m": 13.7, "node_dist_m": 26.6 }, "geometry": { "type": "Point", "coordinates": [ -76.9849329, 38.914815599999983 ] } },
{ "type": "Feature", "properties": { "element": "node", "id": 4770017523, "name": "Iron Age Korean Steak House", "amenity": "restaurant", "cuisine": "korean", "edge_u": 49734615, "edge_v": 49788678, "edge_key": 0, "nearest_node": 49734616, "snap_dist_m": 19.0, "node_dist_m": 20.1 }, "geometry": { "type": "Point", "coordinates": [ -77.0324872, 38.931237 ] } },
{ "type": "Feature", "properties": { "element": "node", "id": 4770056549, "name": "Búho's Restaurant", "amenity": "restaurant", "cuisine": null, "edge_u": 49745461, "edge_v": 49745459, "edge_key": 0, "nearest_node": 49745461, "snap_dist_m": 18.6, "node_dist_m": 19.3 }, "geometry": { "type": "Point", "coordinates": [ -77.032506, 38.9355446 ] } },
{ "type": "Feature", "properties": { "element": "node", "id": 4770056553, "name": "Pan Lourdes Bakery", "amenity": "cafe", "cuisine": null, "edge_u": 49745465, "edge_v": 49745461, "edge_key": 0, "nearest_node": 49745461, "snap_dist_m": 18.9, "node_dist_m": 32.0 }, "geometry": { "type": "Point", "coordinates": [ -77.032503, 38.9358246 ] } },
{ "type": "Feature", "properties": { "element": "node", "id": 4770094538, "name": "Youebe Cafe", "amenity": "cafe", "cuisine": null, "edge_u": 49822464, "edge_v": 49745457, "edge_key": 0, "nearest_node": 49745457, "snap_dist_m": 14.1, "node_dist_m": 20.3 }, "geometry": { "type": "Point", "coordinates": [ -77.0329317, 38.934858199999958 ] } },
{ "type": "Feature", "properties": { "element": "node", "id": 4777169350, "name": "Pizza D'oro", "amenity": "restaurant", "cuisine": "pizza", "edge_u": 49791888, "edge_v": 49745468, "edge_key": 0, "nearest_node": 49745468, "snap_dist_m": 20.7, "node_dist_m": 26.3 }, "geometry": { "type": "Point", "coordinates": [ -77.0329747, 38.936947 ] } },
{ "type": "Feature", "properties": { "element": "node", "id": 4787522064, "name": "Mi Cuba Café", "amenity": "restaurant", "cuisine": "cuban", "edge_u": 49745335, "edge_v": 49847837, "edge_key": 0, "nearest_node": 1804420112, "snap_dist_m": 15.0, "node_dist_m": 87.3 }, "geometry": { "type": "Point", "coordinates": [ -77.0337225, 38.9304511 ] } },
{ "type": "Feature", "properties": { "element": "node", "id": 4788254541, "name": "Benito's Place", "amenity": "restaurant", "cuisine": "central_american", "edge_u": 49773557, "edge_v": 49773558, "edge_key": 0, "nearest_node": 49773558, "snap_dist_m": 18.6, "node_dist_m": 29.0 }, "geometry": { "type": "Point", "coordinates": [ -77.0268257, 38.909447300000011 ] } },
{ "type": "Feature", "properties": { "element": "node", "id": 4788345424, "name": "Nerds & Nibblers", "amenity": "restaurant", "cuisine": null, "edge_u": 49764309, "edge_v": 12128376033, "edge_key": 0, "nearest_node": 12128376033, "snap_dist_m": 19.6, "node_dist_m": 35.4 }, "geometry": { "type": "Point", "coordinates": [ -77.0341069, 38.903923300000017 ] } },
{ "type": "Feature", "properties": { "element": "node", "id": 4788360021, "name": "Rural Society", "amenity": "restaurant", "cuisine": "argentinian", "edge_u": 7814277237, "edge_v": 49764314, "edge_key": 0, "nearest_node": 49764314, "snap_dist_m": 18.8, "node_dist_m": 30.4 }, "geometry": { "type": "Point", "coordinates": [ -77.0342999, 38.9054731 ] } },
{ "type": "Feature", "properties": { "element": "node", "id": 4796772334, "name": "Abunai Poke", "amenity": "restaurant", "cuisine": "hawaiian", "edge_u": 49797586, "edge_v": 49809177, "edge_key": 0, "nearest_node": 49797586, "snap_dist_m": 16.6, "node_dist_m": 54.6 }, "geometry": { "type": "Point", "coordinates": [ -77.044303, 38.90358770000001 ] } },
{ "type": "Feature", "properties": { "element": "node", "id": 4806406342, "name": "La Colombe Coffee Roasters", "amenity": "cafe", "cuisine": "coffee_shop", "edge_u": 49839140, "edge_v": 49839144, "edge_key": 0, "nearest_node": 49839140, "snap_dist_m": 37.2, "node_dist_m": 50.5 }, "geometry": { "type": "Point", "coordinates": [ -77.0026592, 38.905322899999987 ] } },
{ "type": "Feature", "properties": { "element": "node", "id": 4812416840, "name": "Subway", "amenity": "fast_food", "cuisine": "sandwich", "edge_u": 49745636, "edge_v": 1381307999, "edge_key": 0, "nearest_node": 49745636, "snap_dist_m": 17.7, "node_dist_m": 66.4 }, "geometry": { "type": "Point", "coordinates": [ -77.0326878, 38.901177 ] } },
{ "type": "Feature", "properties": { "element": "node", "id": 4831900318, "name": "Eerkin's Uyghur Cuisine", "amenity": "restaurant", "cuisine": "asian_fusion", "edge_u": 49843692, "edge_v": 49866935, "edge_key": 0, "nearest_node": 49866935, "snap_dist_m": 14.8, "node_dist_m": 122.2 }, "geometry": { "type": "Point", "coordinates": [ -77.0724117, 38.921411399999961 ] } },
{ "type": "Feature", "properties": { "element": "node", "id": 4831902733, "name": "Three Fifty Bakery & Coffee Bar", "amenity": "cafe", "cuisine": null, "edge_u": 49817467, "edge_v": 49770684, "edge_key": 0, "nearest_node": 49770684, "snap_dist_m": 16.3, "node_dist_m": 26.2 }, "geometry": { "type": "Point", "coordinates": [ -77.0382578, 38.9127567 ] } },
{ "type": "Feature", "properties": { "element": "node", "id": 4831917881, "name": "Shah's Halal Food", "amenity": "fast_food", "cuisine": "middle_eastern", "edge_u": 829675288, "edge_v": 49882269, "edge_key": 0, "nearest_node": 1379471556, "snap_dist_m": 10.1, "node_dist_m": 37.5 }, "geometry": { "type": "Point", "coordinates": [ -77.042299, 38.9081346 ] } },
{ "type": "Feature", "properties": { "element": "node", "id": 4832005348, "name": "Roaming Rooster", "amenity": "fast_food", "cuisine": "chicken;sandwich;wings", "edge_u": 49809721, "edge_v": 49745240, "edge_key": 0, "nearest_node": 49809721, "snap_dist_m": 18.7, "node_dist_m": 72.2 }, "geometry": { "type": "Point", "coordinates": [ -77.0304248, 38.9171761 ] } },
{ "type": "Feature", "properties": { "element": "node", "id": 4835242623, "name": "CAVA", "amenity": "restaurant", "cuisine": "mediterranean", "edge_u": 1379496002, "edge_v": 647619114, "edge_key": 0, "nearest_node": 49780558, "snap_dist_m": 16.1, "node_dist_m": 30.8 }, "geometry": { "type": "Point", "coordinates": [ -77.0420094, 38.906673 ] } },
{ "type": "Feature", "properties": { "element": "node", "id": 4840346295, "name": "Vegz", "amenity": "restaurant", "cuisine": "pakistani;indian", "edge_u": 49837617, "edge_v": 49768440, "edge_key": 0, "nearest_node": 49768440, "snap_dist_m": 16.1, "node_dist_m": 27.9 }, "geometry": { "type": "Point", "coordinates": [ -77.0418325, 38.9185379 ] } },
{ "type": "Feature", "properties": { "element": "node", "id": 4841760527, "name": "Bozzelli's", "amenity": "restaurant", "cuisine": "italian", "edge_u": 4366096286, "edge_v": 49865768, "edge_key": 0, "nearest_node": 49865768, "snap_dist_m": 25.5, "node_dist_m": 39.7 }, "geometry": { "type": "Point", "coordinates": [ -77.0329501, 38.903401599999988 ] } },
{ "type": "Feature", "properties": { "element": "node", "id": 4842704023, "name": "Starbucks", "amenity": "cafe", "cuisine": "coffee_shop", "edge_u": 4366096286, "edge_v": 11261031488, "edge_key": 0, "nearest_node": 11261031488, "snap_dist_m": 14.2, "node_dist_m": 23.6 }, "geometry": { "type": "Point", "coordinates": [ -77.0343352, 38.9027715 ] } },
{ "type": "Feature", "properties": { "element": "node", "id": 4842734007, "name": "Subway", "amenity": "fast_food", "cuisine": "sandwich", "edge_u": 49764309, "edge_v": 4629699772, "edge_key": 0, "nearest_node": 4629699772, "snap_dist_m": 21.4, "node_dist_m": 28.8 }, "geometry": { "type": "Point", "coordinates": [ -77.034330900000015, 38.903139200000012 ] } },
{ "type": "Feature", "properties": { "element": "node", "id": 4842766602, "name": "Rice Bar Bibimbap Noodle", "amenity": "restaurant", "cuisine": "korean", "edge_u": 49764309, "edge_v": 4629699772, "edge_key": 0, "nearest_node": 4629699772, "snap_dist_m": 21.2, "node_dist_m": 23.5 }, "geometry": { "type": "Point", "coordinates": [ -77.0343319, 38.9030556 ] } },
{ "type": "Feature", "properties": { "element": "node", "id": 4846520504, "name": "Shake Shack", "amenity": "fast_food", "cuisine": "burger", "edge_u": 49759499, "edge_v": 49821658, "edge_key": 0, "nearest_node": 49821658, "snap_dist_m": 34.5, "node_dist_m": 45.5 }, "geometry": { "type": "Point", "coordinates": [ -77.006293, 38.8735146 ] } },
{ "type": "Feature", "properties": { "element": "node", "id": 4849916356, "name": "District Rico", "amenity": "restaurant", "cuisine": "chicken;peruvian", "edge_u": 647026143, "edge_v": 3001288930, "edge_key": 0, "nearest_node": 3001288930, "snap_dist_m": 20.1, "node_dist_m": 37.9 }, "geometry": { "type": "Point", "coordinates": [ -77.0117999, 38.900399200000017 ] } },
{ "type": "Feature", "properties": { "element": "node", "id": 4849919628, "name": "Quickway", "amenity": "restaurant", "cuisine": "japanese;hibachi", "edge_u": 3001288930, "edge_v": 647026143, "edge_key": 0, "nearest_node": 3001288930, "snap_dist_m": 19.5, "node_dist_m": 57.5 }, "geometry": { "type": "Point", "coordinates": [ -77.0115465, 38.9003939 ] } },
{ "type": "Feature", "properties": { "element": "node", "id": 4852964121, "name": "Halfsmoke", "amenity": "restaurant", "cuisine": "american", "edge_u": 49878016, "edge_v": 49773070, "edge_key": 0, "nearest_node": 49773070, "snap_dist_m": 14.7, "node_dist_m": 18.5 }, "geometry": { "type": "Point", "coordinates": [ -77.0217127, 38.9163408 ] } },
{ "type": "Feature", "properties": { "element": "node", "id": 4855823689, "name": "Maman", "amenity": "cafe", "cuisine": null, "edge_u": 11261031486, "edge_v": 641116216, "edge_key": 0, "nearest_node": 11261031486, "snap_dist_m": 17.1, "node_dist_m": 28.5 }, "geometry": { "type": "Point", "coordinates": [ -77.0348654, 38.902799399999985 ] } },
{ "type": "Feature", "properties": { "element": "node", "id": 4866983221, "name": "Fiola", "amenity": "restaurant", "cuisine": "italian", "edge_u": 3012535014, "edge_v": 3001569202, "edge_key": 0, "nearest_node": 3012535014, "snap_dist_m": 20.7, "node_dist_m": 89.8 }, "geometry": { "type": "Point", "coordinates": [ -77.0208875, 38.8939686 ] } },
{ "type": "Feature", "properties": { "element": "node", "id": 4867410164, "name": "Popeyes", "amenity": "fast_food", "cuisine": "chicken", "edge_u": 49745186, "edge_v": 49745188, "edge_key": 0, "nearest_node": 49745186, "snap_dist_m": 24.1, "node_dist_m": 88.4 }, "geometry": { "type": "Point", "coordinates": [ -77.03223, 38.9080179 ] } },
{ "type": "Feature", "properties": { "element": "node", "id": 4867412687, "name": "Shake Shack", "amenity": "fast_food", "cuisine": "burger", "edge_u": 49745188, "edge_v": 49745193, "edge_key": 0, "nearest_node": 49745188, "snap_dist_m": 20.1, "node_dist_m": 25.2 }, "geometry": { "type": "Point", "coordinates": [ -77.0321831, 38.9089811 ] } },
{ "type": "Feature", "properties": { "element": "node", "id": 4868390722, "name": "SundeVich", "amenity": "restaurant", "cuisine": "sandwich", "edge_u": 49743415, "edge_v": 706911253, "edge_key": 0, "nearest_node": 49743415, "snap_dist_m": 22.1, "node_dist_m": 32.7 }, "geometry": { "type": "Point", "coordinates": [ -77.0636665, 38.90377 ] } },
{ "type": "Feature", "properties": { "element": "node", "id": 4870779031, "name": "P. J. Clark's", "amenity": "restaurant", "cuisine": "american", "edge_u": 641116215, "edge_v": 49793759, "edge_key": 0, "nearest_node": 641116215, "snap_dist_m": 24.4, "node_dist_m": 37.5 }, "geometry": { "type": "Point", "coordinates": [ -77.0368831, 38.902173 ] } },
{ "type": "Feature", "properties": { "element": "node", "id": 4870849500, "name": "Subway", "amenity": "fast_food", "cuisine": "sandwich", "edge_u": 8461692428, "edge_v": 49750467, "edge_key": 0, "nearest_node": 8461692431, "snap_dist_m": 31.2, "node_dist_m": 50.0 }, "geometry": { "type": "Point", "coordinates": [ -77.003877100000011, 38.8871791 ] } },
{ "type": "Feature", "properties": { "element": "node", "id": 4873040621, "name": "Il Piatto", "amenity": "restaurant", "cuisine": "italian", "edge_u": 49793759, "edge_v": 49770640, "edge_key": 0, "nearest_node": 49793759, "snap_dist_m": 26.1, "node_dist_m": 40.8 }, "geometry": { "type": "Point", "coordinates": [ -77.0369637, 38.9015596 ] } },
{ "type": "Feature", "properties": { "element": "node", "id": 4879529887, "name": "Ledo Pizza", "amenity": "restaurant", "cuisine": "pizza;pasta", "edge_u": 49792107, "edge_v": 49810122, "edge_key": 0, "nearest_node": 49810122, "snap_dist_m": 18.3, "node_dist_m": 55.9 }, "geometry": { "type": "Point", "coordinates": [ -76.995187800000011, 38.8831986 ] } },
{ "type": "Feature", "properties": { "element": "node", "id": 4879530735, "name": "Bourbon Steak", "amenity": "restaurant", "cuisine": "steak_house", "edge_u": 641107649, "edge_v": 641120840, "edge_key": 0, "nearest_node": 706911255, "snap_dist_m": 25.1, "node_dist_m": 77.9 }, "geometry": { "type": "Point", "coordinates": [ -77.0572939, 38.90426930000001 ] } },
{ "type": "Feature", "properties": { "element": "node", "id": 4879536897, "name": "CUT by Wolfgang Puck", "amenity": "restaurant", "cuisine": "american", "edge_u": 641054075, "edge_v": 49845830, "edge_key": 0, "nearest_node": 641054075, "snap_dist_m": 25.3, "node_dist_m": 75.1 }, "geometry": { "type": "Point", "coordinates": [ -77.0614526, 38.9040757 ] } },
{ "type": "Feature", "properties": { "element": "node", "id": 4884133170, "name": "Compass Coffee", "amenity": "cafe", "cuisine": "coffee_shop", "edge_u": 49826533, "edge_v": 3637842788, "edge_key": 0, "nearest_node": 49826533, "snap_dist_m": 15.3, "node_dist_m": 28.5 }, "geometry": { "type": "Point", "coordinates": [ -77.0054014, 38.8794557 ] } },
{ "type": "Feature", "properties": { "element": "node", "id": 4886241622, "name": "McDonald's", "amenity": "fast_food", "cuisine": "burger", "edge_u": 3000430293, "edge_v": 49794206, "edge_key": 0, "nearest_node": 49794206, "snap_dist_m": 61.5, "node_dist_m": 143.2 }, "geometry": { "type": "Point", "coordinates": [ -77.0050422, 38.897816 ] } },
{ "type": "Feature", "properties": { "element": "node", "id": 4887024364, "name": "The Mayflower", "amenity": "restaurant", "cuisine": "mediterranean", "edge_u": 49775504, "edge_v": 49780558, "edge_key": 0, "nearest_node": 49780558, "snap_dist_m": 19.2, "node_dist_m": 29.6 }, "geometry": { "type": "Point", "coordinates": [ -77.041379, 38.906664 ] } },
{ "type": "Feature", "properties": { "element": "node", "id": 4887102180, "name": "BUL", "amenity": "restaurant", "cuisine": "korean", "edge_u": 3672563449, "edge_v": 49741274, "edge_key": 0, "nearest_node": 49741274, "snap_dist_m": 25.2, "node_dist_m": 82.1 }, "geometry": { "type": "Point", "coordinates": [ -77.0419265, 38.9213292 ] } },
{ "type": "Feature", "properties": { "element": "node", "id": 4887172619, "name": "Lalibela", "amenity": "restaurant", "cuisine": "african", "edge_u": 49789291, "edge_v": 13181373685, "edge_key": 0, "nearest_node": 49741798, "snap_dist_m": 22.1, "node_dist_m": 32.6 }, "geometry": { "type": "Point", "coordinates": [ -77.0261246, 38.943221800000018 ] } },
{ "type": "Feature", "properties": { "element": "node", "id": 4887283226, "name": "Opaline", "amenity": "restaurant", "cuisine": "french", "edge_u": 49774425, "edge_v": 49764271, "edge_key": 0, "nearest_node": 49764271, "snap_dist_m": 16.4, "node_dist_m": 29.4 }, "geometry": { "type": "Point", "coordinates": [ -77.03392, 38.900397199999986 ] } },
{ "type": "Feature", "properties": { "element": "node", "id": 4897562736, "name": "Chipotle", "amenity": "fast_food", "cuisine": "mexican", "edge_u": 4366096286, "edge_v": 49865768, "edge_key": 0, "nearest_node": 4366096286, "snap_dist_m": 23.7, "node_dist_m": 42.8 }, "geometry": { "type": "Point", "coordinates": [ -77.0338124, 38.9030027 ] } },
{ "type": "Feature", "properties": { "element": "node", "id": 4897771678, "name": "The Partisan", "amenity": "restaurant", "cuisine": "american", "edge_u": 3012429028, "edge_v": 49767194, "edge_key": 0, "nearest_node": 49767194, "snap_dist_m": 13.9, "node_dist_m": 38.3 }, "geometry": { "type": "Point", "coordinates": [ -77.0225509, 38.8949256 ] } },
{ "type": "Feature", "properties": { "element": "node", "id": 4898435028, "name": "Claudia's", "amenity": "restaurant", "cuisine": "steak_house", "edge_u": 4629699772, "edge_v": 11261031486, "edge_key": 0, "nearest_node": 4629699772, "snap_dist_m": 21.6, "node_dist_m": 22.7 }, "geometry": { "type": "Point", "coordinates": [ -77.0348337, 38.903004 ] } },
{ "type": "Feature", "properties": { "element": "node", "id": 4898566735, "name": "Tonton Chicken", "amenity": "fast_food", "cuisine": null, "edge_u": 4366096286, "edge_v": 49865768, "edge_key": 0, "nearest_node": 12128376033, "snap_dist_m": 24.6, "node_dist_m": 59.3 }, "geometry": { "type": "Point", "coordinates": [ -77.033693, 38.903214899999988 ] } },
{ "type": "Feature", "properties": { "element": "node", "id": 4913903121, "name": "Shake Shack", "amenity": "fast_food", "cuisine": "burger", "edge_u": 3415851740, "edge_v": 11198264296, "edge_key": 0, "nearest_node": 3415851740, "snap_dist_m": 17.3, "node_dist_m": 25.0 }, "geometry": { "type": "Point", "coordinates": [ -77.0069077, 38.876698399999988 ] } },
{ "type": "Feature", "properties": { "element": "node", "id": 4922793034, "name": "Chicken + Whiskey", "amenity": "restaurant", "cuisine": "peruvian", "edge_u": 49745208, "edge_v": 49745214, "edge_key": 0, "nearest_node": 49745214, "snap_dist_m": 22.0, "node_dist_m": 37.3 }, "geometry": { "type": "Point", "coordinates": [ -77.0322076, 38.913829299999989 ] } },
{ "type": "Feature", "properties": { "element": "node", "id": 4935836954, "name": "Roaming Rooster", "amenity": "fast_food", "cuisine": "chicken", "edge_u": 12292446080, "edge_v": 3798943055, "edge_key": 0, "nearest_node": 12292446080, "snap_dist_m": 23.0, "node_dist_m": 27.2 }, "geometry": { "type": "Point", "coordinates": [ -77.0807144, 38.949954599999984 ] } },
{ "type": "Feature", "properties": { "element": "node", "id": 4936227050, "name": "The Greene Turtle", "amenity": "restaurant", "cuisine": "american", "edge_u": 655680757, "edge_v": 4935980603, "edge_key": 0, "nearest_node": 4935980603, "snap_dist_m": 21.7, "node_dist_m": 38.8 }, "geometry": { "type": "Point", "coordinates": [ -77.006164, 38.875687 ] } },
{ "type": "Feature", "properties": { "element": "node", "id": 4936227052, "name": "Rasa", "amenity": "restaurant", "cuisine": "indian", "edge_u": 655680757, "edge_v": 4935980603, "edge_key": 0, "nearest_node": 4935980603, "snap_dist_m": 21.9, "node_dist_m": 22.2 }, "geometry": { "type": "Point", "coordinates": [ -77.0061672, 38.8754268 ] } },
{ "type": "Feature", "properties": { "element": "node", "id": 4936227053, "name": "Roti", "amenity": "fast_food", "cuisine": "mediterranean", "edge_u": 4935980603, "edge_v": 49740448, "edge_key": 0, "nearest_node": 4935980603, "snap_dist_m": 22.0, "node_dist_m": 22.3 }, "geometry": { "type": "Point", "coordinates": [ -77.0061679, 38.8753656 ] } },
{ "type": "Feature", "properties": { "element": "node", "id": 4936227054, "name": "Chipotle", "amenity": "fast_food", "cuisine": "mexican", "edge_u": 4935980603, "edge_v": 49740448, "edge_key": 0, "nearest_node": 4935980603, "snap_dist_m": 22.1, "node_dist_m": 24.3 }, "geometry": { "type": "Point", "coordinates": [ -77.006168500000015, 38.8753045 ] } },
{ "type": "Feature", "properties": { "element": "node", "id": 4936227055, "name": "Chopt", "amenity": "fast_food", "cuisine": "salad", "edge_u": 4935980603, "edge_v": 49740448, "edge_key": 0, "nearest_node": 4935980603, "snap_dist_m": 22.1, "node_dist_m": 27.9 }, "geometry": { "type": "Point", "coordinates": [ -77.0061692, 38.8752433 ] } },
{ "type": "Feature", "properties": { "element": "node", "id": 4936276312, "name": "Rooster & Owl", "amenity": "restaurant", "cuisine": "american", "edge_u": 1796371546, "edge_v": 49745284, "edge_key": 0, "nearest_node": 49745284, "snap_dist_m": 16.9, "node_dist_m": 27.9 }, "geometry": { "type": "Point", "coordinates": [ -77.032167, 38.92149 ] } },
{ "type": "Feature", "properties": { "element": "node", "id": 4938688127, "name": "Panda Gourmet", "amenity": "restaurant", "cuisine": "chinese", "edge_u": 646065021, "edge_v": 646031052, "edge_key": 0, "nearest_node": 646065021, "snap_dist_m": 46.2, "node_dist_m": 47.9 }, "geometry": { "type": "Point", "coordinates": [ -76.9708036, 38.9179087 ] } },
{ "type": "Feature", "properties": { "element": "node", "id": 4947594108, "name": "Ari's Diner", "amenity": "restaurant", "cuisine": null, "edge_u": 49817092, "edge_v": 646031208, "edge_key": 0, "nearest_node": 49817092, "snap_dist_m": 14.2, "node_dist_m": 39.4 }, "geometry": { "type": "Point", "coordinates": [ -76.9847032, 38.915032699999983 ] } },
{ "type": "Feature", "properties": { "element": "node", "id": 4949447733, "name": "Protein Bar and Kitchen", "amenity": "restaurant", "cuisine": "american", "edge_u": 3012429028, "edge_v": 49767194, "edge_key": 0, "nearest_node": 3012429028, "snap_dist_m": 14.0, "node_dist_m": 20.6 }, "geometry": { "type": "Point", "coordinates": [ -77.0220911, 38.8946738 ] } },
{ "type": "Feature", "properties": { "element": "node", "id": 4960920927, "name": "Edgar", "amenity": "restaurant", "cuisine": null, "edge_u": 9136839220, "edge_v": 49774794, "edge_key": 0, "nearest_node": 9136839220, "snap_dist_m": 17.1, "node_dist_m": 56.6 }, "geometry": { "type": "Point", "coordinates": [ -77.0400336, 38.9043024 ] } },
{ "type": "Feature", "properties": { "element": "node", "id": 4960921126, "name": "Sunrise Cafe", "amenity": "cafe", "cuisine": null, "edge_u": 9136825813, "edge_v": 49770651, "edge_key": 0, "nearest_node": 9136825813, "snap_dist_m": 18.1, "node_dist_m": 38.0 }, "geometry": { "type": "Point", "coordinates": [ -77.0387219, 38.9040969 ] } },
{ "type": "Feature", "properties": { "element": "node", "id": 4960921726, "name": "Italian Gourmet Deli", "amenity": "restaurant", "cuisine": "italian", "edge_u": 11261031472, "edge_v": 4635639617, "edge_key": 0, "nearest_node": 4635639617, "snap_dist_m": 16.4, "node_dist_m": 22.7 }, "geometry": { "type": "Point", "coordinates": [ -77.0393066, 38.9038832 ] } },
{ "type": "Feature", "properties": { "element": "node", "id": 4973994210, "name": "Blue Bottle Coffee", "amenity": "cafe", "cuisine": "coffee_shop", "edge_u": 49845850, "edge_v": 633085015, "edge_key": 0, "nearest_node": 633085015, "snap_dist_m": 10.4, "node_dist_m": 10.5 }, "geometry": { "type": "Point", "coordinates": [ -77.0653989, 38.9043821 ] } },
{ "type": "Feature", "properties": { "element": "node", "id": 4974083845, "name": "District Doughnut", "amenity": "cafe", "cuisine": "donut", "edge_u": 49827853, "edge_v": 49822884, "edge_key": 0, "nearest_node": 49827853, "snap_dist_m": 40.1, "node_dist_m": 40.6 }, "geometry": { "type": "Point", "coordinates": [ -77.0669937, 38.9047316 ] } },
{ "type": "Feature", "properties": { "element": "node", "id": 4974127016, "name": "ChiKo", "amenity": "restaurant", "cuisine": "chinese;korean", "edge_u": 49792107, "edge_v": 49810122, "edge_key": 0, "nearest_node": 49810122, "snap_dist_m": 18.2, "node_dist_m": 38.8 }, "geometry": { "type": "Point", "coordinates": [ -76.9951851, 38.883031699999989 ] } },
{ "type": "Feature", "properties": { "element": "node", "id": 4974167622, "name": "&pizza", "amenity": "fast_food", "cuisine": "pizza", "edge_u": 49792107, "edge_v": 49810122, "edge_key": 0, "nearest_node": 49792107, "snap_dist_m": 18.0, "node_dist_m": 33.9 }, "geometry": { "type": "Point", "coordinates": [ -76.9951833, 38.883496299999983 ] } },
{ "type": "Feature", "properties": { "element": "node", "id": 4974167623, "name": "Chipotle", "amenity": "fast_food", "cuisine": "mexican", "edge_u": 49792107, "edge_v": 49810122, "edge_key": 0, "nearest_node": 49792107, "snap_dist_m": 18.4, "node_dist_m": 58.6 }, "geometry": { "type": "Point", "coordinates": [ -76.995189, 38.8832544 ] } },
{ "type": "Feature", "properties": { "element": "node", "id": 4974167821, "name": "Pizza Boli's", "amenity": "fast_food", "cuisine": "pizza", "edge_u": 49810122, "edge_v": 49792107, "edge_key": 0, "nearest_node": 49810122, "snap_dist_m": 18.3, "node_dist_m": 50.7 }, "geometry": { "type": "Point", "coordinates": [ -76.9951875, 38.8831494 ] } },
{ "type": "Feature", "properties": { "element": "node", "id": 4974355668, "name": "Taco Bell Cantina", "amenity": "fast_food", "cuisine": "tex-mex", "edge_u": 49774081, "edge_v": 13790612928, "edge_key": 0, "nearest_node": 49774081, "snap_dist_m": 16.6, "node_dist_m": 78.5 }, "geometry": { "type": "Point", "coordinates": [ -76.9975672, 38.9000564 ] } },
{ "type": "Feature", "properties": { "element": "node", "id": 4974355669, "name": "Starbucks", "amenity": "cafe", "cuisine": "coffee_shop", "edge_u": 49774081, "edge_v": 13790612928, "edge_key": 0, "nearest_node": 49774081, "snap_dist_m": 16.5, "node_dist_m": 87.7 }, "geometry": { "type": "Point", "coordinates": [ -76.9974581, 38.9000572 ] } },
{ "type": "Feature", "properties": { "element": "node", "id": 4978285124, "name": "Rasika", "amenity": "restaurant", "cuisine": "indian", "edge_u": 49765155, "edge_v": 49824748, "edge_key": 0, "nearest_node": 49765155, "snap_dist_m": 22.8, "node_dist_m": 54.9 }, "geometry": { "type": "Point", "coordinates": [ -77.0480931, 38.9050577 ] } },
{ "type": "Feature", "properties": { "element": "node", "id": 4978313621, "name": "Firefly", "amenity": "restaurant", "cuisine": "american", "edge_u": 1243960522, "edge_v": 49765167, "edge_key": 0, "nearest_node": 49765167, "snap_dist_m": 21.3, "node_dist_m": 27.8 }, "geometry": { "type": "Point", "coordinates": [ -77.0457751, 38.9074917 ] } },
{ "type": "Feature", "properties": { "element": "node", "id": 4993315178, "name": "Andy's Pizza", "amenity": "restaurant", "cuisine": "pizza", "edge_u": 49853094, "edge_v": 1017508479, "edge_key": 0, "nearest_node": 49853094, "snap_dist_m": 15.7, "node_dist_m": 34.6 }, "geometry": { "type": "Point", "coordinates": [ -77.0233069, 38.9176303 ] } },
{ "type": "Feature", "properties": { "element": "node", "id": 4995098730, "name": "The Salt Line", "amenity": "restaurant", "cuisine": "seafood", "edge_u": 49759499, "edge_v": 5128694819, "edge_key": 0, "nearest_node": 5128694819, "snap_dist_m": 50.9, "node_dist_m": 133.2 }, "geometry": { "type": "Point", "coordinates": [ -77.0064144, 38.871252299999988 ] } },
{ "type": "Feature", "properties": { "element": "node", "id": 5026600022, "name": "Sol Mexican Grill", "amenity": "restaurant", "cuisine": "mexican", "edge_u": 49844794, "edge_v": 49773008, "edge_key": 0, "nearest_node": 49773012, "snap_dist_m": 26.8, "node_dist_m": 84.2 }, "geometry": { "type": "Point", "coordinates": [ -77.0209726, 38.902775 ] } },
{ "type": "Feature", "properties": { "element": "node", "id": 5057073691, "name": "West Wing Cafe", "amenity": "restaurant", "cuisine": "sandwich;breakfast", "edge_u": 49784130, "edge_v": 49800282, "edge_key": 0, "nearest_node": 49800282, "snap_dist_m": 30.8, "node_dist_m": 75.8 }, "geometry": { "type": "Point", "coordinates": [ -77.0254008, 38.903081899999989 ] } },
{ "type": "Feature", "properties": { "element": "node", "id": 5057365392, "name": "Silver", "amenity": "restaurant", "cuisine": "american", "edge_u": 49778342, "edge_v": 49752200, "edge_key": 0, "nearest_node": 49778342, "snap_dist_m": 24.6, "node_dist_m": 55.8 }, "geometry": { "type": "Point", "coordinates": [ -77.0729778, 38.9350418 ] } },
{ "type": "Feature", "properties": { "element": "node", "id": 5064202524, "name": "Toki Underground", "amenity": "restaurant", "cuisine": "asian", "edge_u": 49807256, "edge_v": 49849131, "edge_key": 0, "nearest_node": 49807256, "snap_dist_m": 30.7, "node_dist_m": 69.7 }, "geometry": { "type": "Point", "coordinates": [ -76.9890327, 38.900482299999986 ] } },
{ "type": "Feature", "properties": { "element": "node", "id": 5070573822, "name": "Magic Gourd Restaurant - Chinese", "amenity": "cafe", "cuisine": "chinese", "edge_u": 3001434616, "edge_v": 3151812441, "edge_key": 0, "nearest_node": 3151812441, "snap_dist_m": 41.0, "node_dist_m": 74.8 }, "geometry": { "type": "Point", "coordinates": [ -77.0126457, 38.901889800000028 ] } },
{ "type": "Feature", "properties": { "element": "node", "id": 5075273021, "name": "Bethesda Bagels", "amenity": "fast_food", "cuisine": null, "edge_u": 655662508, "edge_v": 49883336, "edge_key": 0, "nearest_node": 655662508, "snap_dist_m": 22.5, "node_dist_m": 59.6 }, "geometry": { "type": "Point", "coordinates": [ -77.0048084, 38.8767448 ] } },
{ "type": "Feature", "properties": { "element": "node", "id": 5109650122, "name": "Barrel", "amenity": "restaurant", "cuisine": "american", "edge_u": 655442839, "edge_v": 655442840, "edge_key": 0, "nearest_node": 655442839, "snap_dist_m": 17.2, "node_dist_m": 67.4 }, "geometry": { "type": "Point", "coordinates": [ -76.9978822, 38.8850899 ] } },
{ "type": "Feature", "properties": { "element": "node", "id": 5109682461, "name": "Falafel Inc.", "amenity": "restaurant", "cuisine": "middle_eastern", "edge_u": 49753516, "edge_v": 49799147, "edge_key": 0, "nearest_node": 49845850, "snap_dist_m": 12.2, "node_dist_m": 38.0 }, "geometry": { "type": "Point", "coordinates": [ -77.0653413, 38.9054725 ] } },
{ "type": "Feature", "properties": { "element": "node", "id": 5124717021, "name": "Chipotle", "amenity": "fast_food", "cuisine": "mexican", "edge_u": 49756578, "edge_v": 3240030410, "edge_key": 0, "nearest_node": 3240030410, "snap_dist_m": 58.3, "node_dist_m": 61.8 }, "geometry": { "type": "Point", "coordinates": [ -77.0069558, 38.897578399999986 ] } },
{ "type": "Feature", "properties": { "element": "node", "id": 5135556248, "name": "Bonchon Chicken", "amenity": "restaurant", "cuisine": "chicken;korean;sushi", "edge_u": 49747457, "edge_v": 49764858, "edge_key": 0, "nearest_node": 49747457, "snap_dist_m": 17.6, "node_dist_m": 25.0 }, "geometry": { "type": "Point", "coordinates": [ -77.0076661, 38.8782532 ] } },
{ "type": "Feature", "properties": { "element": "node", "id": 5150830472, "name": "Fiola Mare", "amenity": "restaurant", "cuisine": "seafood", "edge_u": 4792249103, "edge_v": 4792249103, "edge_key": 0, "nearest_node": 4792249103, "snap_dist_m": 12.6, "node_dist_m": 17.7 }, "geometry": { "type": "Point", "coordinates": [ -77.060962, 38.9016729 ] } },
{ "type": "Feature", "properties": { "element": "node", "id": 5170081604, "name": "The Brighton", "amenity": "restaurant", "cuisine": null, "edge_u": 11177333923, "edge_v": 11177333923, "edge_key": 0, "nearest_node": 11177333923, "snap_dist_m": 35.9, "node_dist_m": 41.5 }, "geometry": { "type": "Point", "coordinates": [ -77.0262503, 38.880178 ] } },
{ "type": "Feature", "properties": { "element": "node", "id": 5170081605, "name": "Shake Shack", "amenity": "fast_food", "cuisine": "burger", "edge_u": 11177333923, "edge_v": 11177333923, "edge_key": 0, "nearest_node": 11177333923, "snap_dist_m": 12.0, "node_dist_m": 16.5 }, "geometry": { "type": "Point", "coordinates": [ -77.0264531, 38.880338099999989 ] } },
{ "type": "Feature", "properties": { "element": "node", "id": 5170088531, "name": "Domino's", "amenity": "fast_food", "cuisine": "pizza", "edge_u": 49822338, "edge_v": 49889089, "edge_key": 0, "nearest_node": 49822338, "snap_dist_m": 19.5, "node_dist_m": 26.4 }, "geometry": { "type": "Point", "coordinates": [ -77.0800178, 38.949014099999985 ] } },
{ "type": "Feature", "properties": { "element": "node", "id": 5173832706, "name": "Hank’s Oyster Bar", "amenity": "restaurant", "cuisine": "seafood", "edge_u": 6796840442, "edge_v": 6796840445, "edge_key": 0, "nearest_node": 6796840442, "snap_dist_m": 16.1, "node_dist_m": 63.9 }, "geometry": { "type": "Point", "coordinates": [ -77.0237059, 38.878258099999989 ] } },
{ "type": "Feature", "properties": { "element": "node", "id": 5173839428, "name": "Del Mar", "amenity": "restaurant", "cuisine": "spanish", "edge_u": 8592032116, "edge_v": 5170081599, "edge_key": 0, "nearest_node": 8592032116, "snap_dist_m": 32.2, "node_dist_m": 32.2 }, "geometry": { "type": "Point", "coordinates": [ -77.0246823, 38.878993700000017 ] } },
{ "type": "Feature", "properties": { "element": "node", "id": 5180966152, "name": "YATAI by NaRa-Ya", "amenity": "fast_food", "cuisine": "japanese;sushi", "edge_u": 5180966153, "edge_v": 3000233170, "edge_key": 0, "nearest_node": 5180966153, "snap_dist_m": 51.8, "node_dist_m": 51.8 }, "geometry": { "type": "Point", "coordinates": [ -77.0256848, 38.8795312 ] } },
{ "type": "Feature", "properties": { "element": "node", "id": 5187395621, "name": "Sandwiches by Phillip", "amenity": "fast_food", "cuisine": null, "edge_u": 49842413, "edge_v": 49798625, "edge_key": 0, "nearest_node": 49842413, "snap_dist_m": 27.6, "node_dist_m": 41.5 }, "geometry": { "type": "Point", "coordinates": [ -77.0062012, 38.902234399999983 ] } },
{ "type": "Feature", "properties": { "element": "node", "id": 5197081267, "name": "Starbucks", "amenity": "cafe", "cuisine": "coffee_shop", "edge_u": 49800238, "edge_v": 3007425104, "edge_key": 0, "nearest_node": 49771030, "snap_dist_m": 23.7, "node_dist_m": 47.3 }, "geometry": { "type": "Point", "coordinates": [ -77.0956412, 38.944683199999979 ] } },
{ "type": "Feature", "properties": { "element": "node", "id": 5218721768, "name": "Baked by Yael", "amenity": "cafe", "cuisine": null, "edge_u": 2927432297, "edge_v": 49751580, "edge_key": 0, "nearest_node": 2927432297, "snap_dist_m": 22.4, "node_dist_m": 68.2 }, "geometry": { "type": "Point", "coordinates": [ -77.0554739, 38.9298604 ] } },
{ "type": "Feature", "properties": { "element": "node", "id": 5219012918, "name": "Manny and Olgas", "amenity": "restaurant", "cuisine": "pizza", "edge_u": 49770323, "edge_v": 2974581213, "edge_key": 0, "nearest_node": 49770323, "snap_dist_m": 23.2, "node_dist_m": 54.3 }, "geometry": { "type": "Point", "coordinates": [ -76.9730136, 38.930285 ] } },
{ "type": "Feature", "properties": { "element": "node", "id": 5234384522, "name": "Upper West Side Café", "amenity": "cafe", "cuisine": null, "edge_u": 49824748, "edge_v": 49845777, "edge_key": 0, "nearest_node": 49845777, "snap_dist_m": 21.3, "node_dist_m": 30.5 }, "geometry": { "type": "Point", "coordinates": [ -77.0498607, 38.9054507 ] } },
{ "type": "Feature", "properties": { "element": "node", "id": 5241981902, "name": "CAVA", "amenity": "restaurant", "cuisine": "mediterranean", "edge_u": 3000430293, "edge_v": 642685931, "edge_key": 0, "nearest_node": 3240030410, "snap_dist_m": 52.3, "node_dist_m": 60.0 }, "geometry": { "type": "Point", "coordinates": [ -77.0069852, 38.8974553 ] } },
{ "type": "Feature", "properties": { "element": "node", "id": 5278754921, "name": "Gregorys Coffee", "amenity": "cafe", "cuisine": "coffee_shop", "edge_u": 4366096286, "edge_v": 11261031488, "edge_key": 0, "nearest_node": 4366096286, "snap_dist_m": 21.3, "node_dist_m": 32.5 }, "geometry": { "type": "Point", "coordinates": [ -77.0339184, 38.9028352 ] } },
{ "type": "Feature", "properties": { "element": "node", "id": 5288275434, "name": "Wawa", "amenity": "fast_food", "cuisine": null, "edge_u": 49809189, "edge_v": 49809177, "edge_key": 0, "nearest_node": 49809177, "snap_dist_m": 19.4, "node_dist_m": 43.4 }, "geometry": { "type": "Point", "coordinates": [ -77.0432316, 38.904087799999978 ] } },
{ "type": "Feature", "properties": { "element": "node", "id": 5292485466, "name": "Java Corner", "amenity": "cafe", "cuisine": "coffee_shop", "edge_u": 2167451953, "edge_v": 2167451939, "edge_key": 0, "nearest_node": 10181394607, "snap_dist_m": 41.2, "node_dist_m": 218.4 }, "geometry": { "type": "Point", "coordinates": [ -76.9929474, 38.9070823 ] } },
{ "type": "Feature", "properties": { "element": "node", "id": 5294938065, "name": "Subway", "amenity": "fast_food", "cuisine": "sandwich", "edge_u": 49842413, "edge_v": 49842417, "edge_key": 0, "nearest_node": 49842413, "snap_dist_m": 17.6, "node_dist_m": 52.1 }, "geometry": { "type": "Point", "coordinates": [ -77.0060894, 38.902958699999985 ] } },
{ "type": "Feature", "properties": { "element": "node", "id": 5307611281, "name": "Pete's New Haven Style Apizza", "amenity": "restaurant", "cuisine": "pizza", "edge_u": 49871679, "edge_v": 49888300, "edge_key": 0, "nearest_node": 49888300, "snap_dist_m": 20.4, "node_dist_m": 32.9 }, "geometry": { "type": "Point", "coordinates": [ -77.0829253, 38.954520899999977 ] } },
{ "type": "Feature", "properties": { "element": "node", "id": 5312757050, "name": "Seoul Spice", "amenity": "fast_food", "cuisine": "korean", "edge_u": 49889089, "edge_v": 49853330, "edge_key": 0, "nearest_node": 12292446080, "snap_dist_m": 22.1, "node_dist_m": 24.3 }, "geometry": { "type": "Point", "coordinates": [ -77.0806994, 38.9498863 ] } },
{ "type": "Feature", "properties": { "element": "node", "id": 5314099548, "name": "El Camino", "amenity": "restaurant", "cuisine": "mexican", "edge_u": 1364987324, "edge_v": 1364987325, "edge_key": 0, "nearest_node": 1364987325, "snap_dist_m": 15.9, "node_dist_m": 25.4 }, "geometry": { "type": "Point", "coordinates": [ -77.0126703, 38.9153213 ] } },
{ "type": "Feature", "properties": { "element": "node", "id": 5321233445, "name": "Starbucks", "amenity": "cafe", "cuisine": "coffee_shop", "edge_u": 8639885443, "edge_v": 49756297, "edge_key": 0, "nearest_node": 49756297, "snap_dist_m": 22.1, "node_dist_m": 22.3 }, "geometry": { "type": "Point", "coordinates": [ -77.0856124, 38.9335967 ] } },
{ "type": "Feature", "properties": { "element": "node", "id": 5321273167, "name": "Al Dente", "amenity": "restaurant", "cuisine": "italian", "edge_u": 49756297, "edge_v": 49747251, "edge_key": 0, "nearest_node": 49756297, "snap_dist_m": 39.1, "node_dist_m": 73.7 }, "geometry": { "type": "Point", "coordinates": [ -77.085126, 38.9331189 ] } },
{ "type": "Feature", "properties": { "element": "node", "id": 5324838781, "name": "City Tap House", "amenity": "restaurant", "cuisine": "american", "edge_u": 1379496002, "edge_v": 647619114, "edge_key": 0, "nearest_node": 1379496002, "snap_dist_m": 19.6, "node_dist_m": 23.8 }, "geometry": { "type": "Point", "coordinates": [ -77.0422858, 38.9070664 ] } },
{ "type": "Feature", "properties": { "element": "node", "id": 5364233815, "name": "Pow Pow", "amenity": "restaurant", "cuisine": "asian;chinese;japanese;korean", "edge_u": 49774098, "edge_v": 49774093, "edge_key": 0, "nearest_node": 49774098, "snap_dist_m": 19.6, "node_dist_m": 29.7 }, "geometry": { "type": "Point", "coordinates": [ -76.9885647, 38.9000244 ] } },
{ "type": "Feature", "properties": { "element": "node", "id": 5376787643, "name": "Tunnicliff's Tavern", "amenity": "restaurant", "cuisine": "american", "edge_u": 49776461, "edge_v": 49797401, "edge_key": 0, "nearest_node": 49776461, "snap_dist_m": 17.1, "node_dist_m": 65.8 }, "geometry": { "type": "Point", "coordinates": [ -76.9959819, 38.8866124 ] } },
{ "type": "Feature", "properties": { "element": "node", "id": 5406239828, "name": "Founding Farmers & Distillers", "amenity": "restaurant", "cuisine": "american", "edge_u": 3669554855, "edge_v": 3378110162, "edge_key": 0, "nearest_node": 3669554855, "snap_dist_m": 24.1, "node_dist_m": 31.0 }, "geometry": { "type": "Point", "coordinates": [ -77.0202236, 38.9013438 ] } },
{ "type": "Feature", "properties": { "element": "node", "id": 5412958648, "name": "Bluestone Lane", "amenity": "cafe", "cuisine": null, "edge_u": 49787774, "edge_v": 49869068, "edge_key": 0, "nearest_node": 49869068, "snap_dist_m": 17.9, "node_dist_m": 29.1 }, "geometry": { "type": "Point", "coordinates": [ -77.0503791, 38.903898399999989 ] } },
{ "type": "Feature", "properties": { "element": "node", "id": 5424458173, "name": null, "amenity": "restaurant", "cuisine": null, "edge_u": 49780533, "edge_v": 49815809, "edge_key": 0, "nearest_node": 49815809, "snap_dist_m": 95.1, "node_dist_m": 115.1 }, "geometry": { "type": "Point", "coordinates": [ -77.0536195, 38.9224673 ] } },
{ "type": "Feature", "properties": { "element": "node", "id": 5424458175, "name": "Flavorture", "amenity": "restaurant", "cuisine": "american", "edge_u": 49787863, "edge_v": 49787884, "edge_key": 0, "nearest_node": 49787884, "snap_dist_m": 13.6, "node_dist_m": 63.5 }, "geometry": { "type": "Point", "coordinates": [ -77.0524508, 38.92406860000002 ] } },
{ "type": "Feature", "properties": { "element": "node", "id": 5440076131, "name": "Firehook Bakery", "amenity": "cafe", "cuisine": "coffee_shop", "edge_u": 3001569202, "edge_v": 3670756358, "edge_key": 0, "nearest_node": 3670756358, "snap_dist_m": 48.7, "node_dist_m": 61.8 }, "geometry": { "type": "Point", "coordinates": [ -77.0191825, 38.894171800000017 ] } },
{ "type": "Feature", "properties": { "element": "node", "id": 5469811110, "name": "Pret A Manger", "amenity": "fast_food", "cuisine": "sandwich", "edge_u": 49793773, "edge_v": 49793777, "edge_key": 0, "nearest_node": 49793773, "snap_dist_m": 25.0, "node_dist_m": 37.9 }, "geometry": { "type": "Point", "coordinates": [ -77.0420293, 38.901565200000014 ] } },
{ "type": "Feature", "properties": { "element": "node", "id": 5470145521, "name": "RARE Steaks & Seafood", "amenity": "restaurant", "cuisine": "seafood;steak_house", "edge_u": 49764296, "edge_v": 9983605758, "edge_key": 0, "nearest_node": 9983605758, "snap_dist_m": 20.0, "node_dist_m": 62.7 }, "geometry": { "type": "Point", "coordinates": [ -77.0358052, 38.901499 ] } },
{ "type": "Feature", "properties": { "element": "node", "id": 5471097524, "name": "Fossette Focacceria", "amenity": "cafe", "cuisine": "sandwich;italian", "edge_u": 49810876, "edge_v": 774340109, "edge_key": 0, "nearest_node": 49810876, "snap_dist_m": 17.9, "node_dist_m": 48.4 }, "geometry": { "type": "Point", "coordinates": [ -77.0241748, 38.906841300000018 ] } },
{ "type": "Feature", "properties": { "element": "node", "id": 5471097623, "name": "Unconventional Diner", "amenity": "restaurant", "cuisine": "american", "edge_u": 49810876, "edge_v": 774340109, "edge_key": 0, "nearest_node": 774340109, "snap_dist_m": 22.5, "node_dist_m": 71.9 }, "geometry": { "type": "Point", "coordinates": [ -77.0237092, 38.906264200000017 ] } },
{ "type": "Feature", "properties": { "element": "node", "id": 5471176721, "name": "Fruitive", "amenity": "restaurant", "cuisine": null, "edge_u": 2629963167, "edge_v": 49773532, "edge_key": 0, "nearest_node": 49773532, "snap_dist_m": 19.3, "node_dist_m": 51.1 }, "geometry": { "type": "Point", "coordinates": [ -77.0268134, 38.900246599999981 ] } },
{ "type": "Feature", "properties": { "element": "node", "id": 5501816623, "name": "Compass Coffee", "amenity": "cafe", "cuisine": "coffee_shop", "edge_u": 3378222899, "edge_v": 3669554878, "edge_key": 0, "nearest_node": 3378222899, "snap_dist_m": 20.5, "node_dist_m": 61.2 }, "geometry": { "type": "Point", "coordinates": [ -77.0212246, 38.897158 ] } },
{ "type": "Feature", "properties": { "element": "node", "id": 5528426790, "name": "Ellē", "amenity": "cafe", "cuisine": null, "edge_u": 4082394063, "edge_v": 49734612, "edge_key": 0, "nearest_node": 4082394063, "snap_dist_m": 15.8, "node_dist_m": 19.3 }, "geometry": { "type": "Point", "coordinates": [ -77.038384, 38.9318723 ] } },
{ "type": "Feature", "properties": { "element": "node", "id": 5538928666, "name": "Popeyes", "amenity": "fast_food", "cuisine": "chicken", "edge_u": 49777628, "edge_v": 49777631, "edge_key": 0, "nearest_node": 49777628, "snap_dist_m": 20.0, "node_dist_m": 31.0 }, "geometry": { "type": "Point", "coordinates": [ -76.9971165, 38.844908900000021 ] } },
{ "type": "Feature", "properties": { "element": "node", "id": 5552617677, "name": "Flippin' Pizza", "amenity": "fast_food", "cuisine": "pizza", "edge_u": 49828695, "edge_v": 650017956, "edge_key": 0, "nearest_node": 49828695, "snap_dist_m": 19.2, "node_dist_m": 30.7 }, "geometry": { "type": "Point", "coordinates": [ -77.0292615, 38.883983500000014 ] } },
{ "type": "Feature", "properties": { "element": "node", "id": 5562953578, "name": "Museum Café", "amenity": "cafe", "cuisine": null, "edge_u": 49843596, "edge_v": 3533318591, "edge_key": 0, "nearest_node": 49843596, "snap_dist_m": 24.2, "node_dist_m": 76.7 }, "geometry": { "type": "Point", "coordinates": [ -77.0334092, 38.8870501 ] } },
{ "type": "Feature", "properties": { "element": "node", "id": 5564450313, "name": "Starbucks", "amenity": "cafe", "cuisine": "coffee_shop", "edge_u": 49749374, "edge_v": 49717954, "edge_key": 0, "nearest_node": 49749374, "snap_dist_m": 13.3, "node_dist_m": 37.2 }, "geometry": { "type": "Point", "coordinates": [ -77.0152593, 38.97480060000003 ] } },
{ "type": "Feature", "properties": { "element": "node", "id": 5569778490, "name": null, "amenity": "fast_food", "cuisine": null, "edge_u": 2504806041, "edge_v": 8245233135, "edge_key": 0, "nearest_node": 8245233135, "snap_dist_m": 91.9, "node_dist_m": 115.2 }, "geometry": { "type": "Point", "coordinates": [ -77.0346876, 38.8948347 ] } },
{ "type": "Feature", "properties": { "element": "node", "id": 5569806756, "name": "Qdoba", "amenity": "fast_food", "cuisine": "mexican", "edge_u": 49773526, "edge_v": 3670756345, "edge_key": 0, "nearest_node": 3670756345, "snap_dist_m": 17.3, "node_dist_m": 43.0 }, "geometry": { "type": "Point", "coordinates": [ -77.0264438, 38.896293699999987 ] } },
{ "type": "Feature", "properties": { "element": "node", "id": 5569882137, "name": "Han Palace", "amenity": "restaurant", "cuisine": "chinese;dim_sum", "edge_u": 49787890, "edge_v": 701602949, "edge_key": 0, "nearest_node": 701602949, "snap_dist_m": 28.5, "node_dist_m": 30.0 }, "geometry": { "type": "Point", "coordinates": [ -77.0519846, 38.9249642 ] } },
{ "type": "Feature", "properties": { "element": "node", "id": 5569923921, "name": "Potbelly", "amenity": "fast_food", "cuisine": "sandwich", "edge_u": 49773526, "edge_v": 3013407820, "edge_key": 0, "nearest_node": 3013407820, "snap_dist_m": 18.6, "node_dist_m": 28.7 }, "geometry": { "type": "Point", "coordinates": [ -77.0272566, 38.8971613 ] } },
{ "type": "Feature", "properties": { "element": "node", "id": 5569928684, "name": "Mi Vida", "amenity": "restaurant", "cuisine": "mexican", "edge_u": 5736733177, "edge_v": 5180966153, "edge_key": 0, "nearest_node": 5180966153, "snap_dist_m": 35.4, "node_dist_m": 44.5 }, "geometry": { "type": "Point", "coordinates": [ -77.0257966, 38.8799 ] } },
{ "type": "Feature", "properties": { "element": "node", "id": 5647839155, "name": "Daikaya Ramen", "amenity": "restaurant", "cuisine": "japanese", "edge_u": 49777795, "edge_v": 49762383, "edge_key": 0, "nearest_node": 49762383, "snap_dist_m": 17.4, "node_dist_m": 35.0 }, "geometry": { "type": "Point", "coordinates": [ -77.019707400000016, 38.8985926 ] } },
{ "type": "Feature", "properties": { "element": "node", "id": 5667786572, "name": "Ottoman Taverna", "amenity": "restaurant", "cuisine": "turkish", "edge_u": 49748223, "edge_v": 49748212, "edge_key": 0, "nearest_node": 49748212, "snap_dist_m": 14.2, "node_dist_m": 40.3 }, "geometry": { "type": "Point", "coordinates": [ -77.016347100000019, 38.90167229999998 ] } },
{ "type": "Feature", "properties": { "element": "node", "id": 5705651678, "name": "Panera Bread", "amenity": "fast_food", "cuisine": "sandwich;bakery", "edge_u": 4001002050, "edge_v": 49764096, "edge_key": 0, "nearest_node": 4001002050, "snap_dist_m": 139.5, "node_dist_m": 236.5 }, "geometry": { "type": "Point", "coordinates": [ -77.0138434, 38.92945 ] } },
{ "type": "Feature", "properties": { "element": "node", "id": 5715721707, "name": "All Purpose", "amenity": "restaurant", "cuisine": "pizza", "edge_u": 49759499, "edge_v": 5128694819, "edge_key": 0, "nearest_node": 5128694819, "snap_dist_m": 57.2, "node_dist_m": 113.9 }, "geometry": { "type": "Point", "coordinates": [ -77.0066318, 38.8711005 ] } },
{ "type": "Feature", "properties": { "element": "node", "id": 5729308835, "name": "El Techo", "amenity": "restaurant", "cuisine": "mexican", "edge_u": 49791642, "edge_v": 49844851, "edge_key": 0, "nearest_node": 49844851, "snap_dist_m": 24.0, "node_dist_m": 37.6 }, "geometry": { "type": "Point", "coordinates": [ -77.0203882, 38.9153807 ] } },
{ "type": "Feature", "properties": { "element": "node", "id": 5745610958, "name": "ilili", "amenity": "restaurant", "cuisine": "lebanese", "edge_u": 5736733177, "edge_v": 5180966153, "edge_key": 0, "nearest_node": 5180966153, "snap_dist_m": 22.0, "node_dist_m": 22.6 }, "geometry": { "type": "Point", "coordinates": [ -77.025522, 38.879792 ] } },
{ "type": "Feature", "properties": { "element": "node", "id": 5790965454, "name": "Blue Bottle Coffee", "amenity": "cafe", "cuisine": "coffee_shop", "edge_u": 3000430293, "edge_v": 642685931, "edge_key": 0, "nearest_node": 3240030410, "snap_dist_m": 82.6, "node_dist_m": 114.4 }, "geometry": { "type": "Point", "coordinates": [ -77.0063495, 38.8975962 ] } },
{ "type": "Feature", "properties": { "element": "node", "id": 5879115485, "name": "Bindaas", "amenity": "restaurant", "cuisine": "indian", "edge_u": 49777682, "edge_v": 1381307998, "edge_key": 0, "nearest_node": 1381307998, "snap_dist_m": 23.3, "node_dist_m": 31.9 }, "geometry": { "type": "Point", "coordinates": [ -77.0451591, 38.900512900000024 ] } },
{ "type": "Feature", "properties": { "element": "node", "id": 5882368161, "name": "The Hamilton", "amenity": "restaurant", "cuisine": null, "edge_u": 49764251, "edge_v": 49745628, "edge_key": 0, "nearest_node": 49745628, "snap_dist_m": 21.8, "node_dist_m": 35.8 }, "geometry": { "type": "Point", "coordinates": [ -77.0322785, 38.8975571 ] } },
{ "type": "Feature", "properties": { "element": "node", "id": 5885112969, "name": "Nicoletta Pizzeria", "amenity": "restaurant", "cuisine": "pizza", "edge_u": 1618429530, "edge_v": 49734802, "edge_key": 0, "nearest_node": 1618429530, "snap_dist_m": 105.2, "node_dist_m": 138.8 }, "geometry": { "type": "Point", "coordinates": [ -77.0015784, 38.872846199999977 ] } },
{ "type": "Feature", "properties": { "element": "node", "id": 5885121676, "name": "Bammy's", "amenity": "restaurant", "cuisine": "caribbean", "edge_u": 1618429530, "edge_v": 49734802, "edge_key": 0, "nearest_node": 1618429530, "snap_dist_m": 56.6, "node_dist_m": 103.7 }, "geometry": { "type": "Point", "coordinates": [ -77.0015347, 38.8732834 ] } },
{ "type": "Feature", "properties": { "element": "node", "id": 5910504842, "name": "Subway", "amenity": "fast_food", "cuisine": "sandwich", "edge_u": 49848293, "edge_v": 49817838, "edge_key": 0, "nearest_node": 49848293, "snap_dist_m": 20.1, "node_dist_m": 44.5 }, "geometry": { "type": "Point", "coordinates": [ -77.0792762, 38.9476562 ] } },
{ "type": "Feature", "properties": { "element": "node", "id": 5912978937, "name": "South Block", "amenity": "cafe", "cuisine": "juice;smoothie;coffee;açaí", "edge_u": 49743415, "edge_v": 49829250, "edge_key": 0, "nearest_node": 49743415, "snap_dist_m": 15.6, "node_dist_m": 28.9 }, "geometry": { "type": "Point", "coordinates": [ -77.0636424, 38.903846199999975 ] } },
{ "type": "Feature", "properties": { "element": "node", "id": 5912994000, "name": "South Block", "amenity": "cafe", "cuisine": "juice;smoothie;coffee;açaí", "edge_u": 49816388, "edge_v": 49777259, "edge_key": 0, "nearest_node": 49770423, "snap_dist_m": 50.4, "node_dist_m": 67.8 }, "geometry": { "type": "Point", "coordinates": [ -76.9972967, 38.9086126 ] } },
{ "type": "Feature", "properties": { "element": "node", "id": 5915043248, "name": "South Block", "amenity": "fast_food", "cuisine": "juice", "edge_u": 49822338, "edge_v": 49848293, "edge_key": 0, "nearest_node": 49822338, "snap_dist_m": 23.2, "node_dist_m": 41.7 }, "geometry": { "type": "Point", "coordinates": [ -77.0797807, 38.9486029 ] } },
{ "type": "Feature", "properties": { "element": "node", "id": 5918548109, "name": "Five Guys", "amenity": "fast_food", "cuisine": "burger", "edge_u": 4000799765, "edge_v": 49819504, "edge_key": 0, "nearest_node": 4000799765, "snap_dist_m": 18.7, "node_dist_m": 38.3 }, "geometry": { "type": "Point", "coordinates": [ -77.0015689, 38.95878410000001 ] } },
{ "type": "Feature", "properties": { "element": "node", "id": 5918548110, "name": "Subway", "amenity": "fast_food", "cuisine": "sandwich", "edge_u": 4000799765, "edge_v": 6564890907, "edge_key": 0, "nearest_node": 4000799765, "snap_dist_m": 27.9, "node_dist_m": 47.7 }, "geometry": { "type": "Point", "coordinates": [ -77.0016547, 38.9586632 ] } },
{ "type": "Feature", "properties": { "element": "node", "id": 5924363638, "name": "Pinstripes", "amenity": "restaurant", "cuisine": "italian", "edge_u": 49829250, "edge_v": 49845837, "edge_key": 0, "nearest_node": 49743415, "snap_dist_m": 49.3, "node_dist_m": 70.1 }, "geometry": { "type": "Point", "coordinates": [ -77.0633626, 38.90443650000001 ] } },
{ "type": "Feature", "properties": { "element": "node", "id": 5939762550, "name": "Wolfgang Puck Bar + Bites", "amenity": "restaurant", "cuisine": null, "edge_u": 49756578, "edge_v": 3240030410, "edge_key": 0, "nearest_node": 3240030410, "snap_dist_m": 47.2, "node_dist_m": 74.3 }, "geometry": { "type": "Point", "coordinates": [ -77.0069632, 38.8979299 ] } },
{ "type": "Feature", "properties": { "element": "node", "id": 5966908448, "name": "Sushi Sato", "amenity": "restaurant", "cuisine": "japanese", "edge_u": 49774098, "edge_v": 49774093, "edge_key": 0, "nearest_node": 49774098, "snap_dist_m": 17.6, "node_dist_m": 38.4 }, "geometry": { "type": "Point", "coordinates": [ -76.9887013, 38.90004230000001 ] } },
{ "type": "Feature", "properties": { "element": "node", "id": 6026128300, "name": "Oxford Cafe", "amenity": "cafe", "cuisine": null, "edge_u": 11076193230, "edge_v": 1379495867, "edge_key": 0, "nearest_node": 1379495867, "snap_dist_m": 18.3, "node_dist_m": 51.0 }, "geometry": { "type": "Point", "coordinates": [ -77.0396413, 38.9054811 ] } },
{ "type": "Feature", "properties": { "element": "node", "id": 6035726812, "name": "Panda Express", "amenity": "fast_food", "cuisine": "chinese", "edge_u": 3125716147, "edge_v": 3125718572, "edge_key": 0, "nearest_node": 3125718572, "snap_dist_m": 24.0, "node_dist_m": 65.9 }, "geometry": { "type": "Point", "coordinates": [ -76.9527588, 38.9204717 ] } },
{ "type": "Feature", "properties": { "element": "node", "id": 6035726816, "name": "Starbucks", "amenity": "cafe", "cuisine": "coffee_shop", "edge_u": 3125716147, "edge_v": 3125718572, "edge_key": 0, "nearest_node": 3125718572, "snap_dist_m": 20.9, "node_dist_m": 41.6 }, "geometry": { "type": "Point", "coordinates": [ -76.9527748, 38.9202526 ] } },
{ "type": "Feature", "properties": { "element": "node", "id": 6035726817, "name": "Jersey Mike's Subs", "amenity": "fast_food", "cuisine": "sandwich", "edge_u": 3125716147, "edge_v": 3125718572, "edge_key": 0, "nearest_node": 3125718572, "snap_dist_m": 23.3, "node_dist_m": 78.1 }, "geometry": { "type": "Point", "coordinates": [ -76.9527238, 38.9205801 ] } },
{ "type": "Feature", "properties": { "element": "node", "id": 6111329688, "name": "Pizzeria Paradiso", "amenity": "restaurant", "cuisine": "pizza", "edge_u": 49800238, "edge_v": 3007425104, "edge_key": 0, "nearest_node": 49771030, "snap_dist_m": 25.3, "node_dist_m": 58.9 }, "geometry": { "type": "Point", "coordinates": [ -77.0958136, 38.944789299999989 ] } },
{ "type": "Feature", "properties": { "element": "node", "id": 6119791225, "name": "Little Beast", "amenity": "restaurant", "cuisine": "pizza", "edge_u": 49820885, "edge_v": 49811697, "edge_key": 0, "nearest_node": 49820885, "snap_dist_m": 17.7, "node_dist_m": 38.4 }, "geometry": { "type": "Point", "coordinates": [ -77.0759738, 38.9650728 ] } },
{ "type": "Feature", "properties": { "element": "node", "id": 6122137185, "name": "Afro Lounge", "amenity": "restaurant", "cuisine": null, "edge_u": 49776928, "edge_v": 49789251, "edge_key": 0, "nearest_node": 49776928, "snap_dist_m": 21.6, "node_dist_m": 39.2 }, "geometry": { "type": "Point", "coordinates": [ -77.0243341, 38.9349181 ] } },
{ "type": "Feature", "properties": { "element": "node", "id": 6129167981, "name": "Grand China Carry Out", "amenity": "restaurant", "cuisine": "chinese", "edge_u": 11198264287, "edge_v": 641939501, "edge_key": 0, "nearest_node": 11198264287, "snap_dist_m": 16.5, "node_dist_m": 57.0 }, "geometry": { "type": "Point", "coordinates": [ -77.0094554, 38.875982900000011 ] } },
{ "type": "Feature", "properties": { "element": "node", "id": 6141231918, "name": "Yard House", "amenity": "restaurant", "cuisine": "american", "edge_u": 3669554860, "edge_v": 3669554857, "edge_key": 0, "nearest_node": 3669554857, "snap_dist_m": 17.9, "node_dist_m": 26.4 }, "geometry": { "type": "Point", "coordinates": [ -77.022131, 38.900712699999978 ] } },
{ "type": "Feature", "properties": { "element": "node", "id": 6171656559, "name": "Guapo's", "amenity": "restaurant", "cuisine": "mexican", "edge_u": 4792249103, "edge_v": 4792249103, "edge_key": 0, "nearest_node": 4792249103, "snap_dist_m": 66.5, "node_dist_m": 70.2 }, "geometry": { "type": "Point", "coordinates": [ -77.0603402, 38.9016585 ] } },
{ "type": "Feature", "properties": { "element": "node", "id": 6232229113, "name": "Mikko", "amenity": "cafe", "cuisine": "nordic", "edge_u": 49817467, "edge_v": 49770684, "edge_key": 0, "nearest_node": 49770684, "snap_dist_m": 15.5, "node_dist_m": 48.4 }, "geometry": { "type": "Point", "coordinates": [ -77.0379657, 38.9124702 ] } },
{ "type": "Feature", "properties": { "element": "node", "id": 6234257106, "name": "Bua Thai", "amenity": "restaurant", "cuisine": "thai", "edge_u": 49770670, "edge_v": 49780016, "edge_key": 0, "nearest_node": 49770670, "snap_dist_m": 16.7, "node_dist_m": 41.6 }, "geometry": { "type": "Point", "coordinates": [ -77.0380493, 38.9098022 ] } },
{ "type": "Feature", "properties": { "element": "node", "id": 6234257107, "name": "Protest Pizza", "amenity": "restaurant", "cuisine": "pizza", "edge_u": 49770670, "edge_v": 49780016, "edge_key": 0, "nearest_node": 49770670, "snap_dist_m": 16.6, "node_dist_m": 47.6 }, "geometry": { "type": "Point", "coordinates": [ -77.0379745, 38.9098007 ] } },
{ "type": "Feature", "properties": { "element": "node", "id": 6234257111, "name": "Milk Bar", "amenity": "cafe", "cuisine": null, "edge_u": 49745195, "edge_v": 49764341, "edge_key": 0, "nearest_node": 49764341, "snap_dist_m": 19.4, "node_dist_m": 35.2 }, "geometry": { "type": "Point", "coordinates": [ -77.0342026, 38.9105691 ] } },
{ "type": "Feature", "properties": { "element": "node", "id": 6268993011, "name": "Caseys Coffee", "amenity": "fast_food", "cuisine": null, "edge_u": 49842413, "edge_v": 49798625, "edge_key": 0, "nearest_node": 49798625, "snap_dist_m": 19.1, "node_dist_m": 45.8 }, "geometry": { "type": "Point", "coordinates": [ -77.0070241, 38.899969600000013 ] } },
{ "type": "Feature", "properties": { "element": "node", "id": 6285348588, "name": "Yeung Fong", "amenity": "fast_food", "cuisine": "chinese", "edge_u": 647043625, "edge_v": 647043628, "edge_key": 0, "nearest_node": 647043625, "snap_dist_m": 15.8, "node_dist_m": 23.3 }, "geometry": { "type": "Point", "coordinates": [ -77.0088151, 38.912748 ] } },
{ "type": "Feature", "properties": { "element": "node", "id": 6294536235, "name": "Subway", "amenity": "fast_food", "cuisine": "sandwich", "edge_u": 5521303041, "edge_v": 49765234, "edge_key": 0, "nearest_node": 49765234, "snap_dist_m": 39.9, "node_dist_m": 46.8 }, "geometry": { "type": "Point", "coordinates": [ -77.0508865, 38.9010971 ] } },
{ "type": "Feature", "properties": { "element": "node", "id": 6299710951, "name": "Bresca", "amenity": "restaurant", "cuisine": "french", "edge_u": 4618716073, "edge_v": 49745232, "edge_key": 0, "nearest_node": 49745232, "snap_dist_m": 18.9, "node_dist_m": 27.5 }, "geometry": { "type": "Point", "coordinates": [ -77.0321871, 38.9157574 ] } },
{ "type": "Feature", "properties": { "element": "node", "id": 6300458085, "name": "Sushi Nakazawa", "amenity": "restaurant", "cuisine": "sushi", "edge_u": 49732286, "edge_v": 3016605409, "edge_key": 0, "nearest_node": 3013484875, "snap_dist_m": 47.0, "node_dist_m": 119.6 }, "geometry": { "type": "Point", "coordinates": [ -77.0275905, 38.893661800000011 ] } },
{ "type": "Feature", "properties": { "element": "node", "id": 6300462567, "name": "Pineapple and Pearls", "amenity": "restaurant", "cuisine": "american", "edge_u": 49826586, "edge_v": 49787160, "edge_key": 0, "nearest_node": 49787160, "snap_dist_m": 19.1, "node_dist_m": 65.7 }, "geometry": { "type": "Point", "coordinates": [ -76.9952133, 38.8807042 ] } },
{ "type": "Feature", "properties": { "element": "node", "id": 6300462568, "name": "Little Pearl", "amenity": "restaurant", "cuisine": "american", "edge_u": 49843253, "edge_v": 49810128, "edge_key": 0, "nearest_node": 49810128, "snap_dist_m": 17.8, "node_dist_m": 46.3 }, "geometry": { "type": "Point", "coordinates": [ -76.9935557, 38.8831074 ] } },
{ "type": "Feature", "properties": { "element": "node", "id": 6300463094, "name": "Centrolina", "amenity": "restaurant", "cuisine": "italian", "edge_u": 655247775, "edge_v": 3669554865, "edge_key": 0, "nearest_node": 655247775, "snap_dist_m": 51.2, "node_dist_m": 73.1 }, "geometry": { "type": "Point", "coordinates": [ -77.0253878, 38.9002832 ] } },
{ "type": "Feature", "properties": { "element": "node", "id": 6300470657, "name": "Chloe", "amenity": "restaurant", "cuisine": "american", "edge_u": 1618429530, "edge_v": 49724395, "edge_key": 0, "nearest_node": 49724395, "snap_dist_m": 18.4, "node_dist_m": 30.5 }, "geometry": { "type": "Point", "coordinates": [ -77.0007559, 38.874676299999983 ] } },
{ "type": "Feature", "properties": { "element": "node", "id": 6302439536, "name": "Maydan", "amenity": "restaurant", "cuisine": "middle_eastern", "edge_u": 49813458, "edge_v": 11332977605, "edge_key": 0, "nearest_node": 11332977605, "snap_dist_m": 30.3, "node_dist_m": 65.2 }, "geometry": { "type": "Point", "coordinates": [ -77.0311988, 38.9199398 ] } },
{ "type": "Feature", "properties": { "element": "node", "id": 6343959910, "name": "Supra", "amenity": "restaurant", "cuisine": "georgian", "edge_u": 3012829811, "edge_v": 3012829798, "edge_key": 0, "nearest_node": 3012829798, "snap_dist_m": 20.2, "node_dist_m": 40.3 }, "geometry": { "type": "Point", "coordinates": [ -77.0268073, 38.9059727 ] } },
{ "type": "Feature", "properties": { "element": "node", "id": 6363642701, "name": "Circa", "amenity": "restaurant", "cuisine": "american", "edge_u": 11198264296, "edge_v": 655680757, "edge_key": 0, "nearest_node": 655680757, "snap_dist_m": 16.4, "node_dist_m": 29.0 }, "geometry": { "type": "Point", "coordinates": [ -77.006167300000016, 38.876294 ] } },
{ "type": "Feature", "properties": { "element": "node", "id": 6363642702, "name": "Él Bebe", "amenity": "restaurant", "cuisine": "mexican;tacos", "edge_u": 655680757, "edge_v": 4935980603, "edge_key": 0, "nearest_node": 655680757, "snap_dist_m": 22.1, "node_dist_m": 47.2 }, "geometry": { "type": "Point", "coordinates": [ -77.0061527, 38.87607460000001 ] } },
{ "type": "Feature", "properties": { "element": "node", "id": 6363672681, "name": "Wiseguy Pizza", "amenity": "restaurant", "cuisine": "pizza", "edge_u": 655680357, "edge_v": 49764884, "edge_key": 0, "nearest_node": 49764884, "snap_dist_m": 21.7, "node_dist_m": 50.5 }, "geometry": { "type": "Point", "coordinates": [ -77.0032058, 38.877119 ] } },
{ "type": "Feature", "properties": { "element": "node", "id": 6367809955, "name": "Taco City DC", "amenity": "restaurant", "cuisine": "mexican", "edge_u": 49722409, "edge_v": 49764904, "edge_key": 0, "nearest_node": 49722409, "snap_dist_m": 20.2, "node_dist_m": 28.8 }, "geometry": { "type": "Point", "coordinates": [ -76.9947361, 38.877316300000011 ] } },
{ "type": "Feature", "properties": { "element": "node", "id": 6367809956, "name": "Las Placitas", "amenity": "restaurant", "cuisine": "latin_american", "edge_u": 49718776, "edge_v": 49764904, "edge_key": 0, "nearest_node": 49764904, "snap_dist_m": 17.4, "node_dist_m": 27.0 }, "geometry": { "type": "Point", "coordinates": [ -76.994734, 38.877374 ] } },
{ "type": "Feature", "properties": { "element": "node", "id": 6372800503, "name": "Zepplin", "amenity": "restaurant", "cuisine": "sushi", "edge_u": 49796993, "edge_v": 49780078, "edge_key": 0, "nearest_node": 49796993, "snap_dist_m": 14.3, "node_dist_m": 23.9 }, "geometry": { "type": "Point", "coordinates": [ -77.0241339, 38.91096719999998 ] } },
{ "type": "Feature", "properties": { "element": "node", "id": 6372830487, "name": "American Son", "amenity": "restaurant", "cuisine": "american", "edge_u": 4325552566, "edge_v": 641116187, "edge_key": 0, "nearest_node": 641116187, "snap_dist_m": 16.1, "node_dist_m": 19.3 }, "geometry": { "type": "Point", "coordinates": [ -77.0286062, 38.902788199999982 ] } },
{ "type": "Feature", "properties": { "element": "node", "id": 6374435194, "name": "Gravitas", "amenity": "restaurant", "cuisine": "american", "edge_u": 6799665639, "edge_v": 49817091, "edge_key": 0, "nearest_node": 49817091, "snap_dist_m": 13.9, "node_dist_m": 20.8 }, "geometry": { "type": "Point", "coordinates": [ -76.9843765, 38.9144796 ] } },
{ "type": "Feature", "properties": { "element": "node", "id": 6374807930, "name": "Compass Coffee", "amenity": "cafe", "cuisine": "coffee_shop", "edge_u": 49888809, "edge_v": 49888810, "edge_key": 0, "nearest_node": 49888809, "snap_dist_m": 12.2, "node_dist_m": 12.2 }, "geometry": { "type": "Point", "coordinates": [ -77.0634595, 38.9079147 ] } },
{ "type": "Feature", "properties": { "element": "node", "id": 6376651245, "name": "Gregorys Coffee", "amenity": "cafe", "cuisine": null, "edge_u": 655662508, "edge_v": 49764877, "edge_key": 0, "nearest_node": 655662508, "snap_dist_m": 30.1, "node_dist_m": 57.5 }, "geometry": { "type": "Point", "coordinates": [ -77.0046575, 38.8768949 ] } },
{ "type": "Feature", "properties": { "element": "node", "id": 6377143127, "name": null, "amenity": "restaurant", "cuisine": null, "edge_u": 49824719, "edge_v": 1381210497, "edge_key": 0, "nearest_node": 49824719, "snap_dist_m": 29.3, "node_dist_m": 57.0 }, "geometry": { "type": "Point", "coordinates": [ -77.0484468, 38.9016687 ] } },
{ "type": "Feature", "properties": { "element": "node", "id": 6381044717, "name": "Chopt", "amenity": "fast_food", "cuisine": "salad", "edge_u": 49827624, "edge_v": 1381216023, "edge_key": 0, "nearest_node": 1381216023, "snap_dist_m": 24.9, "node_dist_m": 83.8 }, "geometry": { "type": "Point", "coordinates": [ -77.040419, 38.898905 ] } },
{ "type": "Feature", "properties": { "element": "node", "id": 6381044718, "name": "Starbucks", "amenity": "cafe", "cuisine": "coffee_shop", "edge_u": 49827624, "edge_v": 1381216023, "edge_key": 0, "nearest_node": 1381216023, "snap_dist_m": 24.2, "node_dist_m": 69.6 }, "geometry": { "type": "Point", "coordinates": [ -77.040260700000019, 38.898857 ] } },
{ "type": "Feature", "properties": { "element": "node", "id": 6381044721, "name": "Naan & Beyond", "amenity": "cafe", "cuisine": "indian", "edge_u": 1381216023, "edge_v": 49827624, "edge_key": 0, "nearest_node": 1381216023, "snap_dist_m": 24.6, "node_dist_m": 54.6 }, "geometry": { "type": "Point", "coordinates": [ -77.040089100000017, 38.898792299999982 ] } },
{ "type": "Feature", "properties": { "element": "node", "id": 6381044724, "name": "Jimmy John's", "amenity": "fast_food", "cuisine": "sandwich", "edge_u": 49827624, "edge_v": 1381216023, "edge_key": 0, "nearest_node": 1381216023, "snap_dist_m": 24.8, "node_dist_m": 92.0 }, "geometry": { "type": "Point", "coordinates": [ -77.0402768, 38.8993455 ] } },
{ "type": "Feature", "properties": { "element": "node", "id": 6381664023, "name": "Duke's Grocery", "amenity": "restaurant", "cuisine": null, "edge_u": 49741703, "edge_v": 4975093911, "edge_key": 0, "nearest_node": 4975093911, "snap_dist_m": 21.3, "node_dist_m": 56.5 }, "geometry": { "type": "Point", "coordinates": [ -77.0457822, 38.9005101 ] } },
{ "type": "Feature", "properties": { "element": "node", "id": 6381664025, "name": "Laoban Dumpling", "amenity": "fast_food", "cuisine": null, "edge_u": 49741703, "edge_v": 4975093911, "edge_key": 0, "nearest_node": 49741703, "snap_dist_m": 45.2, "node_dist_m": 67.5 }, "geometry": { "type": "Point", "coordinates": [ -77.046071900000015, 38.9002931 ] } },
{ "type": "Feature", "properties": { "element": "node", "id": 6381973776, "name": "Sushi Express", "amenity": "restaurant", "cuisine": "japanese", "edge_u": 1381204541, "edge_v": 641116270, "edge_key": 0, "nearest_node": 641116270, "snap_dist_m": 31.2, "node_dist_m": 50.2 }, "geometry": { "type": "Point", "coordinates": [ -77.0445094, 38.9020434 ] } },
{ "type": "Feature", "properties": { "element": "node", "id": 6381973780, "name": "Jetties", "amenity": "restaurant", "cuisine": "sandwich;salad;soup", "edge_u": 49793777, "edge_v": 1381204541, "edge_key": 0, "nearest_node": 1381204541, "snap_dist_m": 17.8, "node_dist_m": 42.9 }, "geometry": { "type": "Point", "coordinates": [ -77.0444235, 38.901475700000013 ] } },
{ "type": "Feature", "properties": { "element": "node", "id": 6381973783, "name": "Ahra Cafe", "amenity": "cafe", "cuisine": null, "edge_u": 49717477, "edge_v": 641116257, "edge_key": 0, "nearest_node": 641116257, "snap_dist_m": 12.8, "node_dist_m": 18.4 }, "geometry": { "type": "Point", "coordinates": [ -77.0460328, 38.902281400000014 ] } },
{ "type": "Feature", "properties": { "element": "node", "id": 6381975188, "name": "Kaz Sushi", "amenity": "restaurant", "cuisine": "japanese", "edge_u": 49793777, "edge_v": 1381204541, "edge_key": 0, "nearest_node": 1381204541, "snap_dist_m": 20.5, "node_dist_m": 54.7 }, "geometry": { "type": "Point", "coordinates": [ -77.0442894, 38.9014997 ] } },
{ "type": "Feature", "properties": { "element": "node", "id": 6381980764, "name": "Compass Coffee", "amenity": "cafe", "cuisine": "coffee_shop", "edge_u": 49800238, "edge_v": 3007425104, "edge_key": 0, "nearest_node": 49771030, "snap_dist_m": 24.7, "node_dist_m": 77.0 }, "geometry": { "type": "Point", "coordinates": [ -77.0959912, 38.9449265 ] } },
{ "type": "Feature", "properties": { "element": "node", "id": 6382047470, "name": "Toryumon Japanese House", "amenity": "restaurant", "cuisine": "japanese", "edge_u": 49793777, "edge_v": 1381212154, "edge_key": 0, "nearest_node": 1381212154, "snap_dist_m": 18.1, "node_dist_m": 57.0 }, "geometry": { "type": "Point", "coordinates": [ -77.0436752, 38.9007002 ] } },
{ "type": "Feature", "properties": { "element": "node", "id": 6382047473, "name": "Shawarma District", "amenity": "restaurant", "cuisine": "mediterranean", "edge_u": 49777853, "edge_v": 49793773, "edge_key": 0, "nearest_node": 49793773, "snap_dist_m": 16.0, "node_dist_m": 42.1 }, "geometry": { "type": "Point", "coordinates": [ -77.0418862, 38.9009882 ] } },
{ "type": "Feature", "properties": { "element": "node", "id": 6382326938, "name": "Einstein Bros. Bagels", "amenity": "fast_food", "cuisine": "bagel", "edge_u": 49873888, "edge_v": 49776916, "edge_key": 0, "nearest_node": 49776916, "snap_dist_m": 24.1, "node_dist_m": 30.8 }, "geometry": { "type": "Point", "coordinates": [ -77.071082, 38.9201061 ] } },
{ "type": "Feature", "properties": { "element": "node", "id": 6399814685, "name": "Sbarro", "amenity": "fast_food", "cuisine": "pizza", "edge_u": 2927432300, "edge_v": 2927473060, "edge_key": 0, "nearest_node": 1004263862, "snap_dist_m": 31.5, "node_dist_m": 185.9 }, "geometry": { "type": "Point", "coordinates": [ -77.0519763, 38.931898899999979 ] } },
{ "type": "Feature", "properties": { "element": "node", "id": 6402934444, "name": "The Hill Cafe", "amenity": "cafe", "cuisine": "coffee_shop;breakfast;sandwich", "edge_u": 49758282, "edge_v": 49824233, "edge_key": 0, "nearest_node": 49758282, "snap_dist_m": 14.7, "node_dist_m": 22.1 }, "geometry": { "type": "Point", "coordinates": [ -76.983468, 38.891069 ] } },
{ "type": "Feature", "properties": { "element": "node", "id": 6418020977, "name": "Domino's", "amenity": "fast_food", "cuisine": "pizza", "edge_u": 49843692, "edge_v": 49866935, "edge_key": 0, "nearest_node": 49866935, "snap_dist_m": 17.9, "node_dist_m": 44.4 }, "geometry": { "type": "Point", "coordinates": [ -77.0720471, 38.9207421 ] } },
{ "type": "Feature", "properties": { "element": "node", "id": 6432368407, "name": "Lucille's Modern Chophouse", "amenity": "restaurant", "cuisine": "belgian", "edge_u": 49771469, "edge_v": 3001016695, "edge_key": 0, "nearest_node": 49771469, "snap_dist_m": 16.1, "node_dist_m": 65.8 }, "geometry": { "type": "Point", "coordinates": [ -77.009805, 38.896275799999984 ] } },
{ "type": "Feature", "properties": { "element": "node", "id": 6432768814, "name": "Taqueria Los Pérez", "amenity": "restaurant", "cuisine": "mexican", "edge_u": 49739609, "edge_v": 49774098, "edge_key": 0, "nearest_node": 49793211, "snap_dist_m": 16.7, "node_dist_m": 98.6 }, "geometry": { "type": "Point", "coordinates": [ -76.9867763, 38.900350499999988 ] } },
{ "type": "Feature", "properties": { "element": "node", "id": 6445938286, "name": "China Boy", "amenity": "restaurant", "cuisine": "chinese", "edge_u": 49793549, "edge_v": 49777795, "edge_key": 0, "nearest_node": 49793549, "snap_dist_m": 18.3, "node_dist_m": 58.3 }, "geometry": { "type": "Point", "coordinates": [ -77.0196987, 38.9003772 ] } },
{ "type": "Feature", "properties": { "element": "node", "id": 6445938289, "name": "Grace Street Coffee Roasters", "amenity": "cafe", "cuisine": "coffee_shop", "edge_u": 49743415, "edge_v": 49829250, "edge_key": 0, "nearest_node": 49743415, "snap_dist_m": 23.5, "node_dist_m": 48.5 }, "geometry": { "type": "Point", "coordinates": [ -77.0634327, 38.903777799999979 ] } },
{ "type": "Feature", "properties": { "element": "node", "id": 6445938290, "name": "La Colombe Coffee Roasters", "amenity": "cafe", "cuisine": "coffee_shop", "edge_u": 3669554855, "edge_v": 49793549, "edge_key": 0, "nearest_node": 49793549, "snap_dist_m": 18.5, "node_dist_m": 28.3 }, "geometry": { "type": "Point", "coordinates": [ -77.0201198, 38.9010699 ] } },
{ "type": "Feature", "properties": { "element": "node", "id": 6445990485, "name": "La Colombe Coffee Roasters", "amenity": "cafe", "cuisine": "coffee_shop", "edge_u": 49770789, "edge_v": 49793773, "edge_key": 0, "nearest_node": 49770789, "snap_dist_m": 16.9, "node_dist_m": 57.7 }, "geometry": { "type": "Point", "coordinates": [ -77.0400843, 38.901185 ] } },
{ "type": "Feature", "properties": { "element": "node", "id": 6446015828, "name": "&pizza", "amenity": "fast_food", "cuisine": "pizza", "edge_u": 3000430293, "edge_v": 642685931, "edge_key": 0, "nearest_node": 3240030410, "snap_dist_m": 107.6, "node_dist_m": 133.9 }, "geometry": { "type": "Point", "coordinates": [ -77.0061537, 38.8977864 ] } },
{ "type": "Feature", "properties": { "element": "node", "id": 6446015829, "name": "&pizza", "amenity": "fast_food", "cuisine": "pizza", "edge_u": 49850651, "edge_v": 641964881, "edge_key": 0, "nearest_node": 4951816813, "snap_dist_m": 54.4, "node_dist_m": 175.9 }, "geometry": { "type": "Point", "coordinates": [ -77.0105227, 38.887107 ] } },
{ "type": "Feature", "properties": { "element": "node", "id": 6446018712, "name": "Andy’s Pizza", "amenity": "fast_food", "cuisine": "pizza", "edge_u": 3672563449, "edge_v": 49741274, "edge_key": 0, "nearest_node": 3672563449, "snap_dist_m": 19.9, "node_dist_m": 70.2 }, "geometry": { "type": "Point", "coordinates": [ -77.0422585, 38.9221296 ] } },
{ "type": "Feature", "properties": { "element": "node", "id": 6446018713, "name": "&pizza", "amenity": "fast_food", "cuisine": "pizza", "edge_u": 49772987, "edge_v": 3669554862, "edge_key": 0, "nearest_node": 49772987, "snap_dist_m": 15.0, "node_dist_m": 37.2 }, "geometry": { "type": "Point", "coordinates": [ -77.0223048, 38.899955400000017 ] } },
{ "type": "Feature", "properties": { "element": "node", "id": 6446060986, "name": "Simply Banh Mi", "amenity": "restaurant", "cuisine": "vietnamese", "edge_u": 49796897, "edge_v": 4807605970, "edge_key": 0, "nearest_node": 49822928, "snap_dist_m": 14.4, "node_dist_m": 52.7 }, "geometry": { "type": "Point", "coordinates": [ -77.0656624, 38.911451 ] } },
{ "type": "Feature", "properties": { "element": "node", "id": 6463565101, "name": "Blue Bottle Coffee", "amenity": "cafe", "cuisine": "coffee_shop", "edge_u": 49764314, "edge_v": 4597151559, "edge_key": 0, "nearest_node": 11460035915, "snap_dist_m": 45.1, "node_dist_m": 70.9 }, "geometry": { "type": "Point", "coordinates": [ -77.0350939, 38.9043295 ] } },
{ "type": "Feature", "properties": { "element": "node", "id": 6484540810, "name": "Grazie Grazie", "amenity": "fast_food", "cuisine": "sandwich", "edge_u": 5180966153, "edge_v": 3000233170, "edge_key": 0, "nearest_node": 5180966153, "snap_dist_m": 30.1, "node_dist_m": 30.1 }, "geometry": { "type": "Point", "coordinates": [ -77.02534, 38.87961 ] } },
{ "type": "Feature", "properties": { "element": "node", "id": 6505132285, "name": "O-Ku", "amenity": "restaurant", "cuisine": "sushi", "edge_u": 49770423, "edge_v": 49816382, "edge_key": 0, "nearest_node": 49770423, "snap_dist_m": 18.0, "node_dist_m": 69.3 }, "geometry": { "type": "Point", "coordinates": [ -76.9986342, 38.908200099999988 ] } },
{ "type": "Feature", "properties": { "element": "node", "id": 6553791695, "name": "Bluestone Lane", "amenity": "cafe", "cuisine": "coffee_shop", "edge_u": 49775608, "edge_v": 9526260026, "edge_key": 0, "nearest_node": 49775608, "snap_dist_m": 19.6, "node_dist_m": 30.6 }, "geometry": { "type": "Point", "coordinates": [ -77.0357451, 38.907746400000015 ] } },
{ "type": "Feature", "properties": { "element": "node", "id": 6563927173, "name": "The Capital Burger", "amenity": "restaurant", "cuisine": "burger", "edge_u": 49773012, "edge_v": 3012784293, "edge_key": 0, "nearest_node": 49773012, "snap_dist_m": 17.6, "node_dist_m": 30.3 }, "geometry": { "type": "Point", "coordinates": [ -77.021713, 38.90318030000001 ] } },
{ "type": "Feature", "properties": { "element": "node", "id": 6582918423, "name": "Taqueria Distrito Federal", "amenity": "restaurant", "cuisine": "mexican", "edge_u": 1013429968, "edge_v": 49852910, "edge_key": 0, "nearest_node": 49852910, "snap_dist_m": 16.2, "node_dist_m": 39.2 }, "geometry": { "type": "Point", "coordinates": [ -77.024451, 38.95646 ] } },
{ "type": "Feature", "properties": { "element": "node", "id": 6602819983, "name": "Le Pain Quotidien", "amenity": "cafe", "cuisine": "coffee_shop", "edge_u": 3669554871, "edge_v": 3669554874, "edge_key": 0, "nearest_node": 3669554874, "snap_dist_m": 15.9, "node_dist_m": 23.2 }, "geometry": { "type": "Point", "coordinates": [ -77.0258161, 38.8975099 ] } },
{ "type": "Feature", "properties": { "element": "node", "id": 6641909872, "name": "MXDC Cocina Mexicana", "amenity": "restaurant", "cuisine": "mexican", "edge_u": 49745629, "edge_v": 49745628, "edge_key": 0, "nearest_node": 49745628, "snap_dist_m": 22.1, "node_dist_m": 42.5 }, "geometry": { "type": "Point", "coordinates": [ -77.032205500000018, 38.8976883 ] } },
{ "type": "Feature", "properties": { "element": "node", "id": 6652994062, "name": "Aloha Pokē Co", "amenity": "fast_food", "cuisine": "poke", "edge_u": 49809222, "edge_v": 49764794, "edge_key": 0, "nearest_node": 49764794, "snap_dist_m": 20.9, "node_dist_m": 28.9 }, "geometry": { "type": "Point", "coordinates": [ -77.0432051, 38.9080843 ] } },
{ "type": "Feature", "properties": { "element": "node", "id": 6655157121, "name": "Mission", "amenity": "restaurant", "cuisine": "mexican", "edge_u": 49740439, "edge_v": 655680824, "edge_key": 0, "nearest_node": 49740439, "snap_dist_m": 11.1, "node_dist_m": 27.4 }, "geometry": { "type": "Point", "coordinates": [ -77.008348, 38.8748669 ] } },
{ "type": "Feature", "properties": { "element": "node", "id": 6670537792, "name": "Sonny's Pizza", "amenity": "restaurant", "cuisine": "pizza", "edge_u": 49789218, "edge_v": 49772551, "edge_key": 0, "nearest_node": 49789218, "snap_dist_m": 21.9, "node_dist_m": 43.2 }, "geometry": { "type": "Point", "coordinates": [ -77.0235746, 38.9296761 ] } },
{ "type": "Feature", "properties": { "element": "node", "id": 6689841248, "name": "Bandit Taco", "amenity": "fast_food", "cuisine": "mexican", "edge_u": 2305183785, "edge_v": 49765108, "edge_key": 0, "nearest_node": 2305183785, "snap_dist_m": 22.4, "node_dist_m": 33.6 }, "geometry": { "type": "Point", "coordinates": [ -77.0371928, 38.9166496 ] } },
{ "type": "Feature", "properties": { "element": "node", "id": 6696088992, "name": "Smoothie King", "amenity": "fast_food", "cuisine": "juice", "edge_u": 3001288930, "edge_v": 647026143, "edge_key": 0, "nearest_node": 3001288930, "snap_dist_m": 19.7, "node_dist_m": 46.8 }, "geometry": { "type": "Point", "coordinates": [ -77.0116805, 38.9003954 ] } },
{ "type": "Feature", "properties": { "element": "node", "id": 6699525423, "name": "Alero", "amenity": "restaurant", "cuisine": "mexican", "edge_u": 1440867110, "edge_v": 1379471024, "edge_key": 0, "nearest_node": 49776047, "snap_dist_m": 22.9, "node_dist_m": 77.0 }, "geometry": { "type": "Point", "coordinates": [ -77.045996, 38.913404 ] } },
{ "type": "Feature", "properties": { "element": "node", "id": 6779956808, "name": "Stellina Pizzeria", "amenity": "restaurant", "cuisine": "pizza", "edge_u": 49741095, "edge_v": 7494204320, "edge_key": 0, "nearest_node": 49741095, "snap_dist_m": 16.3, "node_dist_m": 25.9 }, "geometry": { "type": "Point", "coordinates": [ -77.0002859, 38.907817799999989 ] } },
{ "type": "Feature", "properties": { "element": "node", "id": 6804372712, "name": "Jamba", "amenity": "fast_food", "cuisine": "juice", "edge_u": 3000430293, "edge_v": 49794206, "edge_key": 0, "nearest_node": 3000430293, "snap_dist_m": 102.7, "node_dist_m": 164.5 }, "geometry": { "type": "Point", "coordinates": [ -77.005695100000011, 38.8978477 ] } },
{ "type": "Feature", "properties": { "element": "node", "id": 6806830623, "name": "Gregorys Coffee", "amenity": "cafe", "cuisine": "coffee_shop", "edge_u": 9136839220, "edge_v": 49774794, "edge_key": 0, "nearest_node": 9136839220, "snap_dist_m": 16.5, "node_dist_m": 23.3 }, "geometry": { "type": "Point", "coordinates": [ -77.0398593, 38.9039933 ] } },
{ "type": "Feature", "properties": { "element": "node", "id": 6864551688, "name": "Dupont Coffee Collective", "amenity": "cafe", "cuisine": "coffee_shop", "edge_u": 2974621123, "edge_v": 49797051, "edge_key": 0, "nearest_node": 49797051, "snap_dist_m": 13.8, "node_dist_m": 31.7 }, "geometry": { "type": "Point", "coordinates": [ -77.0437646, 38.9112667 ] } },
{ "type": "Feature", "properties": { "element": "node", "id": 6865047529, "name": "Shemali's Cafe", "amenity": "restaurant", "cuisine": "lebanese", "edge_u": 49747251, "edge_v": 49756297, "edge_key": 0, "nearest_node": 49756297, "snap_dist_m": 40.3, "node_dist_m": 40.7 }, "geometry": { "type": "Point", "coordinates": [ -77.0853771, 38.933587 ] } },
{ "type": "Feature", "properties": { "element": "node", "id": 6865284478, "name": "Capital One Cafe", "amenity": "cafe", "cuisine": "coffee_shop;tea", "edge_u": 49845837, "edge_v": 49845830, "edge_key": 0, "nearest_node": 49845837, "snap_dist_m": 15.9, "node_dist_m": 22.4 }, "geometry": { "type": "Point", "coordinates": [ -77.0626233, 38.905038699999984 ] } },
{ "type": "Feature", "properties": { "element": "node", "id": 6867618734, "name": "Laos in Town", "amenity": "restaurant", "cuisine": "lao", "edge_u": 49863614, "edge_v": 49881791, "edge_key": 0, "nearest_node": 49863614, "snap_dist_m": 25.2, "node_dist_m": 40.8 }, "geometry": { "type": "Point", "coordinates": [ -77.0023295, 38.9028013 ] } },
{ "type": "Feature", "properties": { "element": "node", "id": 6933358286, "name": "Murphy’s Grill", "amenity": "restaurant", "cuisine": "american", "edge_u": 2616277014, "edge_v": 2616277023, "edge_key": 0, "nearest_node": 2616277014, "snap_dist_m": 65.4, "node_dist_m": 65.4 }, "geometry": { "type": "Point", "coordinates": [ -76.9984803, 38.935518 ] } },
{ "type": "Feature", "properties": { "element": "node", "id": 6942961844, "name": "Izumi", "amenity": "restaurant", "cuisine": "japanese;sushi;ramen", "edge_u": 49801673, "edge_v": 49787453, "edge_key": 0, "nearest_node": 49801673, "snap_dist_m": 23.2, "node_dist_m": 59.5 }, "geometry": { "type": "Point", "coordinates": [ -77.043138, 38.921784 ] } },
{ "type": "Feature", "properties": { "element": "node", "id": 6942964448, "name": "Villa Tuscana", "amenity": "restaurant", "cuisine": "italian", "edge_u": 49770639, "edge_v": 49856112, "edge_key": 0, "nearest_node": 49856112, "snap_dist_m": 26.3, "node_dist_m": 40.5 }, "geometry": { "type": "Point", "coordinates": [ -77.04006, 38.924711 ] } },
{ "type": "Feature", "properties": { "element": "node", "id": 6942964449, "name": "New York Grill", "amenity": "fast_food", "cuisine": "middle_eastern;american", "edge_u": 49740244, "edge_v": 49856113, "edge_key": 0, "nearest_node": 49769187, "snap_dist_m": 19.6, "node_dist_m": 63.6 }, "geometry": { "type": "Point", "coordinates": [ -77.040989, 38.9235621 ] } },
{ "type": "Feature", "properties": { "element": "node", "id": 6943096187, "name": "Pitango", "amenity": "cafe", "cuisine": null, "edge_u": 49787453, "edge_v": 49801673, "edge_key": 0, "nearest_node": 49787453, "snap_dist_m": 17.5, "node_dist_m": 33.6 }, "geometry": { "type": "Point", "coordinates": [ -77.0437906, 38.9214078 ] } },
{ "type": "Feature", "properties": { "element": "node", "id": 6960492398, "name": "Lavazza", "amenity": "cafe", "cuisine": "coffee_shop", "edge_u": 49776916, "edge_v": 5445800908, "edge_key": 0, "nearest_node": 5445800908, "snap_dist_m": 14.5, "node_dist_m": 21.1 }, "geometry": { "type": "Point", "coordinates": [ -77.071778, 38.920164 ] } },
{ "type": "Feature", "properties": { "element": "node", "id": 6983909604, "name": "Moge Tee", "amenity": "cafe", "cuisine": "bubble_tea", "edge_u": 49843692, "edge_v": 49866935, "edge_key": 0, "nearest_node": 49843692, "snap_dist_m": 16.9, "node_dist_m": 102.1 }, "geometry": { "type": "Point", "coordinates": [ -77.0725881, 38.9216576 ] } },
{ "type": "Feature", "properties": { "element": "node", "id": 7004857399, "name": "Aladdin Kitchen", "amenity": "cafe", "cuisine": null, "edge_u": 4561710230, "edge_v": 49878097, "edge_key": 0, "nearest_node": 49878097, "snap_dist_m": 22.1, "node_dist_m": 28.9 }, "geometry": { "type": "Point", "coordinates": [ -77.0413379, 38.916722200000024 ] } },
{ "type": "Feature", "properties": { "element": "node", "id": 7004857400, "name": "The Amazing Chicken Paradise", "amenity": "fast_food", "cuisine": "chicken", "edge_u": 49837617, "edge_v": 4561710231, "edge_key": 0, "nearest_node": 4561710231, "snap_dist_m": 18.4, "node_dist_m": 34.9 }, "geometry": { "type": "Point", "coordinates": [ -77.0418675, 38.917308799999986 ] } },
{ "type": "Feature", "properties": { "element": "node", "id": 7004857401, "name": "Eastern Carry Out", "amenity": "fast_food", "cuisine": "chinese", "edge_u": 4561710230, "edge_v": 49878097, "edge_key": 0, "nearest_node": 49878097, "snap_dist_m": 20.8, "node_dist_m": 24.6 }, "geometry": { "type": "Point", "coordinates": [ -77.0413974, 38.9167067 ] } },
{ "type": "Feature", "properties": { "element": "node", "id": 7004857402, "name": "Duccini Pizza", "amenity": "fast_food", "cuisine": "pizza", "edge_u": 4561710230, "edge_v": 49878097, "edge_key": 0, "nearest_node": 4561710230, "snap_dist_m": 22.4, "node_dist_m": 26.3 }, "geometry": { "type": "Point", "coordinates": [ -77.0412232, 38.9167771 ] } },
{ "type": "Feature", "properties": { "element": "node", "id": 7004870922, "name": "La Grotta", "amenity": "restaurant", "cuisine": "italian", "edge_u": 49741274, "edge_v": 49882753, "edge_key": 0, "nearest_node": 49882753, "snap_dist_m": 25.0, "node_dist_m": 39.2 }, "geometry": { "type": "Point", "coordinates": [ -77.0414905, 38.9199988 ] } },
{ "type": "Feature", "properties": { "element": "node", "id": 7061209609, "name": "Compass Coffee", "amenity": "cafe", "cuisine": "coffee_shop", "edge_u": 49773036, "edge_v": 49773040, "edge_key": 0, "nearest_node": 49773040, "snap_dist_m": 17.2, "node_dist_m": 60.5 }, "geometry": { "type": "Point", "coordinates": [ -77.021719, 38.910616599999976 ] } },
{ "type": "Feature", "properties": { "element": "node", "id": 7087302130, "name": "Panera Bread", "amenity": "fast_food", "cuisine": "sandwich;bakery", "edge_u": 1379505538, "edge_v": 1379471556, "edge_key": 0, "nearest_node": 2974621124, "snap_dist_m": 19.6, "node_dist_m": 46.1 }, "geometry": { "type": "Point", "coordinates": [ -77.044369, 38.9107296 ] } },
{ "type": "Feature", "properties": { "element": "node", "id": 7099076613, "name": "Muncheez", "amenity": "fast_food", "cuisine": "lebanese", "edge_u": 49829250, "edge_v": 49845837, "edge_key": 0, "nearest_node": 49845837, "snap_dist_m": 15.7, "node_dist_m": 64.1 }, "geometry": { "type": "Point", "coordinates": [ -77.0626169, 38.9046202 ] } },
{ "type": "Feature", "properties": { "element": "node", "id": 7099076614, "name": "Bluestone Lane", "amenity": "cafe", "cuisine": null, "edge_u": 49829250, "edge_v": 49845837, "edge_key": 0, "nearest_node": 49845837, "snap_dist_m": 18.3, "node_dist_m": 51.7 }, "geometry": { "type": "Point", "coordinates": [ -77.0630112, 38.9047392 ] } },
{ "type": "Feature", "properties": { "element": "node", "id": 7099076615, "name": "Paul", "amenity": "cafe", "cuisine": null, "edge_u": 49829250, "edge_v": 49845837, "edge_key": 0, "nearest_node": 49845837, "snap_dist_m": 16.6, "node_dist_m": 41.3 }, "geometry": { "type": "Point", "coordinates": [ -77.0629938, 38.9048341 ] } },
{ "type": "Feature", "properties": { "element": "node", "id": 7107886167, "name": "Sfoglina", "amenity": "restaurant", "cuisine": "italian", "edge_u": 49820743, "edge_v": 49820727, "edge_key": 0, "nearest_node": 49820743, "snap_dist_m": 18.9, "node_dist_m": 24.2 }, "geometry": { "type": "Point", "coordinates": [ -77.0647343, 38.9466832 ] } },
{ "type": "Feature", "properties": { "element": "node", "id": 7107984798, "name": "Call Your Mother", "amenity": "fast_food", "cuisine": "bagel", "edge_u": 49761684, "edge_v": 49720045, "edge_key": 0, "nearest_node": 49720045, "snap_dist_m": 23.8, "node_dist_m": 26.6 }, "geometry": { "type": "Point", "coordinates": [ -77.070006800000016, 38.9558526 ] } },
{ "type": "Feature", "properties": { "element": "node", "id": 7107984800, "name": "I’m Eddie Cano", "amenity": "restaurant", "cuisine": "italian", "edge_u": 49720045, "edge_v": 49820820, "edge_key": 0, "nearest_node": 49720045, "snap_dist_m": 20.8, "node_dist_m": 51.1 }, "geometry": { "type": "Point", "coordinates": [ -77.0702019, 38.955208 ] } },
{ "type": "Feature", "properties": { "element": "node", "id": 7110695232, "name": "Nando's", "amenity": "restaurant", "cuisine": "chicken;portuguese", "edge_u": 49820583, "edge_v": 701602949, "edge_key": 0, "nearest_node": 701602949, "snap_dist_m": 22.7, "node_dist_m": 52.7 }, "geometry": { "type": "Point", "coordinates": [ -77.0517738, 38.9244763 ] } },
{ "type": "Feature", "properties": { "element": "node", "id": 7110695233, "name": "Rose Ave Bakery", "amenity": "cafe", "cuisine": "asian;american", "edge_u": 49820583, "edge_v": 701602949, "edge_key": 0, "nearest_node": 701602949, "snap_dist_m": 26.0, "node_dist_m": 48.5 }, "geometry": { "type": "Point", "coordinates": [ -77.0517705, 38.9245432 ] } },
{ "type": "Feature", "properties": { "element": "node", "id": 7110759710, "name": "Chipotle", "amenity": "fast_food", "cuisine": "mexican", "edge_u": 49732272, "edge_v": 49767517, "edge_key": 0, "nearest_node": 49767517, "snap_dist_m": 22.2, "node_dist_m": 36.3 }, "geometry": { "type": "Point", "coordinates": [ -76.9965053, 38.9321718 ] } },
{ "type": "Feature", "properties": { "element": "node", "id": 7168224178, "name": "Pisco y Nazca", "amenity": "restaurant", "cuisine": "peruvian", "edge_u": 49809177, "edge_v": 9676179707, "edge_key": 0, "nearest_node": 9676179707, "snap_dist_m": 17.0, "node_dist_m": 22.8 }, "geometry": { "type": "Point", "coordinates": [ -77.0426358, 38.9038913 ] } },
{ "type": "Feature", "properties": { "element": "node", "id": 7175318333, "name": "Anafre", "amenity": "restaurant", "cuisine": "mexican", "edge_u": 49745468, "edge_v": 49734621, "edge_key": 0, "nearest_node": 49734621, "snap_dist_m": 24.5, "node_dist_m": 32.4 }, "geometry": { "type": "Point", "coordinates": [ -77.0330048, 38.9374187 ] } },
{ "type": "Feature", "properties": { "element": "node", "id": 7175541471, "name": "Letena", "amenity": "restaurant", "cuisine": "ethiopian", "edge_u": 49745335, "edge_v": 49847837, "edge_key": 0, "nearest_node": 1804420112, "snap_dist_m": 13.5, "node_dist_m": 67.9 }, "geometry": { "type": "Point", "coordinates": [ -77.0334834, 38.9303761 ] } },
{ "type": "Feature", "properties": { "element": "node", "id": 7259754048, "name": "Ruth's Chris Steak House", "amenity": "restaurant", "cuisine": "american;steak_house", "edge_u": 49741710, "edge_v": 49797586, "edge_key": 0, "nearest_node": 49741710, "snap_dist_m": 16.3, "node_dist_m": 28.1 }, "geometry": { "type": "Point", "coordinates": [ -77.04639, 38.9035857 ] } },
{ "type": "Feature", "properties": { "element": "node", "id": 7259771993, "name": "Atrium Cafe", "amenity": "fast_food", "cuisine": "sandwich", "edge_u": 49793723, "edge_v": 49793729, "edge_key": 0, "nearest_node": 49793723, "snap_dist_m": 25.7, "node_dist_m": 61.2 }, "geometry": { "type": "Point", "coordinates": [ -77.0287398, 38.901572499999986 ] } },
{ "type": "Feature", "properties": { "element": "node", "id": 7287003503, "name": "Surfside", "amenity": "restaurant", "cuisine": "mexican;tex-mex", "edge_u": 49730129, "edge_v": 49729135, "edge_key": 0, "nearest_node": 10759641447, "snap_dist_m": 29.2, "node_dist_m": 39.1 }, "geometry": { "type": "Point", "coordinates": [ -77.0775717, 38.9434246 ] } },
{ "type": "Feature", "properties": { "element": "node", "id": 7554998622, "name": "Pizza Boli's", "amenity": "fast_food", "cuisine": "pizza", "edge_u": 49745129, "edge_v": 49796229, "edge_key": 0, "nearest_node": 49745129, "snap_dist_m": 23.2, "node_dist_m": 31.9 }, "geometry": { "type": "Point", "coordinates": [ -77.0817746, 38.9535812 ] } },
{ "type": "Feature", "properties": { "element": "node", "id": 7620431534, "name": "FishScale", "amenity": "restaurant", "cuisine": "seafood;organic", "edge_u": 49809805, "edge_v": 49878016, "edge_key": 0, "nearest_node": 49878016, "snap_dist_m": 11.7, "node_dist_m": 19.1 }, "geometry": { "type": "Point", "coordinates": [ -77.0212493, 38.9161532 ] } },
{ "type": "Feature", "properties": { "element": "node", "id": 7620493521, "name": "DCity Smokehouse", "amenity": "restaurant", "cuisine": "barbecue", "edge_u": 49877985, "edge_v": 49875116, "edge_key": 0, "nearest_node": 49875128, "snap_dist_m": 19.1, "node_dist_m": 27.0 }, "geometry": { "type": "Point", "coordinates": [ -77.0143789, 38.9132643 ] } },
{ "type": "Feature", "properties": { "element": "node", "id": 7656869689, "name": "Madison Café", "amenity": "restaurant", "cuisine": "buffet", "edge_u": 49792123, "edge_v": 49750467, "edge_key": 0, "nearest_node": 49792123, "snap_dist_m": 26.5, "node_dist_m": 140.4 }, "geometry": { "type": "Point", "coordinates": [ -77.0054021, 38.88628640000001 ] } },
{ "type": "Feature", "properties": { "element": "node", "id": 7707982785, "name": "Carving Room NoMa", "amenity": "restaurant", "cuisine": null, "edge_u": 49839137, "edge_v": 49839140, "edge_key": 0, "nearest_node": 49839137, "snap_dist_m": 27.1, "node_dist_m": 120.5 }, "geometry": { "type": "Point", "coordinates": [ -77.0045376, 38.9059068 ] } },
{ "type": "Feature", "properties": { "element": "node", "id": 7782851108, "name": "Elfegne", "amenity": "restaurant", "cuisine": "ethiopian", "edge_u": 49741274, "edge_v": 3672563449, "edge_key": 0, "nearest_node": 49741274, "snap_dist_m": 18.5, "node_dist_m": 90.9 }, "geometry": { "type": "Point", "coordinates": [ -77.0424456, 38.9213247 ] } },
{ "type": "Feature", "properties": { "element": "node", "id": 7785084041, "name": "Hatoba", "amenity": "restaurant", "cuisine": "ramen", "edge_u": 49724395, "edge_v": 49734802, "edge_key": 0, "nearest_node": 49724395, "snap_dist_m": 25.0, "node_dist_m": 42.0 }, "geometry": { "type": "Point", "coordinates": [ -77.0009335, 38.8751232 ] } },
{ "type": "Feature", "properties": { "element": "node", "id": 7975151877, "name": "RPM Italian", "amenity": "restaurant", "cuisine": "italian", "edge_u": 49773008, "edge_v": 49844794, "edge_key": 0, "nearest_node": 3378110162, "snap_dist_m": 29.7, "node_dist_m": 58.3 }, "geometry": { "type": "Point", "coordinates": [ -77.0212717, 38.9022647 ] } },
{ "type": "Feature", "properties": { "element": "node", "id": 8026830056, "name": "Masala Story", "amenity": "restaurant", "cuisine": "indian", "edge_u": 49849205, "edge_v": 49815687, "edge_key": 0, "nearest_node": 49815687, "snap_dist_m": 14.1, "node_dist_m": 22.1 }, "geometry": { "type": "Point", "coordinates": [ -76.9906911, 38.930729799999988 ] } },
{ "type": "Feature", "properties": { "element": "node", "id": 8122460517, "name": "Falafel Inc", "amenity": "fast_food", "cuisine": "falafel", "edge_u": 49724179, "edge_v": 655661924, "edge_key": 0, "nearest_node": 655661924, "snap_dist_m": 15.2, "node_dist_m": 45.1 }, "geometry": { "type": "Point", "coordinates": [ -77.02748010000002, 38.881432 ] } },
{ "type": "Feature", "properties": { "element": "node", "id": 8153393017, "name": "The Ministry", "amenity": "cafe", "cuisine": null, "edge_u": 3001375539, "edge_v": 49771475, "edge_key": 0, "nearest_node": 3001375539, "snap_dist_m": 26.1, "node_dist_m": 41.3 }, "geometry": { "type": "Point", "coordinates": [ -77.0115048, 38.8975779 ] } },
{ "type": "Feature", "properties": { "element": "node", "id": 8155517517, "name": "Simona Cafe", "amenity": "cafe", "cuisine": null, "edge_u": 49842421, "edge_v": 49729182, "edge_key": 0, "nearest_node": 49729182, "snap_dist_m": 14.0, "node_dist_m": 84.9 }, "geometry": { "type": "Point", "coordinates": [ -77.0074884, 38.9071073 ] } },
{ "type": "Feature", "properties": { "element": "node", "id": 8165041764, "name": "Bluestone Lane", "amenity": "cafe", "cuisine": null, "edge_u": 49813404, "edge_v": 49745207, "edge_key": 0, "nearest_node": 49745207, "snap_dist_m": 16.7, "node_dist_m": 47.2 }, "geometry": { "type": "Point", "coordinates": [ -77.0314451, 38.912762 ] } },
{ "type": "Feature", "properties": { "element": "node", "id": 8165129737, "name": "Oh! Naan", "amenity": "restaurant", "cuisine": "indian", "edge_u": 49745208, "edge_v": 49745207, "edge_key": 0, "nearest_node": 49745208, "snap_dist_m": 23.6, "node_dist_m": 23.9 }, "geometry": { "type": "Point", "coordinates": [ -77.0322251, 38.913322600000015 ] } },
{ "type": "Feature", "properties": { "element": "node", "id": 8203806929, "name": "Oyster Oyster", "amenity": "restaurant", "cuisine": "regional;american;local", "edge_u": 49853042, "edge_v": 49780074, "edge_key": 0, "nearest_node": 49780074, "snap_dist_m": 13.5, "node_dist_m": 34.6 }, "geometry": { "type": "Point", "coordinates": [ -77.0230929, 38.9093521 ] } },
{ "type": "Feature", "properties": { "element": "node", "id": 8313618687, "name": "Menya Hosaki", "amenity": "restaurant", "cuisine": "ramen", "edge_u": 49752621, "edge_v": 49752628, "edge_key": 0, "nearest_node": 49752628, "snap_dist_m": 16.3, "node_dist_m": 37.2 }, "geometry": { "type": "Point", "coordinates": [ -77.0246849, 38.9420399 ] } },
{ "type": "Feature", "properties": { "element": "node", "id": 8370211915, "name": "Baker's Daughter", "amenity": "restaurant", "cuisine": null, "edge_u": 6799665639, "edge_v": 49817091, "edge_key": 0, "nearest_node": 6799665639, "snap_dist_m": 13.7, "node_dist_m": 45.7 }, "geometry": { "type": "Point", "coordinates": [ -76.9841159, 38.914842399999976 ] } },
{ "type": "Feature", "properties": { "element": "node", "id": 8379503793, "name": "Mayflower Chinese Food", "amenity": "restaurant", "cuisine": "chinese", "edge_u": 49817838, "edge_v": 49763397, "edge_key": 0, "nearest_node": 49817838, "snap_dist_m": 16.8, "node_dist_m": 25.7 }, "geometry": { "type": "Point", "coordinates": [ -77.0790803, 38.9472869 ] } },
{ "type": "Feature", "properties": { "element": "node", "id": 8430821787, "name": null, "amenity": "fast_food", "cuisine": null, "edge_u": 3522722795, "edge_v": 49855611, "edge_key": 0, "nearest_node": 49855611, "snap_dist_m": 10.8, "node_dist_m": 47.4 }, "geometry": { "type": "Point", "coordinates": [ -77.020439, 38.887669 ] } },
{ "type": "Feature", "properties": { "element": "node", "id": 8455919901, "name": "Mâmân Joon", "amenity": "restaurant", "cuisine": "persian", "edge_u": 49772615, "edge_v": 5698252199, "edge_key": 0, "nearest_node": 5698252199, "snap_dist_m": 20.2, "node_dist_m": 79.1 }, "geometry": { "type": "Point", "coordinates": [ -77.0335287, 38.928571400000017 ] } },
{ "type": "Feature", "properties": { "element": "node", "id": 8566099840, "name": "Tatte Bakery & Cafe", "amenity": "cafe", "cuisine": "bakery;coffee_shop", "edge_u": 49821002, "edge_v": 829675288, "edge_key": 0, "nearest_node": 49821002, "snap_dist_m": 14.9, "node_dist_m": 25.8 }, "geometry": { "type": "Point", "coordinates": [ -77.0419009, 38.907482299999984 ] } },
{ "type": "Feature", "properties": { "element": "node", "id": 8691645323, "name": "Officina", "amenity": "restaurant", "cuisine": "italian", "edge_u": 5433244222, "edge_v": 5433244222, "edge_key": 0, "nearest_node": 655661924, "snap_dist_m": 13.5, "node_dist_m": 19.2 }, "geometry": { "type": "Point", "coordinates": [ -77.0270629, 38.8812374 ] } },
{ "type": "Feature", "properties": { "element": "node", "id": 8691887339, "name": "District Doughnut", "amenity": "fast_food", "cuisine": "donut", "edge_u": 5433244222, "edge_v": 5433244222, "edge_key": 0, "nearest_node": 655661924, "snap_dist_m": 7.6, "node_dist_m": 51.2 }, "geometry": { "type": "Point", "coordinates": [ -77.027084, 38.880939899999966 ] } },
{ "type": "Feature", "properties": { "element": "node", "id": 8691887340, "name": "Rappahannock Oyster Bar - Wharf", "amenity": "restaurant", "cuisine": "seafood", "edge_u": 5433244222, "edge_v": 5433244222, "edge_key": 0, "nearest_node": 655661924, "snap_dist_m": 42.1, "node_dist_m": 60.0 }, "geometry": { "type": "Point", "coordinates": [ -77.02759420000001, 38.8811722 ] } },
{ "type": "Feature", "properties": { "element": "node", "id": 8691887342, "name": "The Grill", "amenity": "restaurant", "cuisine": "american", "edge_u": 5433244222, "edge_v": 5433244222, "edge_key": 0, "nearest_node": 11177333923, "snap_dist_m": 19.5, "node_dist_m": 41.3 }, "geometry": { "type": "Point", "coordinates": [ -77.026940400000015, 38.88069260000001 ] } },
{ "type": "Feature", "properties": { "element": "node", "id": 8691887343, "name": "Union Pie", "amenity": "fast_food", "cuisine": "pizza", "edge_u": 11177333923, "edge_v": 11177333923, "edge_key": 0, "nearest_node": 11177333923, "snap_dist_m": 21.9, "node_dist_m": 31.0 }, "geometry": { "type": "Point", "coordinates": [ -77.0264991, 38.8801665 ] } },
{ "type": "Feature", "properties": { "element": "node", "id": 8691887347, "name": "Chopsmith", "amenity": "restaurant", "cuisine": "salad;sandwich;breakfast", "edge_u": 5180966153, "edge_v": 3000233170, "edge_key": 0, "nearest_node": 3000233170, "snap_dist_m": 12.8, "node_dist_m": 27.8 }, "geometry": { "type": "Point", "coordinates": [ -77.0249348, 38.8800032 ] } },
{ "type": "Feature", "properties": { "element": "node", "id": 8691887348, "name": "Surfside", "amenity": "restaurant", "cuisine": "tacos", "edge_u": 5180966153, "edge_v": 3000233170, "edge_key": 0, "nearest_node": 5180966153, "snap_dist_m": 14.0, "node_dist_m": 24.7 }, "geometry": { "type": "Point", "coordinates": [ -77.0250073, 38.879925699999987 ] } },
{ "type": "Feature", "properties": { "element": "node", "id": 8691887363, "name": "Toastique", "amenity": "cafe", "cuisine": "sandwich;smoothie;salad", "edge_u": 5170081599, "edge_v": 3000324160, "edge_key": 0, "nearest_node": 5170081599, "snap_dist_m": 20.8, "node_dist_m": 51.7 }, "geometry": { "type": "Point", "coordinates": [ -77.0239523, 38.8792558 ] } },
{ "type": "Feature", "properties": { "element": "node", "id": 8691887364, "name": "Colada Shop", "amenity": "cafe", "cuisine": "coffee_shop;cuban", "edge_u": 5170081599, "edge_v": 3000324160, "edge_key": 0, "nearest_node": 5170081599, "snap_dist_m": 20.1, "node_dist_m": 65.0 }, "geometry": { "type": "Point", "coordinates": [ -77.0238301, 38.8791663 ] } },
{ "type": "Feature", "properties": { "element": "node", "id": 8691887365, "name": "Lupo Marino", "amenity": "restaurant", "cuisine": "pizza;italian;italian_pizza;pasta", "edge_u": 5170081599, "edge_v": 3000324160, "edge_key": 0, "nearest_node": 8592032116, "snap_dist_m": 52.7, "node_dist_m": 62.6 }, "geometry": { "type": "Point", "coordinates": [ -77.0240959, 38.8789596 ] } },
{ "type": "Feature", "properties": { "element": "node", "id": 8758932039, "name": "Subway", "amenity": "fast_food", "cuisine": "sandwich", "edge_u": 49741274, "edge_v": 3672563449, "edge_key": 0, "nearest_node": 3672563449, "snap_dist_m": 19.2, "node_dist_m": 59.3 }, "geometry": { "type": "Point", "coordinates": [ -77.0423008, 38.9222249 ] } },
{ "type": "Feature", "properties": { "element": "node", "id": 8759210477, "name": "Retrobottega", "amenity": "restaurant", "cuisine": "italian", "edge_u": 3672563449, "edge_v": 49741274, "edge_key": 0, "nearest_node": 49741274, "snap_dist_m": 23.6, "node_dist_m": 92.0 }, "geometry": { "type": "Point", "coordinates": [ -77.0419753, 38.9214192 ] } },
{ "type": "Feature", "properties": { "element": "node", "id": 8759210478, "name": "Shibuya Eatery", "amenity": "restaurant", "cuisine": "japanese", "edge_u": 49741274, "edge_v": 49882753, "edge_key": 0, "nearest_node": 49741274, "snap_dist_m": 18.9, "node_dist_m": 47.3 }, "geometry": { "type": "Point", "coordinates": [ -77.0416453, 38.920254299999989 ] } },
{ "type": "Feature", "properties": { "element": "node", "id": 8789948629, "name": "Kilwins", "amenity": "fast_food", "cuisine": "chocolate;ice_cream;popcorn", "edge_u": 49740448, "edge_v": 49740442, "edge_key": 0, "nearest_node": 49740442, "snap_dist_m": 19.3, "node_dist_m": 46.7 }, "geometry": { "type": "Point", "coordinates": [ -77.0069746, 38.8748151 ] } },
{ "type": "Feature", "properties": { "element": "node", "id": 8812731251, "name": "Z Burger", "amenity": "fast_food", "cuisine": "burger", "edge_u": 49822365, "edge_v": 3372235139, "edge_key": 0, "nearest_node": 49822365, "snap_dist_m": 24.6, "node_dist_m": 25.0 }, "geometry": { "type": "Point", "coordinates": [ -76.9927111, 38.9500341 ] } },
{ "type": "Feature", "properties": { "element": "node", "id": 8846946715, "name": "Subway", "amenity": "fast_food", "cuisine": "sandwich", "edge_u": 8411842743, "edge_v": 9300516158, "edge_key": 0, "nearest_node": 8411842743, "snap_dist_m": 42.7, "node_dist_m": 45.0 }, "geometry": { "type": "Point", "coordinates": [ -76.9367912, 38.8892489 ] } },
{ "type": "Feature", "properties": { "element": "node", "id": 8846946716, "name": "Yum's Carryout", "amenity": "restaurant", "cuisine": "chinese", "edge_u": 9300516158, "edge_v": 1479847898, "edge_key": 0, "nearest_node": 8411842743, "snap_dist_m": 29.4, "node_dist_m": 49.4 }, "geometry": { "type": "Point", "coordinates": [ -76.9367778, 38.8893877 ] } },
{ "type": "Feature", "properties": { "element": "node", "id": 8956355022, "name": "Starbucks", "amenity": "cafe", "cuisine": "coffee_shop", "edge_u": 5698252199, "edge_v": 49745335, "edge_key": 0, "nearest_node": 49745335, "snap_dist_m": 75.3, "node_dist_m": 103.7 }, "geometry": { "type": "Point", "coordinates": [ -77.0335954, 38.9295838 ] } },
{ "type": "Feature", "properties": { "element": "node", "id": 8982661734, "name": "Qui Qui", "amenity": "restaurant", "cuisine": "puerto_rican", "edge_u": 49773036, "edge_v": 49773040, "edge_key": 0, "nearest_node": 49773040, "snap_dist_m": 20.2, "node_dist_m": 51.7 }, "geometry": { "type": "Point", "coordinates": [ -77.0216852, 38.9107104 ] } },
{ "type": "Feature", "properties": { "element": "node", "id": 9015541609, "name": "La Plaza Bar & Tapas", "amenity": "restaurant", "cuisine": "mexican", "edge_u": 49745650, "edge_v": 49745651, "edge_key": 0, "nearest_node": 49745650, "snap_dist_m": 23.9, "node_dist_m": 58.8 }, "geometry": { "type": "Point", "coordinates": [ -77.0324475, 38.939162599999989 ] } },
{ "type": "Feature", "properties": { "element": "node", "id": 9019774426, "name": "Taco Bell Cantina", "amenity": "fast_food", "cuisine": "tex-mex", "edge_u": 5698252199, "edge_v": 49745335, "edge_key": 0, "nearest_node": 5698252199, "snap_dist_m": 13.9, "node_dist_m": 38.4 }, "geometry": { "type": "Point", "coordinates": [ -77.0328456, 38.9290985 ] } },
{ "type": "Feature", "properties": { "element": "node", "id": 9045763170, "name": "Smoothie King", "amenity": "fast_food", "cuisine": "juice", "edge_u": 814299119, "edge_v": 3105427804, "edge_key": 1, "nearest_node": 638062063, "snap_dist_m": 14.4, "node_dist_m": 76.1 }, "geometry": { "type": "Point", "coordinates": [ -76.9948788, 38.920968400000014 ] } },
{ "type": "Feature", "properties": { "element": "node", "id": 9045763173, "name": "1865 Steak Seafood & Cigars", "amenity": "restaurant", "cuisine": "steak_house;seafood", "edge_u": 814299111, "edge_v": 814299119, "edge_key": 0, "nearest_node": 814299111, "snap_dist_m": 23.8, "node_dist_m": 36.2 }, "geometry": { "type": "Point", "coordinates": [ -76.9940215, 38.9213731 ] } },
{ "type": "Feature", "properties": { "element": "node", "id": 9045763180, "name": "Thai Station", "amenity": "restaurant", "cuisine": "thai", "edge_u": 3105427804, "edge_v": 814299119, "edge_key": 0, "nearest_node": 814299119, "snap_dist_m": 14.0, "node_dist_m": 77.9 }, "geometry": { "type": "Point", "coordinates": [ -76.9944106, 38.920771 ] } },
{ "type": "Feature", "properties": { "element": "node", "id": 9045763181, "name": "Dunkin'", "amenity": "fast_food", "cuisine": "donut;coffee_shop", "edge_u": 814299119, "edge_v": 3105427804, "edge_key": 1, "nearest_node": 638062063, "snap_dist_m": 15.5, "node_dist_m": 68.5 }, "geometry": { "type": "Point", "coordinates": [ -76.994687, 38.9210383 ] } },
{ "type": "Feature", "properties": { "element": "node", "id": 9046095953, "name": "Murry & Paul's", "amenity": "restaurant", "cuisine": "diner", "edge_u": 49824264, "edge_v": 49782369, "edge_key": 0, "nearest_node": 49782369, "snap_dist_m": 15.9, "node_dist_m": 49.3 }, "geometry": { "type": "Point", "coordinates": [ -76.9908494, 38.932965300000014 ] } },
{ "type": "Feature", "properties": { "element": "node", "id": 9046095954, "name": "Subway", "amenity": "fast_food", "cuisine": "sandwich", "edge_u": 49824264, "edge_v": 49782369, "edge_key": 0, "nearest_node": 49782369, "snap_dist_m": 12.8, "node_dist_m": 31.3 }, "geometry": { "type": "Point", "coordinates": [ -76.9911676, 38.932786100000015 ] } },
{ "type": "Feature", "properties": { "element": "node", "id": 9046095965, "name": "Wings to Go", "amenity": "restaurant", "cuisine": "pizza;chicken", "edge_u": 49824264, "edge_v": 49782369, "edge_key": 0, "nearest_node": 49782369, "snap_dist_m": 13.1, "node_dist_m": 27.1 }, "geometry": { "type": "Point", "coordinates": [ -76.9911671, 38.932742399999988 ] } },
{ "type": "Feature", "properties": { "element": "node", "id": 9046095968, "name": "Brookland Grill", "amenity": "restaurant", "cuisine": null, "edge_u": 49824264, "edge_v": 49782369, "edge_key": 0, "nearest_node": 49824264, "snap_dist_m": 12.4, "node_dist_m": 28.0 }, "geometry": { "type": "Point", "coordinates": [ -76.9912029, 38.9332937 ] } },
{ "type": "Feature", "properties": { "element": "node", "id": 9046095970, "name": "Pizza Mart", "amenity": "restaurant", "cuisine": "pizza", "edge_u": 49824264, "edge_v": 49782369, "edge_key": 0, "nearest_node": 49824264, "snap_dist_m": 14.0, "node_dist_m": 35.5 }, "geometry": { "type": "Point", "coordinates": [ -76.9912162, 38.9332245 ] } },
{ "type": "Feature", "properties": { "element": "node", "id": 9083161766, "name": "Fig & Olive", "amenity": "restaurant", "cuisine": "mediterranean", "edge_u": 655247775, "edge_v": 3669554865, "edge_key": 0, "nearest_node": 3669554865, "snap_dist_m": 47.1, "node_dist_m": 70.5 }, "geometry": { "type": "Point", "coordinates": [ -77.0245832, 38.9002451 ] } },
{ "type": "Feature", "properties": { "element": "node", "id": 9083181124, "name": "Cranes", "amenity": "restaurant", "cuisine": "spanish", "edge_u": 49803715, "edge_v": 3669554866, "edge_key": 0, "nearest_node": 3669554866, "snap_dist_m": 21.4, "node_dist_m": 32.0 }, "geometry": { "type": "Point", "coordinates": [ -77.024256, 38.89925359999998 ] } },
{ "type": "Feature", "properties": { "element": "node", "id": 9093379513, "name": "Pearl's Bagels", "amenity": "cafe", "cuisine": "bagel", "edge_u": 49773012, "edge_v": 3012784293, "edge_key": 0, "nearest_node": 3012784293, "snap_dist_m": 16.1, "node_dist_m": 68.2 }, "geometry": { "type": "Point", "coordinates": [ -77.02173, 38.9035739 ] } },
{ "type": "Feature", "properties": { "element": "node", "id": 9104056533, "name": "Five Guys", "amenity": "fast_food", "cuisine": "burger", "edge_u": 49848293, "edge_v": 49822338, "edge_key": 0, "nearest_node": 49822338, "snap_dist_m": 22.2, "node_dist_m": 22.4 }, "geometry": { "type": "Point", "coordinates": [ -77.0799288, 38.9488587 ] } },
{ "type": "Feature", "properties": { "element": "node", "id": 9137028978, "name": "No Goodbyes", "amenity": "restaurant", "cuisine": "southern", "edge_u": 49769187, "edge_v": 49827117, "edge_key": 0, "nearest_node": 49769187, "snap_dist_m": 29.7, "node_dist_m": 44.3 }, "geometry": { "type": "Point", "coordinates": [ -77.04171, 38.9227722 ] } },
{ "type": "Feature", "properties": { "element": "node", "id": 9137056556, "name": "Shabu Plus", "amenity": "restaurant", "cuisine": "japanese", "edge_u": 49741274, "edge_v": 49882753, "edge_key": 0, "nearest_node": 49741274, "snap_dist_m": 21.9, "node_dist_m": 49.7 }, "geometry": { "type": "Point", "coordinates": [ -77.0416079, 38.9202504 ] } },
{ "type": "Feature", "properties": { "element": "node", "id": 9137124887, "name": "Lupo Pizzeria", "amenity": "fast_food", "cuisine": "pizza", "edge_u": 49745235, "edge_v": 49745232, "edge_key": 0, "nearest_node": 49745232, "snap_dist_m": 18.5, "node_dist_m": 32.4 }, "geometry": { "type": "Point", "coordinates": [ -77.0321672, 38.9158286 ] } },
{ "type": "Feature", "properties": { "element": "node", "id": 9150236689, "name": "Donut Run", "amenity": "fast_food", "cuisine": "donut", "edge_u": 49748155, "edge_v": 49748151, "edge_key": 0, "nearest_node": 49748151, "snap_dist_m": 18.2, "node_dist_m": 38.6 }, "geometry": { "type": "Point", "coordinates": [ -77.0182444, 38.9739121 ] } },
{ "type": "Feature", "properties": { "element": "node", "id": 9150236693, "name": "Wings on Deck", "amenity": "fast_food", "cuisine": "chicken;american", "edge_u": 49748155, "edge_v": 49748151, "edge_key": 0, "nearest_node": 49748155, "snap_dist_m": 18.5, "node_dist_m": 51.4 }, "geometry": { "type": "Point", "coordinates": [ -77.0182495, 38.9741391 ] } },
{ "type": "Feature", "properties": { "element": "node", "id": 9192070672, "name": "Arepa Zone", "amenity": "restaurant", "cuisine": "venezuelan", "edge_u": 1363151551, "edge_v": 647628141, "edge_key": 0, "nearest_node": 1363151551, "snap_dist_m": 20.0, "node_dist_m": 20.1 }, "geometry": { "type": "Point", "coordinates": [ -77.0317216, 38.9042344 ] } },
{ "type": "Feature", "properties": { "element": "node", "id": 9196372666, "name": "The Class Deli", "amenity": "restaurant", "cuisine": null, "edge_u": 6799800703, "edge_v": 49866594, "edge_key": 0, "nearest_node": 49866594, "snap_dist_m": 17.0, "node_dist_m": 22.8 }, "geometry": { "type": "Point", "coordinates": [ -77.0123104, 38.967996699999986 ] } },
{ "type": "Feature", "properties": { "element": "node", "id": 9236412717, "name": "The Cheesecake Factory", "amenity": "restaurant", "cuisine": "american", "edge_u": 876615335, "edge_v": 49764271, "edge_key": 0, "nearest_node": 49764271, "snap_dist_m": 21.5, "node_dist_m": 30.3 }, "geometry": { "type": "Point", "coordinates": [ -77.0333929, 38.9000564 ] } },
{ "type": "Feature", "properties": { "element": "node", "id": 9278919529, "name": "Bistro du Jour", "amenity": "restaurant", "cuisine": "french;cafe;bistro;coffee;bakery", "edge_u": 5180966153, "edge_v": 3000233170, "edge_key": 0, "nearest_node": 5180966153, "snap_dist_m": 38.0, "node_dist_m": 38.0 }, "geometry": { "type": "Point", "coordinates": [ -77.025414, 38.879550600000016 ] } },
{ "type": "Feature", "properties": { "element": "node", "id": 9285430489, "name": null, "amenity": "cafe", "cuisine": null, "edge_u": 49866203, "edge_v": 49863611, "edge_key": 0, "nearest_node": 49863611, "snap_dist_m": 27.0, "node_dist_m": 50.5 }, "geometry": { "type": "Point", "coordinates": [ -77.0032689, 38.9029097 ] } },
{ "type": "Feature", "properties": { "element": "node", "id": 9308338259, "name": "Fred & Stilla", "amenity": "restaurant", "cuisine": "international;american", "edge_u": 49797620, "edge_v": 49741733, "edge_key": 0, "nearest_node": 49797063, "snap_dist_m": 30.3, "node_dist_m": 77.2 }, "geometry": { "type": "Point", "coordinates": [ -77.0455603, 38.910683599999984 ] } },
{ "type": "Feature", "properties": { "element": "node", "id": 9314282071, "name": "Starbucks", "amenity": "cafe", "cuisine": "coffee_shop", "edge_u": 2896020560, "edge_v": 2896020566, "edge_key": 0, "nearest_node": 2896020560, "snap_dist_m": 24.9, "node_dist_m": 43.4 }, "geometry": { "type": "Point", "coordinates": [ -77.1028236, 38.9267307 ] } },
{ "type": "Feature", "properties": { "element": "node", "id": 9377546922, "name": "Crisp & Juicy", "amenity": "fast_food", "cuisine": "chicken;peruvian", "edge_u": 49848293, "edge_v": 49822338, "edge_key": 0, "nearest_node": 49822338, "snap_dist_m": 21.9, "node_dist_m": 26.6 }, "geometry": { "type": "Point", "coordinates": [ -77.079882, 38.9487567 ] } },
{ "type": "Feature", "properties": { "element": "node", "id": 9379788938, "name": "Rōti", "amenity": "restaurant", "cuisine": "mediterranean", "edge_u": 641116204, "edge_v": 1740764624, "edge_key": 0, "nearest_node": 1740764624, "snap_dist_m": 14.5, "node_dist_m": 47.6 }, "geometry": { "type": "Point", "coordinates": [ -77.0379969, 38.902777199999989 ] } },
{ "type": "Feature", "properties": { "element": "node", "id": 9379788940, "name": "Subway", "amenity": "fast_food", "cuisine": "sandwich", "edge_u": 11261031472, "edge_v": 4635639617, "edge_key": 0, "nearest_node": 4635639617, "snap_dist_m": 17.6, "node_dist_m": 29.6 }, "geometry": { "type": "Point", "coordinates": [ -77.0394026, 38.9035767 ] } },
{ "type": "Feature", "properties": { "element": "node", "id": 9379788941, "name": "Robeks", "amenity": "fast_food", "cuisine": "juice", "edge_u": 4635639617, "edge_v": 9136825813, "edge_key": 0, "nearest_node": 4635639617, "snap_dist_m": 14.0, "node_dist_m": 15.3 }, "geometry": { "type": "Point", "coordinates": [ -77.0391649, 38.903869 ] } },
{ "type": "Feature", "properties": { "element": "node", "id": 9379788942, "name": "Joe & The Juice", "amenity": "cafe", "cuisine": "coffee_shop", "edge_u": 4635639617, "edge_v": 9136825813, "edge_key": 0, "nearest_node": 9136825813, "snap_dist_m": 6.8, "node_dist_m": 27.4 }, "geometry": { "type": "Point", "coordinates": [ -77.0388199, 38.9038575 ] } },
{ "type": "Feature", "properties": { "element": "node", "id": 9382745149, "name": "Chef Trini's", "amenity": "restaurant", "cuisine": "caribbean", "edge_u": 49842235, "edge_v": 49801058, "edge_key": 0, "nearest_node": 49800238, "snap_dist_m": 25.3, "node_dist_m": 65.2 }, "geometry": { "type": "Point", "coordinates": [ -77.0960644, 38.946062 ] } },
{ "type": "Feature", "properties": { "element": "node", "id": 9397602820, "name": "Imperfecto", "amenity": "restaurant", "cuisine": "latin_american", "edge_u": 49845777, "edge_v": 49869068, "edge_key": 0, "nearest_node": 49869068, "snap_dist_m": 18.1, "node_dist_m": 69.1 }, "geometry": { "type": "Point", "coordinates": [ -77.050322, 38.9043392 ] } },
{ "type": "Feature", "properties": { "element": "node", "id": 9404006820, "name": "Daily Provisions", "amenity": "cafe", "cuisine": null, "edge_u": 2974621123, "edge_v": 1379505588, "edge_key": 0, "nearest_node": 2974621123, "snap_dist_m": 12.5, "node_dist_m": 21.8 }, "geometry": { "type": "Point", "coordinates": [ -77.0441294, 38.9113348 ] } },
{ "type": "Feature", "properties": { "element": "node", "id": 9405029978, "name": "Subway", "amenity": "fast_food", "cuisine": "sandwich", "edge_u": 49763775, "edge_v": 49757545, "edge_key": 0, "nearest_node": 49763775, "snap_dist_m": 30.4, "node_dist_m": 63.8 }, "geometry": { "type": "Point", "coordinates": [ -76.9779356, 38.9455279 ] } },
{ "type": "Feature", "properties": { "element": "node", "id": 9421357599, "name": "&pizza", "amenity": "fast_food", "cuisine": "pizza", "edge_u": 49740442, "edge_v": 11198264296, "edge_key": 0, "nearest_node": 11198264296, "snap_dist_m": 20.0, "node_dist_m": 62.5 }, "geometry": { "type": "Point", "coordinates": [ -77.0072347, 38.87594150000001 ] } },
{ "type": "Feature", "properties": { "element": "node", "id": 9421357600, "name": "Subway", "amenity": "fast_food", "cuisine": "sandwich", "edge_u": 11198264296, "edge_v": 655680824, "edge_key": 0, "nearest_node": 655680824, "snap_dist_m": 23.9, "node_dist_m": 36.9 }, "geometry": { "type": "Point", "coordinates": [ -77.0078972, 38.8766859 ] } },
{ "type": "Feature", "properties": { "element": "node", "id": 9421357601, "name": "CAVA", "amenity": "restaurant", "cuisine": "mediterranean", "edge_u": 3415851740, "edge_v": 11198264296, "edge_key": 0, "nearest_node": 11198264296, "snap_dist_m": 14.5, "node_dist_m": 30.8 }, "geometry": { "type": "Point", "coordinates": [ -77.0072159, 38.8766724 ] } },
{ "type": "Feature", "properties": { "element": "node", "id": 9439725864, "name": "Tropical Smoothie Cafe", "amenity": "fast_food", "cuisine": "juice", "edge_u": 3125718572, "edge_v": 3125716147, "edge_key": 0, "nearest_node": 3125716147, "snap_dist_m": 28.0, "node_dist_m": 46.4 }, "geometry": { "type": "Point", "coordinates": [ -76.9524477, 38.9219448 ] } },
{ "type": "Feature", "properties": { "element": "node", "id": 9439735675, "name": "Mechos Dominican Cafe", "amenity": "restaurant", "cuisine": "latin_american", "edge_u": 3125716147, "edge_v": 3125718572, "edge_key": 0, "nearest_node": 3125716147, "snap_dist_m": 24.9, "node_dist_m": 133.4 }, "geometry": { "type": "Point", "coordinates": [ -76.9526141, 38.9211089 ] } },
{ "type": "Feature", "properties": { "element": "node", "id": 9439759204, "name": "Mezeh Mediterranean Grill", "amenity": "restaurant", "cuisine": "mediterranean", "edge_u": 3125716147, "edge_v": 3125718572, "edge_key": 0, "nearest_node": 3125716147, "snap_dist_m": 28.3, "node_dist_m": 56.0 }, "geometry": { "type": "Point", "coordinates": [ -76.9524747, 38.9218448 ] } },
{ "type": "Feature", "properties": { "element": "node", "id": 9439768037, "name": "Quickway Japanese Hibachi", "amenity": "restaurant", "cuisine": "japanese", "edge_u": 3125716147, "edge_v": 3125718572, "edge_key": 0, "nearest_node": 3125718572, "snap_dist_m": 26.1, "node_dist_m": 117.4 }, "geometry": { "type": "Point", "coordinates": [ -76.9526715, 38.920931 ] } },
{ "type": "Feature", "properties": { "element": "node", "id": 9443089338, "name": "Sofra", "amenity": "restaurant", "cuisine": "kebab;mediterranean", "edge_u": 701602949, "edge_v": 49820583, "edge_key": 0, "nearest_node": 49820583, "snap_dist_m": 20.4, "node_dist_m": 72.9 }, "geometry": { "type": "Point", "coordinates": [ -77.0516329, 38.924185899999983 ] } },
{ "type": "Feature", "properties": { "element": "node", "id": 9473039129, "name": "Krystal Tex-Mex", "amenity": "restaurant", "cuisine": "mexican;tex-mex", "edge_u": 49824264, "edge_v": 49788457, "edge_key": 0, "nearest_node": 49788457, "snap_dist_m": 12.3, "node_dist_m": 21.4 }, "geometry": { "type": "Point", "coordinates": [ -76.9910039, 38.9343602 ] } },
{ "type": "Feature", "properties": { "element": "node", "id": 9473039131, "name": "Qui Qui", "amenity": "restaurant", "cuisine": "puerto_rican", "edge_u": 49763606, "edge_v": 49763587, "edge_key": 0, "nearest_node": 49763609, "snap_dist_m": 12.3, "node_dist_m": 15.9 }, "geometry": { "type": "Point", "coordinates": [ -77.0233448, 38.9310967 ] } },
{ "type": "Feature", "properties": { "element": "node", "id": 9485436367, "name": "Cucina Morini", "amenity": "restaurant", "cuisine": "italian", "edge_u": 49748212, "edge_v": 49748223, "edge_key": 0, "nearest_node": 49748212, "snap_dist_m": 17.6, "node_dist_m": 28.2 }, "geometry": { "type": "Point", "coordinates": [ -77.015982, 38.9015298 ] } },
{ "type": "Feature", "properties": { "element": "node", "id": 9581914754, "name": "Bullfrog Bagels", "amenity": "restaurant", "cuisine": null, "edge_u": 1443727118, "edge_v": 1443727117, "edge_key": 0, "nearest_node": 1443727118, "snap_dist_m": 16.8, "node_dist_m": 27.0 }, "geometry": { "type": "Point", "coordinates": [ -76.9926788, 38.9257341 ] } },
{ "type": "Feature", "properties": { "element": "node", "id": 9596122930, "name": "Busboys and Poets", "amenity": "restaurant", "cuisine": "regional", "edge_u": 49744602, "edge_v": 49840739, "edge_key": 0, "nearest_node": 49840739, "snap_dist_m": 12.9, "node_dist_m": 29.7 }, "geometry": { "type": "Point", "coordinates": [ -76.988964, 38.866312 ] } },
{ "type": "Feature", "properties": { "element": "node", "id": 9597687543, "name": "Taqueria Al Lado", "amenity": "restaurant", "cuisine": "mexican", "edge_u": 49740244, "edge_v": 3672563449, "edge_key": 0, "nearest_node": 3672563449, "snap_dist_m": 18.3, "node_dist_m": 36.2 }, "geometry": { "type": "Point", "coordinates": [ -77.0422691, 38.92272119999997 ] } },
{ "type": "Feature", "properties": { "element": "node", "id": 9635642240, "name": "Rue Cafe", "amenity": "cafe", "cuisine": "coffee_shop;sandwich", "edge_u": 1014110633, "edge_v": 49745650, "edge_key": 0, "nearest_node": 1014110633, "snap_dist_m": 22.5, "node_dist_m": 22.5 }, "geometry": { "type": "Point", "coordinates": [ -77.0330021, 38.9388733 ] } },
{ "type": "Feature", "properties": { "element": "node", "id": 9707796828, "name": "Khin’s Sushi", "amenity": "restaurant", "cuisine": "sushi", "edge_u": 655680357, "edge_v": 49764884, "edge_key": 0, "nearest_node": 49764884, "snap_dist_m": 21.6, "node_dist_m": 54.0 }, "geometry": { "type": "Point", "coordinates": [ -77.003205200000011, 38.8770845 ] } },
{ "type": "Feature", "properties": { "element": "node", "id": 9785626380, "name": "Shilling Canning Company", "amenity": "restaurant", "cuisine": "american", "edge_u": 1618429530, "edge_v": 49734802, "edge_key": 0, "nearest_node": 1618429530, "snap_dist_m": 16.5, "node_dist_m": 56.3 }, "geometry": { "type": "Point", "coordinates": [ -77.0011517, 38.873941399999985 ] } },
{ "type": "Feature", "properties": { "element": "node", "id": 9795524383, "name": "Senbeb Café", "amenity": "cafe", "cuisine": null, "edge_u": 49781395, "edge_v": 49829861, "edge_key": 0, "nearest_node": 49781395, "snap_dist_m": 15.6, "node_dist_m": 45.0 }, "geometry": { "type": "Point", "coordinates": [ -77.016358, 38.965758 ] } },
{ "type": "Feature", "properties": { "element": "node", "id": 9800627717, "name": "Menomale", "amenity": "restaurant", "cuisine": "italian;pizza", "edge_u": 49729182, "edge_v": 49842421, "edge_key": 0, "nearest_node": 49729182, "snap_dist_m": 14.0, "node_dist_m": 99.2 }, "geometry": { "type": "Point", "coordinates": [ -77.0073217, 38.9071073 ] } },
{ "type": "Feature", "properties": { "element": "node", "id": 9833335705, "name": "Tony's Place", "amenity": "restaurant", "cuisine": "american", "edge_u": 49749851, "edge_v": 49749855, "edge_key": 0, "nearest_node": 49749851, "snap_dist_m": 11.0, "node_dist_m": 18.1 }, "geometry": { "type": "Point", "coordinates": [ -76.984944, 38.866849 ] } },
{ "type": "Feature", "properties": { "element": "node", "id": 9901939429, "name": "Bartaco", "amenity": "restaurant", "cuisine": "tacos", "edge_u": 6777089504, "edge_v": 6777089507, "edge_key": 0, "nearest_node": 6777089504, "snap_dist_m": 14.2, "node_dist_m": 36.2 }, "geometry": { "type": "Point", "coordinates": [ -77.0222456, 38.8770935 ] } },
{ "type": "Feature", "properties": { "element": "node", "id": 9901942837, "name": "Gordon Ramsay's Hells Kitchen", "amenity": "restaurant", "cuisine": null, "edge_u": 6777089504, "edge_v": 6777089507, "edge_key": 0, "nearest_node": 6777089504, "snap_dist_m": 15.2, "node_dist_m": 22.0 }, "geometry": { "type": "Point", "coordinates": [ -77.0223449, 38.8767962 ] } },
{ "type": "Feature", "properties": { "element": "node", "id": 9910712185, "name": "The Angry Jerk", "amenity": "fast_food", "cuisine": "caribbean", "edge_u": 1379471556, "edge_v": 1379496002, "edge_key": 0, "nearest_node": 1379471556, "snap_dist_m": 15.1, "node_dist_m": 22.0 }, "geometry": { "type": "Point", "coordinates": [ -77.0425594, 38.9076393 ] } },
{ "type": "Feature", "properties": { "element": "node", "id": 9914470410, "name": "JINYA Ramen Bar", "amenity": "restaurant", "cuisine": "ramen", "edge_u": 6777089504, "edge_v": 6777089507, "edge_key": 0, "nearest_node": 6777089507, "snap_dist_m": 33.2, "node_dist_m": 34.9 }, "geometry": { "type": "Point", "coordinates": [ -77.0228153, 38.8775437 ] } },
{ "type": "Feature", "properties": { "element": "node", "id": 9914480379, "name": "Limani", "amenity": "restaurant", "cuisine": "greek", "edge_u": 6777089504, "edge_v": 6777089507, "edge_key": 0, "nearest_node": 6777089507, "snap_dist_m": 26.1, "node_dist_m": 46.8 }, "geometry": { "type": "Point", "coordinates": [ -77.0229621, 38.8772567 ] } },
{ "type": "Feature", "properties": { "element": "node", "id": 9914480665, "name": "Philippe by Philippe Chow", "amenity": "restaurant", "cuisine": "chinese", "edge_u": 6777089497, "edge_v": 6777089504, "edge_key": 0, "nearest_node": 6777089504, "snap_dist_m": 13.0, "node_dist_m": 30.7 }, "geometry": { "type": "Point", "coordinates": [ -77.0217543, 38.8767062 ] } },
{ "type": "Feature", "properties": { "element": "node", "id": 9916058509, "name": "Kinfolk Southern Kitchen", "amenity": "restaurant", "cuisine": "american;regional", "edge_u": 6796840442, "edge_v": 6796840445, "edge_key": 0, "nearest_node": 6796840445, "snap_dist_m": 27.7, "node_dist_m": 68.7 }, "geometry": { "type": "Point", "coordinates": [ -77.0231632, 38.8778172 ] } },
{ "type": "Feature", "properties": { "element": "node", "id": 9932813590, "name": "DC Vegan", "amenity": "restaurant", "cuisine": "vegan", "edge_u": 49780016, "edge_v": 49770670, "edge_key": 0, "nearest_node": 49770670, "snap_dist_m": 23.1, "node_dist_m": 50.4 }, "geometry": { "type": "Point", "coordinates": [ -77.037973, 38.90986 ] } },
{ "type": "Feature", "properties": { "element": "node", "id": 9938131775, "name": "Starbucks", "amenity": "cafe", "cuisine": "coffee_shop", "edge_u": 6796840442, "edge_v": 6796840445, "edge_key": 0, "nearest_node": 6796840442, "snap_dist_m": 19.4, "node_dist_m": 21.4 }, "geometry": { "type": "Point", "coordinates": [ -77.0232315, 38.8786523 ] } },
{ "type": "Feature", "properties": { "element": "node", "id": 9938137163, "name": "Gordon Ramsay's Fish & Chips", "amenity": "restaurant", "cuisine": "fish_and_chips", "edge_u": 6777089504, "edge_v": 6777089507, "edge_key": 0, "nearest_node": 6777089507, "snap_dist_m": 10.1, "node_dist_m": 15.3 }, "geometry": { "type": "Point", "coordinates": [ -77.0226324, 38.8773919 ] } },
{ "type": "Feature", "properties": { "element": "node", "id": 9938169040, "name": "Kilwins", "amenity": "restaurant", "cuisine": "chocolate;ice_cream;popcorn", "edge_u": 655662499, "edge_v": 6777089507, "edge_key": 0, "nearest_node": 6777089507, "snap_dist_m": 11.2, "node_dist_m": 22.8 }, "geometry": { "type": "Point", "coordinates": [ -77.0223866, 38.8775998 ] } },
{ "type": "Feature", "properties": { "element": "node", "id": 9938171647, "name": "Mason's Famous Lobster Rolls", "amenity": "restaurant", "cuisine": "seafood;sandwich", "edge_u": 9968466642, "edge_v": 9968466642, "edge_key": 0, "nearest_node": 9968466642, "snap_dist_m": 29.7, "node_dist_m": 48.7 }, "geometry": { "type": "Point", "coordinates": [ -77.0228769, 38.877858299999986 ] } },
{ "type": "Feature", "properties": { "element": "node", "id": 9939638523, "name": "Starbucks", "amenity": "cafe", "cuisine": "coffee_shop", "edge_u": 49799643, "edge_v": 49745628, "edge_key": 0, "nearest_node": 49799643, "snap_dist_m": 19.9, "node_dist_m": 39.0 }, "geometry": { "type": "Point", "coordinates": [ -77.0300078, 38.897177100000015 ] } },
{ "type": "Feature", "properties": { "element": "node", "id": 9939667828, "name": "Dunkin'", "amenity": "fast_food", "cuisine": "donut;coffee_shop", "edge_u": 49762207, "edge_v": 49762210, "edge_key": 0, "nearest_node": 49762207, "snap_dist_m": 18.9, "node_dist_m": 53.9 }, "geometry": { "type": "Point", "coordinates": [ -77.0286906, 38.8981514 ] } },
{ "type": "Feature", "properties": { "element": "node", "id": 9942809110, "name": "Tatte Bakery & Cafe", "amenity": "cafe", "cuisine": "bakery;coffee_shop", "edge_u": 49765155, "edge_v": 49824748, "edge_key": 0, "nearest_node": 49765155, "snap_dist_m": 17.6, "node_dist_m": 23.0 }, "geometry": { "type": "Point", "coordinates": [ -77.0477322, 38.905422500000014 ] } },
{ "type": "Feature", "properties": { "element": "node", "id": 9962865680, "name": "Tropical Smoothie Cafe", "amenity": "fast_food", "cuisine": "juice", "edge_u": 49730806, "edge_v": 49782349, "edge_key": 0, "nearest_node": 49782349, "snap_dist_m": 20.9, "node_dist_m": 23.5 }, "geometry": { "type": "Point", "coordinates": [ -76.9948477, 38.9325625 ] } },
{ "type": "Feature", "properties": { "element": "node", "id": 10002975350, "name": "Bub and Pop's", "amenity": "restaurant", "cuisine": "sandwich", "edge_u": 958981230, "edge_v": 645963060, "edge_key": 0, "nearest_node": 958981230, "snap_dist_m": 15.2, "node_dist_m": 25.5 }, "geometry": { "type": "Point", "coordinates": [ -77.003489, 38.9086195 ] } },
{ "type": "Feature", "properties": { "element": "node", "id": 10002975351, "name": "Rice Bar", "amenity": "fast_food", "cuisine": "asian", "edge_u": 12974478437, "edge_v": 49842421, "edge_key": 0, "nearest_node": 12974478437, "snap_dist_m": 14.5, "node_dist_m": 46.9 }, "geometry": { "type": "Point", "coordinates": [ -77.0036582, 38.9079832 ] } },
{ "type": "Feature", "properties": { "element": "node", "id": 10015788292, "name": "Milk & Honey Cafe", "amenity": "restaurant", "cuisine": "regional;southern;breakfast", "edge_u": 9968466642, "edge_v": 9968466642, "edge_key": 0, "nearest_node": 9968466642, "snap_dist_m": 11.0, "node_dist_m": 15.8 }, "geometry": { "type": "Point", "coordinates": [ -77.0223166, 38.877941900000017 ] } },
{ "type": "Feature", "properties": { "element": "node", "id": 10035147777, "name": "Tatte Bakery & Cafe", "amenity": "cafe", "cuisine": "bakery;coffee_shop", "edge_u": 9797239771, "edge_v": 9797239769, "edge_key": 0, "nearest_node": 9797239771, "snap_dist_m": 17.4, "node_dist_m": 28.0 }, "geometry": { "type": "Point", "coordinates": [ -77.0779582, 38.9409162 ] } },
{ "type": "Feature", "properties": { "element": "node", "id": 10049007917, "name": "Muchas Gracias", "amenity": "restaurant", "cuisine": "mexican", "edge_u": 49820820, "edge_v": 49720045, "edge_key": 0, "nearest_node": 49720045, "snap_dist_m": 20.7, "node_dist_m": 20.7 }, "geometry": { "type": "Point", "coordinates": [ -77.0699791, 38.9557356 ] } },
{ "type": "Feature", "properties": { "element": "node", "id": 10093737921, "name": "Piccolina", "amenity": "restaurant", "cuisine": "italian", "edge_u": 2629963166, "edge_v": 655247775, "edge_key": 0, "nearest_node": 2629963166, "snap_dist_m": 48.6, "node_dist_m": 71.1 }, "geometry": { "type": "Point", "coordinates": [ -77.0254303, 38.900418 ] } },
{ "type": "Feature", "properties": { "element": "node", "id": 10093744706, "name": "Dolcezza", "amenity": "cafe", "cuisine": "ice_cream", "edge_u": 49793566, "edge_v": 3669554865, "edge_key": 0, "nearest_node": 3669554865, "snap_dist_m": 18.0, "node_dist_m": 49.9 }, "geometry": { "type": "Point", "coordinates": [ -77.0241823, 38.9002427 ] } },
{ "type": "Feature", "properties": { "element": "node", "id": 10112475916, "name": "L'Ardente", "amenity": "restaurant", "cuisine": "italian", "edge_u": 13265637012, "edge_v": 3006022047, "edge_key": 0, "nearest_node": 3006022047, "snap_dist_m": 8.6, "node_dist_m": 40.2 }, "geometry": { "type": "Point", "coordinates": [ -77.014152, 38.89915 ] } },
{ "type": "Feature", "properties": { "element": "node", "id": 10186668999, "name": "True Burger", "amenity": "fast_food", "cuisine": "burger", "edge_u": 1443727088, "edge_v": 49741703, "edge_key": 0, "nearest_node": 49741703, "snap_dist_m": 36.7, "node_dist_m": 96.1 }, "geometry": { "type": "Point", "coordinates": [ -77.047678, 38.9003661 ] } },
{ "type": "Feature", "properties": { "element": "node", "id": 10186669000, "name": "DC Taco House", "amenity": "fast_food", "cuisine": "mexican", "edge_u": 49741695, "edge_v": 49777696, "edge_key": 0, "nearest_node": 49741695, "snap_dist_m": 52.8, "node_dist_m": 102.7 }, "geometry": { "type": "Point", "coordinates": [ -77.0476736, 38.9000573 ] } },
{ "type": "Feature", "properties": { "element": "node", "id": 10186669001, "name": null, "amenity": "fast_food", "cuisine": null, "edge_u": 1443727088, "edge_v": 49741703, "edge_key": 0, "nearest_node": 49741703, "snap_dist_m": 59.6, "node_dist_m": 107.1 }, "geometry": { "type": "Point", "coordinates": [ -77.0476794, 38.9001602 ] } },
{ "type": "Feature", "properties": { "element": "node", "id": 10186669002, "name": "The Halal Shack", "amenity": "fast_food", "cuisine": "mediterranean;middle_eastern", "edge_u": 1443727088, "edge_v": 49741703, "edge_key": 0, "nearest_node": 49741703, "snap_dist_m": 46.9, "node_dist_m": 100.4 }, "geometry": { "type": "Point", "coordinates": [ -77.047678, 38.9002745 ] } },
{ "type": "Feature", "properties": { "element": "node", "id": 10186669003, "name": "Baba's Pizza", "amenity": "fast_food", "cuisine": "pizza;pasta", "edge_u": 49741695, "edge_v": 49777696, "edge_key": 0, "nearest_node": 49741695, "snap_dist_m": 41.5, "node_dist_m": 97.2 }, "geometry": { "type": "Point", "coordinates": [ -77.0476707, 38.8999555 ] } },
{ "type": "Feature", "properties": { "element": "node", "id": 10211066632, "name": "In Bocca al Lupo", "amenity": "restaurant", "cuisine": "pizza", "edge_u": 49866935, "edge_v": 49843692, "edge_key": 0, "nearest_node": 49866935, "snap_dist_m": 21.6, "node_dist_m": 98.6 }, "geometry": { "type": "Point", "coordinates": [ -77.0723598, 38.9211807 ] } },
{ "type": "Feature", "properties": { "element": "node", "id": 10223921342, "name": "Jojo's Brick Oven Pizzeria", "amenity": "restaurant", "cuisine": "pizza", "edge_u": 1017391970, "edge_v": 49809698, "edge_key": 0, "nearest_node": 49809698, "snap_dist_m": 14.7, "node_dist_m": 34.8 }, "geometry": { "type": "Point", "coordinates": [ -77.024317, 38.917139 ] } },
{ "type": "Feature", "properties": { "element": "node", "id": 10224486868, "name": "Butter Chicken Company 3", "amenity": "restaurant", "cuisine": "indian", "edge_u": 49794206, "edge_v": 49756492, "edge_key": 0, "nearest_node": 49794206, "snap_dist_m": 16.3, "node_dist_m": 24.0 }, "geometry": { "type": "Point", "coordinates": [ -77.003323, 38.8974971 ] } },
{ "type": "Feature", "properties": { "element": "node", "id": 10231074737, "name": "Silver Diner", "amenity": "restaurant", "cuisine": "american;diner", "edge_u": 11198264296, "edge_v": 49740442, "edge_key": 0, "nearest_node": 49740442, "snap_dist_m": 17.1, "node_dist_m": 27.4 }, "geometry": { "type": "Point", "coordinates": [ -77.0072681, 38.8748339 ] } },
{ "type": "Feature", "properties": { "element": "node", "id": 10233018517, "name": "Sweet Lemon Cafe", "amenity": "cafe", "cuisine": "coffee_shop", "edge_u": 49763049, "edge_v": 49744664, "edge_key": 0, "nearest_node": 49763049, "snap_dist_m": 16.6, "node_dist_m": 25.6 }, "geometry": { "type": "Point", "coordinates": [ -77.003321, 38.89461 ] } },
{ "type": "Feature", "properties": { "element": "node", "id": 10250734017, "name": "Calico", "amenity": "restaurant", "cuisine": null, "edge_u": 49845885, "edge_v": 2440761314, "edge_key": 0, "nearest_node": 2440761314, "snap_dist_m": 61.5, "node_dist_m": 64.0 }, "geometry": { "type": "Point", "coordinates": [ -77.0251864, 38.9062055 ] } },
{ "type": "Feature", "properties": { "element": "node", "id": 10251747187, "name": "Café Riggs", "amenity": "cafe", "cuisine": null, "edge_u": 3669554866, "edge_v": 3669554868, "edge_key": 0, "nearest_node": 3669554866, "snap_dist_m": 27.5, "node_dist_m": 44.6 }, "geometry": { "type": "Point", "coordinates": [ -77.0242964, 38.8987422 ] } },
{ "type": "Feature", "properties": { "element": "node", "id": 10261211552, "name": "Little Engine", "amenity": "fast_food", "cuisine": "chicken", "edge_u": 49776463, "edge_v": 49776461, "edge_key": 0, "nearest_node": 49776461, "snap_dist_m": 14.3, "node_dist_m": 21.7 }, "geometry": { "type": "Point", "coordinates": [ -76.9959892, 38.886168399999988 ] } },
{ "type": "Feature", "properties": { "element": "node", "id": 10266614035, "name": "LebTav", "amenity": "restaurant", "cuisine": "lebanese", "edge_u": 49770782, "edge_v": 49770789, "edge_key": 0, "nearest_node": 49770789, "snap_dist_m": 21.4, "node_dist_m": 38.7 }, "geometry": { "type": "Point", "coordinates": [ -77.0396954, 38.901045099999983 ] } },
{ "type": "Feature", "properties": { "element": "node", "id": 10299608138, "name": "Il Supremo II", "amenity": "restaurant", "cuisine": "italian", "edge_u": 49820743, "edge_v": 49820757, "edge_key": 0, "nearest_node": 49820743, "snap_dist_m": 24.3, "node_dist_m": 44.8 }, "geometry": { "type": "Point", "coordinates": [ -77.0654399, 38.9469548 ] } },
{ "type": "Feature", "properties": { "element": "node", "id": 10305036999, "name": "Golden Flour", "amenity": "cafe", "cuisine": null, "edge_u": 49825409, "edge_v": 49747955, "edge_key": 0, "nearest_node": 49825409, "snap_dist_m": 16.8, "node_dist_m": 29.1 }, "geometry": { "type": "Point", "coordinates": [ -77.0196058, 38.9566067 ] } },
{ "type": "Feature", "properties": { "element": "node", "id": 10305162326, "name": "Sabai Thai-Lao Dining", "amenity": "restaurant", "cuisine": "thai", "edge_u": 49756373, "edge_v": 49797063, "edge_key": 0, "nearest_node": 49756373, "snap_dist_m": 17.2, "node_dist_m": 31.0 }, "geometry": { "type": "Point", "coordinates": [ -77.0450822, 38.9116439 ] } },
{ "type": "Feature", "properties": { "element": "node", "id": 10311474601, "name": "Bombay Street Food 2", "amenity": "restaurant", "cuisine": "indian", "edge_u": 49810122, "edge_v": 49787160, "edge_key": 0, "nearest_node": 49787160, "snap_dist_m": 18.6, "node_dist_m": 66.6 }, "geometry": { "type": "Point", "coordinates": [ -76.994763, 38.8818427 ] } },
{ "type": "Feature", "properties": { "element": "node", "id": 10537088507, "name": "Grazie Grazie", "amenity": "fast_food", "cuisine": "italian;sandwich;pizza", "edge_u": 49809177, "edge_v": 641116283, "edge_key": 0, "nearest_node": 641116283, "snap_dist_m": 21.8, "node_dist_m": 51.0 }, "geometry": { "type": "Point", "coordinates": [ -77.0432087, 38.903057 ] } },
{ "type": "Feature", "properties": { "element": "node", "id": 10539956352, "name": "Butterworth's", "amenity": "restaurant", "cuisine": null, "edge_u": 49756892, "edge_v": 655442833, "edge_key": 0, "nearest_node": 49773923, "snap_dist_m": 18.6, "node_dist_m": 69.2 }, "geometry": { "type": "Point", "coordinates": [ -77.001356700000017, 38.8864936 ] } },
{ "type": "Feature", "properties": { "element": "node", "id": 10563030593, "name": "Banana Blossom Bistro", "amenity": "fast_food", "cuisine": "vietnamese", "edge_u": 49816388, "edge_v": 49777259, "edge_key": 0, "nearest_node": 49770423, "snap_dist_m": 30.0, "node_dist_m": 86.5 }, "geometry": { "type": "Point", "coordinates": [ -76.9970928, 38.9085214 ] } },
{ "type": "Feature", "properties": { "element": "node", "id": 10563727909, "name": "Solace Outpost Navy Yard", "amenity": "restaurant", "cuisine": "american", "edge_u": 49759499, "edge_v": 5128694819, "edge_key": 0, "nearest_node": 5128694819, "snap_dist_m": 99.7, "node_dist_m": 104.7 }, "geometry": { "type": "Point", "coordinates": [ -77.0070829, 38.8704844 ] } },
{ "type": "Feature", "properties": { "element": "node", "id": 10566953217, "name": "Tatte Bakery & Cafe", "amenity": "cafe", "cuisine": "bakery;coffee_shop", "edge_u": 49773532, "edge_v": 2629963167, "edge_key": 0, "nearest_node": 2629963167, "snap_dist_m": 22.8, "node_dist_m": 28.7 }, "geometry": { "type": "Point", "coordinates": [ -77.0267721, 38.9006947 ] } },
{ "type": "Feature", "properties": { "element": "node", "id": 10570664499, "name": "Colada Shop", "amenity": "cafe", "cuisine": "cuban", "edge_u": 49809200, "edge_v": 49797601, "edge_key": 0, "nearest_node": 49809200, "snap_dist_m": 19.1, "node_dist_m": 41.4 }, "geometry": { "type": "Point", "coordinates": [ -77.0438717, 38.9070731 ] } },
{ "type": "Feature", "properties": { "element": "node", "id": 10579918890, "name": "Oh Mama Grill", "amenity": "restaurant", "cuisine": "mediterranean;kebab;falafel;shawarma", "edge_u": 49787453, "edge_v": 49801673, "edge_key": 0, "nearest_node": 49787453, "snap_dist_m": 23.3, "node_dist_m": 67.8 }, "geometry": { "type": "Point", "coordinates": [ -77.043728, 38.9217237 ] } },
{ "type": "Feature", "properties": { "element": "node", "id": 10594328317, "name": "La Casina", "amenity": "restaurant", "cuisine": "pizza", "edge_u": 655442853, "edge_v": 49776461, "edge_key": 0, "nearest_node": 655442853, "snap_dist_m": 17.1, "node_dist_m": 62.4 }, "geometry": { "type": "Point", "coordinates": [ -76.9963719, 38.8853361 ] } },
{ "type": "Feature", "properties": { "element": "node", "id": 10594339994, "name": "Pintxo's Tacos", "amenity": "fast_food", "cuisine": "mexican;tacos", "edge_u": 49785313, "edge_v": 49823986, "edge_key": 0, "nearest_node": 49823986, "snap_dist_m": 17.9, "node_dist_m": 28.0 }, "geometry": { "type": "Point", "coordinates": [ -77.0257629, 38.9270649 ] } },
{ "type": "Feature", "properties": { "element": "node", "id": 10594663500, "name": "DC Tasty Corner", "amenity": "restaurant", "cuisine": null, "edge_u": 49803595, "edge_v": 49803585, "edge_key": 0, "nearest_node": 49803595, "snap_dist_m": 10.5, "node_dist_m": 41.2 }, "geometry": { "type": "Point", "coordinates": [ -77.062995, 38.9077227 ] } },
{ "type": "Feature", "properties": { "element": "node", "id": 10594711379, "name": "Aura Bar and Lounge", "amenity": "restaurant", "cuisine": null, "edge_u": 49794626, "edge_v": 11255208766, "edge_key": 0, "nearest_node": 11255208766, "snap_dist_m": 21.6, "node_dist_m": 37.2 }, "geometry": { "type": "Point", "coordinates": [ -77.0844051, 38.958846 ] } },
{ "type": "Feature", "properties": { "element": "node", "id": 10594784537, "name": "Emissary To-Go", "amenity": "cafe", "cuisine": null, "edge_u": 49764791, "edge_v": 49741730, "edge_key": 0, "nearest_node": 49741730, "snap_dist_m": 15.8, "node_dist_m": 37.3 }, "geometry": { "type": "Point", "coordinates": [ -77.046243500000017, 38.9097903 ] } },
{ "type": "Feature", "properties": { "element": "node", "id": 10594798512, "name": "D Light", "amenity": "cafe", "cuisine": null, "edge_u": 3672563449, "edge_v": 49741274, "edge_key": 0, "nearest_node": 3672563449, "snap_dist_m": 17.0, "node_dist_m": 42.9 }, "geometry": { "type": "Point", "coordinates": [ -77.0423766, 38.922364299999984 ] } },
{ "type": "Feature", "properties": { "element": "node", "id": 10605209553, "name": "Tatte Bakery & Cafe", "amenity": "cafe", "cuisine": "bakery;coffee_shop", "edge_u": 6823343098, "edge_v": 3001171736, "edge_key": 0, "nearest_node": 6823343098, "snap_dist_m": 24.3, "node_dist_m": 53.5 }, "geometry": { "type": "Point", "coordinates": [ -77.0147744, 38.899383 ] } },
{ "type": "Feature", "properties": { "element": "node", "id": 10605209554, "name": "Tatte Bakery & Cafe", "amenity": "cafe", "cuisine": "bakery;coffee_shop", "edge_u": 1443727088, "edge_v": 49741703, "edge_key": 0, "nearest_node": 1443727088, "snap_dist_m": 19.4, "node_dist_m": 94.9 }, "geometry": { "type": "Point", "coordinates": [ -77.0477602, 38.9008714 ] } },
{ "type": "Feature", "properties": { "element": "node", "id": 10607178885, "name": "Krispy Kreme", "amenity": "fast_food", "cuisine": "donut", "edge_u": 49745335, "edge_v": 5698252199, "edge_key": 0, "nearest_node": 5698252199, "snap_dist_m": 14.1, "node_dist_m": 31.4 }, "geometry": { "type": "Point", "coordinates": [ -77.0328407, 38.9290289 ] } },
{ "type": "Feature", "properties": { "element": "node", "id": 10607950605, "name": "Mariscos 1133", "amenity": "restaurant", "cuisine": "seafood", "edge_u": 3012829798, "edge_v": 49845885, "edge_key": 0, "nearest_node": 3012829798, "snap_dist_m": 15.9, "node_dist_m": 25.8 }, "geometry": { "type": "Point", "coordinates": [ -77.0268055, 38.9055136 ] } },
{ "type": "Feature", "properties": { "element": "node", "id": 10636526671, "name": "The Point DC", "amenity": "restaurant", "cuisine": "seafood", "edge_u": 49734010, "edge_v": 49734005, "edge_key": 0, "nearest_node": 49734005, "snap_dist_m": 26.3, "node_dist_m": 26.3 }, "geometry": { "type": "Point", "coordinates": [ -77.0133792, 38.863763 ] } },
{ "type": "Feature", "properties": { "element": "node", "id": 10650342570, "name": "Isla", "amenity": "restaurant", "cuisine": null, "edge_u": 11460035915, "edge_v": 4597151559, "edge_key": 0, "nearest_node": 4597151559, "snap_dist_m": 21.7, "node_dist_m": 39.3 }, "geometry": { "type": "Point", "coordinates": [ -77.0349553, 38.903991900000015 ] } },
{ "type": "Feature", "properties": { "element": "node", "id": 10650342571, "name": "Dauphine’s", "amenity": "restaurant", "cuisine": "cajun_creole", "edge_u": 49764314, "edge_v": 4597151559, "edge_key": 0, "nearest_node": 4597151559, "snap_dist_m": 35.0, "node_dist_m": 87.3 }, "geometry": { "type": "Point", "coordinates": [ -77.0349768, 38.904517899999988 ] } },
{ "type": "Feature", "properties": { "element": "node", "id": 10650342572, "name": "Grazie Nonna", "amenity": "restaurant", "cuisine": "italian", "edge_u": 49842936, "edge_v": 9136825811, "edge_key": 0, "nearest_node": 11460035915, "snap_dist_m": 83.2, "node_dist_m": 88.7 }, "geometry": { "type": "Point", "coordinates": [ -77.03558, 38.904535 ] } },
{ "type": "Feature", "properties": { "element": "node", "id": 10650342573, "name": "Shōtō", "amenity": "restaurant", "cuisine": "japanese", "edge_u": 49842930, "edge_v": 11460035915, "edge_key": 0, "nearest_node": 11460035915, "snap_dist_m": 26.9, "node_dist_m": 32.3 }, "geometry": { "type": "Point", "coordinates": [ -77.0356312, 38.903987799999982 ] } },
{ "type": "Feature", "properties": { "element": "node", "id": 10655309969, "name": "Stellina Pizzeria", "amenity": "restaurant", "cuisine": "pizza", "edge_u": 49844794, "edge_v": 49825108, "edge_key": 0, "nearest_node": 49844794, "snap_dist_m": 25.1, "node_dist_m": 42.2 }, "geometry": { "type": "Point", "coordinates": [ -77.0195156, 38.9022952 ] } },
{ "type": "Feature", "properties": { "element": "node", "id": 10671566228, "name": "Maman", "amenity": "cafe", "cuisine": "french", "edge_u": 49888809, "edge_v": 49888810, "edge_key": 0, "nearest_node": 49888809, "snap_dist_m": 13.4, "node_dist_m": 15.1 }, "geometry": { "type": "Point", "coordinates": [ -77.0634766, 38.907975 ] } },
{ "type": "Feature", "properties": { "element": "node", "id": 10673662108, "name": "Floriana", "amenity": "restaurant", "cuisine": "italian", "edge_u": 49797044, "edge_v": 49770676, "edge_key": 0, "nearest_node": 49770676, "snap_dist_m": 15.9, "node_dist_m": 23.1 }, "geometry": { "type": "Point", "coordinates": [ -77.038713, 38.911283899999987 ] } },
{ "type": "Feature", "properties": { "element": "node", "id": 10673662109, "name": "Au Lait", "amenity": "cafe", "cuisine": "coffee_shop", "edge_u": 49770680, "edge_v": 49770676, "edge_key": 0, "nearest_node": 49770676, "snap_dist_m": 18.3, "node_dist_m": 44.3 }, "geometry": { "type": "Point", "coordinates": [ -77.0387314, 38.9115032 ] } },
{ "type": "Feature", "properties": { "element": "node", "id": 10673869509, "name": "The Bazaar", "amenity": "restaurant", "cuisine": null, "edge_u": 49732286, "edge_v": 3016605409, "edge_key": 0, "nearest_node": 3013484875, "snap_dist_m": 52.8, "node_dist_m": 85.7 }, "geometry": { "type": "Point", "coordinates": [ -77.0275215, 38.893972 ] } },
{ "type": "Feature", "properties": { "element": "node", "id": 10674918961, "name": "Potbelly", "amenity": "fast_food", "cuisine": "sandwich", "edge_u": 49765155, "edge_v": 49824748, "edge_key": 0, "nearest_node": 49765155, "snap_dist_m": 17.5, "node_dist_m": 35.4 }, "geometry": { "type": "Point", "coordinates": [ -77.0479026, 38.9054211 ] } },
{ "type": "Feature", "properties": { "element": "node", "id": 10677378789, "name": "Gatsby", "amenity": "restaurant", "cuisine": "american", "edge_u": 49740442, "edge_v": 11198264296, "edge_key": 0, "nearest_node": 49740442, "snap_dist_m": 14.6, "node_dist_m": 22.6 }, "geometry": { "type": "Point", "coordinates": [ -77.0076337, 38.874795899999988 ] } },
{ "type": "Feature", "properties": { "element": "node", "id": 10683734444, "name": "Taim", "amenity": "restaurant", "cuisine": "mediterranean", "edge_u": 1379505538, "edge_v": 1379471556, "edge_key": 0, "nearest_node": 1243974048, "snap_dist_m": 20.4, "node_dist_m": 56.9 }, "geometry": { "type": "Point", "coordinates": [ -77.0442374, 38.9104842 ] } },
{ "type": "Feature", "properties": { "element": "node", "id": 10684040238, "name": "Kitchen Savages", "amenity": "restaurant", "cuisine": "creole", "edge_u": 49749838, "edge_v": 642317837, "edge_key": 0, "nearest_node": 49749838, "snap_dist_m": 14.0, "node_dist_m": 38.1 }, "geometry": { "type": "Point", "coordinates": [ -76.9882651, 38.8672324 ] } },
{ "type": "Feature", "properties": { "element": "node", "id": 10686316368, "name": "Sweetgreen", "amenity": "fast_food", "cuisine": "salad", "edge_u": 1379505538, "edge_v": 1379471556, "edge_key": 0, "nearest_node": 1243974324, "snap_dist_m": 20.5, "node_dist_m": 52.7 }, "geometry": { "type": "Point", "coordinates": [ -77.044214, 38.9104394 ] } },
{ "type": "Feature", "properties": { "element": "node", "id": 10686316369, "name": "Bibibop", "amenity": "fast_food", "cuisine": "asian", "edge_u": 1379505538, "edge_v": 1379471556, "edge_key": 0, "nearest_node": 1243974048, "snap_dist_m": 19.8, "node_dist_m": 60.7 }, "geometry": { "type": "Point", "coordinates": [ -77.0442564, 38.9105288 ] } },
{ "type": "Feature", "properties": { "element": "node", "id": 10686656288, "name": "Cuban Espresso", "amenity": "fast_food", "cuisine": "sandwich", "edge_u": 49745297, "edge_v": 49745301, "edge_key": 0, "nearest_node": 49745301, "snap_dist_m": 17.9, "node_dist_m": 29.8 }, "geometry": { "type": "Point", "coordinates": [ -77.0325002, 38.925275 ] } },
{ "type": "Feature", "properties": { "element": "node", "id": 10687062244, "name": "The Little Grand", "amenity": "restaurant", "cuisine": "pizza", "edge_u": 49774081, "edge_v": 13790612928, "edge_key": 0, "nearest_node": 13790612928, "snap_dist_m": 42.4, "node_dist_m": 63.2 }, "geometry": { "type": "Point", "coordinates": [ -76.9967057, 38.9005862 ] } },
{ "type": "Feature", "properties": { "element": "node", "id": 10688677317, "name": "Mola Empanada", "amenity": "fast_food", "cuisine": "empanada;panamanian;caribbean", "edge_u": 3672563449, "edge_v": 49741274, "edge_key": 0, "nearest_node": 49801673, "snap_dist_m": 19.6, "node_dist_m": 91.5 }, "geometry": { "type": "Point", "coordinates": [ -77.042564500000012, 38.9216428 ] } },
{ "type": "Feature", "properties": { "element": "node", "id": 10692191406, "name": "Cafe Divan", "amenity": "restaurant", "cuisine": "turkish;sandwich;pizza", "edge_u": 49748460, "edge_v": 49776112, "edge_key": 0, "nearest_node": 49748460, "snap_dist_m": 12.9, "node_dist_m": 31.7 }, "geometry": { "type": "Point", "coordinates": [ -77.0677926, 38.9154749 ] } },
{ "type": "Feature", "properties": { "element": "node", "id": 10707336390, "name": "Del Frisco's Double Eagle Steakhouse", "amenity": "restaurant", "cuisine": "steak_house", "edge_u": 49793566, "edge_v": 2629963166, "edge_key": 0, "nearest_node": 49793566, "snap_dist_m": 15.3, "node_dist_m": 70.7 }, "geometry": { "type": "Point", "coordinates": [ -77.024776, 38.900745599999979 ] } },
{ "type": "Feature", "properties": { "element": "node", "id": 10712848046, "name": "Dave's Hot Chicken", "amenity": "fast_food", "cuisine": "chicken", "edge_u": 1804420109, "edge_v": 1804420112, "edge_key": 0, "nearest_node": 1804420109, "snap_dist_m": 20.0, "node_dist_m": 20.7 }, "geometry": { "type": "Point", "coordinates": [ -77.032479, 38.930573 ] } },
{ "type": "Feature", "properties": { "element": "node", "id": 10713342151, "name": "Dumplings and Beyond", "amenity": "restaurant", "cuisine": "chinese", "edge_u": 49843692, "edge_v": 49866935, "edge_key": 0, "nearest_node": 49866935, "snap_dist_m": 17.4, "node_dist_m": 103.3 }, "geometry": { "type": "Point", "coordinates": [ -77.0723433, 38.9212426 ] } },
{ "type": "Feature", "properties": { "element": "node", "id": 10717507083, "name": "Ambar", "amenity": "restaurant", "cuisine": "balkan", "edge_u": 49773036, "edge_v": 49773040, "edge_key": 0, "nearest_node": 49773040, "snap_dist_m": 15.0, "node_dist_m": 23.1 }, "geometry": { "type": "Point", "coordinates": [ -77.0217453, 38.9109816 ] } },
{ "type": "Feature", "properties": { "element": "node", "id": 10726989505, "name": "90 Second Pizza", "amenity": "fast_food", "cuisine": "pizza", "edge_u": 49829250, "edge_v": 49845837, "edge_key": 0, "nearest_node": 49845837, "snap_dist_m": 14.3, "node_dist_m": 47.1 }, "geometry": { "type": "Point", "coordinates": [ -77.0626362, 38.9047761 ] } },
{ "type": "Feature", "properties": { "element": "node", "id": 10728689905, "name": "PLNT Burger", "amenity": "fast_food", "cuisine": "burger", "edge_u": 49877844, "edge_v": 1017489190, "edge_key": 0, "nearest_node": 1017489190, "snap_dist_m": 32.8, "node_dist_m": 47.3 }, "geometry": { "type": "Point", "coordinates": [ -77.024744, 38.919675 ] } },
{ "type": "Feature", "properties": { "element": "node", "id": 10736203895, "name": null, "amenity": "cafe", "cuisine": null, "edge_u": 641127586, "edge_v": 641127587, "edge_key": 0, "nearest_node": 641127587, "snap_dist_m": 9.9, "node_dist_m": 30.7 }, "geometry": { "type": "Point", "coordinates": [ -77.0498049, 38.8972003 ] } },
{ "type": "Feature", "properties": { "element": "node", "id": 10764884343, "name": "Twisted", "amenity": "fast_food", "cuisine": null, "edge_u": 49733709, "edge_v": 3000138151, "edge_key": 0, "nearest_node": 655661924, "snap_dist_m": 9.6, "node_dist_m": 88.1 }, "geometry": { "type": "Point", "coordinates": [ -77.0279619, 38.881531600000017 ] } },
{ "type": "Feature", "properties": { "element": "node", "id": 10802578840, "name": "Immigrant Food", "amenity": "restaurant", "cuisine": null, "edge_u": 1381216023, "edge_v": 49827624, "edge_key": 0, "nearest_node": 1381216023, "snap_dist_m": 25.4, "node_dist_m": 74.5 }, "geometry": { "type": "Point", "coordinates": [ -77.0400781, 38.8992823 ] } },
{ "type": "Feature", "properties": { "element": "node", "id": 10815280379, "name": "Moe's Southwest Grill", "amenity": "fast_food", "cuisine": "mexican", "edge_u": 12974478437, "edge_v": 49842421, "edge_key": 0, "nearest_node": 49842421, "snap_dist_m": 17.5, "node_dist_m": 53.3 }, "geometry": { "type": "Point", "coordinates": [ -77.0053065, 38.9070789 ] } },
{ "type": "Feature", "properties": { "element": "node", "id": 10815345273, "name": "Seoul Spice", "amenity": "fast_food", "cuisine": "korean", "edge_u": 12974478437, "edge_v": 49842421, "edge_key": 0, "nearest_node": 49842421, "snap_dist_m": 14.4, "node_dist_m": 78.8 }, "geometry": { "type": "Point", "coordinates": [ -77.0049933, 38.9071077 ] } },
{ "type": "Feature", "properties": { "element": "node", "id": 10815347948, "name": "Dunkin'", "amenity": "fast_food", "cuisine": "donut;coffee_shop", "edge_u": 12974478437, "edge_v": 49842421, "edge_key": 0, "nearest_node": 49842421, "snap_dist_m": 14.0, "node_dist_m": 149.4 }, "geometry": { "type": "Point", "coordinates": [ -77.0041718, 38.9071156 ] } },
{ "type": "Feature", "properties": { "element": "node", "id": 10820301784, "name": "Joe & The Juice", "amenity": "cafe", "cuisine": "coffee_shop", "edge_u": 9983605756, "edge_v": 4325552565, "edge_key": 0, "nearest_node": 4325552565, "snap_dist_m": 13.9, "node_dist_m": 23.4 }, "geometry": { "type": "Point", "coordinates": [ -77.0347969, 38.902294 ] } },
{ "type": "Feature", "properties": { "element": "node", "id": 10822447045, "name": "Ching Ching Cha", "amenity": "cafe", "cuisine": "tea", "edge_u": 49801203, "edge_v": 49741725, "edge_key": 0, "nearest_node": 49741725, "snap_dist_m": 11.0, "node_dist_m": 18.9 }, "geometry": { "type": "Point", "coordinates": [ -77.0468144, 38.9078091 ] } },
{ "type": "Feature", "properties": { "element": "node", "id": 10876404056, "name": "Dig", "amenity": "fast_food", "cuisine": "regional", "edge_u": 49803595, "edge_v": 49863186, "edge_key": 0, "nearest_node": 49863186, "snap_dist_m": 11.6, "node_dist_m": 12.9 }, "geometry": { "type": "Point", "coordinates": [ -77.0629381, 38.906916399999986 ] } },
{ "type": "Feature", "properties": { "element": "node", "id": 10897683905, "name": "Karma Modern Indian", "amenity": "restaurant", "cuisine": "indian", "edge_u": 49793549, "edge_v": 3669554857, "edge_key": 0, "nearest_node": 49793549, "snap_dist_m": 18.1, "node_dist_m": 81.0 }, "geometry": { "type": "Point", "coordinates": [ -77.0208184, 38.901039399999981 ] } },
{ "type": "Feature", "properties": { "element": "node", "id": 10942460046, "name": "Call Your Mother Deli", "amenity": "fast_food", "cuisine": "sandwich;coffee_shop", "edge_u": 49765155, "edge_v": 647622726, "edge_key": 0, "nearest_node": 49765155, "snap_dist_m": 23.2, "node_dist_m": 28.5 }, "geometry": { "type": "Point", "coordinates": [ -77.0474325, 38.9050419 ] } },
{ "type": "Feature", "properties": { "element": "node", "id": 10942461438, "name": "Mercy Me", "amenity": "restaurant", "cuisine": null, "edge_u": 49765155, "edge_v": 647622726, "edge_key": 0, "nearest_node": 49765155, "snap_dist_m": 25.7, "node_dist_m": 37.5 }, "geometry": { "type": "Point", "coordinates": [ -77.0474824, 38.9049514 ] } },
{ "type": "Feature", "properties": { "element": "node", "id": 10964022048, "name": "Dunkin'", "amenity": "fast_food", "cuisine": "donut;coffee_shop", "edge_u": 49756578, "edge_v": 3240030410, "edge_key": 0, "nearest_node": 3240030410, "snap_dist_m": 43.5, "node_dist_m": 65.3 }, "geometry": { "type": "Point", "coordinates": [ -77.0070303, 38.8978618 ] } },
{ "type": "Feature", "properties": { "element": "node", "id": 10974128149, "name": "Seoul Spice", "amenity": "fast_food", "cuisine": "korean", "edge_u": 49772964, "edge_v": 3012429028, "edge_key": 0, "nearest_node": 49772964, "snap_dist_m": 16.8, "node_dist_m": 30.9 }, "geometry": { "type": "Point", "coordinates": [ -77.0217228, 38.895903700000012 ] } },
{ "type": "Feature", "properties": { "element": "node", "id": 10974868464, "name": "Mí Vida", "amenity": "restaurant", "cuisine": "mexican", "edge_u": 49772964, "edge_v": 3378222899, "edge_key": 0, "nearest_node": 3378222899, "snap_dist_m": 15.8, "node_dist_m": 21.7 }, "geometry": { "type": "Point", "coordinates": [ -77.0217345, 38.897127499999989 ] } },
{ "type": "Feature", "properties": { "element": "node", "id": 10975484893, "name": "Hoja Taqueria", "amenity": "restaurant", "cuisine": "mexican", "edge_u": 1379471105, "edge_v": 1379471223, "edge_key": 0, "nearest_node": 1379471105, "snap_dist_m": 19.3, "node_dist_m": 25.2 }, "geometry": { "type": "Point", "coordinates": [ -77.0466805, 38.9160444 ] } },
{ "type": "Feature", "properties": { "element": "node", "id": 10975484894, "name": "Café Integral", "amenity": "cafe", "cuisine": null, "edge_u": 49759124, "edge_v": 1379471223, "edge_key": 0, "nearest_node": 1379471223, "snap_dist_m": 14.1, "node_dist_m": 26.9 }, "geometry": { "type": "Point", "coordinates": [ -77.0467062, 38.9159523 ] } },
{ "type": "Feature", "properties": { "element": "node", "id": 10984600935, "name": "Chipotle", "amenity": "fast_food", "cuisine": "mexican", "edge_u": 5156199170, "edge_v": 3125718572, "edge_key": 0, "nearest_node": 3125718572, "snap_dist_m": 20.8, "node_dist_m": 37.4 }, "geometry": { "type": "Point", "coordinates": [ -76.9531452, 38.9200868 ] } },
{ "type": "Feature", "properties": { "element": "node", "id": 11016777052, "name": "The Fox Den", "amenity": "cafe", "cuisine": "coffee_shop", "edge_u": 12232117844, "edge_v": 49869544, "edge_key": 0, "nearest_node": 12232117844, "snap_dist_m": 135.8, "node_dist_m": 139.3 }, "geometry": { "type": "Point", "coordinates": [ -77.0739842, 38.9409463 ] } },
{ "type": "Feature", "properties": { "element": "node", "id": 11018757664, "name": "Kayu", "amenity": "restaurant", "cuisine": "filipino", "edge_u": 49770684, "edge_v": 49770680, "edge_key": 0, "nearest_node": 49770684, "snap_dist_m": 22.2, "node_dist_m": 42.8 }, "geometry": { "type": "Point", "coordinates": [ -77.0382644, 38.9122692 ] } },
{ "type": "Feature", "properties": { "element": "node", "id": 11038073146, "name": "Tatte Bakery & Cafe", "amenity": "cafe", "cuisine": "bakery;coffee_shop", "edge_u": 11332977616, "edge_v": 49745247, "edge_key": 0, "nearest_node": 49745247, "snap_dist_m": 17.6, "node_dist_m": 28.3 }, "geometry": { "type": "Point", "coordinates": [ -77.032208700000012, 38.919041 ] } },
{ "type": "Feature", "properties": { "element": "node", "id": 11039766259, "name": "Kaliwa", "amenity": "restaurant", "cuisine": "thai;filipino;korean", "edge_u": 8592032116, "edge_v": 5170081599, "edge_key": 0, "nearest_node": 8592032116, "snap_dist_m": 66.7, "node_dist_m": 66.7 }, "geometry": { "type": "Point", "coordinates": [ -77.0243796, 38.8787332 ] } },
{ "type": "Feature", "properties": { "element": "node", "id": 11039766279, "name": "Fat Fish", "amenity": "fast_food", "cuisine": "sushi", "edge_u": 5433244222, "edge_v": 5433244222, "edge_key": 0, "nearest_node": 5433244222, "snap_dist_m": 6.2, "node_dist_m": 19.0 }, "geometry": { "type": "Point", "coordinates": [ -77.026832700000014, 38.8811587 ] } },
{ "type": "Feature", "properties": { "element": "node", "id": 11048691550, "name": "Boquería Penn Quarter", "amenity": "restaurant", "cuisine": "spanish", "edge_u": 3669554865, "edge_v": 3669554866, "edge_key": 0, "nearest_node": 3669554865, "snap_dist_m": 22.7, "node_dist_m": 34.4 }, "geometry": { "type": "Point", "coordinates": [ -77.023718, 38.899587 ] } },
{ "type": "Feature", "properties": { "element": "node", "id": 11054948481, "name": "La Vie", "amenity": "restaurant", "cuisine": "mediterranean", "edge_u": 5736733177, "edge_v": 5180966153, "edge_key": 0, "nearest_node": 5180966153, "snap_dist_m": 23.4, "node_dist_m": 34.5 }, "geometry": { "type": "Point", "coordinates": [ -77.0256714, 38.87995 ] } },
{ "type": "Feature", "properties": { "element": "node", "id": 11054948483, "name": "NaRa-Ya", "amenity": "restaurant", "cuisine": "japanese", "edge_u": 5736733177, "edge_v": 5180966153, "edge_key": 0, "nearest_node": 5180966153, "snap_dist_m": 19.1, "node_dist_m": 31.8 }, "geometry": { "type": "Point", "coordinates": [ -77.0256288, 38.879977899999972 ] } },
{ "type": "Feature", "properties": { "element": "node", "id": 11054948489, "name": "eTea", "amenity": "cafe", "cuisine": "bubble_tea", "edge_u": 5180966153, "edge_v": 3000233170, "edge_key": 0, "nearest_node": 5180966153, "snap_dist_m": 13.4, "node_dist_m": 15.6 }, "geometry": { "type": "Point", "coordinates": [ -77.0251097, 38.8798479 ] } },
{ "type": "Feature", "properties": { "element": "node", "id": 11054957218, "name": "Kaliwa Kiosk1", "amenity": "fast_food", "cuisine": "filipino", "edge_u": 8592032116, "edge_v": 5170081599, "edge_key": 0, "nearest_node": 8592032116, "snap_dist_m": 72.9, "node_dist_m": 72.9 }, "geometry": { "type": "Point", "coordinates": [ -77.0245637, 38.8786348 ] } },
{ "type": "Feature", "properties": { "element": "node", "id": 11054957220, "name": "Kirwan's Kiosk", "amenity": "fast_food", "cuisine": null, "edge_u": 6796840442, "edge_v": 6796840445, "edge_key": 0, "nearest_node": 8592032116, "snap_dist_m": 83.6, "node_dist_m": 88.5 }, "geometry": { "type": "Point", "coordinates": [ -77.0244116, 38.87851580000001 ] } },
{ "type": "Feature", "properties": { "element": "node", "id": 11065544493, "name": "Blank Street Coffee", "amenity": "cafe", "cuisine": "coffee_shop", "edge_u": 49765155, "edge_v": 49824748, "edge_key": 0, "nearest_node": 49765155, "snap_dist_m": 17.4, "node_dist_m": 50.5 }, "geometry": { "type": "Point", "coordinates": [ -77.0480896, 38.9054198 ] } },
{ "type": "Feature", "properties": { "element": "node", "id": 11065652230, "name": "Nobu", "amenity": "restaurant", "cuisine": "sushi", "edge_u": 49845782, "edge_v": 49794431, "edge_key": 0, "nearest_node": 49794431, "snap_dist_m": 18.9, "node_dist_m": 59.4 }, "geometry": { "type": "Point", "coordinates": [ -77.0541004, 38.9054235 ] } },
{ "type": "Feature", "properties": { "element": "node", "id": 11074574097, "name": "54 Restaurant", "amenity": "restaurant", "cuisine": "japanese;sushi", "edge_u": 49782277, "edge_v": 3016605388, "edge_key": 0, "nearest_node": 3016605388, "snap_dist_m": 21.6, "node_dist_m": 39.2 }, "geometry": { "type": "Point", "coordinates": [ -77.0284852, 38.89594570000002 ] } },
{ "type": "Feature", "properties": { "element": "node", "id": 11137503405, "name": "Causa", "amenity": "restaurant", "cuisine": "peruvian", "edge_u": 49810876, "edge_v": 774340109, "edge_key": 0, "nearest_node": 2440761314, "snap_dist_m": 67.8, "node_dist_m": 102.3 }, "geometry": { "type": "Point", "coordinates": [ -77.0247508, 38.9065532 ] } },
{ "type": "Feature", "properties": { "element": "node", "id": 11137520105, "name": "Yardbird", "amenity": "restaurant", "cuisine": null, "edge_u": 49810831, "edge_v": 49846816, "edge_key": 0, "nearest_node": 49810831, "snap_dist_m": 22.5, "node_dist_m": 49.5 }, "geometry": { "type": "Point", "coordinates": [ -77.0245479, 38.9022573 ] } },
{ "type": "Feature", "properties": { "element": "node", "id": 11137528405, "name": "Rumi’s Kitchen", "amenity": "restaurant", "cuisine": "persian", "edge_u": 49844805, "edge_v": 3012784293, "edge_key": 0, "nearest_node": 13686935904, "snap_dist_m": 18.1, "node_dist_m": 78.4 }, "geometry": { "type": "Point", "coordinates": [ -77.020809, 38.9040129 ] } },
{ "type": "Feature", "properties": { "element": "node", "id": 11142548629, "name": "The Delegate", "amenity": "restaurant", "cuisine": "american", "edge_u": 774340109, "edge_v": 49810871, "edge_key": 0, "nearest_node": 49810871, "snap_dist_m": 15.6, "node_dist_m": 23.8 }, "geometry": { "type": "Point", "coordinates": [ -77.0241543, 38.90433740000001 ] } },
{ "type": "Feature", "properties": { "element": "node", "id": 11147159010, "name": "Nina May", "amenity": "restaurant", "cuisine": "american", "edge_u": 49773557, "edge_v": 49846852, "edge_key": 0, "nearest_node": 49773557, "snap_dist_m": 18.5, "node_dist_m": 28.5 }, "geometry": { "type": "Point", "coordinates": [ -77.0267886, 38.9084158 ] } },
{ "type": "Feature", "properties": { "element": "node", "id": 11147312605, "name": "San Lorenzo", "amenity": "restaurant", "cuisine": "italian", "edge_u": 49810876, "edge_v": 49810877, "edge_key": 0, "nearest_node": 49810876, "snap_dist_m": 14.5, "node_dist_m": 68.5 }, "geometry": { "type": "Point", "coordinates": [ -77.024138, 38.9078499 ] } },
{ "type": "Feature", "properties": { "element": "node", "id": 11148893606, "name": "Pow Pow", "amenity": "restaurant", "cuisine": "asian;chinese;japanese;korean", "edge_u": 49793723, "edge_v": 49793729, "edge_key": 0, "nearest_node": 49793729, "snap_dist_m": 18.0, "node_dist_m": 34.5 }, "geometry": { "type": "Point", "coordinates": [ -77.0292827, 38.9011788 ] } },
{ "type": "Feature", "properties": { "element": "node", "id": 11149146505, "name": "Chef Geoff's", "amenity": "restaurant", "cuisine": "american", "edge_u": 49824748, "edge_v": 49845777, "edge_key": 0, "nearest_node": 49824748, "snap_dist_m": 18.0, "node_dist_m": 28.0 }, "geometry": { "type": "Point", "coordinates": [ -77.0490621, 38.905423399999982 ] } },
{ "type": "Feature", "properties": { "element": "node", "id": 11155075188, "name": "The DC Chi Pie", "amenity": "fast_food", "cuisine": "pizza", "edge_u": 774340109, "edge_v": 49810871, "edge_key": 0, "nearest_node": 774340109, "snap_dist_m": 14.4, "node_dist_m": 73.2 }, "geometry": { "type": "Point", "coordinates": [ -77.0238047, 38.905003600000015 ] } },
{ "type": "Feature", "properties": { "element": "node", "id": 11155075189, "name": "Brij", "amenity": "cafe", "cuisine": null, "edge_u": 49810871, "edge_v": 774340109, "edge_key": 0, "nearest_node": 774340109, "snap_dist_m": 13.7, "node_dist_m": 65.3 }, "geometry": { "type": "Point", "coordinates": [ -77.0238135, 38.9050754 ] } },
{ "type": "Feature", "properties": { "element": "node", "id": 11158849989, "name": "Oak Berry", "amenity": "cafe", "cuisine": null, "edge_u": 774340109, "edge_v": 49810871, "edge_key": 0, "nearest_node": 774340109, "snap_dist_m": 13.5, "node_dist_m": 82.7 }, "geometry": { "type": "Point", "coordinates": [ -77.023814, 38.904915499999987 ] } },
{ "type": "Feature", "properties": { "element": "node", "id": 11159971794, "name": "Noodles on 11", "amenity": "restaurant", "cuisine": "asian", "edge_u": 49773532, "edge_v": 2629963167, "edge_key": 0, "nearest_node": 2629963167, "snap_dist_m": 21.1, "node_dist_m": 33.5 }, "geometry": { "type": "Point", "coordinates": [ -77.027278, 38.900618699999988 ] } },
{ "type": "Feature", "properties": { "element": "node", "id": 11159971795, "name": "Parlour Victoria", "amenity": "restaurant", "cuisine": "seafood", "edge_u": 49773539, "edge_v": 49846819, "edge_key": 0, "nearest_node": 49773539, "snap_dist_m": 24.8, "node_dist_m": 35.8 }, "geometry": { "type": "Point", "coordinates": [ -77.026739, 38.9027529 ] } },
{ "type": "Feature", "properties": { "element": "node", "id": 11160753175, "name": "Crumbs & Whiskers", "amenity": "cafe", "cuisine": "coffee_shop", "edge_u": 49845837, "edge_v": 49845830, "edge_key": 0, "nearest_node": 49845830, "snap_dist_m": 15.7, "node_dist_m": 33.0 }, "geometry": { "type": "Point", "coordinates": [ -77.0615257, 38.905338 ] } },
{ "type": "Feature", "properties": { "element": "node", "id": 11168134729, "name": "Lalibela Ethiopian", "amenity": "restaurant", "cuisine": null, "edge_u": 49773040, "edge_v": 1364961095, "edge_key": 0, "nearest_node": 49773040, "snap_dist_m": 19.6, "node_dist_m": 44.2 }, "geometry": { "type": "Point", "coordinates": [ -77.0221442, 38.9114964 ] } },
{ "type": "Feature", "properties": { "element": "node", "id": 11168356788, "name": "Italian Kitchen", "amenity": "restaurant", "cuisine": "pizza", "edge_u": 49773581, "edge_v": 49809715, "edge_key": 0, "nearest_node": 49809715, "snap_dist_m": 16.7, "node_dist_m": 42.0 }, "geometry": { "type": "Point", "coordinates": [ -77.0276398, 38.916857299999982 ] } },
{ "type": "Feature", "properties": { "element": "node", "id": 11168356791, "name": "Turning Natural", "amenity": "fast_food", "cuisine": "juice", "edge_u": 49809698, "edge_v": 49791685, "edge_key": 0, "nearest_node": 49809698, "snap_dist_m": 12.8, "node_dist_m": 57.5 }, "geometry": { "type": "Point", "coordinates": [ -77.0238219, 38.916496500000015 ] } },
{ "type": "Feature", "properties": { "element": "node", "id": 11168356792, "name": "Habesha Market & Restaurant", "amenity": "restaurant", "cuisine": "ethiopian", "edge_u": 49809698, "edge_v": 49791685, "edge_key": 0, "nearest_node": 49809698, "snap_dist_m": 15.1, "node_dist_m": 77.8 }, "geometry": { "type": "Point", "coordinates": [ -77.0237953, 38.916314900000017 ] } },
{ "type": "Feature", "properties": { "element": "node", "id": 11182258420, "name": "Domino's", "amenity": "fast_food", "cuisine": "pizza", "edge_u": 49745644, "edge_v": 49813365, "edge_key": 0, "nearest_node": 49813365, "snap_dist_m": 17.9, "node_dist_m": 41.6 }, "geometry": { "type": "Point", "coordinates": [ -77.0300603, 38.9035833 ] } },
{ "type": "Feature", "properties": { "element": "node", "id": 11182392255, "name": "Umaya Izakaya", "amenity": "restaurant", "cuisine": "japanese", "edge_u": 49803715, "edge_v": 3669554866, "edge_key": 0, "nearest_node": 49803715, "snap_dist_m": 12.4, "node_dist_m": 22.1 }, "geometry": { "type": "Point", "coordinates": [ -77.0257852, 38.8989503 ] } },
{ "type": "Feature", "properties": { "element": "node", "id": 11182392257, "name": "grk", "amenity": "fast_food", "cuisine": "greek", "edge_u": 3669554874, "edge_v": 3670756345, "edge_key": 0, "nearest_node": 3669554874, "snap_dist_m": 14.1, "node_dist_m": 45.7 }, "geometry": { "type": "Point", "coordinates": [ -77.0261492, 38.8969609 ] } },
{ "type": "Feature", "properties": { "element": "node", "id": 11182392261, "name": "Chipotle", "amenity": "fast_food", "cuisine": "mexican", "edge_u": 49773526, "edge_v": 3670756345, "edge_key": 0, "nearest_node": 3670756345, "snap_dist_m": 18.2, "node_dist_m": 27.4 }, "geometry": { "type": "Point", "coordinates": [ -77.0262215, 38.89597569999998 ] } },
{ "type": "Feature", "properties": { "element": "node", "id": 11198432280, "name": "Zumo Thai", "amenity": "restaurant", "cuisine": "thai", "edge_u": 49772987, "edge_v": 3669554857, "edge_key": 0, "nearest_node": 49772987, "snap_dist_m": 13.8, "node_dist_m": 49.1 }, "geometry": { "type": "Point", "coordinates": [ -77.021752, 38.9002429 ] } },
{ "type": "Feature", "properties": { "element": "node", "id": 11198432282, "name": "Smashburger", "amenity": "fast_food", "cuisine": "burger", "edge_u": 49772987, "edge_v": 3669554857, "edge_key": 0, "nearest_node": 49772987, "snap_dist_m": 16.8, "node_dist_m": 33.7 }, "geometry": { "type": "Point", "coordinates": [ -77.0221046, 38.900082499999989 ] } },
{ "type": "Feature", "properties": { "element": "node", "id": 11198432283, "name": "Tony Cheng Mongolian Restaurant", "amenity": "restaurant", "cuisine": "chinese", "edge_u": 49777795, "edge_v": 49772987, "edge_key": 0, "nearest_node": 49777795, "snap_dist_m": 16.2, "node_dist_m": 82.1 }, "geometry": { "type": "Point", "coordinates": [ -77.0208388, 38.8999644 ] } },
{ "type": "Feature", "properties": { "element": "node", "id": 11198438819, "name": "Bonkers' Chinese Burger", "amenity": "fast_food", "cuisine": "chinese;burger", "edge_u": 49777795, "edge_v": 49762383, "edge_key": 0, "nearest_node": 49777795, "snap_dist_m": 18.7, "node_dist_m": 53.8 }, "geometry": { "type": "Point", "coordinates": [ -77.0201248, 38.8993631 ] } },
{ "type": "Feature", "properties": { "element": "node", "id": 11198438820, "name": "Spice 6", "amenity": "fast_food", "cuisine": "indian", "edge_u": 49777795, "edge_v": 49762383, "edge_key": 0, "nearest_node": 49777795, "snap_dist_m": 18.3, "node_dist_m": 47.5 }, "geometry": { "type": "Point", "coordinates": [ -77.0201205, 38.8994228 ] } },
{ "type": "Feature", "properties": { "element": "node", "id": 11198438822, "name": "Deli by PHO 88", "amenity": "restaurant", "cuisine": "vietnamese", "edge_u": 49772987, "edge_v": 49777795, "edge_key": 0, "nearest_node": 49777795, "snap_dist_m": 16.9, "node_dist_m": 53.9 }, "geometry": { "type": "Point", "coordinates": [ -77.0205016, 38.8996658 ] } },
{ "type": "Feature", "properties": { "element": "node", "id": 11198438823, "name": "PHO 88", "amenity": "restaurant", "cuisine": "asian", "edge_u": 49772987, "edge_v": 49777795, "edge_key": 0, "nearest_node": 49777795, "snap_dist_m": 16.9, "node_dist_m": 53.9 }, "geometry": { "type": "Point", "coordinates": [ -77.0205016, 38.8996658 ] } },
{ "type": "Feature", "properties": { "element": "node", "id": 11198438824, "name": "Kura Sushi", "amenity": "fast_food", "cuisine": "sushi", "edge_u": 49772987, "edge_v": 49777795, "edge_key": 0, "nearest_node": 49777795, "snap_dist_m": 16.4, "node_dist_m": 66.7 }, "geometry": { "type": "Point", "coordinates": [ -77.0206568, 38.899670500000013 ] } },
{ "type": "Feature", "properties": { "element": "node", "id": 11198538759, "name": "Wasai", "amenity": "fast_food", "cuisine": "chinese", "edge_u": 49772987, "edge_v": 49762191, "edge_key": 0, "nearest_node": 49762191, "snap_dist_m": 15.2, "node_dist_m": 76.2 }, "geometry": { "type": "Point", "coordinates": [ -77.0220918, 38.8991309 ] } },
{ "type": "Feature", "properties": { "element": "node", "id": 11198538764, "name": "Chipotle", "amenity": "fast_food", "cuisine": "mexican", "edge_u": 49762191, "edge_v": 49772987, "edge_key": 0, "nearest_node": 49762191, "snap_dist_m": 16.4, "node_dist_m": 53.5 }, "geometry": { "type": "Point", "coordinates": [ -77.0221061, 38.898917200000014 ] } },
{ "type": "Feature", "properties": { "element": "node", "id": 11198538765, "name": "90 Second Pizza", "amenity": "fast_food", "cuisine": "pizza", "edge_u": 49772987, "edge_v": 49762191, "edge_key": 0, "nearest_node": 49762191, "snap_dist_m": 16.0, "node_dist_m": 47.0 }, "geometry": { "type": "Point", "coordinates": [ -77.0221022, 38.8988563 ] } },
{ "type": "Feature", "properties": { "element": "node", "id": 11198538767, "name": "Dos Toros Taqueria", "amenity": "fast_food", "cuisine": "mexican", "edge_u": 49772987, "edge_v": 49762191, "edge_key": 0, "nearest_node": 49762191, "snap_dist_m": 15.9, "node_dist_m": 25.0 }, "geometry": { "type": "Point", "coordinates": [ -77.0221017, 38.8986327 ] } },
{ "type": "Feature", "properties": { "element": "node", "id": 11216057089, "name": "Poki DC", "amenity": "restaurant", "cuisine": "poke", "edge_u": 49745632, "edge_v": 49745631, "edge_key": 0, "nearest_node": 49745632, "snap_dist_m": 18.3, "node_dist_m": 37.1 }, "geometry": { "type": "Point", "coordinates": [ -77.0317433, 38.8999365 ] } },
{ "type": "Feature", "properties": { "element": "node", "id": 11216057090, "name": "Gong Cha", "amenity": "cafe", "cuisine": "bubble_tea", "edge_u": 49745632, "edge_v": 49745631, "edge_key": 0, "nearest_node": 49745632, "snap_dist_m": 18.1, "node_dist_m": 42.2 }, "geometry": { "type": "Point", "coordinates": [ -77.0317456, 38.8998832 ] } },
{ "type": "Feature", "properties": { "element": "node", "id": 11216187328, "name": "Bluestone Lane", "amenity": "cafe", "cuisine": "coffee_shop", "edge_u": 49762210, "edge_v": 49799643, "edge_key": 0, "nearest_node": 49762210, "snap_dist_m": 22.6, "node_dist_m": 32.7 }, "geometry": { "type": "Point", "coordinates": [ -77.0298829, 38.898108600000015 ] } },
{ "type": "Feature", "properties": { "element": "node", "id": 11216187330, "name": "Coffee Republic", "amenity": "cafe", "cuisine": "coffee_shop", "edge_u": 49762210, "edge_v": 49799643, "edge_key": 0, "nearest_node": 49762210, "snap_dist_m": 20.2, "node_dist_m": 43.8 }, "geometry": { "type": "Point", "coordinates": [ -77.0293891, 38.89797140000001 ] } },
{ "type": "Feature", "properties": { "element": "node", "id": 11216187331, "name": "Panera Bread", "amenity": "fast_food", "cuisine": "sandwich;bakery", "edge_u": 49762207, "edge_v": 49762210, "edge_key": 0, "nearest_node": 49762210, "snap_dist_m": 18.9, "node_dist_m": 44.1 }, "geometry": { "type": "Point", "coordinates": [ -77.0291631, 38.8981496 ] } },
{ "type": "Feature", "properties": { "element": "node", "id": 11216187332, "name": "Jimmy John's", "amenity": "fast_food", "cuisine": "sandwich", "edge_u": 49762207, "edge_v": 49762210, "edge_key": 0, "nearest_node": 49762207, "snap_dist_m": 19.8, "node_dist_m": 44.1 }, "geometry": { "type": "Point", "coordinates": [ -77.0285632, 38.8981428 ] } },
{ "type": "Feature", "properties": { "element": "node", "id": 11216187333, "name": "Rice Bar", "amenity": "fast_food", "cuisine": "asian", "edge_u": 49762207, "edge_v": 49762210, "edge_key": 0, "nearest_node": 49762207, "snap_dist_m": 17.8, "node_dist_m": 35.6 }, "geometry": { "type": "Point", "coordinates": [ -77.0284647, 38.8981619 ] } },
{ "type": "Feature", "properties": { "element": "node", "id": 11216270539, "name": "Urban Roast", "amenity": "restaurant", "cuisine": "coffee_shop", "edge_u": 3669554868, "edge_v": 3669554871, "edge_key": 0, "nearest_node": 3669554868, "snap_dist_m": 26.0, "node_dist_m": 87.7 }, "geometry": { "type": "Point", "coordinates": [ -77.0249124, 38.8980905 ] } },
{ "type": "Feature", "properties": { "element": "node", "id": 11216270542, "name": "Nando's", "amenity": "restaurant", "cuisine": "chicken;portuguese", "edge_u": 3669554876, "edge_v": 3378222897, "edge_key": 0, "nearest_node": 3378222897, "snap_dist_m": 15.2, "node_dist_m": 40.8 }, "geometry": { "type": "Point", "coordinates": [ -77.0235829, 38.897071 ] } },
{ "type": "Feature", "properties": { "element": "node", "id": 11216270545, "name": "Smoothie King", "amenity": "fast_food", "cuisine": "juice", "edge_u": 49772987, "edge_v": 49762191, "edge_key": 0, "nearest_node": 49762191, "snap_dist_m": 54.2, "node_dist_m": 60.8 }, "geometry": { "type": "Point", "coordinates": [ -77.0212929, 38.8987048 ] } },
{ "type": "Feature", "properties": { "element": "node", "id": 11218232090, "name": "King Street Oyster Bar", "amenity": "restaurant", "cuisine": "seafood", "edge_u": 638452596, "edge_v": 49839137, "edge_key": 0, "nearest_node": 638452596, "snap_dist_m": 20.2, "node_dist_m": 95.3 }, "geometry": { "type": "Point", "coordinates": [ -77.0078463, 38.905828899999989 ] } },
{ "type": "Feature", "properties": { "element": "node", "id": 11218574852, "name": "Mason's Famous Lobster Rolls", "amenity": "restaurant", "cuisine": "seafood", "edge_u": 49764794, "edge_v": 49809200, "edge_key": 0, "nearest_node": 49809200, "snap_dist_m": 21.0, "node_dist_m": 40.8 }, "geometry": { "type": "Point", "coordinates": [ -77.0432047, 38.90756 ] } },
{ "type": "Feature", "properties": { "element": "node", "id": 11218574853, "name": "Toastique", "amenity": "restaurant", "cuisine": null, "edge_u": 1379496002, "edge_v": 49809200, "edge_key": 0, "nearest_node": 49809200, "snap_dist_m": 17.1, "node_dist_m": 27.2 }, "geometry": { "type": "Point", "coordinates": [ -77.0432028, 38.9073991 ] } },
{ "type": "Feature", "properties": { "element": "node", "id": 11218574855, "name": "Chipotle", "amenity": "fast_food", "cuisine": "mexican", "edge_u": 1379471556, "edge_v": 1379496002, "edge_key": 0, "nearest_node": 1379496002, "snap_dist_m": 15.6, "node_dist_m": 38.3 }, "geometry": { "type": "Point", "coordinates": [ -77.0424706, 38.9074768 ] } },
{ "type": "Feature", "properties": { "element": "node", "id": 11218582491, "name": "Boogy & Peel", "amenity": "restaurant", "cuisine": "pizza", "edge_u": 1243974109, "edge_v": 2046464958, "edge_key": 0, "nearest_node": 2046464958, "snap_dist_m": 21.8, "node_dist_m": 31.2 }, "geometry": { "type": "Point", "coordinates": [ -77.044507, 38.908852 ] } },
{ "type": "Feature", "properties": { "element": "node", "id": 11219211058, "name": "Compass Coffee", "amenity": "cafe", "cuisine": "coffee_shop", "edge_u": 49773012, "edge_v": 3012784293, "edge_key": 0, "nearest_node": 3012784293, "snap_dist_m": 15.3, "node_dist_m": 49.1 }, "geometry": { "type": "Point", "coordinates": [ -77.021739, 38.90375 ] } },
{ "type": "Feature", "properties": { "element": "node", "id": 11221520742, "name": "Bagels & Baguettes", "amenity": "fast_food", "cuisine": "bagel", "edge_u": 49810831, "edge_v": 49846816, "edge_key": 0, "nearest_node": 49846816, "snap_dist_m": 16.4, "node_dist_m": 55.4 }, "geometry": { "type": "Point", "coordinates": [ -77.0254992, 38.901863699999986 ] } },
{ "type": "Feature", "properties": { "element": "node", "id": 11226824372, "name": "Zeke's Coffee", "amenity": "cafe", "cuisine": "coffee_shop", "edge_u": 49745676, "edge_v": 49745677, "edge_key": 0, "nearest_node": 49745676, "snap_dist_m": 18.8, "node_dist_m": 32.1 }, "geometry": { "type": "Point", "coordinates": [ -77.0329422, 38.9463585 ] } },
{ "type": "Feature", "properties": { "element": "node", "id": 11234957458, "name": "Flair Restaurant", "amenity": "restaurant", "cuisine": null, "edge_u": 49745247, "edge_v": 11332977605, "edge_key": 0, "nearest_node": 49745247, "snap_dist_m": 19.9, "node_dist_m": 47.5 }, "geometry": { "type": "Point", "coordinates": [ -77.0321836, 38.919586699999989 ] } },
{ "type": "Feature", "properties": { "element": "node", "id": 11234957469, "name": "Phonatics", "amenity": "restaurant", "cuisine": "vietnamese", "edge_u": 49745282, "edge_v": 49745284, "edge_key": 0, "nearest_node": 49745282, "snap_dist_m": 18.8, "node_dist_m": 23.9 }, "geometry": { "type": "Point", "coordinates": [ -77.0321028, 38.9212048 ] } },
{ "type": "Feature", "properties": { "element": "node", "id": 11234957471, "name": "Lucy Bar", "amenity": "restaurant", "cuisine": "pizza", "edge_u": 49813458, "edge_v": 11332977605, "edge_key": 0, "nearest_node": 11332977605, "snap_dist_m": 14.8, "node_dist_m": 23.0 }, "geometry": { "type": "Point", "coordinates": [ -77.0316887, 38.9199936 ] } },
{ "type": "Feature", "properties": { "element": "node", "id": 11265325019, "name": "Martha Dear", "amenity": "restaurant", "cuisine": "pizza", "edge_u": 49878271, "edge_v": 49772633, "edge_key": 0, "nearest_node": 49772633, "snap_dist_m": 15.8, "node_dist_m": 59.7 }, "geometry": { "type": "Point", "coordinates": [ -77.0377219, 38.9291866 ] } },
{ "type": "Feature", "properties": { "element": "node", "id": 11265325023, "name": "Il Supremo Italian", "amenity": "restaurant", "cuisine": "italian", "edge_u": 49763640, "edge_v": 4082394063, "edge_key": 0, "nearest_node": 49763640, "snap_dist_m": 16.0, "node_dist_m": 36.3 }, "geometry": { "type": "Point", "coordinates": [ -77.038246, 38.931476099999983 ] } },
{ "type": "Feature", "properties": { "element": "node", "id": 11265544905, "name": "Don Julio", "amenity": "restaurant", "cuisine": "mexican", "edge_u": 49745335, "edge_v": 49847837, "edge_key": 0, "nearest_node": 49847837, "snap_dist_m": 10.7, "node_dist_m": 36.4 }, "geometry": { "type": "Point", "coordinates": [ -77.034565, 38.9308173 ] } },
{ "type": "Feature", "properties": { "element": "node", "id": 11265544907, "name": "Antojitos Ceci", "amenity": "restaurant", "cuisine": "mexican", "edge_u": 49745335, "edge_v": 49847837, "edge_key": 0, "nearest_node": 49847837, "snap_dist_m": 17.6, "node_dist_m": 44.0 }, "geometry": { "type": "Point", "coordinates": [ -77.0345426, 38.9307391 ] } },
{ "type": "Feature", "properties": { "element": "node", "id": 11265544912, "name": "El Pollo Sabroso", "amenity": "restaurant", "cuisine": "peruvian", "edge_u": 49745335, "edge_v": 49847837, "edge_key": 0, "nearest_node": 49847837, "snap_dist_m": 11.8, "node_dist_m": 90.6 }, "geometry": { "type": "Point", "coordinates": [ -77.0340008, 38.9305902 ] } },
{ "type": "Feature", "properties": { "element": "node", "id": 11265544916, "name": null, "amenity": "restaurant", "cuisine": null, "edge_u": 49745335, "edge_v": 49847837, "edge_key": 0, "nearest_node": 1804420112, "snap_dist_m": 13.7, "node_dist_m": 90.9 }, "geometry": { "type": "Point", "coordinates": [ -77.033766, 38.9304807 ] } },
{ "type": "Feature", "properties": { "element": "node", "id": 11265544918, "name": "Kookoo", "amenity": "restaurant", "cuisine": "persian", "edge_u": 49734616, "edge_v": 1804420112, "edge_key": 0, "nearest_node": 1804420112, "snap_dist_m": 17.8, "node_dist_m": 29.0 }, "geometry": { "type": "Point", "coordinates": [ -77.0329229, 38.9307114 ] } },
{ "type": "Feature", "properties": { "element": "node", "id": 11282589675, "name": "Tazza Cafe", "amenity": "cafe", "cuisine": "coffee_shop;pizza", "edge_u": 49765245, "edge_v": 2136702415, "edge_key": 0, "nearest_node": 49765245, "snap_dist_m": 20.3, "node_dist_m": 32.1 }, "geometry": { "type": "Point", "coordinates": [ -77.0551378, 38.8975533 ] } },
{ "type": "Feature", "properties": { "element": "node", "id": 11285104008, "name": "Earth Grocery & Cafe", "amenity": "cafe", "cuisine": null, "edge_u": 49817415, "edge_v": 1364961088, "edge_key": 0, "nearest_node": 49817415, "snap_dist_m": 13.3, "node_dist_m": 24.3 }, "geometry": { "type": "Point", "coordinates": [ -77.0196946, 38.912764 ] } },
{ "type": "Feature", "properties": { "element": "node", "id": 11285160608, "name": "Oasis Coffee", "amenity": "cafe", "cuisine": null, "edge_u": 49796970, "edge_v": 49748050, "edge_key": 0, "nearest_node": 49748050, "snap_dist_m": 20.7, "node_dist_m": 30.5 }, "geometry": { "type": "Point", "coordinates": [ -77.0164292, 38.9109488 ] } },
{ "type": "Feature", "properties": { "element": "node", "id": 11286073597, "name": "Himalayan Doko", "amenity": "restaurant", "cuisine": "indian", "edge_u": 49853883, "edge_v": 49773539, "edge_key": 0, "nearest_node": 4325552564, "snap_dist_m": 30.0, "node_dist_m": 51.3 }, "geometry": { "type": "Point", "coordinates": [ -77.0275428, 38.902256 ] } },
{ "type": "Feature", "properties": { "element": "node", "id": 11289765028, "name": "Taylor Gourmet", "amenity": "restaurant", "cuisine": null, "edge_u": 641116194, "edge_v": 641116213, "edge_key": 0, "nearest_node": 641116194, "snap_dist_m": 17.4, "node_dist_m": 30.1 }, "geometry": { "type": "Point", "coordinates": [ -77.0324101, 38.9022595 ] } },
{ "type": "Feature", "properties": { "element": "node", "id": 11296225897, "name": "Call Your Mother", "amenity": "fast_food", "cuisine": null, "edge_u": 49764337, "edge_v": 49745193, "edge_key": 0, "nearest_node": 49764337, "snap_dist_m": 14.7, "node_dist_m": 39.6 }, "geometry": { "type": "Point", "coordinates": [ -77.0341228, 38.9097922 ] } },
{ "type": "Feature", "properties": { "element": "node", "id": 11296225898, "name": "Pressed Juicery", "amenity": "fast_food", "cuisine": "juice", "edge_u": 49764337, "edge_v": 49745193, "edge_key": 0, "nearest_node": 49745193, "snap_dist_m": 13.5, "node_dist_m": 108.7 }, "geometry": { "type": "Point", "coordinates": [ -77.0331965, 38.9097811 ] } },
{ "type": "Feature", "properties": { "element": "node", "id": 11298852049, "name": "Papa John's", "amenity": "fast_food", "cuisine": "pizza", "edge_u": 49793595, "edge_v": 49825108, "edge_key": 0, "nearest_node": 49825108, "snap_dist_m": 24.4, "node_dist_m": 55.8 }, "geometry": { "type": "Point", "coordinates": [ -77.0192118, 38.902069300000015 ] } },
{ "type": "Feature", "properties": { "element": "node", "id": 11300297472, "name": "Sushi Snob", "amenity": "restaurant", "cuisine": "sushi", "edge_u": 11076193230, "edge_v": 1379495867, "edge_key": 0, "nearest_node": 1379495867, "snap_dist_m": 15.0, "node_dist_m": 48.2 }, "geometry": { "type": "Point", "coordinates": [ -77.0396609, 38.905781299999987 ] } },
{ "type": "Feature", "properties": { "element": "node", "id": 11303550788, "name": "Joe & The Juice", "amenity": "cafe", "cuisine": "coffee_shop", "edge_u": 49825108, "edge_v": 49748223, "edge_key": 0, "nearest_node": 49748223, "snap_dist_m": 22.4, "node_dist_m": 43.2 }, "geometry": { "type": "Point", "coordinates": [ -77.0166022, 38.902317200000013 ] } },
{ "type": "Feature", "properties": { "element": "node", "id": 11318894707, "name": "West Wing Cafe", "amenity": "cafe", "cuisine": null, "edge_u": 49797586, "edge_v": 49797596, "edge_key": 0, "nearest_node": 49797586, "snap_dist_m": 19.5, "node_dist_m": 102.8 }, "geometry": { "type": "Point", "coordinates": [ -77.0450897, 38.9046486 ] } },
{ "type": "Feature", "properties": { "element": "node", "id": 11327680624, "name": "1310 Kitchen & Bar", "amenity": "restaurant", "cuisine": "american", "edge_u": 49803595, "edge_v": 49863186, "edge_key": 0, "nearest_node": 49803595, "snap_dist_m": 14.8, "node_dist_m": 33.5 }, "geometry": { "type": "Point", "coordinates": [ -77.0634733, 38.907301799999985 ] } },
{ "type": "Feature", "properties": { "element": "node", "id": 11327854116, "name": "Masala Eatery", "amenity": "restaurant", "cuisine": "indian", "edge_u": 9593237038, "edge_v": 49888809, "edge_key": 0, "nearest_node": 49888809, "snap_dist_m": 13.1, "node_dist_m": 25.3 }, "geometry": { "type": "Point", "coordinates": [ -77.0638268, 38.907739799999987 ] } },
{ "type": "Feature", "properties": { "element": "node", "id": 11327854126, "name": "Pressed Juicery", "amenity": "fast_food", "cuisine": "juice", "edge_u": 49799157, "edge_v": 49863186, "edge_key": 0, "nearest_node": 49863186, "snap_dist_m": 10.1, "node_dist_m": 26.8 }, "geometry": { "type": "Point", "coordinates": [ -77.0632925, 38.906965599999978 ] } },
{ "type": "Feature", "properties": { "element": "node", "id": 11327854130, "name": "Café Con Bagel", "amenity": "cafe", "cuisine": "coffee_shop", "edge_u": 49803595, "edge_v": 49863186, "edge_key": 0, "nearest_node": 49803595, "snap_dist_m": 10.8, "node_dist_m": 11.0 }, "geometry": { "type": "Point", "coordinates": [ -77.0635514, 38.90755020000001 ] } },
{ "type": "Feature", "properties": { "element": "node", "id": 11327854132, "name": "Sushi Gaku", "amenity": "restaurant", "cuisine": "sushi", "edge_u": 49803595, "edge_v": 49888809, "edge_key": 0, "nearest_node": 49803595, "snap_dist_m": 12.9, "node_dist_m": 15.6 }, "geometry": { "type": "Point", "coordinates": [ -77.0636201, 38.907630500000025 ] } },
{ "type": "Feature", "properties": { "element": "node", "id": 11327854133, "name": "Georgetown Seafood", "amenity": "restaurant", "cuisine": "seafood", "edge_u": 49753516, "edge_v": 49799147, "edge_key": 0, "nearest_node": 49799147, "snap_dist_m": 13.6, "node_dist_m": 45.7 }, "geometry": { "type": "Point", "coordinates": [ -77.0650448, 38.9055278 ] } },
{ "type": "Feature", "properties": { "element": "node", "id": 11327854139, "name": "Gong Cha", "amenity": "cafe", "cuisine": "bubble_tea", "edge_u": 49822884, "edge_v": 49845850, "edge_key": 0, "nearest_node": 49845850, "snap_dist_m": 16.0, "node_dist_m": 18.0 }, "geometry": { "type": "Point", "coordinates": [ -77.0654048, 38.9052734 ] } },
{ "type": "Feature", "properties": { "element": "node", "id": 11329577820, "name": "Officina Cafe", "amenity": "cafe", "cuisine": "italian", "edge_u": 11261031475, "edge_v": 5445789508, "edge_key": 0, "nearest_node": 5445789508, "snap_dist_m": 18.5, "node_dist_m": 29.1 }, "geometry": { "type": "Point", "coordinates": [ -77.0375179, 38.9039138 ] } },
{ "type": "Feature", "properties": { "element": "node", "id": 11333699754, "name": "Brown Bag", "amenity": "fast_food", "cuisine": "salad;sandwich", "edge_u": 622721012, "edge_v": 3005713074, "edge_key": 0, "nearest_node": 3005831881, "snap_dist_m": 11.5, "node_dist_m": 70.3 }, "geometry": { "type": "Point", "coordinates": [ -77.0237551, 38.8839836 ] } },
{ "type": "Feature", "properties": { "element": "node", "id": 11333716918, "name": "Charleys Philly Steaks", "amenity": "fast_food", "cuisine": "sandwich", "edge_u": 9130874912, "edge_v": 2956751419, "edge_key": 0, "nearest_node": 9130874912, "snap_dist_m": 10.2, "node_dist_m": 93.7 }, "geometry": { "type": "Point", "coordinates": [ -77.0246982, 38.8837643 ] } },
{ "type": "Feature", "properties": { "element": "node", "id": 11333718732, "name": "Auntie Anne's", "amenity": "fast_food", "cuisine": "pretzel", "edge_u": 9130874912, "edge_v": 2956751419, "edge_key": 0, "nearest_node": 9130874912, "snap_dist_m": 11.8, "node_dist_m": 93.8 }, "geometry": { "type": "Point", "coordinates": [ -77.0247168, 38.8838269 ] } },
{ "type": "Feature", "properties": { "element": "node", "id": 11333728036, "name": "Panda Express", "amenity": "fast_food", "cuisine": "chinese", "edge_u": 9130874912, "edge_v": 2956751419, "edge_key": 0, "nearest_node": 9130874912, "snap_dist_m": 28.4, "node_dist_m": 78.2 }, "geometry": { "type": "Point", "coordinates": [ -77.0249167, 38.883847100000011 ] } },
{ "type": "Feature", "properties": { "element": "node", "id": 11333731103, "name": "Subway", "amenity": "fast_food", "cuisine": "sandwich", "edge_u": 9130874912, "edge_v": 2956751419, "edge_key": 0, "nearest_node": 9130874912, "snap_dist_m": 5.7, "node_dist_m": 93.6 }, "geometry": { "type": "Point", "coordinates": [ -77.0246784, 38.883645699999988 ] } },
{ "type": "Feature", "properties": { "element": "node", "id": 11333748371, "name": "DC Dogs & Fries", "amenity": "fast_food", "cuisine": "hot_dog", "edge_u": 9130874912, "edge_v": 2956751419, "edge_key": 0, "nearest_node": 9130874912, "snap_dist_m": 5.5, "node_dist_m": 71.2 }, "geometry": { "type": "Point", "coordinates": [ -77.0249364, 38.8836411 ] } },
{ "type": "Feature", "properties": { "element": "node", "id": 11342018268, "name": "Tatte Bakery & Cafe", "amenity": "cafe", "cuisine": "bakery;coffee_shop", "edge_u": 49770640, "edge_v": 49770789, "edge_key": 0, "nearest_node": 49770640, "snap_dist_m": 18.9, "node_dist_m": 33.3 }, "geometry": { "type": "Point", "coordinates": [ -77.0388403, 38.9011648 ] } },
{ "type": "Feature", "properties": { "element": "node", "id": 11342281999, "name": "Noma Pizza", "amenity": "fast_food", "cuisine": "pizza", "edge_u": 49809376, "edge_v": 638462911, "edge_key": 0, "nearest_node": 49809376, "snap_dist_m": 8.7, "node_dist_m": 28.8 }, "geometry": { "type": "Point", "coordinates": [ -77.0092914, 38.9076501 ] } },
{ "type": "Feature", "properties": { "element": "node", "id": 11345449272, "name": "Nama", "amenity": "restaurant", "cuisine": "sushi", "edge_u": 49825108, "edge_v": 49748223, "edge_key": 0, "nearest_node": 49825108, "snap_dist_m": 27.2, "node_dist_m": 60.4 }, "geometry": { "type": "Point", "coordinates": [ -77.0183075, 38.9027653 ] } },
{ "type": "Feature", "properties": { "element": "node", "id": 11345449273, "name": "Rasa", "amenity": "restaurant", "cuisine": "indian", "edge_u": 49825108, "edge_v": 49748223, "edge_key": 0, "nearest_node": 49825108, "snap_dist_m": 27.9, "node_dist_m": 50.6 }, "geometry": { "type": "Point", "coordinates": [ -77.0184424, 38.9027717 ] } },
{ "type": "Feature", "properties": { "element": "node", "id": 11345449274, "name": "The Little Beet", "amenity": "fast_food", "cuisine": "american", "edge_u": 49748223, "edge_v": 49825108, "edge_key": 0, "nearest_node": 49825108, "snap_dist_m": 25.0, "node_dist_m": 41.6 }, "geometry": { "type": "Point", "coordinates": [ -77.0185466, 38.9027463 ] } },
{ "type": "Feature", "properties": { "element": "node", "id": 11358155283, "name": "Fireclay", "amenity": "restaurant", "cuisine": "american", "edge_u": 49764251, "edge_v": 49745628, "edge_key": 0, "nearest_node": 49745628, "snap_dist_m": 51.1, "node_dist_m": 84.7 }, "geometry": { "type": "Point", "coordinates": [ -77.0327312, 38.896899 ] } },
{ "type": "Feature", "properties": { "element": "node", "id": 11363089852, "name": "Pret A Manger", "amenity": "fast_food", "cuisine": "sandwich", "edge_u": 49782277, "edge_v": 3016605388, "edge_key": 0, "nearest_node": 49782277, "snap_dist_m": 17.9, "node_dist_m": 24.9 }, "geometry": { "type": "Point", "coordinates": [ -77.0294046, 38.8959825 ] } },
{ "type": "Feature", "properties": { "element": "node", "id": 11367374472, "name": "Aladdin House of Kabob & Gyros", "amenity": "restaurant", "cuisine": "middle_eastern", "edge_u": 49873888, "edge_v": 8891331738, "edge_key": 0, "nearest_node": 49873888, "snap_dist_m": 19.5, "node_dist_m": 82.2 }, "geometry": { "type": "Point", "coordinates": [ -77.0703151, 38.9185028 ] } },
{ "type": "Feature", "properties": { "element": "node", "id": 11367470787, "name": "Tony's Breakfast", "amenity": "cafe", "cuisine": "american;breakfast;sandwich", "edge_u": 49739609, "edge_v": 49739603, "edge_key": 0, "nearest_node": 49739609, "snap_dist_m": 16.8, "node_dist_m": 44.2 }, "geometry": { "type": "Point", "coordinates": [ -76.9856967, 38.8998328 ] } },
{ "type": "Feature", "properties": { "element": "node", "id": 11380092465, "name": "Falafel Brothers", "amenity": "fast_food", "cuisine": "falafel;middle_eastern", "edge_u": 958991607, "edge_v": 49809698, "edge_key": 0, "nearest_node": 958991607, "snap_dist_m": 18.1, "node_dist_m": 30.3 }, "geometry": { "type": "Point", "coordinates": [ -77.0241558, 38.9175177 ] } },
{ "type": "Feature", "properties": { "element": "node", "id": 11382556901, "name": "Ruta", "amenity": "restaurant", "cuisine": "ukrainian", "edge_u": 655442853, "edge_v": 49776461, "edge_key": 0, "nearest_node": 655442853, "snap_dist_m": 17.2, "node_dist_m": 67.1 }, "geometry": { "type": "Point", "coordinates": [ -76.9963731, 38.8853794 ] } },
{ "type": "Feature", "properties": { "element": "node", "id": 11399450677, "name": "Minya's Pizza", "amenity": "fast_food", "cuisine": "pizza", "edge_u": 49791685, "edge_v": 49809698, "edge_key": 0, "nearest_node": 49809698, "snap_dist_m": 16.5, "node_dist_m": 58.8 }, "geometry": { "type": "Point", "coordinates": [ -77.0241602, 38.9165 ] } },
{ "type": "Feature", "properties": { "element": "node", "id": 11404402475, "name": "Eat Well Juice Bar", "amenity": "fast_food", "cuisine": "juice;sandwich", "edge_u": 49769193, "edge_v": 49787486, "edge_key": 0, "nearest_node": 49787486, "snap_dist_m": 14.8, "node_dist_m": 37.5 }, "geometry": { "type": "Point", "coordinates": [ -77.0227393, 38.924482799999986 ] } },
{ "type": "Feature", "properties": { "element": "node", "id": 11404402491, "name": "Halal Wrist", "amenity": "restaurant", "cuisine": null, "edge_u": 49789208, "edge_v": 49772551, "edge_key": 0, "nearest_node": 49772551, "snap_dist_m": 18.5, "node_dist_m": 37.9 }, "geometry": { "type": "Point", "coordinates": [ -77.0229743, 38.9287637 ] } },
{ "type": "Feature", "properties": { "element": "node", "id": 11420726320, "name": "Succotash Prime Washington DC", "amenity": "restaurant", "cuisine": "southern", "edge_u": 3378222897, "edge_v": 3669554874, "edge_key": 0, "nearest_node": 3378222897, "snap_dist_m": 19.5, "node_dist_m": 72.3 }, "geometry": { "type": "Point", "coordinates": [ -77.024741, 38.8975272 ] } },
{ "type": "Feature", "properties": { "element": "node", "id": 11432849820, "name": "Porchetta District Sandwiches & Co.", "amenity": "cafe", "cuisine": "italian", "edge_u": 641119730, "edge_v": 4629567001, "edge_key": 0, "nearest_node": 641119730, "snap_dist_m": 16.8, "node_dist_m": 24.5 }, "geometry": { "type": "Point", "coordinates": [ -77.0684886, 38.905213200000013 ] } },
{ "type": "Feature", "properties": { "element": "node", "id": 11446243010, "name": "Chipotle", "amenity": "fast_food", "cuisine": "mexican", "edge_u": 49741703, "edge_v": 4975093911, "edge_key": 0, "nearest_node": 4975093911, "snap_dist_m": 24.6, "node_dist_m": 34.9 }, "geometry": { "type": "Point", "coordinates": [ -77.0452584, 38.9005345 ] } },
{ "type": "Feature", "properties": { "element": "node", "id": 11466122570, "name": "Auntie Anne's", "amenity": "fast_food", "cuisine": "pretzel", "edge_u": 49756578, "edge_v": 3240030410, "edge_key": 0, "nearest_node": 49756578, "snap_dist_m": 68.7, "node_dist_m": 102.2 }, "geometry": { "type": "Point", "coordinates": [ -77.0066571, 38.8980836 ] } },
{ "type": "Feature", "properties": { "element": "node", "id": 11466157830, "name": "Jersey Mike's Subs", "amenity": "fast_food", "cuisine": "sandwich", "edge_u": 3000430293, "edge_v": 642685931, "edge_key": 0, "nearest_node": 3240030410, "snap_dist_m": 107.4, "node_dist_m": 126.9 }, "geometry": { "type": "Point", "coordinates": [ -77.0062415, 38.8978042 ] } },
{ "type": "Feature", "properties": { "element": "node", "id": 11466157831, "name": "Chipotle", "amenity": "fast_food", "cuisine": "mexican", "edge_u": 3000430293, "edge_v": 642685931, "edge_key": 0, "nearest_node": 3000430293, "snap_dist_m": 101.7, "node_dist_m": 149.5 }, "geometry": { "type": "Point", "coordinates": [ -77.0059256, 38.8976805 ] } },
{ "type": "Feature", "properties": { "element": "node", "id": 11466157832, "name": "Chick-fil-A", "amenity": "fast_food", "cuisine": "chicken", "edge_u": 3000430293, "edge_v": 642685931, "edge_key": 0, "nearest_node": 3000430293, "snap_dist_m": 96.7, "node_dist_m": 140.9 }, "geometry": { "type": "Point", "coordinates": [ -77.0058456, 38.8976156 ] } },
{ "type": "Feature", "properties": { "element": "node", "id": 11466206148, "name": "The Halal Guys", "amenity": "fast_food", "cuisine": "chicken;falafel;gyros", "edge_u": 3000430293, "edge_v": 642685931, "edge_key": 0, "nearest_node": 3240030410, "snap_dist_m": 75.0, "node_dist_m": 97.0 }, "geometry": { "type": "Point", "coordinates": [ -77.0065491, 38.8975706 ] } },
{ "type": "Feature", "properties": { "element": "node", "id": 11466218596, "name": "Taco Bell", "amenity": "fast_food", "cuisine": "tex-mex", "edge_u": 49756578, "edge_v": 3240030410, "edge_key": 0, "nearest_node": 3240030410, "snap_dist_m": 68.2, "node_dist_m": 89.8 }, "geometry": { "type": "Point", "coordinates": [ -77.0067274, 38.8978878 ] } },
{ "type": "Feature", "properties": { "element": "node", "id": 11466218597, "name": "Charleys Philly Steaks", "amenity": "fast_food", "cuisine": "sandwich", "edge_u": 49756578, "edge_v": 3240030410, "edge_key": 0, "nearest_node": 3240030410, "snap_dist_m": 77.5, "node_dist_m": 97.3 }, "geometry": { "type": "Point", "coordinates": [ -77.0066232, 38.8978695 ] } },
{ "type": "Feature", "properties": { "element": "node", "id": 11481120238, "name": "King Street Oyster Bar", "amenity": "restaurant", "cuisine": "seafood", "edge_u": 10724747584, "edge_v": 9797239771, "edge_key": 0, "nearest_node": 9797239771, "snap_dist_m": 15.2, "node_dist_m": 17.8 }, "geometry": { "type": "Point", "coordinates": [ -77.0776212, 38.9410088 ] } },
{ "type": "Feature", "properties": { "element": "node", "id": 11483568539, "name": "Rice Bar", "amenity": "restaurant", "cuisine": "korean", "edge_u": 49754042, "edge_v": 49779839, "edge_key": 0, "nearest_node": 49779839, "snap_dist_m": 65.0, "node_dist_m": 65.2 }, "geometry": { "type": "Point", "coordinates": [ -77.0206623, 38.886014 ] } },
{ "type": "Feature", "properties": { "element": "node", "id": 11489684712, "name": "Z-Burger", "amenity": "fast_food", "cuisine": "burger", "edge_u": 3001016717, "edge_v": 3001375539, "edge_key": 0, "nearest_node": 3001016717, "snap_dist_m": 17.4, "node_dist_m": 61.1 }, "geometry": { "type": "Point", "coordinates": [ -77.011968, 38.8966668 ] } },
{ "type": "Feature", "properties": { "element": "node", "id": 11495410369, "name": "Republic Cantina", "amenity": "restaurant", "cuisine": "american;mexican", "edge_u": 49729179, "edge_v": 3001460943, "edge_key": 0, "nearest_node": 49729179, "snap_dist_m": 20.4, "node_dist_m": 57.7 }, "geometry": { "type": "Point", "coordinates": [ -77.010868, 38.9074253 ] } },
{ "type": "Feature", "properties": { "element": "node", "id": 11506905538, "name": "Smoothie King", "amenity": "fast_food", "cuisine": "juice", "edge_u": 49745240, "edge_v": 49745235, "edge_key": 0, "nearest_node": 49745240, "snap_dist_m": 20.3, "node_dist_m": 33.2 }, "geometry": { "type": "Point", "coordinates": [ -77.0321864, 38.916772099999989 ] } },
{ "type": "Feature", "properties": { "element": "node", "id": 11533263744, "name": "Manna", "amenity": "fast_food", "cuisine": "american;pizza;chicken;salad;soup", "edge_u": 49733427, "edge_v": 49754058, "edge_key": 0, "nearest_node": 49754058, "snap_dist_m": 20.2, "node_dist_m": 92.5 }, "geometry": { "type": "Point", "coordinates": [ -77.0165007, 38.88457360000001 ] } },
{ "type": "Feature", "properties": { "element": "node", "id": 11535106509, "name": "Air", "amenity": "restaurant", "cuisine": null, "edge_u": 49741274, "edge_v": 3672563449, "edge_key": 0, "nearest_node": 3672563449, "snap_dist_m": 22.0, "node_dist_m": 50.4 }, "geometry": { "type": "Point", "coordinates": [ -77.0423032, 38.9223243 ] } },
{ "type": "Feature", "properties": { "element": "node", "id": 11583035404, "name": "Absolute Noodle & Sushi Bar", "amenity": "restaurant", "cuisine": "sushi", "edge_u": 49803721, "edge_v": 49777792, "edge_key": 0, "nearest_node": 49803721, "snap_dist_m": 14.2, "node_dist_m": 14.9 }, "geometry": { "type": "Point", "coordinates": [ -77.0190944, 38.899106799999984 ] } },
{ "type": "Feature", "properties": { "element": "node", "id": 11583132475, "name": "Sharetea", "amenity": "cafe", "cuisine": "bubble_tea", "edge_u": 49777795, "edge_v": 49777792, "edge_key": 0, "nearest_node": 49777795, "snap_dist_m": 13.5, "node_dist_m": 28.7 }, "geometry": { "type": "Point", "coordinates": [ -77.019619, 38.899939 ] } },
{ "type": "Feature", "properties": { "element": "node", "id": 11585502353, "name": "Certo!", "amenity": "restaurant", "cuisine": "italian", "edge_u": 49716899, "edge_v": 49741730, "edge_key": 0, "nearest_node": 49741730, "snap_dist_m": 14.0, "node_dist_m": 47.4 }, "geometry": { "type": "Point", "coordinates": [ -77.0471561, 38.9097712 ] } },
{ "type": "Feature", "properties": { "element": "node", "id": 11585502354, "name": "Spot of Tea", "amenity": "cafe", "cuisine": "bubble_tea", "edge_u": 49716899, "edge_v": 49741730, "edge_key": 0, "nearest_node": 49741730, "snap_dist_m": 12.8, "node_dist_m": 23.3 }, "geometry": { "type": "Point", "coordinates": [ -77.0468587, 38.909761200000013 ] } },
{ "type": "Feature", "properties": { "element": "node", "id": 11629913831, "name": "VUE Rooftop", "amenity": "restaurant", "cuisine": null, "edge_u": 49764251, "edge_v": 49764249, "edge_key": 0, "nearest_node": 49764251, "snap_dist_m": 19.8, "node_dist_m": 53.9 }, "geometry": { "type": "Point", "coordinates": [ -77.0333929, 38.896906399999985 ] } },
{ "type": "Feature", "properties": { "element": "node", "id": 11639104051, "name": "Pho79", "amenity": "restaurant", "cuisine": "vietnamese", "edge_u": 49763049, "edge_v": 49763056, "edge_key": 0, "nearest_node": 49763049, "snap_dist_m": 15.5, "node_dist_m": 44.8 }, "geometry": { "type": "Point", "coordinates": [ -77.0030253, 38.8946493 ] } },
{ "type": "Feature", "properties": { "element": "node", "id": 11639134939, "name": "Pupatella", "amenity": "restaurant", "cuisine": "pizza", "edge_u": 49744667, "edge_v": 49795273, "edge_key": 0, "nearest_node": 49795273, "snap_dist_m": 17.4, "node_dist_m": 43.7 }, "geometry": { "type": "Point", "coordinates": [ -77.0018365, 38.8942491 ] } },
{ "type": "Feature", "properties": { "element": "node", "id": 11639134940, "name": "Buffalo & Bergen", "amenity": "fast_food", "cuisine": "bagel", "edge_u": 49763064, "edge_v": 49777882, "edge_key": 0, "nearest_node": 49763064, "snap_dist_m": 15.1, "node_dist_m": 34.0 }, "geometry": { "type": "Point", "coordinates": [ -77.0022125, 38.8950754 ] } },
{ "type": "Feature", "properties": { "element": "node", "id": 11639170017, "name": "Café Fili", "amenity": "cafe", "cuisine": "mediterranean", "edge_u": 49790022, "edge_v": 49756492, "edge_key": 0, "nearest_node": 49756492, "snap_dist_m": 16.9, "node_dist_m": 23.9 }, "geometry": { "type": "Point", "coordinates": [ -77.00332, 38.899072499999974 ] } },
{ "type": "Feature", "properties": { "element": "node", "id": 11660860804, "name": "Mama Chepa", "amenity": "restaurant", "cuisine": "mexican", "edge_u": 49746547, "edge_v": 49837454, "edge_key": 0, "nearest_node": 49746547, "snap_dist_m": 32.5, "node_dist_m": 75.3 }, "geometry": { "type": "Point", "coordinates": [ -77.0123199, 38.9515043 ] } },
{ "type": "Feature", "properties": { "element": "node", "id": 11660908473, "name": "The Hut", "amenity": "fast_food", "cuisine": null, "edge_u": 49768181, "edge_v": 2921295172, "edge_key": 0, "nearest_node": 2921295172, "snap_dist_m": 14.3, "node_dist_m": 28.5 }, "geometry": { "type": "Point", "coordinates": [ -77.0240837, 38.9361056 ] } },
{ "type": "Feature", "properties": { "element": "node", "id": 11661538768, "name": "Della Barba Pizza", "amenity": "restaurant", "cuisine": "pizza", "edge_u": 49739564, "edge_v": 49739559, "edge_key": 0, "nearest_node": 49739559, "snap_dist_m": 19.4, "node_dist_m": 30.2 }, "geometry": { "type": "Point", "coordinates": [ -76.985718500000019, 38.89002210000001 ] } },
{ "type": "Feature", "properties": { "element": "node", "id": 11661677970, "name": "Sala Thai Cuisine", "amenity": "restaurant", "cuisine": "thai", "edge_u": 13790997734, "edge_v": 49776427, "edge_key": 0, "nearest_node": 49776427, "snap_dist_m": 27.1, "node_dist_m": 49.9 }, "geometry": { "type": "Point", "coordinates": [ -76.9769395, 38.8849804 ] } },
{ "type": "Feature", "properties": { "element": "node", "id": 11685784477, "name": "Greco", "amenity": "fast_food", "cuisine": "greek", "edge_u": 49803595, "edge_v": 49803585, "edge_key": 0, "nearest_node": 49803595, "snap_dist_m": 11.7, "node_dist_m": 20.3 }, "geometry": { "type": "Point", "coordinates": [ -77.0632392, 38.9075152 ] } },
{ "type": "Feature", "properties": { "element": "node", "id": 11714997038, "name": "MXDC", "amenity": "restaurant", "cuisine": "mexican", "edge_u": 49745204, "edge_v": 49745200, "edge_key": 0, "nearest_node": 49745204, "snap_dist_m": 22.7, "node_dist_m": 41.7 }, "geometry": { "type": "Point", "coordinates": [ -77.0322146, 38.9115587 ] } },
{ "type": "Feature", "properties": { "element": "node", "id": 11715031524, "name": "Prim's Cafe", "amenity": "cafe", "cuisine": null, "edge_u": 49773055, "edge_v": 49773062, "edge_key": 0, "nearest_node": 49773062, "snap_dist_m": 15.5, "node_dist_m": 43.3 }, "geometry": { "type": "Point", "coordinates": [ -77.0217425, 38.9152204 ] } },
{ "type": "Feature", "properties": { "element": "node", "id": 11715200076, "name": "Gueny Cafe & Market", "amenity": "cafe", "cuisine": "coffee_shop;ethiopian", "edge_u": 49789333, "edge_v": 49789337, "edge_key": 0, "nearest_node": 49789337, "snap_dist_m": 15.6, "node_dist_m": 41.4 }, "geometry": { "type": "Point", "coordinates": [ -77.0280125, 38.9547893 ] } },
{ "type": "Feature", "properties": { "element": "node", "id": 11717009772, "name": "Dos Toros Taqueria", "amenity": "fast_food", "cuisine": "mexican", "edge_u": 1004839834, "edge_v": 1379471556, "edge_key": 0, "nearest_node": 1004839834, "snap_dist_m": 11.9, "node_dist_m": 69.5 }, "geometry": { "type": "Point", "coordinates": [ -77.0430543, 38.9084832 ] } },
{ "type": "Feature", "properties": { "element": "node", "id": 11725771826, "name": "Little Chicken", "amenity": "fast_food", "cuisine": "chicken", "edge_u": 5170081599, "edge_v": 3000324160, "edge_key": 0, "nearest_node": 5170081599, "snap_dist_m": 21.7, "node_dist_m": 78.3 }, "geometry": { "type": "Point", "coordinates": [ -77.023734, 38.8790706 ] } },
{ "type": "Feature", "properties": { "element": "node", "id": 11726163613, "name": "Starbucks", "amenity": "cafe", "cuisine": "coffee_shop", "edge_u": 49858012, "edge_v": 49858017, "edge_key": 0, "nearest_node": 49858017, "snap_dist_m": 17.2, "node_dist_m": 33.7 }, "geometry": { "type": "Point", "coordinates": [ -77.0011434, 38.9071055 ] } },
{ "type": "Feature", "properties": { "element": "node", "id": 11727400437, "name": "Han Palace", "amenity": "restaurant", "cuisine": "chinese;dim_sum", "edge_u": 49776112, "edge_v": 49817626, "edge_key": 0, "nearest_node": 49776112, "snap_dist_m": 14.0, "node_dist_m": 32.4 }, "geometry": { "type": "Point", "coordinates": [ -77.0672393, 38.9144374 ] } },
{ "type": "Feature", "properties": { "element": "node", "id": 11727469597, "name": "Han Palace", "amenity": "restaurant", "cuisine": "chinese;dim_sum", "edge_u": 49810122, "edge_v": 49787160, "edge_key": 0, "nearest_node": 49787160, "snap_dist_m": 18.3, "node_dist_m": 73.2 }, "geometry": { "type": "Point", "coordinates": [ -76.9947648, 38.8819046 ] } },
{ "type": "Feature", "properties": { "element": "node", "id": 11727860467, "name": "Mèo Maison", "amenity": "cafe", "cuisine": null, "edge_u": 49803595, "edge_v": 49888809, "edge_key": 0, "nearest_node": 49803595, "snap_dist_m": 10.8, "node_dist_m": 11.2 }, "geometry": { "type": "Point", "coordinates": [ -77.063571900000014, 38.907589100000017 ] } },
{ "type": "Feature", "properties": { "element": "node", "id": 11728069669, "name": "Jacob’s Coffee House", "amenity": "cafe", "cuisine": "coffee_shop;sandwich;pastry", "edge_u": 49763104, "edge_v": 49763109, "edge_key": 0, "nearest_node": 49763104, "snap_dist_m": 13.6, "node_dist_m": 22.4 }, "geometry": { "type": "Point", "coordinates": [ -76.994756, 38.8949052 ] } },
{ "type": "Feature", "properties": { "element": "node", "id": 11735013019, "name": "Kyojin Sushi", "amenity": "restaurant", "cuisine": "sushi;japanese", "edge_u": 49827853, "edge_v": 49822884, "edge_key": 0, "nearest_node": 49827853, "snap_dist_m": 33.9, "node_dist_m": 52.3 }, "geometry": { "type": "Point", "coordinates": [ -77.0666089, 38.904797599999981 ] } },
{ "type": "Feature", "properties": { "element": "node", "id": 11741861376, "name": "STK Steakhouse", "amenity": "restaurant", "cuisine": "steak_house", "edge_u": 49800282, "edge_v": 49784130, "edge_key": 0, "nearest_node": 49800282, "snap_dist_m": 28.7, "node_dist_m": 35.9 }, "geometry": { "type": "Point", "coordinates": [ -77.0256237, 38.9037439 ] } },
{ "type": "Feature", "properties": { "element": "node", "id": 11746667415, "name": "Z-Burger", "amenity": "fast_food", "cuisine": "burger", "edge_u": 49772615, "edge_v": 5698252199, "edge_key": 0, "nearest_node": 5698252199, "snap_dist_m": 20.3, "node_dist_m": 73.6 }, "geometry": { "type": "Point", "coordinates": [ -77.0334631, 38.928574300000015 ] } },
{ "type": "Feature", "properties": { "element": "node", "id": 11761054599, "name": "The Roost", "amenity": "restaurant", "cuisine": "various", "edge_u": 49772362, "edge_v": 49884234, "edge_key": 0, "nearest_node": 49884234, "snap_dist_m": 18.2, "node_dist_m": 20.3 }, "geometry": { "type": "Point", "coordinates": [ -76.9852391, 38.8799128 ] } },
{ "type": "Feature", "properties": { "element": "node", "id": 11766302017, "name": "Astro Beer Hall", "amenity": "restaurant", "cuisine": "american", "edge_u": 49762210, "edge_v": 49745629, "edge_key": 0, "nearest_node": 49762210, "snap_dist_m": 20.3, "node_dist_m": 61.0 }, "geometry": { "type": "Point", "coordinates": [ -77.0302872, 38.898144 ] } },
{ "type": "Feature", "properties": { "element": "node", "id": 11766458610, "name": "Planta Queen", "amenity": "restaurant", "cuisine": null, "edge_u": 49824754, "edge_v": 49765161, "edge_key": 0, "nearest_node": 49765161, "snap_dist_m": 27.8, "node_dist_m": 40.9 }, "geometry": { "type": "Point", "coordinates": [ -77.0474773, 38.905821099999983 ] } },
{ "type": "Feature", "properties": { "element": "node", "id": 11769092455, "name": "Estuary", "amenity": "restaurant", "cuisine": "filipino;american", "edge_u": 2629963166, "edge_v": 2696812482, "edge_key": 0, "nearest_node": 2696812482, "snap_dist_m": 17.0, "node_dist_m": 30.8 }, "geometry": { "type": "Point", "coordinates": [ -77.0257888, 38.901172299999985 ] } },
{ "type": "Feature", "properties": { "element": "node", "id": 11778682276, "name": "El Presidente", "amenity": "restaurant", "cuisine": "mexican", "edge_u": 7494204321, "edge_v": 7494204320, "edge_key": 0, "nearest_node": 7494204320, "snap_dist_m": 18.5, "node_dist_m": 41.3 }, "geometry": { "type": "Point", "coordinates": [ -77.0008146, 38.908421 ] } },
{ "type": "Feature", "properties": { "element": "node", "id": 11782823685, "name": "Moon Rabbit", "amenity": "restaurant", "cuisine": "vietnamese", "edge_u": 3378222897, "edge_v": 3669554874, "edge_key": 0, "nearest_node": 3669554874, "snap_dist_m": 19.5, "node_dist_m": 68.0 }, "geometry": { "type": "Point", "coordinates": [ -77.0252444, 38.8975293 ] } },
{ "type": "Feature", "properties": { "element": "node", "id": 11783509876, "name": "Daru", "amenity": "restaurant", "cuisine": "indian", "edge_u": 49756572, "edge_v": 1484481416, "edge_key": 0, "nearest_node": 5563919714, "snap_dist_m": 17.4, "node_dist_m": 52.7 }, "geometry": { "type": "Point", "coordinates": [ -76.983835, 38.8996578 ] } },
{ "type": "Feature", "properties": { "element": "node", "id": 11784671821, "name": "Bistro du Jour", "amenity": "restaurant", "cuisine": "french", "edge_u": 3001353534, "edge_v": 3001353540, "edge_key": 0, "nearest_node": 3001353534, "snap_dist_m": 32.6, "node_dist_m": 49.8 }, "geometry": { "type": "Point", "coordinates": [ -77.0110087, 38.8979382 ] } },
{ "type": "Feature", "properties": { "element": "node", "id": 11785201374, "name": "Pho House", "amenity": "restaurant", "cuisine": "vietnamese", "edge_u": 49878016, "edge_v": 49773070, "edge_key": 0, "nearest_node": 49878016, "snap_dist_m": 16.3, "node_dist_m": 17.4 }, "geometry": { "type": "Point", "coordinates": [ -77.021364, 38.915878499999984 ] } },
{ "type": "Feature", "properties": { "element": "node", "id": 11785201376, "name": "Los Cinco Tacos", "amenity": "fast_food", "cuisine": "mexican", "edge_u": 49773070, "edge_v": 49853085, "edge_key": 0, "nearest_node": 49853085, "snap_dist_m": 14.9, "node_dist_m": 38.1 }, "geometry": { "type": "Point", "coordinates": [ -77.0225088, 38.9166867 ] } },
{ "type": "Feature", "properties": { "element": "node", "id": 11793733667, "name": "Beresovsky’s Deli", "amenity": "fast_food", "cuisine": "sandwich", "edge_u": 49740442, "edge_v": 11198264296, "edge_key": 0, "nearest_node": 49740442, "snap_dist_m": 14.5, "node_dist_m": 31.3 }, "geometry": { "type": "Point", "coordinates": [ -77.0076325, 38.8748902 ] } },
{ "type": "Feature", "properties": { "element": "node", "id": 11800041465, "name": "Bootheel Southern Catering", "amenity": "fast_food", "cuisine": null, "edge_u": 2927473060, "edge_v": 2927432300, "edge_key": 0, "nearest_node": 49723539, "snap_dist_m": 33.9, "node_dist_m": 205.8 }, "geometry": { "type": "Point", "coordinates": [ -77.051585, 38.931714899999982 ] } },
{ "type": "Feature", "properties": { "element": "node", "id": 11810009353, "name": "Szechuan House", "amenity": "restaurant", "cuisine": "chinese", "edge_u": 49810122, "edge_v": 49787160, "edge_key": 0, "nearest_node": 49810122, "snap_dist_m": 36.8, "node_dist_m": 66.1 }, "geometry": { "type": "Point", "coordinates": [ -76.9953982, 38.8822289 ] } },
{ "type": "Feature", "properties": { "element": "node", "id": 11810049475, "name": "Andy's Pizza", "amenity": "restaurant", "cuisine": null, "edge_u": 49829250, "edge_v": 49845837, "edge_key": 0, "nearest_node": 49829250, "snap_dist_m": 16.5, "node_dist_m": 56.6 }, "geometry": { "type": "Point", "coordinates": [ -77.0626044, 38.9044839 ] } },
{ "type": "Feature", "properties": { "element": "node", "id": 11813744467, "name": "For Five Coffee Roasters", "amenity": "cafe", "cuisine": null, "edge_u": 49883336, "edge_v": 3415851740, "edge_key": 0, "nearest_node": 49883336, "snap_dist_m": 14.1, "node_dist_m": 30.4 }, "geometry": { "type": "Point", "coordinates": [ -77.0062089, 38.8766712 ] } },
{ "type": "Feature", "properties": { "element": "node", "id": 11813795797, "name": "Al’s Famous Delicatessen", "amenity": "fast_food", "cuisine": "sandwich", "edge_u": 49750169, "edge_v": 49764904, "edge_key": 0, "nearest_node": 49750169, "snap_dist_m": 17.0, "node_dist_m": 35.1 }, "geometry": { "type": "Point", "coordinates": [ -76.9951707, 38.8779657 ] } },
{ "type": "Feature", "properties": { "element": "node", "id": 11813806174, "name": "Torai", "amenity": "restaurant", "cuisine": "sushi", "edge_u": 49826586, "edge_v": 49787160, "edge_key": 0, "nearest_node": 49826586, "snap_dist_m": 17.6, "node_dist_m": 35.0 }, "geometry": { "type": "Point", "coordinates": [ -76.9951822, 38.879555 ] } },
{ "type": "Feature", "properties": { "element": "node", "id": 11819651795, "name": "Juice Extractions", "amenity": "fast_food", "cuisine": "juice;smoothie", "edge_u": 49824264, "edge_v": 49782369, "edge_key": 0, "nearest_node": 49782369, "snap_dist_m": 12.8, "node_dist_m": 36.1 }, "geometry": { "type": "Point", "coordinates": [ -76.9911707, 38.9328333 ] } },
{ "type": "Feature", "properties": { "element": "node", "id": 11825048204, "name": "Momo's Cafe", "amenity": "fast_food", "cuisine": "taiwanese", "edge_u": 49743242, "edge_v": 49743231, "edge_key": 0, "nearest_node": 49743231, "snap_dist_m": 24.9, "node_dist_m": 26.8 }, "geometry": { "type": "Point", "coordinates": [ -77.0964664, 38.9168444 ] } },
{ "type": "Feature", "properties": { "element": "node", "id": 11825093392, "name": "O'Kabul", "amenity": "restaurant", "cuisine": "turkish", "edge_u": 49752366, "edge_v": 49775514, "edge_key": 0, "nearest_node": 49775514, "snap_dist_m": 16.8, "node_dist_m": 21.4 }, "geometry": { "type": "Point", "coordinates": [ -77.0123486, 38.9158993 ] } },
{ "type": "Feature", "properties": { "element": "node", "id": 11825093698, "name": "2Fifty", "amenity": "restaurant", "cuisine": "barbecue", "edge_u": 49825108, "edge_v": 49748223, "edge_key": 0, "nearest_node": 49748223, "snap_dist_m": 22.6, "node_dist_m": 69.6 }, "geometry": { "type": "Point", "coordinates": [ -77.016935, 38.9023163 ] } },
{ "type": "Feature", "properties": { "element": "node", "id": 11828471367, "name": "Childhood Cafe", "amenity": "cafe", "cuisine": null, "edge_u": 49770715, "edge_v": 49770708, "edge_key": 0, "nearest_node": 49770708, "snap_dist_m": 19.9, "node_dist_m": 42.4 }, "geometry": { "type": "Point", "coordinates": [ -77.0387143, 38.916631799999983 ] } },
{ "type": "Feature", "properties": { "element": "node", "id": 11829015570, "name": "Sweetgreen", "amenity": "fast_food", "cuisine": "salad", "edge_u": 49741104, "edge_v": 49741107, "edge_key": 0, "nearest_node": 49741104, "snap_dist_m": 19.4, "node_dist_m": 34.0 }, "geometry": { "type": "Point", "coordinates": [ -76.9991733, 38.9094074 ] } },
{ "type": "Feature", "properties": { "element": "node", "id": 11834291069, "name": "Maman", "amenity": "cafe", "cuisine": null, "edge_u": 10836374912, "edge_v": 3415159798, "edge_key": 0, "nearest_node": 3415159798, "snap_dist_m": 18.7, "node_dist_m": 28.0 }, "geometry": { "type": "Point", "coordinates": [ -77.0045592, 38.8744542 ] } },
{ "type": "Feature", "properties": { "element": "node", "id": 11839328844, "name": "Llamabar Cafe", "amenity": "cafe", "cuisine": "coffee_shop", "edge_u": 49740439, "edge_v": 655680824, "edge_key": 0, "nearest_node": 655680824, "snap_dist_m": 13.5, "node_dist_m": 25.0 }, "geometry": { "type": "Point", "coordinates": [ -77.008375, 38.87628 ] } },
{ "type": "Feature", "properties": { "element": "node", "id": 11839332565, "name": "Momo Chicken & Grill", "amenity": "restaurant", "cuisine": "korean", "edge_u": 2502976209, "edge_v": 49777586, "edge_key": 0, "nearest_node": 2502976209, "snap_dist_m": 15.8, "node_dist_m": 56.0 }, "geometry": { "type": "Point", "coordinates": [ -77.0177905, 38.87819120000001 ] } },
{ "type": "Feature", "properties": { "element": "node", "id": 11844522253, "name": "Starbucks", "amenity": "cafe", "cuisine": "coffee_shop", "edge_u": 10921172727, "edge_v": 10921172728, "edge_key": 0, "nearest_node": 10921172728, "snap_dist_m": 19.2, "node_dist_m": 28.3 }, "geometry": { "type": "Point", "coordinates": [ -77.02766290000001, 38.9760037 ] } },
{ "type": "Feature", "properties": { "element": "node", "id": 11848289630, "name": "Wiseguy Pizza", "amenity": "restaurant", "cuisine": "pizza", "edge_u": 49780562, "edge_v": 49809189, "edge_key": 0, "nearest_node": 49809189, "snap_dist_m": 18.8, "node_dist_m": 42.0 }, "geometry": { "type": "Point", "coordinates": [ -77.0432315, 38.9059824 ] } },
{ "type": "Feature", "properties": { "element": "node", "id": 11856301996, "name": "SpiceX", "amenity": "fast_food", "cuisine": "indian", "edge_u": 9130874912, "edge_v": 2956751419, "edge_key": 0, "nearest_node": 2956751419, "snap_dist_m": 23.2, "node_dist_m": 66.4 }, "geometry": { "type": "Point", "coordinates": [ -77.0251643, 38.8840064 ] } },
{ "type": "Feature", "properties": { "element": "node", "id": 11873052732, "name": "Saladworks", "amenity": "fast_food", "cuisine": "salad", "edge_u": 49870270, "edge_v": 49858017, "edge_key": 0, "nearest_node": 49870270, "snap_dist_m": 25.4, "node_dist_m": 31.1 }, "geometry": { "type": "Point", "coordinates": [ -77.0016614, 38.9079113 ] } },
{ "type": "Feature", "properties": { "element": "node", "id": 11877095722, "name": "Pho Viet USA", "amenity": "restaurant", "cuisine": "vietnamese", "edge_u": 49741058, "edge_v": 49774070, "edge_key": 0, "nearest_node": 49741058, "snap_dist_m": 14.4, "node_dist_m": 29.4 }, "geometry": { "type": "Point", "coordinates": [ -77.000865600000012, 38.900081 ] } },
{ "type": "Feature", "properties": { "element": "node", "id": 11877513689, "name": "Ama", "amenity": "restaurant", "cuisine": "italian", "edge_u": 3637842788, "edge_v": 49826533, "edge_key": 0, "nearest_node": 3637842788, "snap_dist_m": 15.3, "node_dist_m": 52.4 }, "geometry": { "type": "Point", "coordinates": [ -77.0056166, 38.8800543 ] } },
{ "type": "Feature", "properties": { "element": "node", "id": 11877559282, "name": "Any Day Now", "amenity": "restaurant", "cuisine": null, "edge_u": 641965169, "edge_v": 49720155, "edge_key": 0, "nearest_node": 641965169, "snap_dist_m": 18.0, "node_dist_m": 27.4 }, "geometry": { "type": "Point", "coordinates": [ -77.0086559, 38.8794638 ] } },
{ "type": "Feature", "properties": { "element": "node", "id": 11882339273, "name": "Casa Majanos", "amenity": "fast_food", "cuisine": "mexican", "edge_u": 49773558, "edge_v": 49780087, "edge_key": 0, "nearest_node": 49773558, "snap_dist_m": 16.5, "node_dist_m": 25.7 }, "geometry": { "type": "Point", "coordinates": [ -77.0268154, 38.9094974 ] } },
{ "type": "Feature", "properties": { "element": "node", "id": 11895544256, "name": "The Duck & The Peach", "amenity": "restaurant", "cuisine": "american", "edge_u": 655442853, "edge_v": 49776461, "edge_key": 0, "nearest_node": 49776461, "snap_dist_m": 20.0, "node_dist_m": 40.3 }, "geometry": { "type": "Point", "coordinates": [ -76.9959451, 38.8857256 ] } },
{ "type": "Feature", "properties": { "element": "node", "id": 11898499178, "name": "Raising Cane's", "amenity": "fast_food", "cuisine": "chicken", "edge_u": 3000430293, "edge_v": 49794206, "edge_key": 0, "nearest_node": 3000430293, "snap_dist_m": 63.0, "node_dist_m": 154.0 }, "geometry": { "type": "Point", "coordinates": [ -77.0052092, 38.8977392 ] } },
{ "type": "Feature", "properties": { "element": "node", "id": 11901865685, "name": "Café Alice", "amenity": "fast_food", "cuisine": "sandwich", "edge_u": 3001016717, "edge_v": 6541847546, "edge_key": 0, "nearest_node": 3001016717, "snap_dist_m": 22.2, "node_dist_m": 72.9 }, "geometry": { "type": "Point", "coordinates": [ -77.012421, 38.895512600000011 ] } },
{ "type": "Feature", "properties": { "element": "node", "id": 11907251711, "name": "Grace Street Coffee", "amenity": "cafe", "cuisine": null, "edge_u": 641107784, "edge_v": 641119865, "edge_key": 0, "nearest_node": 262173261, "snap_dist_m": 11.4, "node_dist_m": 18.9 }, "geometry": { "type": "Point", "coordinates": [ -77.0648155, 38.903172 ] } },
{ "type": "Feature", "properties": { "element": "node", "id": 11907601834, "name": "Sushi by Bou", "amenity": "restaurant", "cuisine": "sushi", "edge_u": 49777564, "edge_v": 49865234, "edge_key": 0, "nearest_node": 49865234, "snap_dist_m": 20.0, "node_dist_m": 32.8 }, "geometry": { "type": "Point", "coordinates": [ -77.0196121, 38.8837583 ] } },
{ "type": "Feature", "properties": { "element": "node", "id": 11907943283, "name": "Tamashaa", "amenity": "restaurant", "cuisine": "indian", "edge_u": 49813499, "edge_v": 49745335, "edge_key": 0, "nearest_node": 49745335, "snap_dist_m": 17.4, "node_dist_m": 45.0 }, "geometry": { "type": "Point", "coordinates": [ -77.0324905, 38.9298551 ] } },
{ "type": "Feature", "properties": { "element": "node", "id": 11909616084, "name": "Dunkin'", "amenity": "fast_food", "cuisine": "donut;coffee_shop", "edge_u": 641087352, "edge_v": 49767076, "edge_key": 0, "nearest_node": 641087352, "snap_dist_m": 68.0, "node_dist_m": 75.0 }, "geometry": { "type": "Point", "coordinates": [ -77.0476089, 38.8947899 ] } },
{ "type": "Feature", "properties": { "element": "node", "id": 11922744710, "name": "Good Company Doughnuts & Cafe", "amenity": "fast_food", "cuisine": "donut", "edge_u": 2502976209, "edge_v": 49777586, "edge_key": 0, "nearest_node": 2502976209, "snap_dist_m": 22.7, "node_dist_m": 91.9 }, "geometry": { "type": "Point", "coordinates": [ -77.0173118, 38.8784765 ] } },
{ "type": "Feature", "properties": { "element": "node", "id": 11922926643, "name": "Baan Mae", "amenity": "restaurant", "cuisine": "lao", "edge_u": 49773040, "edge_v": 1364961095, "edge_key": 0, "nearest_node": 49773040, "snap_dist_m": 17.7, "node_dist_m": 33.3 }, "geometry": { "type": "Point", "coordinates": [ -77.0221226, 38.911392899999989 ] } },
{ "type": "Feature", "properties": { "element": "node", "id": 11923819368, "name": "Domino's", "amenity": "fast_food", "cuisine": "pizza", "edge_u": 49789379, "edge_v": 49811077, "edge_key": 0, "nearest_node": 49789379, "snap_dist_m": 16.9, "node_dist_m": 29.5 }, "geometry": { "type": "Point", "coordinates": [ -77.0273246, 38.9659879 ] } },
{ "type": "Feature", "properties": { "element": "node", "id": 11923907969, "name": "Panera Bread", "amenity": "fast_food", "cuisine": "sandwich;bakery", "edge_u": 49741703, "edge_v": 49741695, "edge_key": 0, "nearest_node": 49741695, "snap_dist_m": 43.3, "node_dist_m": 62.3 }, "geometry": { "type": "Point", "coordinates": [ -77.0471567, 38.8999842 ] } },
{ "type": "Feature", "properties": { "element": "node", "id": 11923907970, "name": "Panera Bread", "amenity": "fast_food", "cuisine": "sandwich;bakery", "edge_u": 49797586, "edge_v": 49797596, "edge_key": 0, "nearest_node": 49797586, "snap_dist_m": 19.3, "node_dist_m": 45.3 }, "geometry": { "type": "Point", "coordinates": [ -77.0451231, 38.904103600000028 ] } },
{ "type": "Feature", "properties": { "element": "node", "id": 11923907971, "name": "Domino's", "amenity": "fast_food", "cuisine": "pizza", "edge_u": 642334085, "edge_v": 642334076, "edge_key": 0, "nearest_node": 642334076, "snap_dist_m": 14.0, "node_dist_m": 32.8 }, "geometry": { "type": "Point", "coordinates": [ -76.9934233, 38.876663499999985 ] } },
{ "type": "Feature", "properties": { "element": "node", "id": 11923907972, "name": "Dunkin'", "amenity": "fast_food", "cuisine": "donut;coffee_shop", "edge_u": 8461692428, "edge_v": 49750467, "edge_key": 0, "nearest_node": 8461692431, "snap_dist_m": 55.4, "node_dist_m": 57.5 }, "geometry": { "type": "Point", "coordinates": [ -77.0041557, 38.887105600000012 ] } },
{ "type": "Feature", "properties": { "element": "node", "id": 11923907973, "name": "Dunkin'", "amenity": "fast_food", "cuisine": "donut;coffee_shop", "edge_u": 49850651, "edge_v": 641964881, "edge_key": 0, "nearest_node": 8299152846, "snap_dist_m": 68.8, "node_dist_m": 195.1 }, "geometry": { "type": "Point", "coordinates": [ -77.0085007, 38.8869754 ] } },
{ "type": "Feature", "properties": { "element": "node", "id": 11923907974, "name": "Dunkin'", "amenity": "fast_food", "cuisine": "donut;coffee_shop", "edge_u": 8427543420, "edge_v": 8427531415, "edge_key": 0, "nearest_node": 8427531415, "snap_dist_m": 57.8, "node_dist_m": 166.6 }, "geometry": { "type": "Point", "coordinates": [ -77.0299741, 38.8881246 ] } },
{ "type": "Feature", "properties": { "element": "node", "id": 11923907975, "name": "Panera Bread", "amenity": "fast_food", "cuisine": "sandwich;bakery", "edge_u": 49756474, "edge_v": 3027731623, "edge_key": 0, "nearest_node": 49756474, "snap_dist_m": 99.2, "node_dist_m": 99.3 }, "geometry": { "type": "Point", "coordinates": [ -77.0307568, 38.89373189999997 ] } },
{ "type": "Feature", "properties": { "element": "node", "id": 11923907976, "name": "Popeyes", "amenity": "fast_food", "cuisine": "chicken", "edge_u": 13146473411, "edge_v": 49858149, "edge_key": 0, "nearest_node": 49858149, "snap_dist_m": 114.5, "node_dist_m": 128.3 }, "geometry": { "type": "Point", "coordinates": [ -76.9927706, 38.9196317 ] } },
{ "type": "Feature", "properties": { "element": "node", "id": 11923907978, "name": "Dunkin'", "amenity": "fast_food", "cuisine": "donut;coffee_shop", "edge_u": 646065021, "edge_v": 646031052, "edge_key": 0, "nearest_node": 646065021, "snap_dist_m": 28.8, "node_dist_m": 48.1 }, "geometry": { "type": "Point", "coordinates": [ -76.9711128, 38.9177507 ] } },
{ "type": "Feature", "properties": { "element": "node", "id": 11923907979, "name": "Popeyes", "amenity": "fast_food", "cuisine": "chicken", "edge_u": 4630137710, "edge_v": 5920737995, "edge_key": 0, "nearest_node": 4630137710, "snap_dist_m": 26.8, "node_dist_m": 33.8 }, "geometry": { "type": "Point", "coordinates": [ -76.9590655, 38.930229299999986 ] } },
{ "type": "Feature", "properties": { "element": "node", "id": 11923907980, "name": "Five Guys", "amenity": "fast_food", "cuisine": "burger", "edge_u": 3125716147, "edge_v": 3125718572, "edge_key": 0, "nearest_node": 3125716147, "snap_dist_m": 27.7, "node_dist_m": 50.0 }, "geometry": { "type": "Point", "coordinates": [ -76.9524534, 38.921903699999987 ] } },
{ "type": "Feature", "properties": { "element": "node", "id": 11923907981, "name": "Popeyes", "amenity": "fast_food", "cuisine": "chicken", "edge_u": 9723903189, "edge_v": 49773369, "edge_key": 0, "nearest_node": 9723903189, "snap_dist_m": 26.8, "node_dist_m": 28.3 }, "geometry": { "type": "Point", "coordinates": [ -76.948698, 38.896083 ] } },
{ "type": "Feature", "properties": { "element": "node", "id": 11923907982, "name": "Chipotle", "amenity": "fast_food", "cuisine": "mexican", "edge_u": 49743972, "edge_v": 49755047, "edge_key": 0, "nearest_node": 49743972, "snap_dist_m": 17.9, "node_dist_m": 49.8 }, "geometry": { "type": "Point", "coordinates": [ -76.9803659, 38.8464649 ] } },
{ "type": "Feature", "properties": { "element": "node", "id": 11933842596, "name": "Z-Burger", "amenity": "fast_food", "cuisine": "burger", "edge_u": 3012535014, "edge_v": 3001569202, "edge_key": 0, "nearest_node": 3012535014, "snap_dist_m": 25.0, "node_dist_m": 42.5 }, "geometry": { "type": "Point", "coordinates": [ -77.021616200000011, 38.8942036 ] } },
{ "type": "Feature", "properties": { "element": "node", "id": 11933925852, "name": "Maman", "amenity": "cafe", "cuisine": "coffee_shop", "edge_u": 49741104, "edge_v": 7494204321, "edge_key": 0, "nearest_node": 49741104, "snap_dist_m": 15.3, "node_dist_m": 23.8 }, "geometry": { "type": "Point", "coordinates": [ -76.9992331, 38.9093022 ] } },
{ "type": "Feature", "properties": { "element": "node", "id": 11936108969, "name": "Sweet Home Cafe", "amenity": "fast_food", "cuisine": "american;fried_chicken", "edge_u": 4303519741, "edge_v": 520072065, "edge_key": 0, "nearest_node": 4303519741, "snap_dist_m": 49.8, "node_dist_m": 75.1 }, "geometry": { "type": "Point", "coordinates": [ -77.0325254, 38.89093 ] } },
{ "type": "Feature", "properties": { "element": "node", "id": 11948239841, "name": "Pure Green", "amenity": "fast_food", "cuisine": "juice", "edge_u": 1379505538, "edge_v": 49756373, "edge_key": 0, "nearest_node": 1379505588, "snap_dist_m": 13.0, "node_dist_m": 29.8 }, "geometry": { "type": "Point", "coordinates": [ -77.0451776, 38.9121327 ] } },
{ "type": "Feature", "properties": { "element": "node", "id": 11948331239, "name": "Rosemary Bistro Cafe", "amenity": "restaurant", "cuisine": "french", "edge_u": 49820820, "edge_v": 49720045, "edge_key": 0, "nearest_node": 49720045, "snap_dist_m": 21.6, "node_dist_m": 61.5 }, "geometry": { "type": "Point", "coordinates": [ -77.0701581, 38.9551149 ] } },
{ "type": "Feature", "properties": { "element": "node", "id": 11956139622, "name": "Playa Bowls", "amenity": "fast_food", "cuisine": "açaí", "edge_u": 3415159798, "edge_v": 6659463399, "edge_key": 0, "nearest_node": 3415159798, "snap_dist_m": 20.6, "node_dist_m": 40.0 }, "geometry": { "type": "Point", "coordinates": [ -77.0043788, 38.8744575 ] } },
{ "type": "Feature", "properties": { "element": "node", "id": 11958851355, "name": "Ko Japanese Dining", "amenity": "restaurant", "cuisine": "japanese", "edge_u": 49741737, "edge_v": 49756373, "edge_key": 0, "nearest_node": 49756373, "snap_dist_m": 26.0, "node_dist_m": 37.6 }, "geometry": { "type": "Point", "coordinates": [ -77.0451981, 38.911643199999986 ] } },
{ "type": "Feature", "properties": { "element": "node", "id": 11961719598, "name": "Motown Square", "amenity": "fast_food", "cuisine": "pizza", "edge_u": 49773055, "edge_v": 49773062, "edge_key": 0, "nearest_node": 49773055, "snap_dist_m": 16.7, "node_dist_m": 76.9 }, "geometry": { "type": "Point", "coordinates": [ -77.0217289, 38.9147704 ] } },
{ "type": "Feature", "properties": { "element": "node", "id": 11961719600, "name": "Doro Soul Food", "amenity": "fast_food", "cuisine": "american", "edge_u": 49773055, "edge_v": 49773062, "edge_key": 0, "nearest_node": 49773055, "snap_dist_m": 20.0, "node_dist_m": 77.7 }, "geometry": { "type": "Point", "coordinates": [ -77.02169, 38.914771 ] } },
{ "type": "Feature", "properties": { "element": "node", "id": 11963650630, "name": "Little Sesame", "amenity": "fast_food", "cuisine": "mediterranean", "edge_u": 49809177, "edge_v": 9676179707, "edge_key": 0, "nearest_node": 9676179707, "snap_dist_m": 19.4, "node_dist_m": 35.6 }, "geometry": { "type": "Point", "coordinates": [ -77.042807, 38.903564100000018 ] } },
{ "type": "Feature", "properties": { "element": "node", "id": 11963655633, "name": "Roasting Plant Coffee", "amenity": "cafe", "cuisine": null, "edge_u": 49809189, "edge_v": 49809177, "edge_key": 0, "nearest_node": 49809177, "snap_dist_m": 21.0, "node_dist_m": 37.4 }, "geometry": { "type": "Point", "coordinates": [ -77.0436981, 38.904018 ] } },
{ "type": "Feature", "properties": { "element": "node", "id": 11963722019, "name": "Lima Twist", "amenity": "restaurant", "cuisine": null, "edge_u": 3027663729, "edge_v": 4366096286, "edge_key": 0, "nearest_node": 4697534335, "snap_dist_m": 15.7, "node_dist_m": 38.5 }, "geometry": { "type": "Point", "coordinates": [ -77.0325432, 38.9027838 ] } },
{ "type": "Feature", "properties": { "element": "node", "id": 11963729565, "name": "Mazi", "amenity": "restaurant", "cuisine": "american", "edge_u": 9983605756, "edge_v": 4325552565, "edge_key": 0, "nearest_node": 4325552565, "snap_dist_m": 16.9, "node_dist_m": 74.4 }, "geometry": { "type": "Point", "coordinates": [ -77.0354161, 38.9022694 ] } },
{ "type": "Feature", "properties": { "element": "node", "id": 11963735864, "name": "Smoothie King", "amenity": "fast_food", "cuisine": "juice", "edge_u": 1740764624, "edge_v": 49820981, "edge_key": 0, "nearest_node": 1740764624, "snap_dist_m": 13.1, "node_dist_m": 37.3 }, "geometry": { "type": "Point", "coordinates": [ -77.0389208, 38.9027639 ] } },
{ "type": "Feature", "properties": { "element": "node", "id": 11975746228, "name": "SUNdeVICH", "amenity": "restaurant", "cuisine": null, "edge_u": 3001353534, "edge_v": 3001353539, "edge_key": 0, "nearest_node": 3001353534, "snap_dist_m": 19.8, "node_dist_m": 42.0 }, "geometry": { "type": "Point", "coordinates": [ -77.0116135, 38.8981366 ] } },
{ "type": "Feature", "properties": { "element": "node", "id": 11981103303, "name": "Darvish Kitchen", "amenity": "restaurant", "cuisine": "persian", "edge_u": 49774794, "edge_v": 2456210938, "edge_key": 0, "nearest_node": 49774794, "snap_dist_m": 16.3, "node_dist_m": 44.1 }, "geometry": { "type": "Point", "coordinates": [ -77.0405433, 38.9051588 ] } },
{ "type": "Feature", "properties": { "element": "node", "id": 11986134812, "name": "Garden Café", "amenity": "cafe", "cuisine": null, "edge_u": 49748168, "edge_v": 3003882945, "edge_key": 0, "nearest_node": 49748716, "snap_dist_m": 78.8, "node_dist_m": 88.9 }, "geometry": { "type": "Point", "coordinates": [ -77.0198796, 38.89127890000001 ] } },
{ "type": "Feature", "properties": { "element": "node", "id": 12012429179, "name": "Mita", "amenity": "cafe", "cuisine": "ethiopian;japanese;coffee_shop", "edge_u": 49772747, "edge_v": 49852910, "edge_key": 0, "nearest_node": 49772747, "snap_dist_m": 18.4, "node_dist_m": 29.3 }, "geometry": { "type": "Point", "coordinates": [ -77.0225819, 38.9565336 ] } },
{ "type": "Feature", "properties": { "element": "node", "id": 12012701661, "name": "Seven Seas Restaurant", "amenity": "restaurant", "cuisine": "mexican;seafood", "edge_u": 49789362, "edge_v": 642885424, "edge_key": 0, "nearest_node": 642885424, "snap_dist_m": 18.6, "node_dist_m": 18.7 }, "geometry": { "type": "Point", "coordinates": [ -77.027798, 38.961232 ] } },
{ "type": "Feature", "properties": { "element": "node", "id": 12014960114, "name": "Jab We Met Indian Kitchen", "amenity": "restaurant", "cuisine": "indian", "edge_u": 49810122, "edge_v": 49787160, "edge_key": 0, "nearest_node": 49810122, "snap_dist_m": 25.0, "node_dist_m": 60.3 }, "geometry": { "type": "Point", "coordinates": [ -76.9952624, 38.8822302 ] } },
{ "type": "Feature", "properties": { "element": "node", "id": 12015561044, "name": "Atxondo", "amenity": "restaurant", "cuisine": "spanish", "edge_u": 49745680, "edge_v": 49745677, "edge_key": 0, "nearest_node": 49745680, "snap_dist_m": 19.9, "node_dist_m": 45.7 }, "geometry": { "type": "Point", "coordinates": [ -77.0329548, 38.947891 ] } },
{ "type": "Feature", "properties": { "element": "node", "id": 12020466297, "name": "Far East Taco Grille", "amenity": "fast_food", "cuisine": "mexican", "edge_u": 49839158, "edge_v": 49767451, "edge_key": 0, "nearest_node": 49767451, "snap_dist_m": 16.8, "node_dist_m": 23.7 }, "geometry": { "type": "Point", "coordinates": [ -76.9963865, 38.905224599999983 ] } },
{ "type": "Feature", "properties": { "element": "node", "id": 12026408792, "name": "Tropical Smoothie Cafe", "amenity": "fast_food", "cuisine": "juice", "edge_u": 5698252199, "edge_v": 49745335, "edge_key": 0, "nearest_node": 49745335, "snap_dist_m": 19.1, "node_dist_m": 76.2 }, "geometry": { "type": "Point", "coordinates": [ -77.0325038, 38.929554100000011 ] } },
{ "type": "Feature", "properties": { "element": "node", "id": 12029541587, "name": "Ted's Bulletin", "amenity": "restaurant", "cuisine": "american;breakfast", "edge_u": 49842413, "edge_v": 49842417, "edge_key": 0, "nearest_node": 49842417, "snap_dist_m": 22.0, "node_dist_m": 31.8 }, "geometry": { "type": "Point", "coordinates": [ -77.0056315, 38.9035436 ] } },
{ "type": "Feature", "properties": { "element": "node", "id": 12041977317, "name": "Sharbat Bakery & Café", "amenity": "fast_food", "cuisine": "sandwich;azerbaijani;middle_eastern", "edge_u": 3672563449, "edge_v": 49741274, "edge_key": 0, "nearest_node": 3672563449, "snap_dist_m": 17.1, "node_dist_m": 47.2 }, "geometry": { "type": "Point", "coordinates": [ -77.0423621, 38.922324099999983 ] } },
{ "type": "Feature", "properties": { "element": "node", "id": 12046459768, "name": "Malabar", "amenity": "restaurant", "cuisine": "indian", "edge_u": 49820757, "edge_v": 49820743, "edge_key": 0, "nearest_node": 49820743, "snap_dist_m": 21.1, "node_dist_m": 53.2 }, "geometry": { "type": "Point", "coordinates": [ -77.0650165, 38.9472157 ] } },
{ "type": "Feature", "properties": { "element": "node", "id": 12050368605, "name": "Chick-fil-A", "amenity": "fast_food", "cuisine": "chicken", "edge_u": 49820714, "edge_v": 49735524, "edge_key": 0, "nearest_node": 49735524, "snap_dist_m": 36.6, "node_dist_m": 74.6 }, "geometry": { "type": "Point", "coordinates": [ -77.063638200000014, 38.9435892 ] } },
{ "type": "Feature", "properties": { "element": "node", "id": 12050368606, "name": "Qdoba", "amenity": "fast_food", "cuisine": "mexican", "edge_u": 447591561, "edge_v": 389074956, "edge_key": 0, "nearest_node": 447591561, "snap_dist_m": 7.9, "node_dist_m": 24.5 }, "geometry": { "type": "Point", "coordinates": [ -77.0892544, 38.9370725 ] } },
{ "type": "Feature", "properties": { "element": "node", "id": 12050368607, "name": "Einstein Bros. Bagels", "amenity": "fast_food", "cuisine": "bagel", "edge_u": 1218534946, "edge_v": 1218534986, "edge_key": 0, "nearest_node": 1218534986, "snap_dist_m": 57.0, "node_dist_m": 65.3 }, "geometry": { "type": "Point", "coordinates": [ -77.0752796, 38.9120487 ] } },
{ "type": "Feature", "properties": { "element": "node", "id": 12064581320, "name": "Papa John's", "amenity": "fast_food", "cuisine": "pizza", "edge_u": 49739331, "edge_v": 1365013789, "edge_key": 0, "nearest_node": 1365013789, "snap_dist_m": 12.1, "node_dist_m": 46.3 }, "geometry": { "type": "Point", "coordinates": [ -76.9864001, 38.9247468 ] } },
{ "type": "Feature", "properties": { "element": "node", "id": 12064581322, "name": "Papa John's", "amenity": "fast_food", "cuisine": "pizza", "edge_u": 9723903189, "edge_v": 3222223997, "edge_key": 0, "nearest_node": 9723903189, "snap_dist_m": 26.1, "node_dist_m": 27.7 }, "geometry": { "type": "Point", "coordinates": [ -76.9487797, 38.8960244 ] } },
{ "type": "Feature", "properties": { "element": "node", "id": 12064581331, "name": "Papa John's", "amenity": "fast_food", "cuisine": "pizza", "edge_u": 49789362, "edge_v": 49789356, "edge_key": 0, "nearest_node": 49789362, "snap_dist_m": 19.1, "node_dist_m": 103.1 }, "geometry": { "type": "Point", "coordinates": [ -77.0283209, 38.9601132 ] } },
{ "type": "Feature", "properties": { "element": "node", "id": 12064581332, "name": "Papa John's", "amenity": "fast_food", "cuisine": "pizza", "edge_u": 3798943055, "edge_v": 3798943052, "edge_key": 0, "nearest_node": 3798943055, "snap_dist_m": 19.2, "node_dist_m": 30.2 }, "geometry": { "type": "Point", "coordinates": [ -77.0810369, 38.9508814 ] } },
{ "type": "Feature", "properties": { "element": "node", "id": 12073852083, "name": "Hen Quarter", "amenity": "restaurant", "cuisine": "american", "edge_u": 49750770, "edge_v": 49889382, "edge_key": 0, "nearest_node": 49889382, "snap_dist_m": 25.3, "node_dist_m": 25.3 }, "geometry": { "type": "Point", "coordinates": [ -77.0124762, 38.8638958 ] } },
{ "type": "Feature", "properties": { "element": "node", "id": 12097396190, "name": "Pop’s Bagels", "amenity": "fast_food", "cuisine": "bagel", "edge_u": 49777169, "edge_v": 49777170, "edge_key": 0, "nearest_node": 4679133344, "snap_dist_m": 73.9, "node_dist_m": 76.5 }, "geometry": { "type": "Point", "coordinates": [ -77.0036892, 38.91192430000001 ] } },
{ "type": "Feature", "properties": { "element": "node", "id": 12140076972, "name": "Fresca Taqueria", "amenity": "restaurant", "cuisine": null, "edge_u": 49774087, "edge_v": 13790612928, "edge_key": 0, "nearest_node": 13790612928, "snap_dist_m": 16.1, "node_dist_m": 22.9 }, "geometry": { "type": "Point", "coordinates": [ -76.9959802, 38.900057099999984 ] } },
{ "type": "Feature", "properties": { "element": "node", "id": 12150361321, "name": "Sima Sushi", "amenity": "restaurant", "cuisine": "sushi", "edge_u": 1740764624, "edge_v": 11261031475, "edge_key": 0, "nearest_node": 11261031475, "snap_dist_m": 22.6, "node_dist_m": 46.5 }, "geometry": { "type": "Point", "coordinates": [ -77.0382554, 38.9033695 ] } },
{ "type": "Feature", "properties": { "element": "node", "id": 12193467402, "name": "Reveler’s Hour", "amenity": "restaurant", "cuisine": null, "edge_u": 49740244, "edge_v": 49856113, "edge_key": 0, "nearest_node": 49740244, "snap_dist_m": 17.6, "node_dist_m": 31.2 }, "geometry": { "type": "Point", "coordinates": [ -77.0419472, 38.9233632 ] } },
{ "type": "Feature", "properties": { "element": "node", "id": 12206975148, "name": "La Collina", "amenity": "restaurant", "cuisine": "italian", "edge_u": 49776463, "edge_v": 49776461, "edge_key": 0, "nearest_node": 49776461, "snap_dist_m": 27.3, "node_dist_m": 57.3 }, "geometry": { "type": "Point", "coordinates": [ -76.9955967, 38.885793 ] } },
{ "type": "Feature", "properties": { "element": "node", "id": 12206975434, "name": "Turning Natural", "amenity": "fast_food", "cuisine": "juice", "edge_u": 49776463, "edge_v": 49776461, "edge_key": 0, "nearest_node": 49776463, "snap_dist_m": 14.4, "node_dist_m": 42.3 }, "geometry": { "type": "Point", "coordinates": [ -76.995424, 38.8861682 ] } },
{ "type": "Feature", "properties": { "element": "node", "id": 12207045710, "name": "Paraíso", "amenity": "restaurant", "cuisine": "mexican", "edge_u": 655442834, "edge_v": 655442842, "edge_key": 0, "nearest_node": 655442834, "snap_dist_m": 17.3, "node_dist_m": 34.3 }, "geometry": { "type": "Point", "coordinates": [ -76.9913228, 38.8824168 ] } },
{ "type": "Feature", "properties": { "element": "node", "id": 12208995184, "name": "Market Lunch", "amenity": "restaurant", "cuisine": "diner", "edge_u": 49776461, "edge_v": 49797401, "edge_key": 0, "nearest_node": 49776461, "snap_dist_m": 19.0, "node_dist_m": 68.9 }, "geometry": { "type": "Point", "coordinates": [ -76.9963985, 38.8866354 ] } },
{ "type": "Feature", "properties": { "element": "node", "id": 12209502413, "name": "ZomTum", "amenity": "restaurant", "cuisine": "lao;thai", "edge_u": 655442853, "edge_v": 655442818, "edge_key": 0, "nearest_node": 655442853, "snap_dist_m": 17.7, "node_dist_m": 51.4 }, "geometry": { "type": "Point", "coordinates": [ -76.9965728, 38.8851374 ] } },
{ "type": "Feature", "properties": { "element": "node", "id": 12230463346, "name": "HRC By Emissary", "amenity": "cafe", "cuisine": null, "edge_u": 49743415, "edge_v": 49829250, "edge_key": 0, "nearest_node": 49829250, "snap_dist_m": 8.8, "node_dist_m": 47.9 }, "geometry": { "type": "Point", "coordinates": [ -77.063326, 38.90391120000001 ] } },
{ "type": "Feature", "properties": { "element": "node", "id": 12238679873, "name": "Thai and Time Again", "amenity": "restaurant", "cuisine": "thai", "edge_u": 49828949, "edge_v": 49820583, "edge_key": 0, "nearest_node": 49820583, "snap_dist_m": 21.5, "node_dist_m": 48.6 }, "geometry": { "type": "Point", "coordinates": [ -77.0509932, 38.9236999 ] } },
{ "type": "Feature", "properties": { "element": "node", "id": 12269600742, "name": "Bluestone Lane", "amenity": "cafe", "cuisine": "coffee_shop", "edge_u": 49801045, "edge_v": 49800238, "edge_key": 0, "nearest_node": 49800238, "snap_dist_m": 16.2, "node_dist_m": 55.2 }, "geometry": { "type": "Point", "coordinates": [ -77.0965774, 38.9453687 ] } },
{ "type": "Feature", "properties": { "element": "node", "id": 12310887088, "name": "Mamma Pizzeria", "amenity": "restaurant", "cuisine": "pizza", "edge_u": 622721012, "edge_v": 3005713074, "edge_key": 0, "nearest_node": 3005831881, "snap_dist_m": 12.6, "node_dist_m": 85.0 }, "geometry": { "type": "Point", "coordinates": [ -77.0237435, 38.8838468 ] } },
{ "type": "Feature", "properties": { "element": "node", "id": 12318775346, "name": "Chaat House", "amenity": "restaurant", "cuisine": "indian", "edge_u": 49777696, "edge_v": 49741695, "edge_key": 0, "nearest_node": 49741695, "snap_dist_m": 23.5, "node_dist_m": 69.7 }, "geometry": { "type": "Point", "coordinates": [ -77.0474142, 38.8997947 ] } },
{ "type": "Feature", "properties": { "element": "node", "id": 12323771161, "name": "Cinnabon", "amenity": "fast_food", "cuisine": "dessert", "edge_u": 49756578, "edge_v": 3240030410, "edge_key": 0, "nearest_node": 49756578, "snap_dist_m": 56.4, "node_dist_m": 95.2 }, "geometry": { "type": "Point", "coordinates": [ -77.006797, 38.8981032 ] } },
{ "type": "Feature", "properties": { "element": "node", "id": 12323809749, "name": "Crepe Lena & Waffle", "amenity": "restaurant", "cuisine": null, "edge_u": 49756578, "edge_v": 3240030410, "edge_key": 0, "nearest_node": 3240030410, "snap_dist_m": 100.2, "node_dist_m": 116.2 }, "geometry": { "type": "Point", "coordinates": [ -77.0063708, 38.8978144 ] } },
{ "type": "Feature", "properties": { "element": "node", "id": 12323809750, "name": "Wok a Holic", "amenity": "fast_food", "cuisine": "chinese", "edge_u": 49756578, "edge_v": 3240030410, "edge_key": 0, "nearest_node": 3240030410, "snap_dist_m": 88.9, "node_dist_m": 106.8 }, "geometry": { "type": "Point", "coordinates": [ -77.0064954, 38.8978436 ] } },
{ "type": "Feature", "properties": { "element": "node", "id": 12360480567, "name": "The Strand", "amenity": "restaurant", "cuisine": null, "edge_u": 8530666824, "edge_v": 8530666832, "edge_key": 0, "nearest_node": 8530666832, "snap_dist_m": 14.8, "node_dist_m": 31.5 }, "geometry": { "type": "Point", "coordinates": [ -76.925981, 38.8981874 ] } },
{ "type": "Feature", "properties": { "element": "node", "id": 12360497248, "name": "Büna Ktchn", "amenity": "restaurant", "cuisine": "cafe;ethiopian", "edge_u": 49769201, "edge_v": 49769193, "edge_key": 0, "nearest_node": 49769193, "snap_dist_m": 12.9, "node_dist_m": 53.4 }, "geometry": { "type": "Point", "coordinates": [ -77.0231355, 38.9242457 ] } },
{ "type": "Feature", "properties": { "element": "node", "id": 12363397417, "name": "Abuare", "amenity": "restaurant", "cuisine": "ethiopian", "edge_u": 49764374, "edge_v": 49765113, "edge_key": 0, "nearest_node": 49765113, "snap_dist_m": 16.0, "node_dist_m": 82.9 }, "geometry": { "type": "Point", "coordinates": [ -77.0355664, 38.9168671 ] } },
{ "type": "Feature", "properties": { "element": "node", "id": 12403475042, "name": "Pizza Boli's", "amenity": "fast_food", "cuisine": "pizza", "edge_u": 49743972, "edge_v": 49755047, "edge_key": 0, "nearest_node": 49743972, "snap_dist_m": 24.4, "node_dist_m": 53.4 }, "geometry": { "type": "Point", "coordinates": [ -76.9804351, 38.846441 ] } },
{ "type": "Feature", "properties": { "element": "node", "id": 12403643878, "name": "Shanghai Dumplings", "amenity": "restaurant", "cuisine": null, "edge_u": 49745651, "edge_v": 49745650, "edge_key": 0, "nearest_node": 49745651, "snap_dist_m": 21.6, "node_dist_m": 46.0 }, "geometry": { "type": "Point", "coordinates": [ -77.032474, 38.939376 ] } },
{ "type": "Feature", "properties": { "element": "node", "id": 12403688918, "name": "Chicatana", "amenity": "restaurant", "cuisine": "mexican", "edge_u": 49745651, "edge_v": 49745650, "edge_key": 0, "nearest_node": 49745650, "snap_dist_m": 20.4, "node_dist_m": 32.3 }, "geometry": { "type": "Point", "coordinates": [ -77.0324874, 38.9389043 ] } },
{ "type": "Feature", "properties": { "element": "node", "id": 12405258490, "name": "Spring Garden", "amenity": "restaurant", "cuisine": "chinese", "edge_u": 49888300, "edge_v": 49796229, "edge_key": 0, "nearest_node": 49796229, "snap_dist_m": 19.9, "node_dist_m": 38.5 }, "geometry": { "type": "Point", "coordinates": [ -77.0825351, 38.954026 ] } },
{ "type": "Feature", "properties": { "element": "node", "id": 12407235441, "name": "DeCarlo's Restaurant", "amenity": "restaurant", "cuisine": "italian", "edge_u": 49802301, "edge_v": 49756275, "edge_key": 0, "nearest_node": 49802301, "snap_dist_m": 178.7, "node_dist_m": 178.8 }, "geometry": { "type": "Point", "coordinates": [ -77.0798854, 38.9280801 ] } },
{ "type": "Feature", "properties": { "element": "node", "id": 12407358790, "name": "Tatte Bakery & Cafe", "amenity": "cafe", "cuisine": "bakery;coffee_shop", "edge_u": 49797192, "edge_v": 768973159, "edge_key": 0, "nearest_node": 49797192, "snap_dist_m": 15.0, "node_dist_m": 27.3 }, "geometry": { "type": "Point", "coordinates": [ -77.064667, 38.9102664 ] } },
{ "type": "Feature", "properties": { "element": "node", "id": 12423030725, "name": "Mezeh Mediterranean Grill", "amenity": "restaurant", "cuisine": "mediterranean", "edge_u": 49756892, "edge_v": 655442833, "edge_key": 0, "nearest_node": 655442833, "snap_dist_m": 19.2, "node_dist_m": 36.5 }, "geometry": { "type": "Point", "coordinates": [ -77.0009872, 38.8863362 ] } },
{ "type": "Feature", "properties": { "element": "node", "id": 12423516767, "name": "Chaia Taco", "amenity": "fast_food", "cuisine": "mexican", "edge_u": 3669554857, "edge_v": 49793549, "edge_key": 0, "nearest_node": 3669554857, "snap_dist_m": 17.2, "node_dist_m": 86.3 }, "geometry": { "type": "Point", "coordinates": [ -77.0209335, 38.9010311 ] } },
{ "type": "Feature", "properties": { "element": "node", "id": 12450484578, "name": "Seal Rock Cafe", "amenity": "cafe", "cuisine": null, "edge_u": 2927473060, "edge_v": 2927432300, "edge_key": 0, "nearest_node": 2927473060, "snap_dist_m": 185.5, "node_dist_m": 337.8 }, "geometry": { "type": "Point", "coordinates": [ -77.0488732, 38.9291291 ] } },
{ "type": "Feature", "properties": { "element": "node", "id": 12488215407, "name": "Tatte Bakery & Cafe", "amenity": "cafe", "cuisine": "bakery;coffee_shop", "edge_u": 49773532, "edge_v": 2629963167, "edge_key": 0, "nearest_node": 1439584651, "snap_dist_m": 25.6, "node_dist_m": 38.5 }, "geometry": { "type": "Point", "coordinates": [ -77.0273308, 38.9005706 ] } },
{ "type": "Feature", "properties": { "element": "node", "id": 12510963234, "name": null, "amenity": "restaurant", "cuisine": "italian", "edge_u": 49781894, "edge_v": 49869665, "edge_key": 0, "nearest_node": 49869665, "snap_dist_m": 36.4, "node_dist_m": 47.8 }, "geometry": { "type": "Point", "coordinates": [ -77.072762, 38.9232391 ] } },
{ "type": "Feature", "properties": { "element": "node", "id": 12513085025, "name": "Subway", "amenity": "fast_food", "cuisine": "sandwich", "edge_u": 49873888, "edge_v": 49776916, "edge_key": 0, "nearest_node": 49873888, "snap_dist_m": 18.7, "node_dist_m": 61.8 }, "geometry": { "type": "Point", "coordinates": [ -77.0711953, 38.91954740000002 ] } },
{ "type": "Feature", "properties": { "element": "node", "id": 12518735313, "name": "Otis.@12", "amenity": "restaurant", "cuisine": "american", "edge_u": 49824264, "edge_v": 49788457, "edge_key": 0, "nearest_node": 49788457, "snap_dist_m": 12.0, "node_dist_m": 30.9 }, "geometry": { "type": "Point", "coordinates": [ -76.9909992, 38.934261100000022 ] } },
{ "type": "Feature", "properties": { "element": "node", "id": 12518811923, "name": "Dumpling Hot Pot Beyond", "amenity": "restaurant", "cuisine": "chinese", "edge_u": 49774098, "edge_v": 49774093, "edge_key": 0, "nearest_node": 49774093, "snap_dist_m": 17.3, "node_dist_m": 60.8 }, "geometry": { "type": "Point", "coordinates": [ -76.9895672, 38.9003565 ] } },
{ "type": "Feature", "properties": { "element": "node", "id": 12520923087, "name": null, "amenity": "fast_food", "cuisine": null, "edge_u": 49751580, "edge_v": 2927432297, "edge_key": 0, "nearest_node": 2927432297, "snap_dist_m": 22.1, "node_dist_m": 51.2 }, "geometry": { "type": "Point", "coordinates": [ -77.0555574, 38.930010399999979 ] } },
{ "type": "Feature", "properties": { "element": "node", "id": 12532534706, "name": "Brain Drain", "amenity": "restaurant", "cuisine": "indian", "edge_u": 49823835, "edge_v": 49792123, "edge_key": 0, "nearest_node": 49792123, "snap_dist_m": 18.8, "node_dist_m": 43.8 }, "geometry": { "type": "Point", "coordinates": [ -77.0056721, 38.884722299999986 ] } },
{ "type": "Feature", "properties": { "element": "node", "id": 12563198787, "name": "Starbucks", "amenity": "cafe", "cuisine": "coffee_shop", "edge_u": 49756578, "edge_v": 3240030410, "edge_key": 0, "nearest_node": 49756578, "snap_dist_m": 108.7, "node_dist_m": 133.6 }, "geometry": { "type": "Point", "coordinates": [ -77.0062168, 38.8979728 ] } },
{ "type": "Feature", "properties": { "element": "node", "id": 12615735731, "name": "El Pulgarcito", "amenity": "restaurant", "cuisine": "salvadoran", "edge_u": 49789333, "edge_v": 49789337, "edge_key": 0, "nearest_node": 49789333, "snap_dist_m": 16.4, "node_dist_m": 54.9 }, "geometry": { "type": "Point", "coordinates": [ -77.0276122, 38.954579600000017 ] } },
{ "type": "Feature", "properties": { "element": "node", "id": 12616122175, "name": "June B Sweet", "amenity": "cafe", "cuisine": "dessert", "edge_u": 49820885, "edge_v": 49811697, "edge_key": 0, "nearest_node": 49820885, "snap_dist_m": 14.6, "node_dist_m": 56.2 }, "geometry": { "type": "Point", "coordinates": [ -77.0762059, 38.965044499999976 ] } },
{ "type": "Feature", "properties": { "element": "node", "id": 12626283724, "name": "Shinwa Izakaya", "amenity": "restaurant", "cuisine": "japanese", "edge_u": 9797239771, "edge_v": 9797239769, "edge_key": 0, "nearest_node": 9797239771, "snap_dist_m": 20.5, "node_dist_m": 20.6 }, "geometry": { "type": "Point", "coordinates": [ -77.0777521, 38.9410156 ] } },
{ "type": "Feature", "properties": { "element": "node", "id": 12640854956, "name": "Chimalli", "amenity": "restaurant", "cuisine": "mexican", "edge_u": 49745669, "edge_v": 49851787, "edge_key": 0, "nearest_node": 49745669, "snap_dist_m": 15.0, "node_dist_m": 24.8 }, "geometry": { "type": "Point", "coordinates": [ -77.032504, 38.9441413 ] } },
{ "type": "Feature", "properties": { "element": "node", "id": 12644038122, "name": "Jolt 'N Bolt Coffee & Teahouse", "amenity": "cafe", "cuisine": "coffee_shop;sandwich;salad", "edge_u": 49865817, "edge_v": 3531416323, "edge_key": 0, "nearest_node": 49865817, "snap_dist_m": 20.5, "node_dist_m": 24.7 }, "geometry": { "type": "Point", "coordinates": [ -77.0418936, 38.9161738 ] } },
{ "type": "Feature", "properties": { "element": "node", "id": 12645899008, "name": "Sicilian Pizza", "amenity": "fast_food", "cuisine": "pizza", "edge_u": 49808153, "edge_v": 49808183, "edge_key": 0, "nearest_node": 49808183, "snap_dist_m": 49.6, "node_dist_m": 122.1 }, "geometry": { "type": "Point", "coordinates": [ -77.0008348, 38.9413588 ] } },
{ "type": "Feature", "properties": { "element": "node", "id": 12645899009, "name": "Subway", "amenity": "fast_food", "cuisine": "sandwich", "edge_u": 49808183, "edge_v": 12467041977, "edge_key": 0, "nearest_node": 49808183, "snap_dist_m": 37.4, "node_dist_m": 101.0 }, "geometry": { "type": "Point", "coordinates": [ -77.0007507, 38.9410808 ] } },
{ "type": "Feature", "properties": { "element": "node", "id": 12648788931, "name": "Karizma Modern Indian", "amenity": "restaurant", "cuisine": "indian", "edge_u": 3669554857, "edge_v": 49793549, "edge_key": 0, "nearest_node": 49793549, "snap_dist_m": 26.6, "node_dist_m": 83.8 }, "geometry": { "type": "Point", "coordinates": [ -77.0208238, 38.9011159 ] } },
{ "type": "Feature", "properties": { "element": "node", "id": 12674177443, "name": "Casa Mia", "amenity": "cafe", "cuisine": "italian", "edge_u": 49764496, "edge_v": 49745676, "edge_key": 0, "nearest_node": 49745676, "snap_dist_m": 16.3, "node_dist_m": 25.9 }, "geometry": { "type": "Point", "coordinates": [ -77.0329565, 38.946271400000015 ] } },
{ "type": "Feature", "properties": { "element": "node", "id": 12688062901, "name": "Chaia", "amenity": "fast_food", "cuisine": "mexican", "edge_u": 49743415, "edge_v": 49829250, "edge_key": 0, "nearest_node": 49829250, "snap_dist_m": 10.8, "node_dist_m": 42.1 }, "geometry": { "type": "Point", "coordinates": [ -77.06325360000001, 38.9040886 ] } },
{ "type": "Feature", "properties": { "element": "node", "id": 12710826828, "name": "Cafe Riggs", "amenity": "restaurant", "cuisine": "american", "edge_u": 3378222897, "edge_v": 49782255, "edge_key": 0, "nearest_node": 3378222897, "snap_dist_m": 18.6, "node_dist_m": 31.4 }, "geometry": { "type": "Point", "coordinates": [ -77.0241837, 38.89705290000002 ] } },
{ "type": "Feature", "properties": { "element": "node", "id": 12711044632, "name": "Immigrant Food", "amenity": "restaurant", "cuisine": null, "edge_u": 49793729, "edge_v": 4325552562, "edge_key": 0, "nearest_node": 4325552562, "snap_dist_m": 18.7, "node_dist_m": 47.9 }, "geometry": { "type": "Point", "coordinates": [ -77.029409, 38.9020096 ] } },
{ "type": "Feature", "properties": { "element": "node", "id": 12711511031, "name": "Dolcezza Cafe", "amenity": "cafe", "cuisine": "coffee_shop", "edge_u": 49855599, "edge_v": 3522722795, "edge_key": 0, "nearest_node": 49855599, "snap_dist_m": 44.6, "node_dist_m": 79.2 }, "geometry": { "type": "Point", "coordinates": [ -77.023111, 38.8879755 ] } },
{ "type": "Feature", "properties": { "element": "node", "id": 12768950203, "name": "Good Company Donuts and Cafe", "amenity": "cafe", "cuisine": null, "edge_u": 49748690, "edge_v": 3011565315, "edge_key": 0, "nearest_node": 49748690, "snap_dist_m": 36.3, "node_dist_m": 46.4 }, "geometry": { "type": "Point", "coordinates": [ -77.0187246, 38.8928626 ] } },
{ "type": "Feature", "properties": { "element": "node", "id": 12790430619, "name": "Sushi Hachi", "amenity": "restaurant", "cuisine": "sushi", "edge_u": 49826586, "edge_v": 49787160, "edge_key": 0, "nearest_node": 49826586, "snap_dist_m": 18.3, "node_dist_m": 85.6 }, "geometry": { "type": "Point", "coordinates": [ -76.9952042, 38.8800341 ] } },
{ "type": "Feature", "properties": { "element": "node", "id": 12790629069, "name": "Rice Bar", "amenity": "fast_food", "cuisine": "korean", "edge_u": 49767196, "edge_v": 3012535147, "edge_key": 0, "nearest_node": 49767196, "snap_dist_m": 15.8, "node_dist_m": 22.3 }, "geometry": { "type": "Point", "coordinates": [ -77.0237892, 38.894661400000018 ] } },
{ "type": "Feature", "properties": { "element": "node", "id": 12800665881, "name": "Playa Bowls", "amenity": "fast_food", "cuisine": "açaí", "edge_u": 49842235, "edge_v": 49801058, "edge_key": 0, "nearest_node": 49801058, "snap_dist_m": 22.3, "node_dist_m": 51.7 }, "geometry": { "type": "Point", "coordinates": [ -77.0962279, 38.9460894 ] } },
{ "type": "Feature", "properties": { "element": "node", "id": 12801210466, "name": "Baba's Pizza", "amenity": "restaurant", "cuisine": "pizza", "edge_u": 447591561, "edge_v": 389074956, "edge_key": 0, "nearest_node": 447591561, "snap_dist_m": 24.4, "node_dist_m": 24.5 }, "geometry": { "type": "Point", "coordinates": [ -77.0889558, 38.9371492 ] } },
{ "type": "Feature", "properties": { "element": "node", "id": 12801210467, "name": "Halal Shack", "amenity": "restaurant", "cuisine": "mediterranean", "edge_u": 447591561, "edge_v": 447823042, "edge_key": 0, "nearest_node": 447591561, "snap_dist_m": 28.2, "node_dist_m": 28.5 }, "geometry": { "type": "Point", "coordinates": [ -77.0888801, 38.9371763 ] } },
{ "type": "Feature", "properties": { "element": "node", "id": 12801210468, "name": "True Burger", "amenity": "restaurant", "cuisine": "burger", "edge_u": 447591561, "edge_v": 447823042, "edge_key": 0, "nearest_node": 447591561, "snap_dist_m": 37.1, "node_dist_m": 37.4 }, "geometry": { "type": "Point", "coordinates": [ -77.0887881, 38.93714 ] } },
{ "type": "Feature", "properties": { "element": "node", "id": 12801210469, "name": "Panera Bread", "amenity": "fast_food", "cuisine": "sandwich;bakery", "edge_u": 389074956, "edge_v": 447591561, "edge_key": 0, "nearest_node": 447591561, "snap_dist_m": 43.0, "node_dist_m": 57.0 }, "geometry": { "type": "Point", "coordinates": [ -77.0890136, 38.9367876 ] } },
{ "type": "Feature", "properties": { "element": "node", "id": 12801210470, "name": "Terrace Dining Room", "amenity": "fast_food", "cuisine": null, "edge_u": 389074956, "edge_v": 447591561, "edge_key": 0, "nearest_node": 447591561, "snap_dist_m": 41.4, "node_dist_m": 44.2 }, "geometry": { "type": "Point", "coordinates": [ -77.088885, 38.936959399999971 ] } },
{ "type": "Feature", "properties": { "element": "node", "id": 12801210471, "name": "ACE Sushi", "amenity": "restaurant", "cuisine": "sushi", "edge_u": 5380888621, "edge_v": 12520587443, "edge_key": 0, "nearest_node": 12520587443, "snap_dist_m": 40.7, "node_dist_m": 47.7 }, "geometry": { "type": "Point", "coordinates": [ -77.0868891, 38.937433 ] } },
{ "type": "Feature", "properties": { "element": "node", "id": 12801210472, "name": "Freshëns", "amenity": "fast_food", "cuisine": "juice;salad", "edge_u": 5380888621, "edge_v": 12520587443, "edge_key": 0, "nearest_node": 5380888621, "snap_dist_m": 43.5, "node_dist_m": 100.5 }, "geometry": { "type": "Point", "coordinates": [ -77.0867265, 38.936257599999983 ] } },
{ "type": "Feature", "properties": { "element": "node", "id": 12801210474, "name": "The Bridge", "amenity": "cafe", "cuisine": "coffee_shop", "edge_u": 447591561, "edge_v": 447823042, "edge_key": 0, "nearest_node": 447823042, "snap_dist_m": 2.8, "node_dist_m": 15.8 }, "geometry": { "type": "Point", "coordinates": [ -77.0890299, 38.9375097 ] } },
{ "type": "Feature", "properties": { "element": "node", "id": 12826341273, "name": "Point Chaud Café & Crêpes", "amenity": "cafe", "cuisine": "coffee_shop", "edge_u": 49762264, "edge_v": 49777696, "edge_key": 0, "nearest_node": 49762264, "snap_dist_m": 26.3, "node_dist_m": 49.8 }, "geometry": { "type": "Point", "coordinates": [ -77.0491585, 38.8987237 ] } },
{ "type": "Feature", "properties": { "element": "node", "id": 12831837705, "name": "Duccini's Pizza", "amenity": "fast_food", "cuisine": "pizza;pasta;salad", "edge_u": 49773036, "edge_v": 49773040, "edge_key": 0, "nearest_node": 49773040, "snap_dist_m": 15.4, "node_dist_m": 56.4 }, "geometry": { "type": "Point", "coordinates": [ -77.0217397, 38.9106509 ] } },
{ "type": "Feature", "properties": { "element": "node", "id": 12845117293, "name": "Melkamu", "amenity": "restaurant", "cuisine": "ethiopian", "edge_u": 49746668, "edge_v": 13431097737, "edge_key": 0, "nearest_node": 13431097737, "snap_dist_m": 20.6, "node_dist_m": 51.2 }, "geometry": { "type": "Point", "coordinates": [ -77.0269551, 38.9501785 ] } },
{ "type": "Feature", "properties": { "element": "node", "id": 12849834121, "name": "Brightwood Pizza & Bottle", "amenity": "restaurant", "cuisine": "pizza", "edge_u": 49772747, "edge_v": 49852910, "edge_key": 0, "nearest_node": 49772747, "snap_dist_m": 17.1, "node_dist_m": 48.1 }, "geometry": { "type": "Point", "coordinates": [ -77.0228358, 38.956514899999988 ] } },
{ "type": "Feature", "properties": { "element": "node", "id": 12885351272, "name": "2D Noodles", "amenity": "fast_food", "cuisine": "noodle", "edge_u": 49822338, "edge_v": 49848293, "edge_key": 0, "nearest_node": 49848293, "snap_dist_m": 23.6, "node_dist_m": 46.7 }, "geometry": { "type": "Point", "coordinates": [ -77.0796201, 38.9483273 ] } },
{ "type": "Feature", "properties": { "element": "node", "id": 12887510497, "name": "Haute Dogs & Fries", "amenity": "fast_food", "cuisine": "hot_dog", "edge_u": 3608395904, "edge_v": 5128694815, "edge_key": 0, "nearest_node": 5128694815, "snap_dist_m": 71.4, "node_dist_m": 72.0 }, "geometry": { "type": "Point", "coordinates": [ -77.0081512, 38.873859699999983 ] } },
{ "type": "Feature", "properties": { "element": "node", "id": 12887510498, "name": "Swizzler", "amenity": "fast_food", "cuisine": null, "edge_u": 5128694815, "edge_v": 641939669, "edge_key": 0, "nearest_node": 5128694815, "snap_dist_m": 68.1, "node_dist_m": 68.3 }, "geometry": { "type": "Point", "coordinates": [ -77.0081875, 38.8739251 ] } },
{ "type": "Feature", "properties": { "element": "node", "id": 12887510499, "name": "Capo Deli", "amenity": "fast_food", "cuisine": "sandwich", "edge_u": 5128694815, "edge_v": 641939669, "edge_key": 0, "nearest_node": 5128694815, "snap_dist_m": 56.9, "node_dist_m": 57.0 }, "geometry": { "type": "Point", "coordinates": [ -77.0083166, 38.8739313 ] } },
{ "type": "Feature", "properties": { "element": "node", "id": 12887510500, "name": "See. You. Tater.", "amenity": "fast_food", "cuisine": "fries", "edge_u": 3608395904, "edge_v": 5128694815, "edge_key": 0, "nearest_node": 5128694815, "snap_dist_m": 53.2, "node_dist_m": 54.0 }, "geometry": { "type": "Point", "coordinates": [ -77.0083609, 38.873859 ] } },
{ "type": "Feature", "properties": { "element": "node", "id": 12887515002, "name": "Change-Up Rotational Kitchen", "amenity": "restaurant", "cuisine": null, "edge_u": 49740448, "edge_v": 49740442, "edge_key": 0, "nearest_node": 49740442, "snap_dist_m": 87.8, "node_dist_m": 89.4 }, "geometry": { "type": "Point", "coordinates": [ -77.0072664, 38.873850699999984 ] } },
{ "type": "Feature", "properties": { "element": "node", "id": 12887515006, "name": "Enzo's Pizza", "amenity": "fast_food", "cuisine": "pizza", "edge_u": 641939976, "edge_v": 3608395904, "edge_key": 0, "nearest_node": 3608395904, "snap_dist_m": 29.8, "node_dist_m": 39.1 }, "geometry": { "type": "Point", "coordinates": [ -77.0086316, 38.8727629 ] } },
{ "type": "Feature", "properties": { "element": "node", "id": 12945175231, "name": "YELLOW", "amenity": "cafe", "cuisine": "lebanese", "edge_u": 49816382, "edge_v": 49741095, "edge_key": 0, "nearest_node": 49816382, "snap_dist_m": 17.1, "node_dist_m": 39.5 }, "geometry": { "type": "Point", "coordinates": [ -76.9994078, 38.9074408 ] } },
{ "type": "Feature", "properties": { "element": "node", "id": 12972073932, "name": "Zaoan Cafe", "amenity": "cafe", "cuisine": "bubble_tea", "edge_u": 49820743, "edge_v": 49820727, "edge_key": 0, "nearest_node": 49820743, "snap_dist_m": 22.3, "node_dist_m": 58.1 }, "geometry": { "type": "Point", "coordinates": [ -77.064983, 38.9462137 ] } },
{ "type": "Feature", "properties": { "element": "node", "id": 12980281984, "name": "Dream Big", "amenity": "cafe", "cuisine": null, "edge_u": 49756474, "edge_v": 3027731623, "edge_key": 0, "nearest_node": 49756474, "snap_dist_m": 89.9, "node_dist_m": 97.9 }, "geometry": { "type": "Point", "coordinates": [ -77.0298722, 38.8941283 ] } },
{ "type": "Feature", "properties": { "element": "node", "id": 12980753572, "name": "Lulu's Wine Garden", "amenity": "restaurant", "cuisine": "american;brunch", "edge_u": 49773577, "edge_v": 49773581, "edge_key": 0, "nearest_node": 49773581, "snap_dist_m": 18.0, "node_dist_m": 30.9 }, "geometry": { "type": "Point", "coordinates": [ -77.0272482, 38.916780400000015 ] } },
{ "type": "Feature", "properties": { "element": "node", "id": 12986768901, "name": "Love, Makoto", "amenity": "restaurant", "cuisine": "japanese;sushi", "edge_u": 49724366, "edge_v": 13265637013, "edge_key": 0, "nearest_node": 3001171736, "snap_dist_m": 14.2, "node_dist_m": 26.0 }, "geometry": { "type": "Point", "coordinates": [ -77.0138872, 38.8990728 ] } },
{ "type": "Feature", "properties": { "element": "node", "id": 12989453931, "name": "Z-Burger", "amenity": "fast_food", "cuisine": null, "edge_u": 49764011, "edge_v": 49733427, "edge_key": 0, "nearest_node": 49764011, "snap_dist_m": 25.0, "node_dist_m": 38.2 }, "geometry": { "type": "Point", "coordinates": [ -77.0154744, 38.8835085 ] } },
{ "type": "Feature", "properties": { "element": "node", "id": 13044120790, "name": "Albi", "amenity": "restaurant", "cuisine": "lebanese", "edge_u": 1618429530, "edge_v": 49724395, "edge_key": 0, "nearest_node": 7014093206, "snap_dist_m": 19.4, "node_dist_m": 22.6 }, "geometry": { "type": "Point", "coordinates": [ -77.0003218, 38.8740554 ] } },
{ "type": "Feature", "properties": { "element": "node", "id": 13044120791, "name": "Toastique", "amenity": "cafe", "cuisine": null, "edge_u": 1618429530, "edge_v": 49724395, "edge_key": 0, "nearest_node": 49724395, "snap_dist_m": 18.4, "node_dist_m": 52.2 }, "geometry": { "type": "Point", "coordinates": [ -77.0007562, 38.874456699999989 ] } },
{ "type": "Feature", "properties": { "element": "node", "id": 13044120792, "name": "Emmy Squared Pizza", "amenity": "restaurant", "cuisine": "pizza", "edge_u": 1618429530, "edge_v": 49724395, "edge_key": 0, "nearest_node": 49724395, "snap_dist_m": 19.3, "node_dist_m": 30.1 }, "geometry": { "type": "Point", "coordinates": [ -77.000321, 38.87469 ] } },
{ "type": "Feature", "properties": { "element": "node", "id": 13044120796, "name": null, "amenity": "fast_food", "cuisine": "wings", "edge_u": 1364989296, "edge_v": 1364989276, "edge_key": 0, "nearest_node": 1364989296, "snap_dist_m": 27.3, "node_dist_m": 47.7 }, "geometry": { "type": "Point", "coordinates": [ -77.0000302, 38.9196025 ] } },
{ "type": "Feature", "properties": { "element": "node", "id": 13062608312, "name": "Soleluna", "amenity": "cafe", "cuisine": "coffee_shop", "edge_u": 49740244, "edge_v": 3672563449, "edge_key": 0, "nearest_node": 49740244, "snap_dist_m": 16.8, "node_dist_m": 21.9 }, "geometry": { "type": "Point", "coordinates": [ -77.04229, 38.923124 ] } },
{ "type": "Feature", "properties": { "element": "node", "id": 13076923600, "name": "Island Time Bar and Grill", "amenity": "restaurant", "cuisine": null, "edge_u": 12484292070, "edge_v": 49894130, "edge_key": 0, "nearest_node": 49894130, "snap_dist_m": 843.2, "node_dist_m": 947.5 }, "geometry": { "type": "Point", "coordinates": [ -77.0489333, 38.875185700000031 ] } },
{ "type": "Feature", "properties": { "element": "node", "id": 13093226855, "name": "The Henri", "amenity": "restaurant", "cuisine": null, "edge_u": 49782277, "edge_v": 49799643, "edge_key": 0, "nearest_node": 49782277, "snap_dist_m": 16.9, "node_dist_m": 51.1 }, "geometry": { "type": "Point", "coordinates": [ -77.0298147, 38.8965691 ] } },
{ "type": "Feature", "properties": { "element": "node", "id": 13093798767, "name": "Amparo Fondita", "amenity": "restaurant", "cuisine": "mexican", "edge_u": 49764791, "edge_v": 49779896, "edge_key": 0, "nearest_node": 49779896, "snap_dist_m": 28.7, "node_dist_m": 43.9 }, "geometry": { "type": "Point", "coordinates": [ -77.045247300000014, 38.9093926 ] } },
{ "type": "Feature", "properties": { "element": "node", "id": 13094535200, "name": "La Grande Boucherie", "amenity": "restaurant", "cuisine": "french", "edge_u": 49745629, "edge_v": 49745628, "edge_key": 0, "nearest_node": 49745629, "snap_dist_m": 19.1, "node_dist_m": 29.4 }, "geometry": { "type": "Point", "coordinates": [ -77.0317333, 38.898123099999971 ] } },
{ "type": "Feature", "properties": { "element": "node", "id": 13097398371, "name": "Nanglo", "amenity": "restaurant", "cuisine": "indian;nepalese", "edge_u": 49774098, "edge_v": 49739609, "edge_key": 0, "nearest_node": 49774098, "snap_dist_m": 15.4, "node_dist_m": 23.8 }, "geometry": { "type": "Point", "coordinates": [ -76.988099, 38.900062800000015 ] } },
{ "type": "Feature", "properties": { "element": "node", "id": 13100524540, "name": "Flor", "amenity": "cafe", "cuisine": null, "edge_u": 49863168, "edge_v": 49845830, "edge_key": 0, "nearest_node": 49845830, "snap_dist_m": 12.0, "node_dist_m": 64.0 }, "geometry": { "type": "Point", "coordinates": [ -77.061332, 38.9057674 ] } },
{ "type": "Feature", "properties": { "element": "node", "id": 13103823750, "name": "Jersey Mike's Subs", "amenity": "fast_food", "cuisine": "sandwich", "edge_u": 49745632, "edge_v": 49745636, "edge_key": 0, "nearest_node": 49745636, "snap_dist_m": 26.1, "node_dist_m": 39.1 }, "geometry": { "type": "Point", "coordinates": [ -77.032252, 38.901076 ] } },
{ "type": "Feature", "properties": { "element": "node", "id": 13104024968, "name": "Dunkin'", "amenity": "fast_food", "cuisine": "donut;coffee_shop", "edge_u": 49792107, "edge_v": 49810122, "edge_key": 0, "nearest_node": 49792107, "snap_dist_m": 19.4, "node_dist_m": 38.6 }, "geometry": { "type": "Point", "coordinates": [ -76.994752600000012, 38.8834544 ] } },
{ "type": "Feature", "properties": { "element": "node", "id": 13104024969, "name": "Maman Joon’s Kitchen", "amenity": "fast_food", "cuisine": "persian", "edge_u": 49792107, "edge_v": 49810122, "edge_key": 0, "nearest_node": 49792107, "snap_dist_m": 19.4, "node_dist_m": 30.0 }, "geometry": { "type": "Point", "coordinates": [ -76.994752600000012, 38.8835492 ] } },
{ "type": "Feature", "properties": { "element": "node", "id": 13104399147, "name": "Chili Bistro", "amenity": "restaurant", "cuisine": "chinese", "edge_u": 3669554857, "edge_v": 49772987, "edge_key": 0, "nearest_node": 3669554857, "snap_dist_m": 15.5, "node_dist_m": 37.5 }, "geometry": { "type": "Point", "coordinates": [ -77.0217307, 38.900566 ] } },
{ "type": "Feature", "properties": { "element": "node", "id": 13109272496, "name": "Chani Pani", "amenity": "restaurant", "cuisine": "indian", "edge_u": 49777245, "edge_v": 49770423, "edge_key": 0, "nearest_node": 49770423, "snap_dist_m": 21.5, "node_dist_m": 70.4 }, "geometry": { "type": "Point", "coordinates": [ -76.9974914, 38.9090863 ] } },
{ "type": "Feature", "properties": { "element": "node", "id": 13110883339, "name": "Fitali", "amenity": "restaurant", "cuisine": "filipino;italian", "edge_u": 49774098, "edge_v": 49774093, "edge_key": 0, "nearest_node": 49774098, "snap_dist_m": 17.7, "node_dist_m": 29.4 }, "geometry": { "type": "Point", "coordinates": [ -76.9885781, 38.9003611 ] } },
{ "type": "Feature", "properties": { "element": "node", "id": 13111103307, "name": "Caruso’s Grocery", "amenity": "restaurant", "cuisine": "italian", "edge_u": 49724750, "edge_v": 49772362, "edge_key": 0, "nearest_node": 49884234, "snap_dist_m": 22.4, "node_dist_m": 47.0 }, "geometry": { "type": "Point", "coordinates": [ -76.9852494, 38.8796715 ] } },
{ "type": "Feature", "properties": { "element": "node", "id": 13117162307, "name": "America’s Best Wingstop", "amenity": "fast_food", "cuisine": "wings", "edge_u": 49846731, "edge_v": 1017379708, "edge_key": 0, "nearest_node": 1017379708, "snap_dist_m": 12.9, "node_dist_m": 19.6 }, "geometry": { "type": "Point", "coordinates": [ -77.026142, 38.91714 ] } },
{ "type": "Feature", "properties": { "element": "node", "id": 13121588121, "name": "La Doña Café", "amenity": "cafe", "cuisine": null, "edge_u": 49772633, "edge_v": 49772627, "edge_key": 0, "nearest_node": 49772633, "snap_dist_m": 19.4, "node_dist_m": 28.3 }, "geometry": { "type": "Point", "coordinates": [ -77.037099, 38.9288949 ] } },
{ "type": "Feature", "properties": { "element": "node", "id": 13124056569, "name": "Alara", "amenity": "restaurant", "cuisine": "mediterranean", "edge_u": 49803595, "edge_v": 49863186, "edge_key": 0, "nearest_node": 49863186, "snap_dist_m": 10.9, "node_dist_m": 14.8 }, "geometry": { "type": "Point", "coordinates": [ -77.0629666, 38.9069514 ] } },
{ "type": "Feature", "properties": { "element": "node", "id": 13128196273, "name": "Acqua Bistecca", "amenity": "restaurant", "cuisine": "italian", "edge_u": 9797239769, "edge_v": 9797239771, "edge_key": 0, "nearest_node": 9797239771, "snap_dist_m": 11.5, "node_dist_m": 38.2 }, "geometry": { "type": "Point", "coordinates": [ -77.077603, 38.940507 ] } },
{ "type": "Feature", "properties": { "element": "node", "id": 13135046818, "name": "Tango Pastry", "amenity": "cafe", "cuisine": "argentinian", "edge_u": 49741058, "edge_v": 49774079, "edge_key": 0, "nearest_node": 49741058, "snap_dist_m": 15.7, "node_dist_m": 44.3 }, "geometry": { "type": "Point", "coordinates": [ -77.0000928, 38.9003533 ] } },
{ "type": "Feature", "properties": { "element": "node", "id": 13140255118, "name": "Taku Sushi & Bar", "amenity": "restaurant", "cuisine": "sushi", "edge_u": 49774079, "edge_v": 49774081, "edge_key": 0, "nearest_node": 49774081, "snap_dist_m": 17.9, "node_dist_m": 35.9 }, "geometry": { "type": "Point", "coordinates": [ -76.9988099, 38.9000471 ] } },
{ "type": "Feature", "properties": { "element": "node", "id": 13142988693, "name": "Andy's Pizza", "amenity": "restaurant", "cuisine": "pizza", "edge_u": 638452596, "edge_v": 49839137, "edge_key": 0, "nearest_node": 49839137, "snap_dist_m": 31.5, "node_dist_m": 114.0 }, "geometry": { "type": "Point", "coordinates": [ -77.0071498, 38.905362300000014 ] } },
{ "type": "Feature", "properties": { "element": "node", "id": 13143024023, "name": "Andy's Pizza", "amenity": "restaurant", "cuisine": "pizza", "edge_u": 49741703, "edge_v": 4975093911, "edge_key": 0, "nearest_node": 4975093911, "snap_dist_m": 20.4, "node_dist_m": 44.3 }, "geometry": { "type": "Point", "coordinates": [ -77.0455862, 38.900519499999987 ] } },
{ "type": "Feature", "properties": { "element": "node", "id": 13143529929, "name": "Shanghai Lounge", "amenity": "restaurant", "cuisine": "chinese", "edge_u": 49776112, "edge_v": 49817626, "edge_key": 0, "nearest_node": 49776112, "snap_dist_m": 13.2, "node_dist_m": 16.5 }, "geometry": { "type": "Point", "coordinates": [ -77.0673165, 38.9146004 ] } },
{ "type": "Feature", "properties": { "element": "node", "id": 13147994117, "name": "DOE Dunkin'", "amenity": "cafe", "cuisine": null, "edge_u": 262430827, "edge_v": 622720915, "edge_key": 0, "nearest_node": 622720915, "snap_dist_m": 65.6, "node_dist_m": 66.8 }, "geometry": { "type": "Point", "coordinates": [ -77.0249962, 38.886452199999987 ] } },
{ "type": "Feature", "properties": { "element": "node", "id": 13155919961, "name": "Eunoia", "amenity": "restaurant", "cuisine": "fusion;mexican;mediterranean;japanese", "edge_u": 12974478434, "edge_v": 49870270, "edge_key": 0, "nearest_node": 49870270, "snap_dist_m": 25.5, "node_dist_m": 25.6 }, "geometry": { "type": "Point", "coordinates": [ -77.001868, 38.907998 ] } },
{ "type": "Feature", "properties": { "element": "node", "id": 13158423168, "name": "Open Crumb", "amenity": "restaurant", "cuisine": "african", "edge_u": 49774088, "edge_v": 49790033, "edge_key": 0, "nearest_node": 49774088, "snap_dist_m": 11.8, "node_dist_m": 36.3 }, "geometry": { "type": "Point", "coordinates": [ -76.9938926, 38.900511 ] } },
{ "type": "Feature", "properties": { "element": "node", "id": 13165345602, "name": "BaseBowl", "amenity": "restaurant", "cuisine": "chinese", "edge_u": 49740442, "edge_v": 11198264296, "edge_key": 0, "nearest_node": 49740442, "snap_dist_m": 14.6, "node_dist_m": 43.7 }, "geometry": { "type": "Point", "coordinates": [ -77.0076331, 38.875011499999978 ] } },
{ "type": "Feature", "properties": { "element": "node", "id": 13165345604, "name": "Compass Coffee", "amenity": "cafe", "cuisine": "coffee_shop", "edge_u": 49740442, "edge_v": 11198264296, "edge_key": 0, "nearest_node": 11198264296, "snap_dist_m": 14.6, "node_dist_m": 90.9 }, "geometry": { "type": "Point", "coordinates": [ -77.0076325, 38.875666699999982 ] } },
{ "type": "Feature", "properties": { "element": "node", "id": 13170458097, "name": "The Big Chef", "amenity": "cafe", "cuisine": "crepe;sandwich", "edge_u": 49848686, "edge_v": 49791610, "edge_key": 0, "nearest_node": 49848686, "snap_dist_m": 21.0, "node_dist_m": 39.8 }, "geometry": { "type": "Point", "coordinates": [ -77.0123962, 38.915130499999975 ] } },
{ "type": "Feature", "properties": { "element": "node", "id": 13176693590, "name": "Juneberry Garage", "amenity": "restaurant", "cuisine": "burger;pizza;sandwich;brunch", "edge_u": 49819895, "edge_v": 9190361341, "edge_key": 0, "nearest_node": 9190361341, "snap_dist_m": 22.8, "node_dist_m": 66.1 }, "geometry": { "type": "Point", "coordinates": [ -77.0291645, 38.9728449 ] } },
{ "type": "Feature", "properties": { "element": "node", "id": 13177660844, "name": "Moxies", "amenity": "restaurant", "cuisine": null, "edge_u": 49797586, "edge_v": 49809177, "edge_key": 0, "nearest_node": 49797586, "snap_dist_m": 17.6, "node_dist_m": 25.8 }, "geometry": { "type": "Point", "coordinates": [ -77.0446906, 38.903894499999979 ] } },
{ "type": "Feature", "properties": { "element": "node", "id": 13194781269, "name": "Cafe Phillips", "amenity": "cafe", "cuisine": "coffee_shop", "edge_u": 3001375539, "edge_v": 49771475, "edge_key": 0, "nearest_node": 3001353540, "snap_dist_m": 18.9, "node_dist_m": 90.4 }, "geometry": { "type": "Point", "coordinates": [ -77.0101766, 38.897176100000017 ] } },
{ "type": "Feature", "properties": { "element": "node", "id": 13195755137, "name": "Lucky Pollo Peruvian Chicken", "amenity": "fast_food", "cuisine": "chicken", "edge_u": 49745240, "edge_v": 49809721, "edge_key": 0, "nearest_node": 49745240, "snap_dist_m": 13.0, "node_dist_m": 55.3 }, "geometry": { "type": "Point", "coordinates": [ -77.0313325, 38.9171242 ] } },
{ "type": "Feature", "properties": { "element": "node", "id": 13196910644, "name": "Quill and Crumb", "amenity": "cafe", "cuisine": null, "edge_u": 49750455, "edge_v": 49756881, "edge_key": 0, "nearest_node": 49756881, "snap_dist_m": 31.7, "node_dist_m": 58.9 }, "geometry": { "type": "Point", "coordinates": [ -77.0026105, 38.889529900000014 ] } },
{ "type": "Feature", "properties": { "element": "node", "id": 13198681701, "name": "Primrose", "amenity": "restaurant", "cuisine": "french", "edge_u": 49804146, "edge_v": 49804134, "edge_key": 0, "nearest_node": 49804146, "snap_dist_m": 14.4, "node_dist_m": 21.8 }, "geometry": { "type": "Point", "coordinates": [ -76.9908027, 38.9277223 ] } },
{ "type": "Feature", "properties": { "element": "node", "id": 13201794470, "name": "Nando's", "amenity": "restaurant", "cuisine": "chicken;portuguese", "edge_u": 49774079, "edge_v": 49741058, "edge_key": 0, "nearest_node": 49741058, "snap_dist_m": 14.8, "node_dist_m": 46.6 }, "geometry": { "type": "Point", "coordinates": [ -77.0000613, 38.9000781 ] } },
{ "type": "Feature", "properties": { "element": "node", "id": 13202590513, "name": "Nash & Smashed", "amenity": "fast_food", "cuisine": "burger;chicken", "edge_u": 49774088, "edge_v": 49774087, "edge_key": 0, "nearest_node": 49774088, "snap_dist_m": 16.2, "node_dist_m": 38.1 }, "geometry": { "type": "Point", "coordinates": [ -76.9941548, 38.9000568 ] } },
{ "type": "Feature", "properties": { "element": "node", "id": 13203502712, "name": "Caspian Crust", "amenity": "cafe", "cuisine": null, "edge_u": 49748460, "edge_v": 49776112, "edge_key": 0, "nearest_node": 49748460, "snap_dist_m": 13.6, "node_dist_m": 52.7 }, "geometry": { "type": "Point", "coordinates": [ -77.0676981, 38.91529160000001 ] } },
{ "type": "Feature", "properties": { "element": "node", "id": 13203650036, "name": "Safa Halal", "amenity": "restaurant", "cuisine": "middle_eastern;american", "edge_u": 49865817, "edge_v": 3531416323, "edge_key": 0, "nearest_node": 49865817, "snap_dist_m": 15.9, "node_dist_m": 28.0 }, "geometry": { "type": "Point", "coordinates": [ -77.0414741, 38.9160883 ] } },
{ "type": "Feature", "properties": { "element": "node", "id": 13204028749, "name": "Obelisk", "amenity": "restaurant", "cuisine": "italian", "edge_u": 49741730, "edge_v": 49764791, "edge_key": 0, "nearest_node": 49741730, "snap_dist_m": 23.4, "node_dist_m": 40.4 }, "geometry": { "type": "Point", "coordinates": [ -77.0462535, 38.9098585 ] } },
{ "type": "Feature", "properties": { "element": "node", "id": 13204037437, "name": "Dōgon", "amenity": "restaurant", "cuisine": null, "edge_u": 982859843, "edge_v": 49828695, "edge_key": 0, "nearest_node": 49828695, "snap_dist_m": 24.6, "node_dist_m": 76.4 }, "geometry": { "type": "Point", "coordinates": [ -77.0302212, 38.883592 ] } },
{ "type": "Feature", "properties": { "element": "node", "id": 13204966578, "name": "My Little Chamomile", "amenity": "restaurant", "cuisine": "turkish", "edge_u": 49743415, "edge_v": 49829250, "edge_key": 0, "nearest_node": 49743415, "snap_dist_m": 34.8, "node_dist_m": 54.2 }, "geometry": { "type": "Point", "coordinates": [ -77.0634415, 38.9036755 ] } },
{ "type": "Feature", "properties": { "element": "node", "id": 13205222524, "name": "Café Joy", "amenity": "cafe", "cuisine": "coffee_shop;sandwich;pastry", "edge_u": 4807040759, "edge_v": 49780078, "edge_key": 0, "nearest_node": 4807040759, "snap_dist_m": 15.9, "node_dist_m": 23.1 }, "geometry": { "type": "Point", "coordinates": [ -77.0243096, 38.9094985 ] } },
{ "type": "Feature", "properties": { "element": "node", "id": 13227833736, "name": "Chipotle", "amenity": "fast_food", "cuisine": "mexican", "edge_u": 49753014, "edge_v": 49842417, "edge_key": 0, "nearest_node": 49753014, "snap_dist_m": 17.9, "node_dist_m": 28.4 }, "geometry": { "type": "Point", "coordinates": [ -77.0060932, 38.904505400000012 ] } },
{ "type": "Feature", "properties": { "element": "node", "id": 13231726323, "name": "maman Penn Quarter", "amenity": "cafe", "cuisine": null, "edge_u": 3669554865, "edge_v": 3669554866, "edge_key": 0, "nearest_node": 3669554865, "snap_dist_m": 15.3, "node_dist_m": 32.5 }, "geometry": { "type": "Point", "coordinates": [ -77.0241556, 38.8995664 ] } },
{ "type": "Feature", "properties": { "element": "node", "id": 13259914861, "name": "Land of a Thousand Hills", "amenity": "cafe", "cuisine": "coffee_shop", "edge_u": 10992137994, "edge_v": 13259914865, "edge_key": 0, "nearest_node": 13259914865, "snap_dist_m": 12.1, "node_dist_m": 17.8 }, "geometry": { "type": "Point", "coordinates": [ -77.0319535, 38.9239033 ] } },
{ "type": "Feature", "properties": { "element": "node", "id": 13275408786, "name": "Legacy Hifi", "amenity": "restaurant", "cuisine": null, "edge_u": 3672563449, "edge_v": 49741274, "edge_key": 0, "nearest_node": 3672563449, "snap_dist_m": 25.6, "node_dist_m": 57.9 }, "geometry": { "type": "Point", "coordinates": [ -77.0422433, 38.9222757 ] } },
{ "type": "Feature", "properties": { "element": "node", "id": 13283504922, "name": "Compass Coffee", "amenity": "cafe", "cuisine": "coffee_shop", "edge_u": 49799643, "edge_v": 49799633, "edge_key": 0, "nearest_node": 49799643, "snap_dist_m": 36.6, "node_dist_m": 69.5 }, "geometry": { "type": "Point", "coordinates": [ -77.0289407, 38.8970257 ] } },
{ "type": "Feature", "properties": { "element": "node", "id": 13283529633, "name": "Compass Coffee", "amenity": "cafe", "cuisine": "coffee_shop", "edge_u": 3016708830, "edge_v": 641116184, "edge_key": 0, "nearest_node": 641116184, "snap_dist_m": 35.6, "node_dist_m": 36.3 }, "geometry": { "type": "Point", "coordinates": [ -77.0305727, 38.9029626 ] } },
{ "type": "Feature", "properties": { "element": "node", "id": 13283639067, "name": "Compass Coffee", "amenity": "cafe", "cuisine": "coffee_shop", "edge_u": 49745636, "edge_v": 1381307999, "edge_key": 0, "nearest_node": 49745636, "snap_dist_m": 18.2, "node_dist_m": 32.4 }, "geometry": { "type": "Point", "coordinates": [ -77.0322614, 38.9014997 ] } },
{ "type": "Feature", "properties": { "element": "node", "id": 13291183699, "name": "The Coffee Shop @ No Goodbyes", "amenity": "cafe", "cuisine": "coffee_shop", "edge_u": 49740244, "edge_v": 49769187, "edge_key": 0, "nearest_node": 49740244, "snap_dist_m": 23.4, "node_dist_m": 36.5 }, "geometry": { "type": "Point", "coordinates": [ -77.0417385, 38.9228628 ] } },
{ "type": "Feature", "properties": { "element": "node", "id": 13297276942, "name": "Nash & Smashed", "amenity": "fast_food", "cuisine": "burger;chicken", "edge_u": 49720056, "edge_v": 49761678, "edge_key": 0, "nearest_node": 49720045, "snap_dist_m": 39.2, "node_dist_m": 56.2 }, "geometry": { "type": "Point", "coordinates": [ -77.0705506, 38.9552408 ] } },
{ "type": "Feature", "properties": { "element": "node", "id": 13299733758, "name": "Cafe U", "amenity": "cafe", "cuisine": "coffee_shop", "edge_u": 49773581, "edge_v": 1017379708, "edge_key": 0, "nearest_node": 1017379708, "snap_dist_m": 17.0, "node_dist_m": 48.2 }, "geometry": { "type": "Point", "coordinates": [ -77.0265128, 38.9171611 ] } },
{ "type": "Feature", "properties": { "element": "node", "id": 13302753664, "name": "Bebop Korean-Mexican Grill", "amenity": "restaurant", "cuisine": null, "edge_u": 1021561599, "edge_v": 49811125, "edge_key": 0, "nearest_node": 1021561599, "snap_dist_m": 20.5, "node_dist_m": 23.1 }, "geometry": { "type": "Point", "coordinates": [ -77.0245902, 38.9364153 ] } },
{ "type": "Feature", "properties": { "element": "node", "id": 13324478141, "name": "Pops", "amenity": "fast_food", "cuisine": "bagel", "edge_u": 49763640, "edge_v": 4082394063, "edge_key": 0, "nearest_node": 49763640, "snap_dist_m": 19.8, "node_dist_m": 38.4 }, "geometry": { "type": "Point", "coordinates": [ -77.0382043, 38.9314885 ] } },
{ "type": "Feature", "properties": { "element": "node", "id": 13325613437, "name": "Johnny's Gourmet Deli and Subs", "amenity": "fast_food", "cuisine": "sandwich", "edge_u": 49764791, "edge_v": 49741730, "edge_key": 0, "nearest_node": 49764791, "snap_dist_m": 19.5, "node_dist_m": 28.2 }, "geometry": { "type": "Point", "coordinates": [ -77.0459935, 38.90947340000001 ] } },
{ "type": "Feature", "properties": { "element": "node", "id": 13351577126, "name": "Sol Mexican Grill", "amenity": "restaurant", "cuisine": "mexican", "edge_u": 49780562, "edge_v": 49809189, "edge_key": 0, "nearest_node": 49809189, "snap_dist_m": 28.0, "node_dist_m": 48.7 }, "geometry": { "type": "Point", "coordinates": [ -77.04377, 38.906006 ] } },
{ "type": "Feature", "properties": { "element": "node", "id": 13351577127, "name": "Sol Mexican Grill", "amenity": "restaurant", "cuisine": "mexican", "edge_u": 49888300, "edge_v": 49871679, "edge_key": 0, "nearest_node": 49888300, "snap_dist_m": 22.7, "node_dist_m": 39.4 }, "geometry": { "type": "Point", "coordinates": [ -77.082999, 38.9545 ] } },
{ "type": "Feature", "properties": { "element": "node", "id": 13351635250, "name": "Taco Cantina", "amenity": "restaurant", "cuisine": "mexican", "edge_u": 1447308555, "edge_v": 49752115, "edge_key": 0, "nearest_node": 49752115, "snap_dist_m": 34.0, "node_dist_m": 36.1 }, "geometry": { "type": "Point", "coordinates": [ -77.057263, 38.9341612 ] } },
{ "type": "Feature", "properties": { "element": "node", "id": 13360675145, "name": "Starbucks", "amenity": "cafe", "cuisine": "coffee_shop", "edge_u": 622721012, "edge_v": 3005713074, "edge_key": 0, "nearest_node": 3005831881, "snap_dist_m": 3.8, "node_dist_m": 53.2 }, "geometry": { "type": "Point", "coordinates": [ -77.023931300000015, 38.8841072 ] } },
{ "type": "Feature", "properties": { "element": "node", "id": 13360735820, "name": "Potbelly", "amenity": "fast_food", "cuisine": "sandwich", "edge_u": 49796861, "edge_v": 49796854, "edge_key": 0, "nearest_node": 49796861, "snap_dist_m": 18.5, "node_dist_m": 52.0 }, "geometry": { "type": "Point", "coordinates": [ -77.0213471, 38.8850072 ] } },
{ "type": "Feature", "properties": { "element": "node", "id": 13374657694, "name": "Unido Coffee Roasters", "amenity": "cafe", "cuisine": null, "edge_u": 8636398137, "edge_v": 5445858813, "edge_key": 0, "nearest_node": 8636398137, "snap_dist_m": 11.8, "node_dist_m": 24.8 }, "geometry": { "type": "Point", "coordinates": [ -77.0245544, 38.9190297 ] } },
{ "type": "Feature", "properties": { "element": "node", "id": 13374732189, "name": "Claudio's Table", "amenity": "restaurant", "cuisine": "italian", "edge_u": 2896020572, "edge_v": 2896020586, "edge_key": 0, "nearest_node": 2896020586, "snap_dist_m": 10.1, "node_dist_m": 16.9 }, "geometry": { "type": "Point", "coordinates": [ -77.106614, 38.929948 ] } },
{ "type": "Feature", "properties": { "element": "node", "id": 13374732190, "name": "Kung Fu Tea", "amenity": "cafe", "cuisine": "bubble_tea", "edge_u": 2896020572, "edge_v": 2896020586, "edge_key": 0, "nearest_node": 2896020586, "snap_dist_m": 12.4, "node_dist_m": 23.2 }, "geometry": { "type": "Point", "coordinates": [ -77.1065568, 38.9299111 ] } },
{ "type": "Feature", "properties": { "element": "node", "id": 13387679832, "name": "Aboveground Union Market", "amenity": "cafe", "cuisine": "british", "edge_u": 49777245, "edge_v": 49770423, "edge_key": 0, "nearest_node": 49770423, "snap_dist_m": 44.7, "node_dist_m": 49.8 }, "geometry": { "type": "Point", "coordinates": [ -76.9975035, 38.908626599999984 ] } },
{ "type": "Feature", "properties": { "element": "node", "id": 13391307979, "name": "Bozzelli's", "amenity": "restaurant", "cuisine": null, "edge_u": 641119742, "edge_v": 4001469117, "edge_key": 0, "nearest_node": 49787616, "snap_dist_m": 51.2, "node_dist_m": 58.3 }, "geometry": { "type": "Point", "coordinates": [ -77.0599322, 38.9020747 ] } },
{ "type": "Feature", "properties": { "element": "node", "id": 13414131179, "name": "Chicken Whiskey", "amenity": "restaurant", "cuisine": null, "edge_u": 49740448, "edge_v": 49740442, "edge_key": 0, "nearest_node": 49740448, "snap_dist_m": 22.1, "node_dist_m": 63.6 }, "geometry": { "type": "Point", "coordinates": [ -77.0065927, 38.8748406 ] } },
{ "type": "Feature", "properties": { "element": "node", "id": 13414152238, "name": "Tom's Watch Bar", "amenity": "restaurant", "cuisine": null, "edge_u": 49740442, "edge_v": 11198264296, "edge_key": 0, "nearest_node": 49740442, "snap_dist_m": 17.6, "node_dist_m": 75.2 }, "geometry": { "type": "Point", "coordinates": [ -77.0072621, 38.875299100000014 ] } },
{ "type": "Feature", "properties": { "element": "node", "id": 13414153043, "name": "Tropical Smoothie Cafe", "amenity": "fast_food", "cuisine": "juice", "edge_u": 49740442, "edge_v": 11198264296, "edge_key": 0, "nearest_node": 49740442, "snap_dist_m": 16.4, "node_dist_m": 60.6 }, "geometry": { "type": "Point", "coordinates": [ -77.0072762, 38.8751668 ] } },
{ "type": "Feature", "properties": { "element": "node", "id": 13423995446, "name": "Manny and Olga's", "amenity": "fast_food", "cuisine": "pizza", "edge_u": 49745232, "edge_v": 49745225, "edge_key": 0, "nearest_node": 49745232, "snap_dist_m": 17.7, "node_dist_m": 38.9 }, "geometry": { "type": "Point", "coordinates": [ -77.031749, 38.9152768 ] } },
{ "type": "Feature", "properties": { "element": "node", "id": 13448500283, "name": "2 Sisters Deli", "amenity": "fast_food", "cuisine": "sandwich", "edge_u": 49777556, "edge_v": 49779839, "edge_key": 0, "nearest_node": 49777556, "snap_dist_m": 15.6, "node_dist_m": 50.9 }, "geometry": { "type": "Point", "coordinates": [ -77.0181164, 38.8859017 ] } },
{ "type": "Feature", "properties": { "element": "node", "id": 13523224778, "name": "Peruvian Brothers", "amenity": "restaurant", "cuisine": "peruvian", "edge_u": 7494204320, "edge_v": 7494204321, "edge_key": 0, "nearest_node": 7494204321, "snap_dist_m": 22.7, "node_dist_m": 53.3 }, "geometry": { "type": "Point", "coordinates": [ -76.999742, 38.908866 ] } },
{ "type": "Feature", "properties": { "element": "node", "id": 13529100597, "name": "Abu Layla", "amenity": "fast_food", "cuisine": null, "edge_u": 642044476, "edge_v": 11831784024, "edge_key": 0, "nearest_node": 11831784024, "snap_dist_m": 215.8, "node_dist_m": 216.3 }, "geometry": { "type": "Point", "coordinates": [ -77.011017, 38.8454385 ] } },
{ "type": "Feature", "properties": { "element": "node", "id": 13534606801, "name": "Teashi", "amenity": "restaurant", "cuisine": "bubble_tea;chinese", "edge_u": 49809200, "edge_v": 49780562, "edge_key": 0, "nearest_node": 49809200, "snap_dist_m": 19.0, "node_dist_m": 40.3 }, "geometry": { "type": "Point", "coordinates": [ -77.0436651, 38.906924799999977 ] } },
{ "type": "Feature", "properties": { "element": "node", "id": 13573731794, "name": "Dog Haus", "amenity": "fast_food", "cuisine": "hot_dog", "edge_u": 49820743, "edge_v": 49722743, "edge_key": 0, "nearest_node": 49820743, "snap_dist_m": 20.0, "node_dist_m": 30.5 }, "geometry": { "type": "Point", "coordinates": [ -77.0651474, 38.946485599999974 ] } },
{ "type": "Feature", "properties": { "element": "node", "id": 13606137644, "name": "Rimtang", "amenity": "restaurant", "cuisine": "thai", "edge_u": 705729431, "edge_v": 49822884, "edge_key": 0, "nearest_node": 705729431, "snap_dist_m": 7.2, "node_dist_m": 29.6 }, "geometry": { "type": "Point", "coordinates": [ -77.0659302, 38.904690299999984 ] } },
{ "type": "Feature", "properties": { "element": "node", "id": 13610561438, "name": "Hedzole", "amenity": "restaurant", "cuisine": "ghanaian;african", "edge_u": 3370866946, "edge_v": 49731621, "edge_key": 0, "nearest_node": 49731621, "snap_dist_m": 20.7, "node_dist_m": 57.7 }, "geometry": { "type": "Point", "coordinates": [ -77.0327584, 38.956491199999988 ] } },
{ "type": "Feature", "properties": { "element": "node", "id": 13612223706, "name": "La' Shukran", "amenity": "restaurant", "cuisine": "middle_eastern;lebanese", "edge_u": 49819478, "edge_v": 49816382, "edge_key": 0, "nearest_node": 49816382, "snap_dist_m": 34.1, "node_dist_m": 50.0 }, "geometry": { "type": "Point", "coordinates": [ -76.999504, 38.907293 ] } },
{ "type": "Feature", "properties": { "element": "node", "id": 13612223740, "name": "Alero", "amenity": "restaurant", "cuisine": "mexican", "edge_u": 12974478434, "edge_v": 958981230, "edge_key": 0, "nearest_node": 958981230, "snap_dist_m": 13.7, "node_dist_m": 27.1 }, "geometry": { "type": "Point", "coordinates": [ -77.0030496, 38.9084167 ] } },
{ "type": "Feature", "properties": { "element": "node", "id": 13620825097, "name": "Aroma Express", "amenity": "cafe", "cuisine": "latin_american;coffee_shop;coffee", "edge_u": 49799817, "edge_v": 49799808, "edge_key": 0, "nearest_node": 49799817, "snap_dist_m": 18.8, "node_dist_m": 27.3 }, "geometry": { "type": "Point", "coordinates": [ -77.043242, 38.8975299 ] } },
{ "type": "Feature", "properties": { "element": "node", "id": 13628899685, "name": "Mars Cafe", "amenity": "fast_food", "cuisine": null, "edge_u": 49855611, "edge_v": 3522722795, "edge_key": 0, "nearest_node": 49855611, "snap_dist_m": 52.4, "node_dist_m": 57.0 }, "geometry": { "type": "Point", "coordinates": [ -77.0201682, 38.888042700000014 ] } },
{ "type": "Feature", "properties": { "element": "node", "id": 13648582867, "name": "Ingle Korean Steakhouse", "amenity": "restaurant", "cuisine": "korean", "edge_u": 49745240, "edge_v": 49745235, "edge_key": 0, "nearest_node": 49745235, "snap_dist_m": 20.0, "node_dist_m": 23.3 }, "geometry": { "type": "Point", "coordinates": [ -77.0321827, 38.9164 ] } },
{ "type": "Feature", "properties": { "element": "node", "id": 13648582874, "name": "Mallard", "amenity": "restaurant", "cuisine": "southern;american", "edge_u": 49745186, "edge_v": 49745188, "edge_key": 0, "nearest_node": 49745188, "snap_dist_m": 18.4, "node_dist_m": 46.2 }, "geometry": { "type": "Point", "coordinates": [ -77.0317415, 38.90846220000001 ] } },
{ "type": "Feature", "properties": { "element": "node", "id": 13651165914, "name": "Gypsy Kitchen", "amenity": "restaurant", "cuisine": "mediterranean", "edge_u": 49745232, "edge_v": 49745225, "edge_key": 0, "nearest_node": 49745225, "snap_dist_m": 23.2, "node_dist_m": 23.6 }, "geometry": { "type": "Point", "coordinates": [ -77.0316846, 38.914882 ] } },
{ "type": "Feature", "properties": { "element": "node", "id": 13665495601, "name": "Nero", "amenity": "restaurant", "cuisine": "italian", "edge_u": 49780562, "edge_v": 49809189, "edge_key": 0, "nearest_node": 49809189, "snap_dist_m": 23.2, "node_dist_m": 49.7 }, "geometry": { "type": "Point", "coordinates": [ -77.0431795, 38.9060398 ] } },
{ "type": "Feature", "properties": { "element": "node", "id": 13667287061, "name": "Bodega", "amenity": "restaurant", "cuisine": "mexican", "edge_u": 1443727088, "edge_v": 49741703, "edge_key": 0, "nearest_node": 49741703, "snap_dist_m": 12.2, "node_dist_m": 58.9 }, "geometry": { "type": "Point", "coordinates": [ -77.0473175, 38.9008067 ] } },
{ "type": "Feature", "properties": { "element": "node", "id": 13667287063, "name": "Bullfrog Bagels", "amenity": "fast_food", "cuisine": "bagel", "edge_u": 49741703, "edge_v": 4975093911, "edge_key": 0, "nearest_node": 4975093911, "snap_dist_m": 22.1, "node_dist_m": 49.6 }, "geometry": { "type": "Point", "coordinates": [ -77.0456618, 38.900504099999985 ] } },
{ "type": "Feature", "properties": { "element": "node", "id": 13708890553, "name": "El Cielo", "amenity": "restaurant", "cuisine": "latin_american", "edge_u": 49741104, "edge_v": 7494204321, "edge_key": 0, "nearest_node": 49741104, "snap_dist_m": 15.6, "node_dist_m": 26.1 }, "geometry": { "type": "Point", "coordinates": [ -76.9994302, 38.909069 ] } },
{ "type": "Feature", "properties": { "element": "node", "id": 13711899442, "name": "Peruvian Brothers", "amenity": "restaurant", "cuisine": "peruvian", "edge_u": 647026153, "edge_v": 49735404, "edge_key": 0, "nearest_node": 5556599906, "snap_dist_m": 36.6, "node_dist_m": 50.2 }, "geometry": { "type": "Point", "coordinates": [ -77.0096989, 38.898595799999981 ] } },
{ "type": "Feature", "properties": { "element": "node", "id": 13715137955, "name": "2AM Project", "amenity": "restaurant", "cuisine": "sandwich;seafood;southern", "edge_u": 49774079, "edge_v": 49741058, "edge_key": 0, "nearest_node": 49741058, "snap_dist_m": 14.7, "node_dist_m": 38.8 }, "geometry": { "type": "Point", "coordinates": [ -77.0001565, 38.9003436 ] } },
{ "type": "Feature", "properties": { "element": "node", "id": 13753674698, "name": "Jackie's", "amenity": "restaurant", "cuisine": null, "edge_u": 49759499, "edge_v": 5128694819, "edge_key": 0, "nearest_node": 49759499, "snap_dist_m": 26.6, "node_dist_m": 149.5 }, "geometry": { "type": "Point", "coordinates": [ -77.006058400000015, 38.871642099999988 ] } },
{ "type": "Feature", "properties": { "element": "node", "id": 13762141343, "name": "Public Interest", "amenity": "restaurant", "cuisine": null, "edge_u": 641116258, "edge_v": 641116226, "edge_key": 0, "nearest_node": 641116226, "snap_dist_m": 15.7, "node_dist_m": 25.0 }, "geometry": { "type": "Point", "coordinates": [ -77.0414455, 38.902254400000011 ] } },
{ "type": "Feature", "properties": { "element": "node", "id": 13767408207, "name": "Bullfrog Bagels", "amenity": "fast_food", "cuisine": null, "edge_u": 49756578, "edge_v": 3240030410, "edge_key": 0, "nearest_node": 3240030410, "snap_dist_m": 79.7, "node_dist_m": 98.3 }, "geometry": { "type": "Point", "coordinates": [ -77.006602500000014, 38.897851200000019 ] } },
{ "type": "Feature", "properties": { "element": "node", "id": 13785458560, "name": "Right Proper Kitchen", "amenity": "restaurant", "cuisine": null, "edge_u": 49767517, "edge_v": 49782349, "edge_key": 0, "nearest_node": 49782349, "snap_dist_m": 17.7, "node_dist_m": 22.7 }, "geometry": { "type": "Point", "coordinates": [ -76.995136400000021, 38.9325326 ] } },
{ "type": "Feature", "properties": { "element": "node", "id": 13785480741, "name": "Chick-fil-A", "amenity": "fast_food", "cuisine": "chicken", "edge_u": 49799817, "edge_v": 4001470337, "edge_key": 0, "nearest_node": 4001470337, "snap_dist_m": 21.8, "node_dist_m": 60.3 }, "geometry": { "type": "Point", "coordinates": [ -77.0437201, 38.8964951 ] } },
{ "type": "Feature", "properties": { "element": "node", "id": 13785493048, "name": "Grace Street Coffee Roasters at AIA", "amenity": "cafe", "cuisine": "coffee_shop", "edge_u": 49782040, "edge_v": 49799808, "edge_key": 0, "nearest_node": 49799808, "snap_dist_m": 50.7, "node_dist_m": 86.5 }, "geometry": { "type": "Point", "coordinates": [ -77.0411247, 38.896729700000016 ] } },
{ "type": "Feature", "properties": { "element": "node", "id": 13866850306, "name": "Cantina Paraiso", "amenity": "restaurant", "cuisine": "mexican", "edge_u": 3358724768, "edge_v": 3358724761, "edge_key": 0, "nearest_node": 3358724761, "snap_dist_m": 26.6, "node_dist_m": 47.0 }, "geometry": { "type": "Point", "coordinates": [ -77.0269253, 38.9761784 ] } },
{ "type": "Feature", "properties": { "element": "node", "id": 13894343502, "name": "Others Coffee", "amenity": "cafe", "cuisine": null, "edge_u": 49836253, "edge_v": 49837606, "edge_key": 0, "nearest_node": 49837606, "snap_dist_m": 14.3, "node_dist_m": 19.3 }, "geometry": { "type": "Point", "coordinates": [ -77.0401842, 38.9178545 ] } },
{ "type": "Feature", "properties": { "element": "node", "id": 13897679085, "name": "Paris Baguette", "amenity": "cafe", "cuisine": null, "edge_u": 12687209031, "edge_v": 12687209032, "edge_key": 0, "nearest_node": 12687209031, "snap_dist_m": 30.4, "node_dist_m": 52.9 }, "geometry": { "type": "Point", "coordinates": [ -77.0766301, 38.941667 ] } },
{ "type": "Feature", "properties": { "element": "node", "id": 13900152491, "name": "Tropical Smoothie Cafe", "amenity": "fast_food", "cuisine": "juice", "edge_u": 3665450112, "edge_v": 3665450115, "edge_key": 0, "nearest_node": 3665450111, "snap_dist_m": 20.2, "node_dist_m": 23.0 }, "geometry": { "type": "Point", "coordinates": [ -77.0272595, 38.9724553 ] } },
{ "type": "Feature", "properties": { "element": "node", "id": 13900359379, "name": "Oohh's & Aahh's", "amenity": "restaurant", "cuisine": "american;southern", "edge_u": 642885424, "edge_v": 49789369, "edge_key": 0, "nearest_node": 49789369, "snap_dist_m": 30.3, "node_dist_m": 42.9 }, "geometry": { "type": "Point", "coordinates": [ -77.0275623, 38.9624118 ] } },
{ "type": "Feature", "properties": { "element": "node", "id": 13900359380, "name": "Three Whistles", "amenity": "cafe", "cuisine": null, "edge_u": 8903139403, "edge_v": 642885424, "edge_key": 0, "nearest_node": 8903139403, "snap_dist_m": 17.8, "node_dist_m": 22.8 }, "geometry": { "type": "Point", "coordinates": [ -77.0283243, 38.9611014 ] } },
{ "type": "Feature", "properties": { "element": "node", "id": 13900359382, "name": "Deset Ethiopian Restaurant", "amenity": "restaurant", "cuisine": "ethiopian", "edge_u": 1013367449, "edge_v": 49789376, "edge_key": 0, "nearest_node": 49789376, "snap_dist_m": 11.2, "node_dist_m": 21.6 }, "geometry": { "type": "Point", "coordinates": [ -77.0279221, 38.9648527 ] } },
{ "type": "Feature", "properties": { "element": "node", "id": 13915037060, "name": "Bluestone Lane", "amenity": "cafe", "cuisine": null, "edge_u": 9676179712, "edge_v": 49845726, "edge_key": 0, "nearest_node": 49845726, "snap_dist_m": 20.3, "node_dist_m": 43.6 }, "geometry": { "type": "Point", "coordinates": [ -77.0414592, 38.905295 ] } },
{ "type": "Feature", "properties": { "element": "node", "id": 13915037061, "name": "7th Street Burger", "amenity": "fast_food", "cuisine": "burger", "edge_u": 49845726, "edge_v": 49809189, "edge_key": 0, "nearest_node": 49809189, "snap_dist_m": 17.9, "node_dist_m": 56.2 }, "geometry": { "type": "Point", "coordinates": [ -77.0428391, 38.9054781 ] } },
{ "type": "Feature", "properties": { "element": "node", "id": 13918203404, "name": "Dolcezza", "amenity": "cafe", "cuisine": "ice_cream", "edge_u": 1440867110, "edge_v": 1379471024, "edge_key": 0, "nearest_node": 1379471024, "snap_dist_m": 14.2, "node_dist_m": 42.8 }, "geometry": { "type": "Point", "coordinates": [ -77.0455842, 38.9128838 ] } },
{ "type": "Feature", "properties": { "element": "node", "id": 13918203414, "name": "Bread Furst", "amenity": "cafe", "cuisine": null, "edge_u": 49741737, "edge_v": 49741735, "edge_key": 0, "nearest_node": 49741737, "snap_dist_m": 31.7, "node_dist_m": 31.7 }, "geometry": { "type": "Point", "coordinates": [ -77.0469967, 38.9118712 ] } },
{ "type": "Feature", "properties": { "element": "node", "id": 13918203454, "name": "Alero", "amenity": "restaurant", "cuisine": "mexican", "edge_u": 2974621123, "edge_v": 1379505588, "edge_key": 0, "nearest_node": 49756373, "snap_dist_m": 13.3, "node_dist_m": 35.9 }, "geometry": { "type": "Point", "coordinates": [ -77.044538, 38.9120549 ] } },
{ "type": "Feature", "properties": { "element": "node", "id": 13918278488, "name": "Simon's Wok and Grill", "amenity": "fast_food", "cuisine": "chinese", "edge_u": 1360061145, "edge_v": 49789342, "edge_key": 0, "nearest_node": 49789342, "snap_dist_m": 14.0, "node_dist_m": 19.9 }, "geometry": { "type": "Point", "coordinates": [ -77.0278854, 38.956356 ] } },
{ "type": "Feature", "properties": { "element": "node", "id": 13918278489, "name": "Yum's Carryout", "amenity": "fast_food", "cuisine": "chinese", "edge_u": 49772747, "edge_v": 49772744, "edge_key": 0, "nearest_node": 49772747, "snap_dist_m": 15.2, "node_dist_m": 21.7 }, "geometry": { "type": "Point", "coordinates": [ -77.0221291, 38.956240699999988 ] } },
{ "type": "Feature", "properties": { "element": "node", "id": 13918278490, "name": "Tony's Place", "amenity": "restaurant", "cuisine": null, "edge_u": 49825409, "edge_v": 49772747, "edge_key": 0, "nearest_node": 49772747, "snap_dist_m": 16.6, "node_dist_m": 38.1 }, "geometry": { "type": "Point", "coordinates": [ -77.0219071, 38.9562384 ] } },
{ "type": "Feature", "properties": { "element": "node", "id": 13918292906, "name": "Sonnie's", "amenity": "restaurant", "cuisine": "ethiopian", "edge_u": 49875098, "edge_v": 49848820, "edge_key": 0, "nearest_node": 49848820, "snap_dist_m": 18.3, "node_dist_m": 45.6 }, "geometry": { "type": "Point", "coordinates": [ -77.0120911, 38.9564258 ] } },
{ "type": "Feature", "properties": { "element": "node", "id": 13920522321, "name": "Elmina", "amenity": "restaurant", "cuisine": "african", "edge_u": 49745247, "edge_v": 11332977605, "edge_key": 0, "nearest_node": 49745247, "snap_dist_m": 22.0, "node_dist_m": 43.9 }, "geometry": { "type": "Point", "coordinates": [ -77.032207, 38.919541 ] } },
{ "type": "Feature", "properties": { "element": "node", "id": 13937662345, "name": "Mexicana Grill", "amenity": "fast_food", "cuisine": "mexican", "edge_u": 49855611, "edge_v": 49828677, "edge_key": 0, "nearest_node": 49855611, "snap_dist_m": 4.8, "node_dist_m": 28.1 }, "geometry": { "type": "Point", "coordinates": [ -77.0198519, 38.887322100000013 ] } },
{ "type": "Feature", "properties": { "element": "node", "id": 13960159547, "name": null, "amenity": "restaurant", "cuisine": "sushi", "edge_u": 641964881, "edge_v": 49850651, "edge_key": 0, "nearest_node": 8299152846, "snap_dist_m": 109.4, "node_dist_m": 151.6 }, "geometry": { "type": "Point", "coordinates": [ -77.0086811, 38.8866069 ] } },
{ "type": "Feature", "properties": { "element": "node", "id": 13961186765, "name": "For Five Coffee Roasters", "amenity": "cafe", "cuisine": "coffee_shop", "edge_u": 49809189, "edge_v": 49809177, "edge_key": 0, "nearest_node": 49809189, "snap_dist_m": 20.2, "node_dist_m": 60.6 }, "geometry": { "type": "Point", "coordinates": [ -77.0436834, 38.9051305 ] } },
{ "type": "Feature", "properties": { "element": "node", "id": 13962675338, "name": "Ten Ten West End", "amenity": "restaurant", "cuisine": "american;seafood;international", "edge_u": 1645991534, "edge_v": 647622728, "edge_key": 0, "nearest_node": 1645991534, "snap_dist_m": 18.5, "node_dist_m": 54.0 }, "geometry": { "type": "Point", "coordinates": [ -77.0495419, 38.9034373 ] } },
{ "type": "Feature", "properties": { "element": "node", "id": 13963459952, "name": "Cool Coffee", "amenity": "cafe", "cuisine": null, "edge_u": 49821763, "edge_v": 49806922, "edge_key": 0, "nearest_node": 49821763, "snap_dist_m": 18.4, "node_dist_m": 37.4 }, "geometry": { "type": "Point", "coordinates": [ -76.9902391, 38.937411500000017 ] } },
{ "type": "Feature", "properties": { "element": "node", "id": 13982841001, "name": "Earlybird DC", "amenity": "restaurant", "cuisine": null, "edge_u": 49747466, "edge_v": 49747467, "edge_key": 0, "nearest_node": 49747467, "snap_dist_m": 25.2, "node_dist_m": 44.4 }, "geometry": { "type": "Point", "coordinates": [ -77.0052687, 38.8786398 ] } },
{ "type": "Feature", "properties": { "element": "node", "id": 14003869300, "name": "Thai Pad", "amenity": "restaurant", "cuisine": "thai", "edge_u": 49820743, "edge_v": 49820757, "edge_key": 0, "nearest_node": 49820757, "snap_dist_m": 23.4, "node_dist_m": 53.5 }, "geometry": { "type": "Point", "coordinates": [ -77.0652034, 38.9475878 ] } },
{ "type": "Feature", "properties": { "element": "node", "id": 14011469586, "name": "Steak Frites", "amenity": "restaurant", "cuisine": null, "edge_u": 49774098, "edge_v": 49739609, "edge_key": 0, "nearest_node": 49774098, "snap_dist_m": 18.7, "node_dist_m": 85.2 }, "geometry": { "type": "Point", "coordinates": [ -76.9873498, 38.900368400000012 ] } },
{ "type": "Feature", "properties": { "element": "node", "id": 14011476685, "name": "Mex-Taqueria Cantina", "amenity": "restaurant", "cuisine": null, "edge_u": 49774098, "edge_v": 49739609, "edge_key": 0, "nearest_node": 49774098, "snap_dist_m": 16.7, "node_dist_m": 80.4 }, "geometry": { "type": "Point", "coordinates": [ -76.9874006, 38.9003507 ] } },
{ "type": "Feature", "properties": { "element": "node", "id": 14011505640, "name": "EV Lounge DC", "amenity": "restaurant", "cuisine": null, "edge_u": 49774098, "edge_v": 49739609, "edge_key": 0, "nearest_node": 49739609, "snap_dist_m": 15.0, "node_dist_m": 64.1 }, "geometry": { "type": "Point", "coordinates": [ -76.9862231, 38.9003363 ] } },
{ "type": "Feature", "properties": { "element": "node", "id": 14013567606, "name": "Macon Bistro and Larder", "amenity": "restaurant", "cuisine": "french;southern", "edge_u": 49820874, "edge_v": 49788610, "edge_key": 0, "nearest_node": 49788610, "snap_dist_m": 22.1, "node_dist_m": 34.9 }, "geometry": { "type": "Point", "coordinates": [ -77.0751519, 38.9636955 ] } },
{ "type": "Feature", "properties": { "element": "node", "id": 14027093169, "name": "Onggi", "amenity": "restaurant", "cuisine": "korean", "edge_u": 49716899, "edge_v": 49741730, "edge_key": 0, "nearest_node": 49741730, "snap_dist_m": 15.8, "node_dist_m": 25.7 }, "geometry": { "type": "Point", "coordinates": [ -77.0468652, 38.9095034 ] } },
{ "type": "Feature", "properties": { "element": "node", "id": 14040003601, "name": "Back Door Tacos", "amenity": "restaurant", "cuisine": "mexican", "edge_u": 49770676, "edge_v": 49770672, "edge_key": 0, "nearest_node": 49770672, "snap_dist_m": 34.4, "node_dist_m": 50.7 }, "geometry": { "type": "Point", "coordinates": [ -77.0381269, 38.9107254 ] } },
{ "type": "Feature", "properties": { "element": "node", "id": 14045988495, "name": "The Pool Terrace", "amenity": "restaurant", "cuisine": "american", "edge_u": 6777089504, "edge_v": 655662190, "edge_key": 0, "nearest_node": 6777089504, "snap_dist_m": 10.6, "node_dist_m": 47.0 }, "geometry": { "type": "Point", "coordinates": [ -77.0217884, 38.8771416 ] } },
{ "type": "Feature", "properties": { "element": "node", "id": 14052560101, "name": "For Five Coffee Roasters", "amenity": "cafe", "cuisine": null, "edge_u": 1381204541, "edge_v": 1381210497, "edge_key": 0, "nearest_node": 1381204541, "snap_dist_m": 15.3, "node_dist_m": 37.9 }, "geometry": { "type": "Point", "coordinates": [ -77.0452728, 38.901477 ] } },
{ "type": "Feature", "properties": { "element": "node", "id": 14065460809, "name": "Chadol Korean", "amenity": "restaurant", "cuisine": "korean", "edge_u": 1365013798, "edge_v": 5966168898, "edge_key": 0, "nearest_node": 4695979927, "snap_dist_m": 111.5, "node_dist_m": 183.0 }, "geometry": { "type": "Point", "coordinates": [ -76.9974947, 38.9220008 ] } },
{ "type": "Feature", "properties": { "element": "node", "id": 14065460811, "name": "Buffalo Wild Wings", "amenity": "restaurant", "cuisine": "wings", "edge_u": 3105427804, "edge_v": 814299119, "edge_key": 0, "nearest_node": 3105427804, "snap_dist_m": 12.2, "node_dist_m": 34.2 }, "geometry": { "type": "Point", "coordinates": [ -76.9953115, 38.920507900000011 ] } },
{ "type": "Feature", "properties": { "element": "way", "id": 48039595, "name": "We the Pizza", "amenity": "restaurant", "cuisine": "pizza", "edge_u": 49756892, "edge_v": 655442833, "edge_key": 0, "nearest_node": 49756892, "snap_dist_m": 25.4, "node_dist_m": 50.9 }, "geometry": { "type": "Point", "coordinates": [ -77.001723527123445, 38.886573932523703 ] } },
{ "type": "Feature", "properties": { "element": "way", "id": 48039713, "name": "Starbucks", "amenity": "cafe", "cuisine": "coffee_shop", "edge_u": 49756892, "edge_v": 49756894, "edge_key": 0, "nearest_node": 49756892, "snap_dist_m": 14.6, "node_dist_m": 21.6 }, "geometry": { "type": "Point", "coordinates": [ -77.002209419243087, 38.886816601892541 ] } },
{ "type": "Feature", "properties": { "element": "way", "id": 48039715, "name": "Santa Rosa Taqueria", "amenity": "restaurant", "cuisine": "mexican", "edge_u": 49756892, "edge_v": 49756894, "edge_key": 0, "nearest_node": 49756892, "snap_dist_m": 16.1, "node_dist_m": 41.9 }, "geometry": { "type": "Point", "coordinates": [ -77.001855163560464, 38.886611535828486 ] } },
{ "type": "Feature", "properties": { "element": "way", "id": 48056774, "name": "McDonald's", "amenity": "fast_food", "cuisine": "burger", "edge_u": 49853878, "edge_v": 49813347, "edge_key": 0, "nearest_node": 49813347, "snap_dist_m": 22.8, "node_dist_m": 43.0 }, "geometry": { "type": "Point", "coordinates": [ -77.029346641398064, 38.900599333585248 ] } },
{ "type": "Feature", "properties": { "element": "way", "id": 55254786, "name": "Creative Grounds DC", "amenity": "cafe", "cuisine": null, "edge_u": 647044202, "edge_v": 49848686, "edge_key": 0, "nearest_node": 647044202, "snap_dist_m": 14.7, "node_dist_m": 26.3 }, "geometry": { "type": "Point", "coordinates": [ -77.009437603936576, 38.914688866569321 ] } },
{ "type": "Feature", "properties": { "element": "way", "id": 55316661, "name": "Papa John's", "amenity": "fast_food", "cuisine": "pizza", "edge_u": 49810876, "edge_v": 49846846, "edge_key": 0, "nearest_node": 49810876, "snap_dist_m": 27.4, "node_dist_m": 86.8 }, "geometry": { "type": "Point", "coordinates": [ -77.024920466735935, 38.90700595351705 ] } },
{ "type": "Feature", "properties": { "element": "way", "id": 55317936, "name": "America's Best Wings", "amenity": "fast_food", "cuisine": "wings;seafood", "edge_u": 9300516158, "edge_v": 1479847898, "edge_key": 0, "nearest_node": 8411842743, "snap_dist_m": 19.7, "node_dist_m": 57.8 }, "geometry": { "type": "Point", "coordinates": [ -76.936721530431782, 38.889474892649972 ] } },
{ "type": "Feature", "properties": { "element": "way", "id": 55321103, "name": "Pie Shop", "amenity": "restaurant", "cuisine": "pie", "edge_u": 49739609, "edge_v": 49774098, "edge_key": 0, "nearest_node": 2428508011, "snap_dist_m": 30.8, "node_dist_m": 119.9 }, "geometry": { "type": "Point", "coordinates": [ -76.986921175457468, 38.899922380123606 ] } },
{ "type": "Feature", "properties": { "element": "way", "id": 55321822, "name": "McDonald's", "amenity": "fast_food", "cuisine": "burger", "edge_u": 5966168898, "edge_v": 49770179, "edge_key": 0, "nearest_node": 49770179, "snap_dist_m": 29.6, "node_dist_m": 38.1 }, "geometry": { "type": "Point", "coordinates": [ -76.99941326854271, 38.920515373120665 ] } },
{ "type": "Feature", "properties": { "element": "way", "id": 55323271, "name": "Ebenezer's Coffee House", "amenity": "cafe", "cuisine": null, "edge_u": 49794206, "edge_v": 49777871, "edge_key": 0, "nearest_node": 49794206, "snap_dist_m": 18.4, "node_dist_m": 30.5 }, "geometry": { "type": "Point", "coordinates": [ -77.003297701094823, 38.897117547378109 ] } },
{ "type": "Feature", "properties": { "element": "way", "id": 55324010, "name": "CAVA", "amenity": "restaurant", "cuisine": "mediterranean", "edge_u": 49756512, "edge_v": 49774081, "edge_key": 0, "nearest_node": 49774081, "snap_dist_m": 14.3, "node_dist_m": 29.8 }, "geometry": { "type": "Point", "coordinates": [ -76.998619372573046, 38.899974811174076 ] } },
{ "type": "Feature", "properties": { "element": "way", "id": 55331346, "name": "McDonald's", "amenity": "fast_food", "cuisine": "burger", "edge_u": 49789498, "edge_v": 5343232408, "edge_key": 0, "nearest_node": 5343232408, "snap_dist_m": 24.5, "node_dist_m": 26.5 }, "geometry": { "type": "Point", "coordinates": [ -76.982213336396583, 38.878627512412933 ] } },
{ "type": "Feature", "properties": { "element": "way", "id": 55332584, "name": "Rose's Luxury", "amenity": "restaurant", "cuisine": null, "edge_u": 49826586, "edge_v": 49787160, "edge_key": 0, "nearest_node": 49787160, "snap_dist_m": 23.3, "node_dist_m": 73.4 }, "geometry": { "type": "Point", "coordinates": [ -76.995261737099355, 38.880643793648083 ] } },
{ "type": "Feature", "properties": { "element": "way", "id": 55332586, "name": "Crazy Aunt Helen's", "amenity": "restaurant", "cuisine": null, "edge_u": 49826586, "edge_v": 49787160, "edge_key": 0, "nearest_node": 49787160, "snap_dist_m": 29.2, "node_dist_m": 63.1 }, "geometry": { "type": "Point", "coordinates": [ -76.995329076710419, 38.880767443159684 ] } },
{ "type": "Feature", "properties": { "element": "way", "id": 55366063, "name": "King City Restaurant and Carry out", "amenity": "restaurant", "cuisine": null, "edge_u": 49807555, "edge_v": 810755764, "edge_key": 0, "nearest_node": 49807555, "snap_dist_m": 20.6, "node_dist_m": 31.6 }, "geometry": { "type": "Point", "coordinates": [ -76.99259439339383, 38.86283390434464 ] } },
{ "type": "Feature", "properties": { "element": "way", "id": 66409318, "name": "Leo's GW Delicatessen", "amenity": "cafe", "cuisine": null, "edge_u": 1381307996, "edge_v": 49762264, "edge_key": 0, "nearest_node": 49762264, "snap_dist_m": 23.6, "node_dist_m": 55.9 }, "geometry": { "type": "Point", "coordinates": [ -77.048274374181347, 38.898553923256401 ] } },
{ "type": "Feature", "properties": { "element": "way", "id": 66418713, "name": "Refreshments", "amenity": "fast_food", "cuisine": "fast_food", "edge_u": 650017955, "edge_v": 4303519741, "edge_key": 0, "nearest_node": 4303519741, "snap_dist_m": 33.3, "node_dist_m": 146.3 }, "geometry": { "type": "Point", "coordinates": [ -77.030303283683935, 38.890151169675548 ] } },
{ "type": "Feature", "properties": { "element": "way", "id": 66418719, "name": "Bar Americano", "amenity": "cafe", "cuisine": null, "edge_u": 49802527, "edge_v": 49777546, "edge_key": 0, "nearest_node": 49855611, "snap_dist_m": 31.2, "node_dist_m": 167.2 }, "geometry": { "type": "Point", "coordinates": [ -77.019646562978821, 38.889063972350705 ] } },
{ "type": "Feature", "properties": { "element": "way", "id": 66418893, "name": "The Monocle", "amenity": "restaurant", "cuisine": null, "edge_u": 49763049, "edge_v": 49763044, "edge_key": 0, "nearest_node": 49763044, "snap_dist_m": 25.5, "node_dist_m": 67.9 }, "geometry": { "type": "Point", "coordinates": [ -77.005164358920737, 38.894567102916604 ] } },
{ "type": "Feature", "properties": { "element": "way", "id": 66418968, "name": "Refreshments", "amenity": "fast_food", "cuisine": "burger", "edge_u": 3003882945, "edge_v": 49729874, "edge_key": 0, "nearest_node": 49729874, "snap_dist_m": 33.5, "node_dist_m": 145.3 }, "geometry": { "type": "Point", "coordinates": [ -77.026262542013271, 38.890203023272896 ] } },
{ "type": "Feature", "properties": { "element": "way", "id": 66419014, "name": null, "amenity": "fast_food", "cuisine": null, "edge_u": 3005239459, "edge_v": 49894130, "edge_key": 0, "nearest_node": 3005239459, "snap_dist_m": 18.9, "node_dist_m": 188.0 }, "geometry": { "type": "Point", "coordinates": [ -77.037270445065658, 38.880051340230835 ] } },
{ "type": "Feature", "properties": { "element": "way", "id": 66419015, "name": "Refreshments", "amenity": "fast_food", "cuisine": "fast_food", "edge_u": 8427531415, "edge_v": 49802527, "edge_key": 0, "nearest_node": 262430827, "snap_dist_m": 40.3, "node_dist_m": 172.8 }, "geometry": { "type": "Point", "coordinates": [ -77.024251247563768, 38.889131361773067 ] } },
{ "type": "Feature", "properties": { "element": "way", "id": 66646387, "name": "Zorba's Café", "amenity": "cafe", "cuisine": "greek", "edge_u": 49741737, "edge_v": 49756373, "edge_key": 0, "nearest_node": 49756373, "snap_dist_m": 20.4, "node_dist_m": 31.4 }, "geometry": { "type": "Point", "coordinates": [ -77.045160691166259, 38.911693902670407 ] } },
{ "type": "Feature", "properties": { "element": "way", "id": 66680925, "name": "McDonald's", "amenity": "fast_food", "cuisine": "burger", "edge_u": 49809189, "edge_v": 49797596, "edge_key": 0, "nearest_node": 49797596, "snap_dist_m": 27.9, "node_dist_m": 60.2 }, "geometry": { "type": "Point", "coordinates": [ -77.044244787160125, 38.90540101242599 ] } },
{ "type": "Feature", "properties": { "element": "way", "id": 66680955, "name": null, "amenity": "restaurant", "cuisine": null, "edge_u": 49793777, "edge_v": 1381204541, "edge_key": 0, "nearest_node": 1381204541, "snap_dist_m": 26.0, "node_dist_m": 52.3 }, "geometry": { "type": "Point", "coordinates": [ -77.044348848125381, 38.901549491918388 ] } },
{ "type": "Feature", "properties": { "element": "way", "id": 66680983, "name": "Axion Food", "amenity": "restaurant", "cuisine": "sushi", "edge_u": 49793777, "edge_v": 1381204541, "edge_key": 0, "nearest_node": 1381204541, "snap_dist_m": 30.5, "node_dist_m": 61.1 }, "geometry": { "type": "Point", "coordinates": [ -77.044261541032839, 38.901589981628589 ] } },
{ "type": "Feature", "properties": { "element": "way", "id": 66816392, "name": "Pizzoli's", "amenity": "restaurant", "cuisine": "pizza", "edge_u": 49853917, "edge_v": 49780097, "edge_key": 0, "nearest_node": 49780097, "snap_dist_m": 17.4, "node_dist_m": 58.0 }, "geometry": { "type": "Point", "coordinates": [ -77.028294666102965, 38.909145123870552 ] } },
{ "type": "Feature", "properties": { "element": "way", "id": 66972574, "name": "Bandit Tacos", "amenity": "restaurant", "cuisine": "mexican", "edge_u": 12292446080, "edge_v": 3798943060, "edge_key": 0, "nearest_node": 3798943060, "snap_dist_m": 21.3, "node_dist_m": 30.3 }, "geometry": { "type": "Point", "coordinates": [ -77.080063325619193, 38.950489323294399 ] } },
{ "type": "Feature", "properties": { "element": "way", "id": 66973066, "name": "Cafe of India", "amenity": "restaurant", "cuisine": "indian", "edge_u": 49796219, "edge_v": 49860783, "edge_key": 0, "nearest_node": 49860783, "snap_dist_m": 12.1, "node_dist_m": 24.6 }, "geometry": { "type": "Point", "coordinates": [ -77.08178329861849, 38.953759500058446 ] } },
{ "type": "Feature", "properties": { "element": "way", "id": 66973098, "name": "Le Chat Noir", "amenity": "restaurant", "cuisine": "french", "edge_u": 49796219, "edge_v": 49860783, "edge_key": 0, "nearest_node": 49860783, "snap_dist_m": 19.1, "node_dist_m": 30.6 }, "geometry": { "type": "Point", "coordinates": [ -77.081755433054056, 38.953696139438158 ] } },
{ "type": "Feature", "properties": { "element": "way", "id": 66982084, "name": "Ceibo", "amenity": "restaurant", "cuisine": "gastronomic;fusion", "edge_u": 49837617, "edge_v": 49768440, "edge_key": 0, "nearest_node": 49837617, "snap_dist_m": 23.3, "node_dist_m": 40.5 }, "geometry": { "type": "Point", "coordinates": [ -77.041922365123952, 38.918121785830699 ] } },
{ "type": "Feature", "properties": { "element": "way", "id": 67069444, "name": "Federalist Pig", "amenity": "fast_food", "cuisine": "barbecue", "edge_u": 49739801, "edge_v": 49770639, "edge_key": 0, "nearest_node": 49739801, "snap_dist_m": 23.8, "node_dist_m": 45.2 }, "geometry": { "type": "Point", "coordinates": [ -77.038631251448194, 38.924997208247078 ] } },
{ "type": "Feature", "properties": { "element": "way", "id": 67069482, "name": "Popeyes", "amenity": "fast_food", "cuisine": "chicken", "edge_u": 49769186, "edge_v": 49856113, "edge_key": 0, "nearest_node": 49856113, "snap_dist_m": 13.8, "node_dist_m": 33.5 }, "geometry": { "type": "Point", "coordinates": [ -77.040436463334231, 38.923933957031402 ] } },
{ "type": "Feature", "properties": { "element": "way", "id": 67069486, "name": "Jack Rose Dining Saloon", "amenity": "restaurant", "cuisine": "american", "edge_u": 4561710231, "edge_v": 49837617, "edge_key": 0, "nearest_node": 49719895, "snap_dist_m": 29.5, "node_dist_m": 42.8 }, "geometry": { "type": "Point", "coordinates": [ -77.041313952176623, 38.917396196597352 ] } },
{ "type": "Feature", "properties": { "element": "way", "id": 67079969, "name": "McDonald's", "amenity": "fast_food", "cuisine": "burger", "edge_u": 49770680, "edge_v": 49816494, "edge_key": 0, "nearest_node": 49770680, "snap_dist_m": 11.3, "node_dist_m": 36.1 }, "geometry": { "type": "Point", "coordinates": [ -77.038129431250809, 38.911987497766837 ] } },
{ "type": "Feature", "properties": { "element": "way", "id": 67085749, "name": "Dovetail Bar & Restaurant", "amenity": "restaurant", "cuisine": "american", "edge_u": 49745188, "edge_v": 49764326, "edge_key": 0, "nearest_node": 49745186, "snap_dist_m": 45.8, "node_dist_m": 124.0 }, "geometry": { "type": "Point", "coordinates": [ -77.032968020553412, 38.908038596122786 ] } },
{ "type": "Feature", "properties": { "element": "way", "id": 67094525, "name": "Prost DC", "amenity": "restaurant", "cuisine": "german", "edge_u": 49793595, "edge_v": 49825108, "edge_key": 0, "nearest_node": 49793595, "snap_dist_m": 25.0, "node_dist_m": 68.8 }, "geometry": { "type": "Point", "coordinates": [ -77.018641509198275, 38.901922325449902 ] } },
{ "type": "Feature", "properties": { "element": "way", "id": 67100504, "name": "McDonald's", "amenity": "fast_food", "cuisine": "burger", "edge_u": 645963043, "edge_v": 647031903, "edge_key": 0, "nearest_node": 647031903, "snap_dist_m": 30.1, "node_dist_m": 58.7 }, "geometry": { "type": "Point", "coordinates": [ -77.006289198233517, 38.90795564916953 ] } },
{ "type": "Feature", "properties": { "element": "way", "id": 67133558, "name": "Oohh's & Aahh's", "amenity": "restaurant", "cuisine": "american", "edge_u": 49846731, "edge_v": 1017379708, "edge_key": 0, "nearest_node": 1017379708, "snap_dist_m": 22.2, "node_dist_m": 31.4 }, "geometry": { "type": "Point", "coordinates": [ -77.026248973874104, 38.917208077551379 ] } },
{ "type": "Feature", "properties": { "element": "way", "id": 67231809, "name": "Shaw's Tavern", "amenity": "restaurant", "cuisine": "american", "edge_u": 49825190, "edge_v": 49844851, "edge_key": 0, "nearest_node": 49844851, "snap_dist_m": 16.7, "node_dist_m": 45.5 }, "geometry": { "type": "Point", "coordinates": [ -77.01962512591389, 38.91513287482416 ] } },
{ "type": "Feature", "properties": { "element": "way", "id": 67246446, "name": "Dunkin'", "amenity": "fast_food", "cuisine": "donut;coffee_shop", "edge_u": 49748056, "edge_v": 49766721, "edge_key": 0, "nearest_node": 49766721, "snap_dist_m": 34.8, "node_dist_m": 34.8 }, "geometry": { "type": "Point", "coordinates": [ -77.017075872581884, 38.913592135969942 ] } },
{ "type": "Feature", "properties": { "element": "way", "id": 67265905, "name": null, "amenity": "restaurant", "cuisine": "international", "edge_u": 49750770, "edge_v": 49889382, "edge_key": 0, "nearest_node": 49889382, "snap_dist_m": 466.9, "node_dist_m": 466.9 }, "geometry": { "type": "Point", "coordinates": [ -77.010458240867919, 38.859905866973691 ] } },
{ "type": "Feature", "properties": { "element": "way", "id": 67266328, "name": "JBAB Commissary", "amenity": "cafe", "cuisine": null, "edge_u": 11831784025, "edge_v": 642044494, "edge_key": 0, "nearest_node": 642044494, "snap_dist_m": 751.3, "node_dist_m": 758.0 }, "geometry": { "type": "Point", "coordinates": [ -77.017306616018672, 38.843734446476539 ] } },
{ "type": "Feature", "properties": { "element": "way", "id": 67266454, "name": "Burger King", "amenity": "fast_food", "cuisine": "burger", "edge_u": 49765648, "edge_v": 49840688, "edge_key": 0, "nearest_node": 49765648, "snap_dist_m": 764.7, "node_dist_m": 795.9 }, "geometry": { "type": "Point", "coordinates": [ -77.018511788858788, 38.840588871919898 ] } },
{ "type": "Feature", "properties": { "element": "way", "id": 67269018, "name": "Slip Inn", "amenity": "restaurant", "cuisine": null, "edge_u": 1489220569, "edge_v": 1491097176, "edge_key": 0, "nearest_node": 1491097176, "snap_dist_m": 756.5, "node_dist_m": 756.6 }, "geometry": { "type": "Point", "coordinates": [ -77.023547943119326, 38.834487162962162 ] } },
{ "type": "Feature", "properties": { "element": "way", "id": 67460477, "name": "Jimmy T's", "amenity": "restaurant", "cuisine": "diner", "edge_u": 49854158, "edge_v": 49819386, "edge_key": 0, "nearest_node": 49819386, "snap_dist_m": 18.5, "node_dist_m": 38.8 }, "geometry": { "type": "Point", "coordinates": [ -76.999303564760069, 38.889505568878874 ] } },
{ "type": "Feature", "properties": { "element": "way", "id": 67528869, "name": "Chipotle", "amenity": "fast_food", "cuisine": "mexican", "edge_u": 49843692, "edge_v": 49866935, "edge_key": 0, "nearest_node": 49866935, "snap_dist_m": 27.1, "node_dist_m": 67.8 }, "geometry": { "type": "Point", "coordinates": [ -77.072249302541636, 38.920882555087118 ] } },
{ "type": "Feature", "properties": { "element": "way", "id": 67535589, "name": "BonJon Rumi", "amenity": "restaurant", "cuisine": "afghan", "edge_u": 49843693, "edge_v": 49739260, "edge_key": 0, "nearest_node": 49843692, "snap_dist_m": 21.1, "node_dist_m": 56.4 }, "geometry": { "type": "Point", "coordinates": [ -77.072915835649198, 38.922034962369935 ] } },
{ "type": "Feature", "properties": { "element": "way", "id": 67828748, "name": "Angelico", "amenity": "restaurant", "cuisine": "italian", "edge_u": 49866935, "edge_v": 1488873885, "edge_key": 0, "nearest_node": 49866935, "snap_dist_m": 18.2, "node_dist_m": 26.8 }, "geometry": { "type": "Point", "coordinates": [ -77.071513696002981, 38.920691969471335 ] } },
{ "type": "Feature", "properties": { "element": "way", "id": 67829102, "name": "Open City", "amenity": "cafe", "cuisine": "coffee_shop;sandwich;pastry;american", "edge_u": 49823141, "edge_v": 49815281, "edge_key": 0, "nearest_node": 49815281, "snap_dist_m": 140.3, "node_dist_m": 176.4 }, "geometry": { "type": "Point", "coordinates": [ -77.071347579917344, 38.929822404137163 ] } },
{ "type": "Feature", "properties": { "element": "way", "id": 68304298, "name": "Beau Thai", "amenity": "restaurant", "cuisine": "thai", "edge_u": 49878271, "edge_v": 49780840, "edge_key": 0, "nearest_node": 49780840, "snap_dist_m": 27.2, "node_dist_m": 55.6 }, "geometry": { "type": "Point", "coordinates": [ -77.038293853730082, 38.930278611858967 ] } },
{ "type": "Feature", "properties": { "element": "way", "id": 69201516, "name": "Taqueria Habanero", "amenity": "restaurant", "cuisine": "regional", "edge_u": 49745468, "edge_v": 49734621, "edge_key": 0, "nearest_node": 49734621, "snap_dist_m": 30.9, "node_dist_m": 31.6 }, "geometry": { "type": "Point", "coordinates": [ -77.033078424091528, 38.937551598016562 ] } },
{ "type": "Feature", "properties": { "element": "way", "id": 69201558, "name": null, "amenity": "cafe", "cuisine": null, "edge_u": 1014110633, "edge_v": 49745650, "edge_key": 0, "nearest_node": 1014110633, "snap_dist_m": 22.5, "node_dist_m": 22.5 }, "geometry": { "type": "Point", "coordinates": [ -77.033022173856253, 38.938869329884724 ] } },
{ "type": "Feature", "properties": { "element": "way", "id": 69204275, "name": "El Chucho", "amenity": "restaurant", "cuisine": "mexican", "edge_u": 49763628, "edge_v": 49773647, "edge_key": 0, "nearest_node": 49763628, "snap_dist_m": 22.7, "node_dist_m": 46.3 }, "geometry": { "type": "Point", "coordinates": [ -77.027818223947804, 38.931088610636969 ] } },
{ "type": "Feature", "properties": { "element": "way", "id": 69204758, "name": "Red Rocks", "amenity": "restaurant", "cuisine": "pizza", "edge_u": 49763628, "edge_v": 49773647, "edge_key": 0, "nearest_node": 49773647, "snap_dist_m": 16.1, "node_dist_m": 25.7 }, "geometry": { "type": "Point", "coordinates": [ -77.028034785613187, 38.931670798187845 ] } },
{ "type": "Feature", "properties": { "element": "way", "id": 69204987, "name": "Doubles", "amenity": "cafe", "cuisine": "coffee_shop", "edge_u": 49789218, "edge_v": 49772551, "edge_key": 0, "nearest_node": 49789218, "snap_dist_m": 28.3, "node_dist_m": 55.6 }, "geometry": { "type": "Point", "coordinates": [ -77.023634475786253, 38.929574788520085 ] } },
{ "type": "Feature", "properties": { "element": "way", "id": 69754414, "name": "Mane Grill", "amenity": "fast_food", "cuisine": "american", "edge_u": 2927575470, "edge_v": 2927473940, "edge_key": 0, "nearest_node": 2927575470, "snap_dist_m": 114.8, "node_dist_m": 115.0 }, "geometry": { "type": "Point", "coordinates": [ -77.046922762426718, 38.927621855111077 ] } },
{ "type": "Feature", "properties": { "element": "way", "id": 70070289, "name": "Athena Grill", "amenity": "restaurant", "cuisine": "greek", "edge_u": 49745680, "edge_v": 49745677, "edge_key": 0, "nearest_node": 49745680, "snap_dist_m": 24.7, "node_dist_m": 56.2 }, "geometry": { "type": "Point", "coordinates": [ -77.033010644409615, 38.947806924822103 ] } },
{ "type": "Feature", "properties": { "element": "way", "id": 70070395, "name": "Smokey's", "amenity": "fast_food", "cuisine": null, "edge_u": 49745680, "edge_v": 49745677, "edge_key": 0, "nearest_node": 49745677, "snap_dist_m": 24.1, "node_dist_m": 59.2 }, "geometry": { "type": "Point", "coordinates": [ -77.033003716900552, 38.947681326002098 ] } },
{ "type": "Feature", "properties": { "element": "way", "id": 70070579, "name": "Xelaju's Bakery", "amenity": "restaurant", "cuisine": "armenian", "edge_u": 49745677, "edge_v": 49745676, "edge_key": 0, "nearest_node": 49745676, "snap_dist_m": 23.6, "node_dist_m": 52.5 }, "geometry": { "type": "Point", "coordinates": [ -77.032998137422553, 38.946545926896697 ] } },
{ "type": "Feature", "properties": { "element": "way", "id": 70070614, "name": "Fortune Express", "amenity": "restaurant", "cuisine": "chinese", "edge_u": 49745680, "edge_v": 49745677, "edge_key": 0, "nearest_node": 49745680, "snap_dist_m": 28.0, "node_dist_m": 45.3 }, "geometry": { "type": "Point", "coordinates": [ -77.033048004933349, 38.947941312968645 ] } },
{ "type": "Feature", "properties": { "element": "way", "id": 70070643, "name": "Catrachitos", "amenity": "restaurant", "cuisine": "honduran", "edge_u": 49745676, "edge_v": 49745677, "edge_key": 0, "nearest_node": 49745676, "snap_dist_m": 23.5, "node_dist_m": 48.2 }, "geometry": { "type": "Point", "coordinates": [ -77.032996051368116, 38.946502972810663 ] } },
{ "type": "Feature", "properties": { "element": "way", "id": 70071107, "name": "La Villa Pizzeria", "amenity": "restaurant", "cuisine": "pizza", "edge_u": 49746444, "edge_v": 49745677, "edge_key": 0, "nearest_node": 49745677, "snap_dist_m": 16.7, "node_dist_m": 29.5 }, "geometry": { "type": "Point", "coordinates": [ -77.033006755604077, 38.947043390411316 ] } },
{ "type": "Feature", "properties": { "element": "way", "id": 70071126, "name": "14th Snack Bar", "amenity": "fast_food", "cuisine": null, "edge_u": 49745676, "edge_v": 49745677, "edge_key": 0, "nearest_node": 49745677, "snap_dist_m": 23.8, "node_dist_m": 62.9 }, "geometry": { "type": "Point", "coordinates": [ -77.032999553238426, 38.946669240942192 ] } },
{ "type": "Feature", "properties": { "element": "way", "id": 70143267, "name": "Honeymoon Chicken", "amenity": "restaurant", "cuisine": "chicken;american", "edge_u": 49752632, "edge_v": 49752628, "edge_key": 0, "nearest_node": 49752632, "snap_dist_m": 18.0, "node_dist_m": 25.4 }, "geometry": { "type": "Point", "coordinates": [ -77.025313036422403, 38.942040046269035 ] } },
{ "type": "Feature", "properties": { "element": "way", "id": 70181735, "name": "Queen's English", "amenity": "restaurant", "cuisine": "cantonese", "edge_u": 49773653, "edge_v": 49773647, "edge_key": 0, "nearest_node": 49773647, "snap_dist_m": 19.4, "node_dist_m": 46.1 }, "geometry": { "type": "Point", "coordinates": [ -77.028570470548075, 38.932158176048645 ] } },
{ "type": "Feature", "properties": { "element": "way", "id": 71000611, "name": "McDonald's", "amenity": "fast_food", "cuisine": "burger", "edge_u": 3661066117, "edge_v": 3358724774, "edge_key": 0, "nearest_node": 3661066117, "snap_dist_m": 26.3, "node_dist_m": 92.4 }, "geometry": { "type": "Point", "coordinates": [ -77.026195827627063, 38.980651574965485 ] } },
{ "type": "Feature", "properties": { "element": "way", "id": 71001512, "name": "Ledo Pizza", "amenity": "restaurant", "cuisine": "pizza;pasta", "edge_u": 3358724774, "edge_v": 3661066117, "edge_key": 0, "nearest_node": 3661066117, "snap_dist_m": 28.2, "node_dist_m": 63.1 }, "geometry": { "type": "Point", "coordinates": [ -77.026185132630999, 38.980940823158235 ] } },
{ "type": "Feature", "properties": { "element": "way", "id": 74040714, "name": "The Royal", "amenity": "restaurant", "cuisine": "latin_american;latin_american_fusion", "edge_u": 49791636, "edge_v": 49825030, "edge_key": 0, "nearest_node": 49825190, "snap_dist_m": 11.0, "node_dist_m": 29.1 }, "geometry": { "type": "Point", "coordinates": [ -77.018566324246805, 38.915050069752681 ] } },
{ "type": "Feature", "properties": { "element": "way", "id": 91804510, "name": "Fat Pete's", "amenity": "restaurant", "cuisine": "barbecue", "edge_u": 49805505, "edge_v": 49752115, "edge_key": 0, "nearest_node": 49752115, "snap_dist_m": 41.2, "node_dist_m": 71.8 }, "geometry": { "type": "Point", "coordinates": [ -77.057528407200934, 38.934772262018001 ] } },
{ "type": "Feature", "properties": { "element": "way", "id": 91804782, "name": "Fresh Med", "amenity": "restaurant", "cuisine": "mediterranean", "edge_u": 1447308555, "edge_v": 49752115, "edge_key": 0, "nearest_node": 49752115, "snap_dist_m": 36.3, "node_dist_m": 51.9 }, "geometry": { "type": "Point", "coordinates": [ -77.057120807477375, 38.933965183450859 ] } },
{ "type": "Feature", "properties": { "element": "way", "id": 151560999, "name": "Capitol Hill Crab Cakes", "amenity": "restaurant", "cuisine": null, "edge_u": 49841801, "edge_v": 642317837, "edge_key": 0, "nearest_node": 642317837, "snap_dist_m": 17.3, "node_dist_m": 28.0 }, "geometry": { "type": "Point", "coordinates": [ -76.987301378372223, 38.866969317340789 ] } },
{ "type": "Feature", "properties": { "element": "way", "id": 151561219, "name": "Mama's Pizza Kitchen", "amenity": "restaurant", "cuisine": "pizza", "edge_u": 49744604, "edge_v": 49744602, "edge_key": 0, "nearest_node": 49744602, "snap_dist_m": 13.2, "node_dist_m": 24.6 }, "geometry": { "type": "Point", "coordinates": [ -76.989114996839135, 38.865805295051686 ] } },
{ "type": "Feature", "properties": { "element": "way", "id": 203010883, "name": "Panera Bread", "amenity": "fast_food", "cuisine": "sandwich;bakery", "edge_u": 49848293, "edge_v": 49836761, "edge_key": 0, "nearest_node": 49848293, "snap_dist_m": 31.0, "node_dist_m": 40.1 }, "geometry": { "type": "Point", "coordinates": [ -77.079381643188782, 38.948189270584194 ] } },
{ "type": "Feature", "properties": { "element": "way", "id": 219484514, "name": "Le Diplomate", "amenity": "restaurant", "cuisine": "french", "edge_u": 49745200, "edge_v": 49753507, "edge_key": 0, "nearest_node": 49745200, "snap_dist_m": 25.0, "node_dist_m": 39.8 }, "geometry": { "type": "Point", "coordinates": [ -77.031596185335772, 38.911365168925279 ] } },
{ "type": "Feature", "properties": { "element": "way", "id": 291680509, "name": "McDonald's", "amenity": "fast_food", "cuisine": "burger", "edge_u": 49749470, "edge_v": 49749379, "edge_key": 0, "nearest_node": 49749379, "snap_dist_m": 24.5, "node_dist_m": 45.0 }, "geometry": { "type": "Point", "coordinates": [ -77.022292193654806, 38.920608059678308 ] } },
{ "type": "Feature", "properties": { "element": "way", "id": 295001953, "name": "Eddie's Carry Out", "amenity": "fast_food", "cuisine": "american", "edge_u": 5343233826, "edge_v": 638898885, "edge_key": 0, "nearest_node": 638898885, "snap_dist_m": 26.7, "node_dist_m": 28.1 }, "geometry": { "type": "Point", "coordinates": [ -76.978520389341895, 38.906978426714687 ] } },
{ "type": "Feature", "properties": { "element": "way", "id": 295832804, "name": "Peaches' Kitchen", "amenity": "restaurant", "cuisine": "caribbean", "edge_u": 49781395, "edge_v": 49829861, "edge_key": 0, "nearest_node": 49829861, "snap_dist_m": 20.6, "node_dist_m": 62.4 }, "geometry": { "type": "Point", "coordinates": [ -77.016415207165579, 38.96548679860468 ] } },
{ "type": "Feature", "properties": { "element": "way", "id": 295846654, "name": "Mereb Bar & Restaurant", "amenity": "restaurant", "cuisine": null, "edge_u": 49715981, "edge_v": 49789333, "edge_key": 0, "nearest_node": 49715981, "snap_dist_m": 26.1, "node_dist_m": 60.1 }, "geometry": { "type": "Point", "coordinates": [ -77.027332402169947, 38.953410506506408 ] } },
{ "type": "Feature", "properties": { "element": "way", "id": 295846868, "name": "Sing Long Carryout", "amenity": "restaurant", "cuisine": "chinese", "edge_u": 49715981, "edge_v": 49789333, "edge_key": 0, "nearest_node": 49715981, "snap_dist_m": 23.5, "node_dist_m": 49.4 }, "geometry": { "type": "Point", "coordinates": [ -77.027348670611389, 38.953312592538722 ] } },
{ "type": "Feature", "properties": { "element": "way", "id": 296021199, "name": "Wendy's", "amenity": "fast_food", "cuisine": "burger", "edge_u": 1484331315, "edge_v": 3900811260, "edge_key": 0, "nearest_node": 1484331315, "snap_dist_m": 28.6, "node_dist_m": 36.3 }, "geometry": { "type": "Point", "coordinates": [ -76.941634593029079, 38.901875815980084 ] } },
{ "type": "Feature", "properties": { "element": "way", "id": 296062075, "name": "Shrimp Boat", "amenity": "restaurant", "cuisine": "seafood", "edge_u": 49753799, "edge_v": 49753804, "edge_key": 0, "nearest_node": 1484269578, "snap_dist_m": 9.8, "node_dist_m": 29.5 }, "geometry": { "type": "Point", "coordinates": [ -76.937237009735597, 38.890018455551854 ] } },
{ "type": "Feature", "properties": { "element": "way", "id": 296075226, "name": "Denny's", "amenity": "restaurant", "cuisine": "american", "edge_u": 9097753196, "edge_v": 49769407, "edge_key": 0, "nearest_node": 49769407, "snap_dist_m": 32.5, "node_dist_m": 33.6 }, "geometry": { "type": "Point", "coordinates": [ -76.93834029782775, 38.890417107124705 ] } },
{ "type": "Feature", "properties": { "element": "way", "id": 296077804, "name": "Hiphop Fish & Chicken", "amenity": "fast_food", "cuisine": "chicken", "edge_u": 1484481847, "edge_v": 1484481817, "edge_key": 0, "nearest_node": 1484481847, "snap_dist_m": 26.0, "node_dist_m": 45.0 }, "geometry": { "type": "Point", "coordinates": [ -76.972724215343419, 38.897946395356684 ] } },
{ "type": "Feature", "properties": { "element": "way", "id": 296202842, "name": "McDonald's", "amenity": "fast_food", "cuisine": "burger", "edge_u": 49848006, "edge_v": 3372235139, "edge_key": 0, "nearest_node": 3372235139, "snap_dist_m": 30.0, "node_dist_m": 46.9 }, "geometry": { "type": "Point", "coordinates": [ -76.993320624541241, 38.949485069345187 ] } },
{ "type": "Feature", "properties": { "element": "way", "id": 296206331, "name": "Chick-fil-A", "amenity": "fast_food", "cuisine": "chicken", "edge_u": 13831133485, "edge_v": 1502527108, "edge_key": 0, "nearest_node": 1502527108, "snap_dist_m": 34.5, "node_dist_m": 43.7 }, "geometry": { "type": "Point", "coordinates": [ -77.002906436247613, 38.956844877750171 ] } },
{ "type": "Feature", "properties": { "element": "way", "id": 296263317, "name": "Zeke's Coffee of DC", "amenity": "cafe", "cuisine": "coffee_shop", "edge_u": 2974581214, "edge_v": 1365050114, "edge_key": 0, "nearest_node": 1365050114, "snap_dist_m": 22.1, "node_dist_m": 54.8 }, "geometry": { "type": "Point", "coordinates": [ -76.973341056741845, 38.930718544110135 ] } },
{ "type": "Feature", "properties": { "element": "way", "id": 296266327, "name": "Wake Me, Shake Me", "amenity": "cafe", "cuisine": "coffee_shop", "edge_u": 49752579, "edge_v": 49752584, "edge_key": 0, "nearest_node": 49752579, "snap_dist_m": 19.7, "node_dist_m": 33.1 }, "geometry": { "type": "Point", "coordinates": [ -77.01399947099074, 38.942383815527322 ] } },
{ "type": "Feature", "properties": { "element": "way", "id": 296266436, "name": "Nick's Pizza", "amenity": "restaurant", "cuisine": "pizza", "edge_u": 49752579, "edge_v": 49752584, "edge_key": 0, "nearest_node": 49752584, "snap_dist_m": 20.6, "node_dist_m": 54.3 }, "geometry": { "type": "Point", "coordinates": [ -77.014837498813137, 38.942366953049877 ] } },
{ "type": "Feature", "properties": { "element": "way", "id": 296457493, "name": "Jones Deli", "amenity": "fast_food", "cuisine": null, "edge_u": 49751728, "edge_v": 49751721, "edge_key": 0, "nearest_node": 49751728, "snap_dist_m": 38.0, "node_dist_m": 39.6 }, "geometry": { "type": "Point", "coordinates": [ -76.942170913642386, 38.883370173329084 ] } },
{ "type": "Feature", "properties": { "element": "way", "id": 296479898, "name": "McDonald's", "amenity": "fast_food", "cuisine": "burger", "edge_u": 49786431, "edge_v": 1484331315, "edge_key": 0, "nearest_node": 1484331315, "snap_dist_m": 33.4, "node_dist_m": 38.5 }, "geometry": { "type": "Point", "coordinates": [ -76.941597307678379, 38.901202664661014 ] } },
{ "type": "Feature", "properties": { "element": "way", "id": 296501410, "name": "Huacatay Peruvian Chicken", "amenity": "restaurant", "cuisine": null, "edge_u": 49741170, "edge_v": 49741165, "edge_key": 0, "nearest_node": 49741165, "snap_dist_m": 21.0, "node_dist_m": 61.0 }, "geometry": { "type": "Point", "coordinates": [ -77.000811989124429, 38.920744435628905 ] } },
{ "type": "Feature", "properties": { "element": "way", "id": 296507739, "name": "Sammy Carry-Out", "amenity": "restaurant", "cuisine": "chinese", "edge_u": 49847238, "edge_v": 49849187, "edge_key": 0, "nearest_node": 49849187, "snap_dist_m": 16.4, "node_dist_m": 22.1 }, "geometry": { "type": "Point", "coordinates": [ -76.99025875661718, 38.925667853241038 ] } },
{ "type": "Feature", "properties": { "element": "way", "id": 297372071, "name": "Popeyes", "amenity": "fast_food", "cuisine": "chicken", "edge_u": 49715981, "edge_v": 49789333, "edge_key": 0, "nearest_node": 49715981, "snap_dist_m": 33.4, "node_dist_m": 50.3 }, "geometry": { "type": "Point", "coordinates": [ -77.027994502017151, 38.95320497883413 ] } },
{ "type": "Feature", "properties": { "element": "way", "id": 297372151, "name": "JJ's Carryout", "amenity": "fast_food", "cuisine": "southern", "edge_u": 49789337, "edge_v": 49789333, "edge_key": 0, "nearest_node": 49789337, "snap_dist_m": 20.8, "node_dist_m": 52.5 }, "geometry": { "type": "Point", "coordinates": [ -77.028060428218211, 38.954695841750585 ] } },
{ "type": "Feature", "properties": { "element": "way", "id": 297398976, "name": "Checkers", "amenity": "fast_food", "cuisine": "burger", "edge_u": 49778607, "edge_v": 646031052, "edge_key": 0, "nearest_node": 646031052, "snap_dist_m": 22.0, "node_dist_m": 51.6 }, "geometry": { "type": "Point", "coordinates": [ -76.97187383481068, 38.917700927993138 ] } },
{ "type": "Feature", "properties": { "element": "way", "id": 297531767, "name": "Corina's Restaurant", "amenity": "restaurant", "cuisine": null, "edge_u": 49852910, "edge_v": 1013429968, "edge_key": 0, "nearest_node": 1013429968, "snap_dist_m": 20.0, "node_dist_m": 41.5 }, "geometry": { "type": "Point", "coordinates": [ -77.025344147262274, 38.956468183976902 ] } },
{ "type": "Feature", "properties": { "element": "way", "id": 297531787, "name": "Crown Bakery", "amenity": "restaurant", "cuisine": "caribbean", "edge_u": 49789342, "edge_v": 49789337, "edge_key": 0, "nearest_node": 49789337, "snap_dist_m": 22.7, "node_dist_m": 44.5 }, "geometry": { "type": "Point", "coordinates": [ -77.027667873769744, 38.955512201006584 ] } },
{ "type": "Feature", "properties": { "element": "way", "id": 297532017, "name": "Centeno's Restaurant", "amenity": "restaurant", "cuisine": "latin_american", "edge_u": 49852910, "edge_v": 1013429968, "edge_key": 0, "nearest_node": 1013429968, "snap_dist_m": 29.4, "node_dist_m": 55.1 }, "geometry": { "type": "Point", "coordinates": [ -77.025229763838141, 38.956555859882151 ] } },
{ "type": "Feature", "properties": { "element": "way", "id": 297538588, "name": "Church's Chicken", "amenity": "fast_food", "cuisine": "chicken", "edge_u": 49793990, "edge_v": 49793983, "edge_key": 0, "nearest_node": 49793983, "snap_dist_m": 30.7, "node_dist_m": 31.3 }, "geometry": { "type": "Point", "coordinates": [ -76.951767852666208, 38.892154102993629 ] } },
{ "type": "Feature", "properties": { "element": "way", "id": 297542315, "name": "Pizza Boli's", "amenity": "fast_food", "cuisine": "pizza", "edge_u": 49773205, "edge_v": 1363937841, "edge_key": 0, "nearest_node": 1363937841, "snap_dist_m": 42.0, "node_dist_m": 68.4 }, "geometry": { "type": "Point", "coordinates": [ -76.993911862380315, 38.936501714267465 ] } },
{ "type": "Feature", "properties": { "element": "way", "id": 297542319, "name": "America's Best Wings", "amenity": "fast_food", "cuisine": "chicken", "edge_u": 49773205, "edge_v": 1363937841, "edge_key": 0, "nearest_node": 49773205, "snap_dist_m": 40.4, "node_dist_m": 52.2 }, "geometry": { "type": "Point", "coordinates": [ -76.99397220549443, 38.936713431815754 ] } },
{ "type": "Feature", "properties": { "element": "way", "id": 298560283, "name": "McDonald's", "amenity": "fast_food", "cuisine": "burger", "edge_u": 1366261587, "edge_v": 646031284, "edge_key": 0, "nearest_node": 1366261587, "snap_dist_m": 35.9, "node_dist_m": 48.4 }, "geometry": { "type": "Point", "coordinates": [ -76.973451442140529, 38.91774777521811 ] } },
{ "type": "Feature", "properties": { "element": "way", "id": 298584707, "name": "McDonald's", "amenity": "fast_food", "cuisine": "burger", "edge_u": 1443482419, "edge_v": 7554685701, "edge_key": 0, "nearest_node": 1443482419, "snap_dist_m": 36.5, "node_dist_m": 53.9 }, "geometry": { "type": "Point", "coordinates": [ -76.993257129566757, 38.91591551898788 ] } },
{ "type": "Feature", "properties": { "element": "way", "id": 298636010, "name": "Capa Tosta", "amenity": "restaurant", "cuisine": "italian", "edge_u": 49847370, "edge_v": 49789196, "edge_key": 0, "nearest_node": 49847370, "snap_dist_m": 15.9, "node_dist_m": 25.2 }, "geometry": { "type": "Point", "coordinates": [ -77.025559095631252, 38.925744549672537 ] } },
{ "type": "Feature", "properties": { "element": "way", "id": 436489847, "name": "Joe's Subs", "amenity": "fast_food", "cuisine": "sandwich", "edge_u": 49789166, "edge_v": 49773070, "edge_key": 0, "nearest_node": 49853085, "snap_dist_m": 26.3, "node_dist_m": 67.5 }, "geometry": { "type": "Point", "coordinates": [ -77.022199491325324, 38.916894358415732 ] } },
{ "type": "Feature", "properties": { "element": "way", "id": 453424323, "name": "Pho Viet USA", "amenity": "restaurant", "cuisine": "vietnamese;pho", "edge_u": 49764374, "edge_v": 49765113, "edge_key": 0, "nearest_node": 49764374, "snap_dist_m": 17.6, "node_dist_m": 42.3 }, "geometry": { "type": "Point", "coordinates": [ -77.034966649715969, 38.916852860991519 ] } },
{ "type": "Feature", "properties": { "element": "way", "id": 478727308, "name": "Pret A Manger", "amenity": "fast_food", "cuisine": "sandwich", "edge_u": 49756578, "edge_v": 3240030410, "edge_key": 0, "nearest_node": 49756578, "snap_dist_m": 50.1, "node_dist_m": 79.0 }, "geometry": { "type": "Point", "coordinates": [ -77.006827830354609, 38.898250672748851 ] } },
{ "type": "Feature", "properties": { "element": "way", "id": 574897355, "name": "Pavilion Café", "amenity": "cafe", "cuisine": "american;coffee_shop", "edge_u": 49748725, "edge_v": 622720970, "edge_key": 0, "nearest_node": 49748725, "snap_dist_m": 38.6, "node_dist_m": 95.6 }, "geometry": { "type": "Point", "coordinates": [ -77.023518307497881, 38.891296455102129 ] } },
{ "type": "Feature", "properties": { "element": "way", "id": 779433727, "name": "Miza", "amenity": "restaurant", "cuisine": null, "edge_u": 6799665639, "edge_v": 6799665643, "edge_key": 0, "nearest_node": 6799665639, "snap_dist_m": 14.6, "node_dist_m": 28.7 }, "geometry": { "type": "Point", "coordinates": [ -76.983560043815899, 38.915145628803238 ] } },
{ "type": "Feature", "properties": { "element": "way", "id": 910628102, "name": "Chick-fil-A", "amenity": "fast_food", "cuisine": "chicken", "edge_u": 3125718572, "edge_v": 5156199170, "edge_key": 0, "nearest_node": 3125718572, "snap_dist_m": 28.3, "node_dist_m": 72.2 }, "geometry": { "type": "Point", "coordinates": [ -76.953636952407209, 38.919836349013487 ] } },
{ "type": "Feature", "properties": { "element": "way", "id": 1084525245, "name": "Smores", "amenity": "fast_food", "cuisine": "dessert", "edge_u": 5180966153, "edge_v": 3000233170, "edge_key": 0, "nearest_node": 5180966153, "snap_dist_m": 37.6, "node_dist_m": 37.6 }, "geometry": { "type": "Point", "coordinates": [ -77.025593084952476, 38.879639571739297 ] } },
{ "type": "Feature", "properties": { "element": "way", "id": 1232549625, "name": "Taco Bamba", "amenity": "restaurant", "cuisine": "mexican", "edge_u": 10724747584, "edge_v": 10724747586, "edge_key": 0, "nearest_node": 49897085, "snap_dist_m": 39.5, "node_dist_m": 74.8 }, "geometry": { "type": "Point", "coordinates": [ -77.075791006623362, 38.940014345915586 ] } },
{ "type": "Feature", "properties": { "element": "way", "id": 1237102936, "name": "Sami's Hot Dogs", "amenity": "fast_food", "cuisine": "hot_dog", "edge_u": 622720955, "edge_v": 49802545, "edge_key": 0, "nearest_node": 49802545, "snap_dist_m": 6.4, "node_dist_m": 75.0 }, "geometry": { "type": "Point", "coordinates": [ -77.022774, 38.886387450001365 ] } },
{ "type": "Feature", "properties": { "element": "way", "id": 1240491147, "name": null, "amenity": "restaurant", "cuisine": null, "edge_u": 49853037, "edge_v": 49810876, "edge_key": 0, "nearest_node": 49853037, "snap_dist_m": 29.2, "node_dist_m": 52.5 }, "geometry": { "type": "Point", "coordinates": [ -77.023453675013414, 38.906979706916765 ] } },
{ "type": "Feature", "properties": { "element": "way", "id": 1240491170, "name": null, "amenity": "restaurant", "cuisine": "sandwich", "edge_u": 49784130, "edge_v": 49773012, "edge_key": 0, "nearest_node": 49773012, "snap_dist_m": 21.6, "node_dist_m": 90.1 }, "geometry": { "type": "Point", "coordinates": [ -77.022922840646288, 38.903152636124219 ] } },
{ "type": "Feature", "properties": { "element": "way", "id": 1240491194, "name": "John Dough", "amenity": "restaurant", "cuisine": "pizza", "edge_u": 49810871, "edge_v": 3012784293, "edge_key": 0, "nearest_node": 3012784293, "snap_dist_m": 29.0, "node_dist_m": 46.2 }, "geometry": { "type": "Point", "coordinates": [ -77.022329069208723, 38.90443379153141 ] } },
{ "type": "Feature", "properties": { "element": "way", "id": 1240491195, "name": "Taverna", "amenity": "restaurant", "cuisine": null, "edge_u": 49810871, "edge_v": 3012784293, "edge_key": 0, "nearest_node": 3012784293, "snap_dist_m": 28.9, "node_dist_m": 51.6 }, "geometry": { "type": "Point", "coordinates": [ -77.022406332900061, 38.904433040226131 ] } },
{ "type": "Feature", "properties": { "element": "way", "id": 1240491196, "name": "Tenders Love and Chicken", "amenity": "restaurant", "cuisine": "chicken", "edge_u": 49810871, "edge_v": 3012784293, "edge_key": 0, "nearest_node": 3012784293, "snap_dist_m": 29.2, "node_dist_m": 56.5 }, "geometry": { "type": "Point", "coordinates": [ -77.022471985829156, 38.904435344109565 ] } },
{ "type": "Feature", "properties": { "element": "way", "id": 1240491197, "name": "Ben's Chili Bowl", "amenity": "restaurant", "cuisine": "mexican", "edge_u": 3012784293, "edge_v": 49810871, "edge_key": 0, "nearest_node": 3012784293, "snap_dist_m": 38.4, "node_dist_m": 73.1 }, "geometry": { "type": "Point", "coordinates": [ -77.022630453933857, 38.904519227294728 ] } },
{ "type": "Feature", "properties": { "element": "way", "id": 1240491198, "name": "The Exchange", "amenity": "restaurant", "cuisine": "sandwich", "edge_u": 49810871, "edge_v": 3012784293, "edge_key": 0, "nearest_node": 3012784293, "snap_dist_m": 30.3, "node_dist_m": 62.2 }, "geometry": { "type": "Point", "coordinates": [ -77.02254008356698, 38.904446188626032 ] } },
{ "type": "Feature", "properties": { "element": "way", "id": 1240491212, "name": "Sbarro", "amenity": "fast_food", "cuisine": "pizza", "edge_u": 3012784288, "edge_v": 3012784293, "edge_key": 0, "nearest_node": 3012784293, "snap_dist_m": 18.7, "node_dist_m": 37.4 }, "geometry": { "type": "Point", "coordinates": [ -77.022132667577836, 38.904461868069909 ] } },
{ "type": "Feature", "properties": { "element": "way", "id": 1240491324, "name": "Starbucks", "amenity": "cafe", "cuisine": "coffee_shop", "edge_u": 3012784293, "edge_v": 49810871, "edge_key": 0, "nearest_node": 3012784293, "snap_dist_m": 34.0, "node_dist_m": 93.7 }, "geometry": { "type": "Point", "coordinates": [ -77.02292317793075, 38.903866878342953 ] } },
{ "type": "Feature", "properties": { "element": "way", "id": 1240491328, "name": null, "amenity": "cafe", "cuisine": null, "edge_u": 49773012, "edge_v": 49784130, "edge_key": 0, "nearest_node": 49784130, "snap_dist_m": 36.0, "node_dist_m": 60.0 }, "geometry": { "type": "Point", "coordinates": [ -77.023417341228807, 38.903282416369628 ] } },
{ "type": "Feature", "properties": { "element": "way", "id": 1240541177, "name": "The Burger Kitchen", "amenity": "fast_food", "cuisine": "burger", "edge_u": 49810871, "edge_v": 49784130, "edge_key": 0, "nearest_node": 49784130, "snap_dist_m": 36.1, "node_dist_m": 64.6 }, "geometry": { "type": "Point", "coordinates": [ -77.02355220062968, 38.903438848325457 ] } },
{ "type": "Feature", "properties": { "element": "way", "id": 1266650313, "name": "Lincoln Retail Refreshments & Gifts", "amenity": "cafe", "cuisine": null, "edge_u": 641046306, "edge_v": 3007042409, "edge_key": 0, "nearest_node": 3007042409, "snap_dist_m": 29.9, "node_dist_m": 84.1 }, "geometry": { "type": "Point", "coordinates": [ -77.049130691441107, 38.887754611665976 ] } },
{ "type": "Feature", "properties": { "element": "way", "id": 1396241011, "name": "Right Proper Eckington", "amenity": "restaurant", "cuisine": "brew_pub", "edge_u": 49777169, "edge_v": 49777170, "edge_key": 0, "nearest_node": 49777169, "snap_dist_m": 44.5, "node_dist_m": 50.8 }, "geometry": { "type": "Point", "coordinates": [ -77.004018123271464, 38.911988933316259 ] } },
{ "type": "Feature", "properties": { "element": "way", "id": 1547361961, "name": "Bethune Annex Dining Hall", "amenity": "fast_food", "cuisine": null, "edge_u": 49748097, "edge_v": 49778050, "edge_key": 0, "nearest_node": 49778050, "snap_dist_m": 51.7, "node_dist_m": 70.9 }, "geometry": { "type": "Point", "coordinates": [ -77.017495964181819, 38.920955577149073 ] } }
]
}
