{
"type": "FeatureCollection",
"name": "dc_restaurants_raw",
"crs": { "type": "name", "properties": { "name": "urn:ogc:def:crs:OGC:1.3:CRS84" } },
"features": [
{ "type": "Feature", "properties": { "element": "node", "id": 367141031, "name": "Buff and Brew Café", "amenity": "cafe", "cuisine": "coffee_shop" }, "geometry": { "type": "Point", "coordinates": [ -77.0897162, 38.9175501 ] } },
{ "type": "Feature", "properties": { "element": "node", "id": 388247153, "name": "Millie’s", "amenity": "restaurant", "cuisine": "american" }, "geometry": { "type": "Point", "coordinates": [ -77.0963299, 38.9450497 ] } },
{ "type": "Feature", "properties": { "element": "node", "id": 462011947, "name": "Al Tiramisu", "amenity": "restaurant", "cuisine": "italian" }, "geometry": { "type": "Point", "coordinates": [ -77.0455821, 38.909472 ] } },
{ "type": "Feature", "properties": { "element": "node", "id": 462011949, "name": "New Dynasty", "amenity": "cafe", "cuisine": "chinese" }, "geometry": { "type": "Point", "coordinates": [ -77.0459245, 38.9094669 ] } },
{ "type": "Feature", "properties": { "element": "node", "id": 462011955, "name": "Dupont Pizza", "amenity": "fast_food", "cuisine": "pizza" }, "geometry": { "type": "Point", "coordinates": [ -77.0453242, 38.9094739 ] } },
{ "type": "Feature", "properties": { "element": "node", "id": 462011956, "name": "Subway", "amenity": "fast_food", "cuisine": "sandwich" }, "geometry": { "type": "Point", "coordinates": [ -77.0454177, 38.9094585 ] } },
{ "type": "Feature", "properties": { "element": "node", "id": 462044714, "name": "Bagels Etc.", "amenity": "fast_food", "cuisine": "bagel" }, "geometry": { "type": "Point", "coordinates": [ -77.047634, 38.9094783 ] } },
{ "type": "Feature", "properties": { "element": "node", "id": 462044729, "name": "Sura", "amenity": "restaurant", "cuisine": "thai;chinese;japanese" }, "geometry": { "type": "Point", "coordinates": [ -77.0456867, 38.9094741 ] } },
{ "type": "Feature", "properties": { "element": "node", "id": 471593595, "name": "Potbelly", "amenity": "fast_food", "cuisine": "sandwich" }, "geometry": { "type": "Point", "coordinates": [ -77.0436547, 38.9035976 ] } },
{ "type": "Feature", "properties": { "element": "node", "id": 486275962, "name": "Gregorys Coffee", "amenity": "cafe", "cuisine": "coffee_shop" }, "geometry": { "type": "Point", "coordinates": [ -77.0217125, 38.8959721 ] } },
{ "type": "Feature", "properties": { "element": "node", "id": 486275966, "name": "McDonald's", "amenity": "fast_food", "cuisine": "burger" }, "geometry": { "type": "Point", "coordinates": [ -77.0196338, 38.8959399 ] } },
{ "type": "Feature", "properties": { "element": "node", "id": 486343600, "name": "New Big Wong", "amenity": "restaurant", "cuisine": "chinese" }, "geometry": { "type": "Point", "coordinates": [ -77.020589, 38.899671 ] } },
{ "type": "Feature", "properties": { "element": "node", "id": 486343622, "name": "Jackey Cafe", "amenity": "restaurant", "cuisine": "chinese" }, "geometry": { "type": "Point", "coordinates": [ -77.0205046, 38.8999776 ] } },
{ "type": "Feature", "properties": { "element": "node", "id": 486343734, "name": "Joy Luck House Bakery & Cafe", "amenity": "restaurant", "cuisine": "chinese" }, "geometry": { "type": "Point", "coordinates": [ -77.0201222, 38.899618 ] } },
{ "type": "Feature", "properties": { "element": "node", "id": 486343794, "name": "Bantam King", "amenity": "restaurant", "cuisine": "noodle" }, "geometry": { "type": "Point", "coordinates": [ -77.0191292, 38.8984619 ] } },
{ "type": "Feature", "properties": { "element": "node", "id": 486360024, "name": "Chopt", "amenity": "fast_food", "cuisine": "salad" }, "geometry": { "type": "Point", "coordinates": [ -77.0221058, 38.8994373 ] } },
{ "type": "Feature", "properties": { "element": "node", "id": 486527130, "name": "Courtyard Cafe", "amenity": "cafe", "cuisine": null }, "geometry": { "type": "Point", "coordinates": [ -77.0226469, 38.8980715 ] } },
{ "type": "Feature", "properties": { "element": "node", "id": 486527145, "name": "Dunkin'", "amenity": "fast_food", "cuisine": "donut;coffee_shop" }, "geometry": { "type": "Point", "coordinates": [ -77.0216338, 38.8977154 ] } },
{ "type": "Feature", "properties": { "element": "node", "id": 487493227, "name": "Ben's Chili Bowl", "amenity": "fast_food", "cuisine": "american" }, "geometry": { "type": "Point", "coordinates": [ -77.0287742, 38.9171584 ] } },
{ "type": "Feature", "properties": { "element": "node", "id": 487493301, "name": "McDonald's", "amenity": "fast_food", "cuisine": "burger" }, "geometry": { "type": "Point", "coordinates": [ -77.0321846, 38.9168652 ] } },
{ "type": "Feature", "properties": { "element": "node", "id": 488881227, "name": "Starbucks", "amenity": "cafe", "cuisine": "coffee_shop" }, "geometry": { "type": "Point", "coordinates": [ -77.0553144, 38.9295977 ] } },
{ "type": "Feature", "properties": { "element": "node", "id": 490254362, "name": "Mayflower", "amenity": "fast_food", "cuisine": "chinese" }, "geometry": { "type": "Point", "coordinates": [ -77.037438, 38.9284904 ] } },
{ "type": "Feature", "properties": { "element": "node", "id": 490254367, "name": "Pica Taco", "amenity": "fast_food", "cuisine": "mexican;tacos" }, "geometry": { "type": "Point", "coordinates": [ -77.0372965, 38.9264361 ] } },
{ "type": "Feature", "properties": { "element": "node", "id": 490254388, "name": "Ercilia's", "amenity": "restaurant", "cuisine": "salvadoran" }, "geometry": { "type": "Point", "coordinates": [ -77.0374764, 38.9285877 ] } },
{ "type": "Feature", "properties": { "element": "node", "id": 490254398, "name": "Dos Gringos", "amenity": "cafe", "cuisine": null }, "geometry": { "type": "Point", "coordinates": [ -77.0378105, 38.9294319 ] } },
{ "type": "Feature", "properties": { "element": "node", "id": 490254403, "name": "Haydee's Restaurant", "amenity": "restaurant", "cuisine": "mexican" }, "geometry": { "type": "Point", "coordinates": [ -77.037687, 38.928948 ] } },
{ "type": "Feature", "properties": { "element": "node", "id": 495881932, "name": "Dolci Gelati", "amenity": "fast_food", "cuisine": "snack" }, "geometry": { "type": "Point", "coordinates": [ -77.047181, 38.9293886 ] } },
{ "type": "Feature", "properties": { "element": "node", "id": 502878563, "name": "Subway", "amenity": "fast_food", "cuisine": "sandwich" }, "geometry": { "type": "Point", "coordinates": [ -77.0277729, 38.9675726 ] } },
{ "type": "Feature", "properties": { "element": "node", "id": 502878565, "name": "Julia's Empanadas", "amenity": "fast_food", "cuisine": "latin_american" }, "geometry": { "type": "Point", "coordinates": [ -77.0273936, 38.9659066 ] } },
{ "type": "Feature", "properties": { "element": "node", "id": 561039688, "name": "Mitsitam Cafe", "amenity": "restaurant", "cuisine": null }, "geometry": { "type": "Point", "coordinates": [ -77.016929, 38.8883988 ] } },
{ "type": "Feature", "properties": { "element": "node", "id": 568134261, "name": "Starbucks", "amenity": "cafe", "cuisine": "coffee_shop" }, "geometry": { "type": "Point", "coordinates": [ -77.0675677, 38.9149962 ] } },
{ "type": "Feature", "properties": { "element": "node", "id": 568148640, "name": "Chipotle", "amenity": "fast_food", "cuisine": "mexican" }, "geometry": { "type": "Point", "coordinates": [ -77.0645283, 38.9053 ] } },
{ "type": "Feature", "properties": { "element": "node", "id": 574056476, "name": "Starbucks", "amenity": "cafe", "cuisine": "coffee_shop" }, "geometry": { "type": "Point", "coordinates": [ -77.043618, 38.910432 ] } },
{ "type": "Feature", "properties": { "element": "node", "id": 577421816, "name": "Starbucks", "amenity": "cafe", "cuisine": "coffee_shop" }, "geometry": { "type": "Point", "coordinates": [ -77.0446667, 38.8961368 ] } },
{ "type": "Feature", "properties": { "element": "node", "id": 577422397, "name": "Subway", "amenity": "fast_food", "cuisine": "sandwich" }, "geometry": { "type": "Point", "coordinates": [ -77.0447747, 38.8962321 ] } },
{ "type": "Feature", "properties": { "element": "node", "id": 577428664, "name": "Carvings", "amenity": "fast_food", "cuisine": null }, "geometry": { "type": "Point", "coordinates": [ -77.0454989, 38.8975366 ] } },
{ "type": "Feature", "properties": { "element": "node", "id": 581179489, "name": "Subway", "amenity": "fast_food", "cuisine": "sandwich" }, "geometry": { "type": "Point", "coordinates": [ -77.0095586, 38.9003545 ] } },
{ "type": "Feature", "properties": { "element": "node", "id": 581182441, "name": "Citi Pizza", "amenity": "fast_food", "cuisine": "pizza;pakistani" }, "geometry": { "type": "Point", "coordinates": [ -76.999166, 38.900383 ] } },
{ "type": "Feature", "properties": { "element": "node", "id": 584504817, "name": "Moby Dick House of Kabob", "amenity": "fast_food", "cuisine": "middle_eastern" }, "geometry": { "type": "Point", "coordinates": [ -77.0613208, 38.9048236 ] } },
{ "type": "Feature", "properties": { "element": "node", "id": 584633619, "name": "Chipotle", "amenity": "fast_food", "cuisine": "mexican" }, "geometry": { "type": "Point", "coordinates": [ -77.0777215, 38.945004 ] } },
{ "type": "Feature", "properties": { "element": "node", "id": 584633626, "name": "Popeyes", "amenity": "fast_food", "cuisine": "chicken" }, "geometry": { "type": "Point", "coordinates": [ -77.0778207, 38.9451792 ] } },
{ "type": "Feature", "properties": { "element": "node", "id": 584633645, "name": "McDonald's", "amenity": "fast_food", "cuisine": "burger" }, "geometry": { "type": "Point", "coordinates": [ -77.0773027, 38.9430022 ] } },
{ "type": "Feature", "properties": { "element": "node", "id": 584721033, "name": "Starbucks", "amenity": "cafe", "cuisine": "coffee_shop" }, "geometry": { "type": "Point", "coordinates": [ -77.0390376, 38.9027675 ] } },
{ "type": "Feature", "properties": { "element": "node", "id": 584721036, "name": "Qargo Coffee", "amenity": "cafe", "cuisine": "coffee_shop" }, "geometry": { "type": "Point", "coordinates": [ -77.03695, 38.9022816 ] } },
{ "type": "Feature", "properties": { "element": "node", "id": 585335291, "name": "Truluck's", "amenity": "restaurant", "cuisine": "seafood" }, "geometry": { "type": "Point", "coordinates": [ -77.0221379, 38.9019004 ] } },
{ "type": "Feature", "properties": { "element": "node", "id": 585335297, "name": "Brickstones Kitchen & Bar", "amenity": "restaurant", "cuisine": null }, "geometry": { "type": "Point", "coordinates": [ -77.0261991, 38.9021904 ] } },
{ "type": "Feature", "properties": { "element": "node", "id": 585335301, "name": "Starbucks Reserve", "amenity": "cafe", "cuisine": "coffee_shop" }, "geometry": { "type": "Point", "coordinates": [ -77.0267396, 38.8996151 ] } },
{ "type": "Feature", "properties": { "element": "node", "id": 585335303, "name": "Starbucks", "amenity": "cafe", "cuisine": "coffee_shop" }, "geometry": { "type": "Point", "coordinates": [ -77.0237261, 38.8990552 ] } },
{ "type": "Feature", "properties": { "element": "node", "id": 585335304, "name": "Starbucks", "amenity": "cafe", "cuisine": "coffee_shop" }, "geometry": { "type": "Point", "coordinates": [ -77.0231662, 38.9017772 ] } },
{ "type": "Feature", "properties": { "element": "node", "id": 585335311, "name": "Starbucks", "amenity": "cafe", "cuisine": "coffee_shop" }, "geometry": { "type": "Point", "coordinates": [ -77.0277974, 38.8990867 ] } },
{ "type": "Feature", "properties": { "element": "node", "id": 585335312, "name": "Così", "amenity": "fast_food", "cuisine": "sandwich" }, "geometry": { "type": "Point", "coordinates": [ -77.0275939, 38.8985573 ] } },
{ "type": "Feature", "properties": { "element": "node", "id": 585825416, "name": "Cure Bar and Bistro", "amenity": "restaurant", "cuisine": "french;japanese;sushi" }, "geometry": { "type": "Point", "coordinates": [ -77.0262704, 38.8996197 ] } },
{ "type": "Feature", "properties": { "element": "node", "id": 595498696, "name": "Krispy Kreme", "amenity": "fast_food", "cuisine": "donut" }, "geometry": { "type": "Point", "coordinates": [ -77.0431907, 38.9086787 ] } },
{ "type": "Feature", "properties": { "element": "node", "id": 601634087, "name": "Starbucks", "amenity": "cafe", "cuisine": "coffee_shop" }, "geometry": { "type": "Point", "coordinates": [ -77.074953, 38.9632558 ] } },
{ "type": "Feature", "properties": { "element": "node", "id": 610994141, "name": "Lincoln's Waffle Shop", "amenity": "restaurant", "cuisine": "american" }, "geometry": { "type": "Point", "coordinates": [ -77.0262106, 38.8966087 ] } },
{ "type": "Feature", "properties": { "element": "node", "id": 611049534, "name": "We The Pizza Express", "amenity": "fast_food", "cuisine": "pizza" }, "geometry": { "type": "Point", "coordinates": [ -77.0303323, 38.9171752 ] } },
{ "type": "Feature", "properties": { "element": "node", "id": 611054693, "name": "Starbucks", "amenity": "cafe", "cuisine": "coffee_shop" }, "geometry": { "type": "Point", "coordinates": [ -77.0267175, 38.8966714 ] } },
{ "type": "Feature", "properties": { "element": "node", "id": 661500759, "name": "Potomac Grille", "amenity": "cafe", "cuisine": "american" }, "geometry": { "type": "Point", "coordinates": [ -77.0267781, 38.8745514 ] } },
{ "type": "Feature", "properties": { "element": "node", "id": 681867927, "name": "minibar by José Andrés", "amenity": "restaurant", "cuisine": null }, "geometry": { "type": "Point", "coordinates": [ -77.0235756, 38.8963187 ] } },
{ "type": "Feature", "properties": { "element": "node", "id": 687306805, "name": "Five Guys", "amenity": "fast_food", "cuisine": "burger" }, "geometry": { "type": "Point", "coordinates": [ -77.02349, 38.89962 ] } },
{ "type": "Feature", "properties": { "element": "node", "id": 687314815, "name": "Auntie Anne's", "amenity": "fast_food", "cuisine": "pretzel" }, "geometry": { "type": "Point", "coordinates": [ -77.0214781, 38.8987179 ] } },
{ "type": "Feature", "properties": { "element": "node", "id": 687314822, "name": "Chick-fil-A", "amenity": "fast_food", "cuisine": "chicken" }, "geometry": { "type": "Point", "coordinates": [ -77.0223713, 38.8986379 ] } },
{ "type": "Feature", "properties": { "element": "node", "id": 688506119, "name": "1789", "amenity": "restaurant", "cuisine": "american" }, "geometry": { "type": "Point", "coordinates": [ -77.0704184, 38.9059774 ] } },
{ "type": "Feature", "properties": { "element": "node", "id": 688506120, "name": "Domino's", "amenity": "fast_food", "cuisine": "pizza" }, "geometry": { "type": "Point", "coordinates": [ -77.0648032, 38.9061023 ] } },
{ "type": "Feature", "properties": { "element": "node", "id": 689029977, "name": "Tuscany Cafe", "amenity": "fast_food", "cuisine": "pizza" }, "geometry": { "type": "Point", "coordinates": [ -77.0648896, 38.9061063 ] } },
{ "type": "Feature", "properties": { "element": "node", "id": 693942612, "name": "Chipotle", "amenity": "fast_food", "cuisine": "mexican" }, "geometry": { "type": "Point", "coordinates": [ -77.0518863, 38.9236967 ] } },
{ "type": "Feature", "properties": { "element": "node", "id": 694526720, "name": "Hershey's Ice Cream", "amenity": "fast_food", "cuisine": "ice_cream" }, "geometry": { "type": "Point", "coordinates": [ -77.0620289, 38.9027468 ] } },
{ "type": "Feature", "properties": { "element": "node", "id": 694538723, "name": "Sequoia Grill", "amenity": "restaurant", "cuisine": "american" }, "geometry": { "type": "Point", "coordinates": [ -77.0593661, 38.9013932 ] } },
{ "type": "Feature", "properties": { "element": "node", "id": 694539805, "name": "Tony & Joe's Seafood Place", "amenity": "restaurant", "cuisine": "seafood" }, "geometry": { "type": "Point", "coordinates": [ -77.0597059, 38.9013006 ] } },
{ "type": "Feature", "properties": { "element": "node", "id": 694547398, "name": "Nick's Riverside Grill", "amenity": "restaurant", "cuisine": "seafood" }, "geometry": { "type": "Point", "coordinates": [ -77.0605857, 38.9015323 ] } },
{ "type": "Feature", "properties": { "element": "node", "id": 695008022, "name": "Teaism", "amenity": "cafe", "cuisine": null }, "geometry": { "type": "Point", "coordinates": [ -77.0459358, 38.9127576 ] } },
{ "type": "Feature", "properties": { "element": "node", "id": 701593544, "name": "Petit Monde Cafe", "amenity": "cafe", "cuisine": null }, "geometry": { "type": "Point", "coordinates": [ -77.0520582, 38.9250943 ] } },
{ "type": "Feature", "properties": { "element": "node", "id": 701601515, "name": "McDonald's", "amenity": "fast_food", "cuisine": "burger" }, "geometry": { "type": "Point", "coordinates": [ -77.0522632, 38.9242232 ] } },
{ "type": "Feature", "properties": { "element": "node", "id": 701605499, "name": "Yours Cafe", "amenity": "cafe", "cuisine": null }, "geometry": { "type": "Point", "coordinates": [ -77.0515122, 38.924098 ] } },
{ "type": "Feature", "properties": { "element": "node", "id": 701650068, "name": "Eddie's Cafe", "amenity": "fast_food", "cuisine": "chinese" }, "geometry": { "type": "Point", "coordinates": [ -77.0521208, 38.9236772 ] } },
{ "type": "Feature", "properties": { "element": "node", "id": 705259428, "name": "Manny & Olga's Pizza", "amenity": "fast_food", "cuisine": "pizza;sandwich;wings;salad;burger" }, "geometry": { "type": "Point", "coordinates": [ -77.0652995, 38.9114886 ] } },
{ "type": "Feature", "properties": { "element": "node", "id": 709004163, "name": "Starbucks", "amenity": "cafe", "cuisine": "coffee_shop" }, "geometry": { "type": "Point", "coordinates": [ -77.04832, 38.905452 ] } },
{ "type": "Feature", "properties": { "element": "node", "id": 710724028, "name": "Chipotle", "amenity": "fast_food", "cuisine": "mexican" }, "geometry": { "type": "Point", "coordinates": [ -77.0443813, 38.911869 ] } },
{ "type": "Feature", "properties": { "element": "node", "id": 710774154, "name": null, "amenity": "restaurant", "cuisine": "french" }, "geometry": { "type": "Point", "coordinates": [ -77.0453099, 38.9133707 ] } },
{ "type": "Feature", "properties": { "element": "node", "id": 718282240, "name": "Georgetown Pizza & Grill", "amenity": "fast_food", "cuisine": "pizza" }, "geometry": { "type": "Point", "coordinates": [ -77.0639035, 38.9077275 ] } },
{ "type": "Feature", "properties": { "element": "node", "id": 719191146, "name": "Hank's Oyster Bar", "amenity": "restaurant", "cuisine": "seafood" }, "geometry": { "type": "Point", "coordinates": [ -77.0381169, 38.9109906 ] } },
{ "type": "Feature", "properties": { "element": "node", "id": 719556953, "name": "Subway", "amenity": "fast_food", "cuisine": "sandwich" }, "geometry": { "type": "Point", "coordinates": [ -77.0382632, 38.9116869 ] } },
{ "type": "Feature", "properties": { "element": "node", "id": 721033717, "name": "Starbucks", "amenity": "cafe", "cuisine": "coffee_shop" }, "geometry": { "type": "Point", "coordinates": [ -77.0507502, 38.9010118 ] } },
{ "type": "Feature", "properties": { "element": "node", "id": 721035640, "name": "Baja Fresh", "amenity": "fast_food", "cuisine": "mexican" }, "geometry": { "type": "Point", "coordinates": [ -77.044723, 38.9014817 ] } },
{ "type": "Feature", "properties": { "element": "node", "id": 721050296, "name": "Grill Kabob", "amenity": "fast_food", "cuisine": "afghan" }, "geometry": { "type": "Point", "coordinates": [ -77.0436693, 38.903455 ] } },
{ "type": "Feature", "properties": { "element": "node", "id": 721060686, "name": "Greek Deli", "amenity": "fast_food", "cuisine": "greek" }, "geometry": { "type": "Point", "coordinates": [ -77.043671, 38.9044847 ] } },
{ "type": "Feature", "properties": { "element": "node", "id": 721669811, "name": "Springborne", "amenity": "restaurant", "cuisine": null }, "geometry": { "type": "Point", "coordinates": [ -77.0432258, 38.9054824 ] } },
{ "type": "Feature", "properties": { "element": "node", "id": 721669870, "name": "Nooshi Carryout", "amenity": "fast_food", "cuisine": "japanese" }, "geometry": { "type": "Point", "coordinates": [ -77.0436702, 38.904518 ] } },
{ "type": "Feature", "properties": { "element": "node", "id": 723662707, "name": "Jetties", "amenity": "fast_food", "cuisine": "sandwich;salad;soup" }, "geometry": { "type": "Point", "coordinates": [ -77.0839777, 38.9112627 ] } },
{ "type": "Feature", "properties": { "element": "node", "id": 730823825, "name": "Juice Zone", "amenity": "fast_food", "cuisine": "smoothies" }, "geometry": { "type": "Point", "coordinates": [ -77.0445323, 38.9014745 ] } },
{ "type": "Feature", "properties": { "element": "node", "id": 730824611, "name": "Starbucks", "amenity": "cafe", "cuisine": "coffee_shop" }, "geometry": { "type": "Point", "coordinates": [ -77.043818, 38.902294 ] } },
{ "type": "Feature", "properties": { "element": "node", "id": 731341443, "name": "Così", "amenity": "fast_food", "cuisine": "sandwich" }, "geometry": { "type": "Point", "coordinates": [ -77.020235, 38.893997 ] } },
{ "type": "Feature", "properties": { "element": "node", "id": 731351083, "name": "Jacks Famous Deli", "amenity": "fast_food", "cuisine": null }, "geometry": { "type": "Point", "coordinates": [ -77.0207101, 38.8944939 ] } },
{ "type": "Feature", "properties": { "element": "node", "id": 731357142, "name": "Potbelly", "amenity": "fast_food", "cuisine": "sandwich" }, "geometry": { "type": "Point", "coordinates": [ -77.021418, 38.894289 ] } },
{ "type": "Feature", "properties": { "element": "node", "id": 731372635, "name": "Starbucks", "amenity": "cafe", "cuisine": "coffee_shop" }, "geometry": { "type": "Point", "coordinates": [ -77.021712, 38.894168 ] } },
{ "type": "Feature", "properties": { "element": "node", "id": 734259644, "name": "Avenue Grill", "amenity": "restaurant", "cuisine": "american" }, "geometry": { "type": "Point", "coordinates": [ -77.0311623, 38.8963367 ] } },
{ "type": "Feature", "properties": { "element": "node", "id": 734278762, "name": "Corner Bakery", "amenity": "cafe", "cuisine": "coffee_shop" }, "geometry": { "type": "Point", "coordinates": [ -77.0316782, 38.8971432 ] } },
{ "type": "Feature", "properties": { "element": "node", "id": 734363988, "name": "Potbelly", "amenity": "fast_food", "cuisine": "sandwich" }, "geometry": { "type": "Point", "coordinates": [ -77.0321734, 38.8990854 ] } },
{ "type": "Feature", "properties": { "element": "node", "id": 734367503, "name": "Starbucks", "amenity": "cafe", "cuisine": "coffee_shop" }, "geometry": { "type": "Point", "coordinates": [ -77.03219, 38.9000558 ] } },
{ "type": "Feature", "properties": { "element": "node", "id": 734420353, "name": "Five Guys", "amenity": "fast_food", "cuisine": "burger" }, "geometry": { "type": "Point", "coordinates": [ -77.0322514, 38.9011676 ] } },
{ "type": "Feature", "properties": { "element": "node", "id": 734442884, "name": "Via Sophia", "amenity": "restaurant", "cuisine": "italian;fine_dining" }, "geometry": { "type": "Point", "coordinates": [ -77.0317169, 38.9027741 ] } },
{ "type": "Feature", "properties": { "element": "node", "id": 734445667, "name": "Subway", "amenity": "fast_food", "cuisine": "sandwich" }, "geometry": { "type": "Point", "coordinates": [ -77.032229, 38.903006 ] } },
{ "type": "Feature", "properties": { "element": "node", "id": 734447854, "name": "The Brown Bag", "amenity": "fast_food", "cuisine": "american" }, "geometry": { "type": "Point", "coordinates": [ -77.031671, 38.903244 ] } },
{ "type": "Feature", "properties": { "element": "node", "id": 734461801, "name": "The Continent DC", "amenity": "restaurant", "cuisine": "african" }, "geometry": { "type": "Point", "coordinates": [ -77.0331148, 38.9042004 ] } },
{ "type": "Feature", "properties": { "element": "node", "id": 734466377, "name": "Stan's Restaurant", "amenity": "restaurant", "cuisine": null }, "geometry": { "type": "Point", "coordinates": [ -77.0329023, 38.9035152 ] } },
{ "type": "Feature", "properties": { "element": "node", "id": 735126542, "name": "District Taco", "amenity": "fast_food", "cuisine": "mexican" }, "geometry": { "type": "Point", "coordinates": [ -76.9967344, 38.8852096 ] } },
{ "type": "Feature", "properties": { "element": "node", "id": 736901986, "name": "Avalon Theatre Cafe", "amenity": "cafe", "cuisine": null }, "geometry": { "type": "Point", "coordinates": [ -77.076163, 38.9653756 ] } },
{ "type": "Feature", "properties": { "element": "node", "id": 736903629, "name": "Subway", "amenity": "fast_food", "cuisine": "sandwich" }, "geometry": { "type": "Point", "coordinates": [ -77.0762815, 38.9655386 ] } },
{ "type": "Feature", "properties": { "element": "node", "id": 736905927, "name": "Jetties", "amenity": "fast_food", "cuisine": "sandwich;salad;soup" }, "geometry": { "type": "Point", "coordinates": [ -77.0764583, 38.9658123 ] } },
{ "type": "Feature", "properties": { "element": "node", "id": 736998220, "name": "Yosaku Restaurant", "amenity": "restaurant", "cuisine": "japanese" }, "geometry": { "type": "Point", "coordinates": [ -77.0813473, 38.9514729 ] } },
{ "type": "Feature", "properties": { "element": "node", "id": 736998225, "name": "Booeymonger", "amenity": "cafe", "cuisine": "deli" }, "geometry": { "type": "Point", "coordinates": [ -77.084981, 38.9588663 ] } },
{ "type": "Feature", "properties": { "element": "node", "id": 736998227, "name": "Maggiano's Little Italy", "amenity": "restaurant", "cuisine": "italian" }, "geometry": { "type": "Point", "coordinates": [ -77.0848233, 38.9596079 ] } },
{ "type": "Feature", "properties": { "element": "node", "id": 736998230, "name": "Satay Club", "amenity": "restaurant", "cuisine": "malaysian" }, "geometry": { "type": "Point", "coordinates": [ -77.0810725, 38.9508325 ] } },
{ "type": "Feature", "properties": { "element": "node", "id": 736998233, "name": "Matisse", "amenity": "restaurant", "cuisine": "french" }, "geometry": { "type": "Point", "coordinates": [ -77.0828659, 38.9543007 ] } },
{ "type": "Feature", "properties": { "element": "node", "id": 736998235, "name": "49 Twelve Thai Cuisine", "amenity": "restaurant", "cuisine": "thai" }, "geometry": { "type": "Point", "coordinates": [ -77.0826329, 38.9538766 ] } },
{ "type": "Feature", "properties": { "element": "node", "id": 736998241, "name": "Dunkin'", "amenity": "fast_food", "cuisine": "donut;coffee_shop" }, "geometry": { "type": "Point", "coordinates": [ -77.0805769, 38.9492391 ] } },
{ "type": "Feature", "properties": { "element": "node", "id": 737066296, "name": "Osteria al Volo", "amenity": "restaurant", "cuisine": "italian" }, "geometry": { "type": "Point", "coordinates": [ -77.0422146, 38.9227372 ] } },
{ "type": "Feature", "properties": { "element": "node", "id": 737066308, "name": "My Canton", "amenity": "restaurant", "cuisine": "mexican;salvadoran" }, "geometry": { "type": "Point", "coordinates": [ -77.0411902, 38.9234313 ] } },
{ "type": "Feature", "properties": { "element": "node", "id": 737066327, "name": "Tsehay Ethiopian Restaurant And Bar", "amenity": "restaurant", "cuisine": null }, "geometry": { "type": "Point", "coordinates": [ -77.0419121, 38.9212825 ] } },
{ "type": "Feature", "properties": { "element": "node", "id": 737066333, "name": "Johnny Pistola's", "amenity": "restaurant", "cuisine": "mexican" }, "geometry": { "type": "Point", "coordinates": [ -77.041615, 38.9204913 ] } },
{ "type": "Feature", "properties": { "element": "node", "id": 737066351, "name": "Jyoti Indian Cuisine", "amenity": "restaurant", "cuisine": "indian" }, "geometry": { "type": "Point", "coordinates": [ -77.0419905, 38.9213592 ] } },
{ "type": "Feature", "properties": { "element": "node", "id": 737066368, "name": "The Green Zone", "amenity": "restaurant", "cuisine": "middle_eastern" }, "geometry": { "type": "Point", "coordinates": [ -77.0418608, 38.9194799 ] } },
{ "type": "Feature", "properties": { "element": "node", "id": 737066407, "name": "Akira Ramen & Izakaya", "amenity": "restaurant", "cuisine": "japanese" }, "geometry": { "type": "Point", "coordinates": [ -77.0424025, 38.9224593 ] } },
{ "type": "Feature", "properties": { "element": "node", "id": 737066416, "name": "El Tamarindo", "amenity": "restaurant", "cuisine": "salvadoran" }, "geometry": { "type": "Point", "coordinates": [ -77.041244, 38.917154 ] } },
{ "type": "Feature", "properties": { "element": "node", "id": 737066423, "name": "Tryst Coffeehouse", "amenity": "cafe", "cuisine": null }, "geometry": { "type": "Point", "coordinates": [ -77.0421524, 38.9219571 ] } },
{ "type": "Feature", "properties": { "element": "node", "id": 737066426, "name": "Banana Leaves", "amenity": "restaurant", "cuisine": "asian" }, "geometry": { "type": "Point", "coordinates": [ -77.0455899, 38.9144873 ] } },
{ "type": "Feature", "properties": { "element": "node", "id": 737066437, "name": "Kalorama Deli", "amenity": "fast_food", "cuisine": null }, "geometry": { "type": "Point", "coordinates": [ -77.0386847, 38.9213008 ] } },
{ "type": "Feature", "properties": { "element": "node", "id": 737066453, "name": "The Diner", "amenity": "restaurant", "cuisine": "american;diner" }, "geometry": { "type": "Point", "coordinates": [ -77.0421725, 38.9218242 ] } },
{ "type": "Feature", "properties": { "element": "node", "id": 737066464, "name": "Himalayan Heritage", "amenity": "restaurant", "cuisine": "nepalese" }, "geometry": { "type": "Point", "coordinates": [ -77.0414233, 38.9198441 ] } },
{ "type": "Feature", "properties": { "element": "node", "id": 737066474, "name": "Bukom Cafe", "amenity": "restaurant", "cuisine": "african" }, "geometry": { "type": "Point", "coordinates": [ -77.0426197, 38.921771 ] } },
{ "type": "Feature", "properties": { "element": "node", "id": 737066475, "name": "The Grill From Ipanema", "amenity": "restaurant", "cuisine": "brazilian" }, "geometry": { "type": "Point", "coordinates": [ -77.0435, 38.920955 ] } },
{ "type": "Feature", "properties": { "element": "node", "id": 737066512, "name": "Lucky Buns", "amenity": "restaurant", "cuisine": "burger" }, "geometry": { "type": "Point", "coordinates": [ -77.0418984, 38.9171217 ] } },
{ "type": "Feature", "properties": { "element": "node", "id": 737066532, "name": "Lapis", "amenity": "restaurant", "cuisine": "afghan" }, "geometry": { "type": "Point", "coordinates": [ -77.043828, 38.9213 ] } },
{ "type": "Feature", "properties": { "element": "node", "id": 737066535, "name": "Keren Restaurant", "amenity": "cafe", "cuisine": "coffee_shop" }, "geometry": { "type": "Point", "coordinates": [ -77.041281, 38.916743 ] } },
{ "type": "Feature", "properties": { "element": "node", "id": 737066539, "name": "El Nuevo Migueleno", "amenity": "restaurant", "cuisine": "latin_american" }, "geometry": { "type": "Point", "coordinates": [ -77.040033, 38.924757 ] } },
{ "type": "Feature", "properties": { "element": "node", "id": 737066556, "name": "Meze", "amenity": "restaurant", "cuisine": "mediterranean;turkish" }, "geometry": { "type": "Point", "coordinates": [ -77.0419909, 38.9214638 ] } },
{ "type": "Feature", "properties": { "element": "node", "id": 737066563, "name": "Her Diner", "amenity": "restaurant", "cuisine": "diner" }, "geometry": { "type": "Point", "coordinates": [ -77.041878, 38.917216 ] } },
{ "type": "Feature", "properties": { "element": "node", "id": 737066573, "name": "Mama Ayesha's", "amenity": "restaurant", "cuisine": "middle_eastern" }, "geometry": { "type": "Point", "coordinates": [ -77.0467709, 38.9234344 ] } },
{ "type": "Feature", "properties": { "element": "node", "id": 737080352, "name": "Charlies Corner", "amenity": "fast_food", "cuisine": null }, "geometry": { "type": "Point", "coordinates": [ -76.9962997, 38.8597836 ] } },
{ "type": "Feature", "properties": { "element": "node", "id": 737080371, "name": "Wah Sing Restaurant", "amenity": "restaurant", "cuisine": "chinese;american" }, "geometry": { "type": "Point", "coordinates": [ -76.970325, 38.8728594 ] } },
{ "type": "Feature", "properties": { "element": "node", "id": 737080424, "name": "Epicurean Experience", "amenity": "fast_food", "cuisine": null }, "geometry": { "type": "Point", "coordinates": [ -76.9763182, 38.8459406 ] } },
{ "type": "Feature", "properties": { "element": "node", "id": 737145397, "name": "Mary Bar & Grill", "amenity": "restaurant", "cuisine": "mexican;salvadoran" }, "geometry": { "type": "Point", "coordinates": [ -77.0249111, 38.9425542 ] } },
{ "type": "Feature", "properties": { "element": "node", "id": 737145399, "name": "Hitching Post Restaurant", "amenity": "restaurant", "cuisine": "american" }, "geometry": { "type": "Point", "coordinates": [ -77.013773, 38.942045 ] } },
{ "type": "Feature", "properties": { "element": "node", "id": 737145405, "name": "Pho Viet USA", "amenity": "restaurant", "cuisine": "vietnamese" }, "geometry": { "type": "Point", "coordinates": [ -77.02367, 38.9368137 ] } },
{ "type": "Feature", "properties": { "element": "node", "id": 737145415, "name": "San Antonio Bar & Grill III", "amenity": "restaurant", "cuisine": "mexican" }, "geometry": { "type": "Point", "coordinates": [ -76.9907583, 38.9375716 ] } },
{ "type": "Feature", "properties": { "element": "node", "id": 737145426, "name": "Midnight Delicatessen", "amenity": "fast_food", "cuisine": null }, "geometry": { "type": "Point", "coordinates": [ -77.0264729, 38.9473397 ] } },
{ "type": "Feature", "properties": { "element": "node", "id": 737145437, "name": "La Cocina Tex-Mex", "amenity": "restaurant", "cuisine": "tacos;mexican;tex-mex" }, "geometry": { "type": "Point", "coordinates": [ -76.991304, 38.9358016 ] } },
{ "type": "Feature", "properties": { "element": "node", "id": 737145445, "name": "District Larder Co.", "amenity": "fast_food", "cuisine": "sandwich" }, "geometry": { "type": "Point", "coordinates": [ -77.0242162, 38.9420735 ] } },
{ "type": "Feature", "properties": { "element": "node", "id": 737404932, "name": "Kaiju Ramen Bar", "amenity": "restaurant", "cuisine": "ramen" }, "geometry": { "type": "Point", "coordinates": [ -76.9952596, 38.8819671 ] } },
{ "type": "Feature", "properties": { "element": "node", "id": 737404965, "name": "Belga Cafe", "amenity": "restaurant", "cuisine": "belgian" }, "geometry": { "type": "Point", "coordinates": [ -76.994714, 38.8821724 ] } },
{ "type": "Feature", "properties": { "element": "node", "id": 737404981, "name": "Los Caballeros", "amenity": "restaurant", "cuisine": "tex-mex" }, "geometry": { "type": "Point", "coordinates": [ -77.001617, 38.8871803 ] } },
{ "type": "Feature", "properties": { "element": "node", "id": 737404993, "name": "Aatish On The Hill", "amenity": "restaurant", "cuisine": "indian" }, "geometry": { "type": "Point", "coordinates": [ -76.9980082, 38.8851348 ] } },
{ "type": "Feature", "properties": { "element": "node", "id": 737404996, "name": "Nostra Cucina", "amenity": "restaurant", "cuisine": "italian;pizza;sandwich" }, "geometry": { "type": "Point", "coordinates": [ -77.0011784, 38.8949485 ] } },
{ "type": "Feature", "properties": { "element": "node", "id": 737405002, "name": "Ethiopic Restaurant", "amenity": "restaurant", "cuisine": "ethiopian" }, "geometry": { "type": "Point", "coordinates": [ -77.0003904, 38.9000242 ] } },
{ "type": "Feature", "properties": { "element": "node", "id": 737405011, "name": "La Plaza", "amenity": "restaurant", "cuisine": "mexican;salvadoran" }, "geometry": { "type": "Point", "coordinates": [ -76.9974137, 38.8848976 ] } },
{ "type": "Feature", "properties": { "element": "node", "id": 737405018, "name": "Bistro Cacao", "amenity": "restaurant", "cuisine": "french" }, "geometry": { "type": "Point", "coordinates": [ -77.0010799, 38.8945109 ] } },
{ "type": "Feature", "properties": { "element": "node", "id": 737405030, "name": "La Lomita", "amenity": "restaurant", "cuisine": "mexican" }, "geometry": { "type": "Point", "coordinates": [ -76.9867171, 38.8810858 ] } },
{ "type": "Feature", "properties": { "element": "node", "id": 737405038, "name": "National Democratic Club", "amenity": "restaurant", "cuisine": null }, "geometry": { "type": "Point", "coordinates": [ -77.0079626, 38.8843778 ] } },
{ "type": "Feature", "properties": { "element": "node", "id": 737405061, "name": "Hunan Dynasty", "amenity": "restaurant", "cuisine": "chinese" }, "geometry": { "type": "Point", "coordinates": [ -77.0028624, 38.8871388 ] } },
{ "type": "Feature", "properties": { "element": "node", "id": 737405067, "name": "Matchbox", "amenity": "restaurant", "cuisine": "pizza;american" }, "geometry": { "type": "Point", "coordinates": [ -76.9952611, 38.8821034 ] } },
{ "type": "Feature", "properties": { "element": "node", "id": 737405121, "name": "Le Pain Quotidien", "amenity": "cafe", "cuisine": "coffee_shop" }, "geometry": { "type": "Point", "coordinates": [ -76.9963828, 38.8850365 ] } },
{ "type": "Feature", "properties": { "element": "node", "id": 737405170, "name": "Pacci's", "amenity": "restaurant", "cuisine": "italian;pizza" }, "geometry": { "type": "Point", "coordinates": [ -76.9881039, 38.8894219 ] } },
{ "type": "Feature", "properties": { "element": "node", "id": 737405173, "name": "Cafe 8", "amenity": "restaurant", "cuisine": "turkish" }, "geometry": { "type": "Point", "coordinates": [ -76.9947482, 38.8830374 ] } },
{ "type": "Feature", "properties": { "element": "node", "id": 737405176, "name": "Good Stuff Eatery", "amenity": "fast_food", "cuisine": null }, "geometry": { "type": "Point", "coordinates": [ -77.0018054, 38.8866697 ] } },
{ "type": "Feature", "properties": { "element": "node", "id": 737405179, "name": "Ambar", "amenity": "restaurant", "cuisine": "balkan" }, "geometry": { "type": "Point", "coordinates": [ -76.9952626, 38.8820255 ] } },
{ "type": "Feature", "properties": { "element": "node", "id": 737405202, "name": "Pascual", "amenity": "restaurant", "cuisine": "mexican" }, "geometry": { "type": "Point", "coordinates": [ -76.9951658, 38.8956372 ] } },
{ "type": "Feature", "properties": { "element": "node", "id": 737405207, "name": "Wine and Butter", "amenity": "cafe", "cuisine": null }, "geometry": { "type": "Point", "coordinates": [ -76.9917104, 38.8895263 ] } },
{ "type": "Feature", "properties": { "element": "node", "id": 737405212, "name": "Cafe Berlin", "amenity": "cafe", "cuisine": "german" }, "geometry": { "type": "Point", "coordinates": [ -77.0009334, 38.8944479 ] } },
{ "type": "Feature", "properties": { "element": "node", "id": 737405220, "name": "East St Cafe", "amenity": "cafe", "cuisine": "asian" }, "geometry": { "type": "Point", "coordinates": [ -77.0057287, 38.8975216 ] } },
{ "type": "Feature", "properties": { "element": "node", "id": 737405229, "name": "Mr. Henry's", "amenity": "restaurant", "cuisine": "american" }, "geometry": { "type": "Point", "coordinates": [ -76.9982684, 38.8851718 ] } },
{ "type": "Feature", "properties": { "element": "node", "id": 737405231, "name": "Wendy's", "amenity": "fast_food", "cuisine": "burger" }, "geometry": { "type": "Point", "coordinates": [ -77.006669, 38.8976332 ] } },
{ "type": "Feature", "properties": { "element": "node", "id": 737405238, "name": "As You Are", "amenity": "cafe", "cuisine": null }, "geometry": { "type": "Point", "coordinates": [ -76.9947786, 38.8825825 ] } },
{ "type": "Feature", "properties": { "element": "node", "id": 737405254, "name": "Lost Sock", "amenity": "cafe", "cuisine": null }, "geometry": { "type": "Point", "coordinates": [ -77.0008251, 38.903882 ] } },
{ "type": "Feature", "properties": { "element": "node", "id": 737460217, "name": "CAVA", "amenity": "restaurant", "cuisine": "mediterranean" }, "geometry": { "type": "Point", "coordinates": [ -77.0773611, 38.9443155 ] } },
{ "type": "Feature", "properties": { "element": "node", "id": 737460244, "name": "Bread & Chocolate", "amenity": "cafe", "cuisine": null }, "geometry": { "type": "Point", "coordinates": [ -77.0757385, 38.9644883 ] } },
{ "type": "Feature", "properties": { "element": "node", "id": 737460273, "name": "Italian Pizza Kitchen", "amenity": "restaurant", "cuisine": "pizza" }, "geometry": { "type": "Point", "coordinates": [ -77.0652962, 38.9476909 ] } },
{ "type": "Feature", "properties": { "element": "node", "id": 737460292, "name": "Angelico La Pizzeria", "amenity": "fast_food", "cuisine": "pizza" }, "geometry": { "type": "Point", "coordinates": [ -77.0798481, 38.9487148 ] } },
{ "type": "Feature", "properties": { "element": "node", "id": 737460307, "name": "Masala Art", "amenity": "restaurant", "cuisine": "indian" }, "geometry": { "type": "Point", "coordinates": [ -77.0792312, 38.9475924 ] } },
{ "type": "Feature", "properties": { "element": "node", "id": 737460331, "name": "Opal", "amenity": "restaurant", "cuisine": "seafood" }, "geometry": { "type": "Point", "coordinates": [ -77.0755254, 38.9642604 ] } },
{ "type": "Feature", "properties": { "element": "node", "id": 737460369, "name": "Buck's Fishing & Camping", "amenity": "restaurant", "cuisine": null }, "geometry": { "type": "Point", "coordinates": [ -77.0699873, 38.9557894 ] } },
{ "type": "Feature", "properties": { "element": "node", "id": 737460381, "name": "Guapo's", "amenity": "restaurant", "cuisine": "mexican" }, "geometry": { "type": "Point", "coordinates": [ -77.0796373, 38.9484007 ] } },
{ "type": "Feature", "properties": { "element": "node", "id": 737476763, "name": "Indique", "amenity": "restaurant", "cuisine": "indian" }, "geometry": { "type": "Point", "coordinates": [ -77.0590893, 38.9360389 ] } },
{ "type": "Feature", "properties": { "element": "node", "id": 737476786, "name": "Medium Rare Restaurant", "amenity": "restaurant", "cuisine": "steak_house" }, "geometry": { "type": "Point", "coordinates": [ -77.0588748, 38.9357323 ] } },
{ "type": "Feature", "properties": { "element": "node", "id": 737476792, "name": "Siam House", "amenity": "restaurant", "cuisine": "thai" }, "geometry": { "type": "Point", "coordinates": [ -77.0592125, 38.9362758 ] } },
{ "type": "Feature", "properties": { "element": "node", "id": 737476794, "name": "Sababa", "amenity": "restaurant", "cuisine": "israeli" }, "geometry": { "type": "Point", "coordinates": [ -77.0571148, 38.9339035 ] } },
{ "type": "Feature", "properties": { "element": "node", "id": 737476802, "name": "Laredo Restaurant", "amenity": "restaurant", "cuisine": "mexican" }, "geometry": { "type": "Point", "coordinates": [ -77.0589365, 38.9357217 ] } },
{ "type": "Feature", "properties": { "element": "node", "id": 737476805, "name": "Fresh Baguette", "amenity": "cafe", "cuisine": null }, "geometry": { "type": "Point", "coordinates": [ -77.0581778, 38.9345016 ] } },
{ "type": "Feature", "properties": { "element": "node", "id": 737476807, "name": "2 Amys", "amenity": "restaurant", "cuisine": "pizza" }, "geometry": { "type": "Point", "coordinates": [ -77.0731011, 38.9336409 ] } },
{ "type": "Feature", "properties": { "element": "node", "id": 737476814, "name": "Paragon Thai Restaurant", "amenity": "restaurant", "cuisine": "thai" }, "geometry": { "type": "Point", "coordinates": [ -77.0580761, 38.9359467 ] } },
{ "type": "Feature", "properties": { "element": "node", "id": 737476817, "name": "Spices Restaurant", "amenity": "restaurant", "cuisine": "asian" }, "geometry": { "type": "Point", "coordinates": [ -77.0575719, 38.9344834 ] } },
{ "type": "Feature", "properties": { "element": "node", "id": 737476828, "name": "Dolan Uyghur", "amenity": "restaurant", "cuisine": "uyghur" }, "geometry": { "type": "Point", "coordinates": [ -77.0591553, 38.9361564 ] } },
{ "type": "Feature", "properties": { "element": "node", "id": 737495054, "name": "Far East Deli", "amenity": "fast_food", "cuisine": null }, "geometry": { "type": "Point", "coordinates": [ -76.9349115, 38.911939 ] } },
{ "type": "Feature", "properties": { "element": "node", "id": 737495064, "name": "China Cafe Carryout", "amenity": "fast_food", "cuisine": "chinese" }, "geometry": { "type": "Point", "coordinates": [ -76.9261437, 38.8977898 ] } },
{ "type": "Feature", "properties": { "element": "node", "id": 737526118, "name": "Wingo's", "amenity": "restaurant", "cuisine": "american" }, "geometry": { "type": "Point", "coordinates": [ -77.0713021, 38.9195776 ] } },
{ "type": "Feature", "properties": { "element": "node", "id": 737526132, "name": "Kusshi", "amenity": "restaurant", "cuisine": "sushi;japanese" }, "geometry": { "type": "Point", "coordinates": [ -77.0715081, 38.9205884 ] } },
{ "type": "Feature", "properties": { "element": "node", "id": 737526139, "name": "Breadsoda", "amenity": "cafe", "cuisine": null }, "geometry": { "type": "Point", "coordinates": [ -77.070806, 38.9198351 ] } },
{ "type": "Feature", "properties": { "element": "node", "id": 737526145, "name": "Westchester Dining Room", "amenity": "restaurant", "cuisine": "italian" }, "geometry": { "type": "Point", "coordinates": [ -77.0798506, 38.9284005 ] } },
{ "type": "Feature", "properties": { "element": "node", "id": 737526147, "name": "Rocklands Barbeque and Grilling Company", "amenity": "restaurant", "cuisine": "barbecue" }, "geometry": { "type": "Point", "coordinates": [ -77.072542, 38.9215246 ] } },
{ "type": "Feature", "properties": { "element": "node", "id": 737719989, "name": "Subway", "amenity": "fast_food", "cuisine": "sandwich" }, "geometry": { "type": "Point", "coordinates": [ -76.9600005, 38.8698245 ] } },
{ "type": "Feature", "properties": { "element": "node", "id": 737724489, "name": "Star Pizza", "amenity": "fast_food", "cuisine": "pizza" }, "geometry": { "type": "Point", "coordinates": [ -76.959571, 38.869662 ] } },
{ "type": "Feature", "properties": { "element": "node", "id": 737747359, "name": "Papa John's", "amenity": "fast_food", "cuisine": "pizza" }, "geometry": { "type": "Point", "coordinates": [ -76.9516046, 38.8652216 ] } },
{ "type": "Feature", "properties": { "element": "node", "id": 737752784, "name": "Crispy Chicken Wings & Sub", "amenity": "fast_food", "cuisine": null }, "geometry": { "type": "Point", "coordinates": [ -76.9513522, 38.8651189 ] } },
{ "type": "Feature", "properties": { "element": "node", "id": 737782524, "name": "America's Best Wings", "amenity": "fast_food", "cuisine": "chicken;wings" }, "geometry": { "type": "Point", "coordinates": [ -76.9652302, 38.8601599 ] } },
{ "type": "Feature", "properties": { "element": "node", "id": 737783190, "name": "Subway", "amenity": "fast_food", "cuisine": "sandwich" }, "geometry": { "type": "Point", "coordinates": [ -76.9653097, 38.8601331 ] } },
{ "type": "Feature", "properties": { "element": "node", "id": 737783588, "name": "Quickway Japanese Hibachi", "amenity": "restaurant", "cuisine": "japanese" }, "geometry": { "type": "Point", "coordinates": [ -76.9653991, 38.8601042 ] } },
{ "type": "Feature", "properties": { "element": "node", "id": 737848087, "name": "Starbucks", "amenity": "cafe", "cuisine": "coffee_shop" }, "geometry": { "type": "Point", "coordinates": [ -76.9665364, 38.8590682 ] } },
{ "type": "Feature", "properties": { "element": "node", "id": 737867007, "name": "McDonald's", "amenity": "fast_food", "cuisine": "burger" }, "geometry": { "type": "Point", "coordinates": [ -76.9689057, 38.8600652 ] } },
{ "type": "Feature", "properties": { "element": "node", "id": 737966546, "name": "Subway", "amenity": "fast_food", "cuisine": "sandwich" }, "geometry": { "type": "Point", "coordinates": [ -76.9808664, 38.846316 ] } },
{ "type": "Feature", "properties": { "element": "node", "id": 737982144, "name": "IHOP", "amenity": "restaurant", "cuisine": "breakfast;pancake" }, "geometry": { "type": "Point", "coordinates": [ -76.982706, 38.8460105 ] } },
{ "type": "Feature", "properties": { "element": "node", "id": 737988050, "name": "Subway", "amenity": "fast_food", "cuisine": "sandwich" }, "geometry": { "type": "Point", "coordinates": [ -76.9974207, 38.8454334 ] } },
{ "type": "Feature", "properties": { "element": "node", "id": 738001067, "name": "Big Chair Coffee", "amenity": "cafe", "cuisine": "coffee_shop" }, "geometry": { "type": "Point", "coordinates": [ -76.989371, 38.865168 ] } },
{ "type": "Feature", "properties": { "element": "node", "id": 738190916, "name": "Daily Fish Of Chesapeake", "amenity": "restaurant", "cuisine": null }, "geometry": { "type": "Point", "coordinates": [ -77.0253897, 38.9201562 ] } },
{ "type": "Feature", "properties": { "element": "node", "id": 738190917, "name": "La Molienda", "amenity": "restaurant", "cuisine": "mexican" }, "geometry": { "type": "Point", "coordinates": [ -77.0330196, 38.9362468 ] } },
{ "type": "Feature", "properties": { "element": "node", "id": 738190919, "name": "Thip Khao", "amenity": "restaurant", "cuisine": "lao" }, "geometry": { "type": "Point", "coordinates": [ -77.0330142, 38.9329066 ] } },
{ "type": "Feature", "properties": { "element": "node", "id": 738190921, "name": "Pho Viet USA", "amenity": "restaurant", "cuisine": "vietnamese" }, "geometry": { "type": "Point", "coordinates": [ -77.0272485, 38.9245608 ] } },
{ "type": "Feature", "properties": { "element": "node", "id": 738190925, "name": "El Rinconcito Cafe", "amenity": "restaurant", "cuisine": "latin_american" }, "geometry": { "type": "Point", "coordinates": [ -77.030737, 38.9306839 ] } },
{ "type": "Feature", "properties": { "element": "node", "id": 738190928, "name": "El Amigo", "amenity": "restaurant", "cuisine": "salvadoran" }, "geometry": { "type": "Point", "coordinates": [ -77.0330937, 38.9367229 ] } },
{ "type": "Feature", "properties": { "element": "node", "id": 738190931, "name": "Tynan Coffee and Tea", "amenity": "cafe", "cuisine": "coffee_shop" }, "geometry": { "type": "Point", "coordinates": [ -77.0333593, 38.9285884 ] } },
{ "type": "Feature", "properties": { "element": "node", "id": 738190939, "name": "Gloria's Restaurant", "amenity": "fast_food", "cuisine": "salvadoran" }, "geometry": { "type": "Point", "coordinates": [ -77.0324832, 38.9318498 ] } },
{ "type": "Feature", "properties": { "element": "node", "id": 738190960, "name": "La Dulce Noche", "amenity": "restaurant", "cuisine": null }, "geometry": { "type": "Point", "coordinates": [ -77.033019, 38.936183 ] } },
{ "type": "Feature", "properties": { "element": "node", "id": 738190961, "name": "Tequila & Mezcal", "amenity": "restaurant", "cuisine": "mexican" }, "geometry": { "type": "Point", "coordinates": [ -77.0324359, 38.9344148 ] } },
{ "type": "Feature", "properties": { "element": "node", "id": 738190966, "name": "La Cabana Restaurant", "amenity": "restaurant", "cuisine": "salvadoran" }, "geometry": { "type": "Point", "coordinates": [ -77.0330939, 38.936778 ] } },
{ "type": "Feature", "properties": { "element": "node", "id": 738194936, "name": "Hard Rock Cafe", "amenity": "restaurant", "cuisine": "american" }, "geometry": { "type": "Point", "coordinates": [ -77.0257003, 38.8963303 ] } },
{ "type": "Feature", "properties": { "element": "node", "id": 738194940, "name": "Blackfinn", "amenity": "restaurant", "cuisine": "burger" }, "geometry": { "type": "Point", "coordinates": [ -77.0376679, 38.9011922 ] } },
{ "type": "Feature", "properties": { "element": "node", "id": 738194946, "name": "D'Acqua Restaurant", "amenity": "restaurant", "cuisine": null }, "geometry": { "type": "Point", "coordinates": [ -77.0233122, 38.894344 ] } },
{ "type": "Feature", "properties": { "element": "node", "id": 738194949, "name": "Absolute Thai Restaurant", "amenity": "restaurant", "cuisine": "thai" }, "geometry": { "type": "Point", "coordinates": [ -77.019677, 38.898471 ] } },
{ "type": "Feature", "properties": { "element": "node", "id": 738194955, "name": "Harriet's", "amenity": "restaurant", "cuisine": "breakfast" }, "geometry": { "type": "Point", "coordinates": [ -77.0272645, 38.8957792 ] } },
{ "type": "Feature", "properties": { "element": "node", "id": 738194957, "name": "Matchbox", "amenity": "restaurant", "cuisine": null }, "geometry": { "type": "Point", "coordinates": [ -77.0224446, 38.8959334 ] } },
{ "type": "Feature", "properties": { "element": "node", "id": 738194959, "name": "Central-Michel Richard", "amenity": "restaurant", "cuisine": null }, "geometry": { "type": "Point", "coordinates": [ -77.0266591, 38.8950389 ] } },
{ "type": "Feature", "properties": { "element": "node", "id": 738194960, "name": "Chinatown Express", "amenity": "restaurant", "cuisine": "chinese" }, "geometry": { "type": "Point", "coordinates": [ -77.0201268, 38.8995738 ] } },
{ "type": "Feature", "properties": { "element": "node", "id": 738194968, "name": "Clyde's Of Gallery Place", "amenity": "restaurant", "cuisine": "american" }, "geometry": { "type": "Point", "coordinates": [ -77.0216867, 38.8989551 ] } },
{ "type": "Feature", "properties": { "element": "node", "id": 738194974, "name": "Chinatown Garden Restaurant", "amenity": "restaurant", "cuisine": "chinese" }, "geometry": { "type": "Point", "coordinates": [ -77.0212533, 38.8996484 ] } },
{ "type": "Feature", "properties": { "element": "node", "id": 738194983, "name": "Proper 21", "amenity": "restaurant", "cuisine": "american" }, "geometry": { "type": "Point", "coordinates": [ -77.0305547, 38.8975267 ] } },
{ "type": "Feature", "properties": { "element": "node", "id": 738194988, "name": "Ceiba Restaurant & Lounge", "amenity": "restaurant", "cuisine": null }, "geometry": { "type": "Point", "coordinates": [ -77.0316162, 38.8985435 ] } },
{ "type": "Feature", "properties": { "element": "node", "id": 738194990, "name": "Ella's Wood-fired Pizza", "amenity": "restaurant", "cuisine": "pizza" }, "geometry": { "type": "Point", "coordinates": [ -77.02418, 38.897668 ] } },
{ "type": "Feature", "properties": { "element": "node", "id": 738194991, "name": "E Street Lounge", "amenity": "restaurant", "cuisine": null }, "geometry": { "type": "Point", "coordinates": [ -77.0266502, 38.8966928 ] } },
{ "type": "Feature", "properties": { "element": "node", "id": 738194994, "name": "Marrakesh", "amenity": "restaurant", "cuisine": "moroccan;mediterranean" }, "geometry": { "type": "Point", "coordinates": [ -77.0307147, 38.9003956 ] } },
{ "type": "Feature", "properties": { "element": "node", "id": 738194997, "name": "Fogo de Chão", "amenity": "restaurant", "cuisine": "brazilian;steak_house" }, "geometry": { "type": "Point", "coordinates": [ -77.0272493, 38.8952518 ] } },
{ "type": "Feature", "properties": { "element": "node", "id": 738194998, "name": "Capital One Cafe", "amenity": "cafe", "cuisine": "tea;coffee_shop" }, "geometry": { "type": "Point", "coordinates": [ -77.0221223, 38.8996368 ] } },
{ "type": "Feature", "properties": { "element": "node", "id": 738195000, "name": "Bobby Van's Steakhouse", "amenity": "restaurant", "cuisine": "steak_house" }, "geometry": { "type": "Point", "coordinates": [ -77.033389, 38.900575 ] } },
{ "type": "Feature", "properties": { "element": "node", "id": 738195005, "name": "Harry's Bar", "amenity": "restaurant", "cuisine": "american" }, "geometry": { "type": "Point", "coordinates": [ -77.027406, 38.895958 ] } },
{ "type": "Feature", "properties": { "element": "node", "id": 738195006, "name": "Bangkok One/China Cafe", "amenity": "restaurant", "cuisine": null }, "geometry": { "type": "Point", "coordinates": [ -77.0325633, 38.9029011 ] } },
{ "type": "Feature", "properties": { "element": "node", "id": 738195007, "name": "Gaia", "amenity": "restaurant", "cuisine": null }, "geometry": { "type": "Point", "coordinates": [ -77.0329937, 38.9032928 ] } },
{ "type": "Feature", "properties": { "element": "node", "id": 738195008, "name": "The Capital Grille - Washington DC", "amenity": "restaurant", "cuisine": "steak_house" }, "geometry": { "type": "Point", "coordinates": [ -77.0205014, 38.8932991 ] } },
{ "type": "Feature", "properties": { "element": "node", "id": 738195011, "name": "Full Kee Restaurant", "amenity": "restaurant", "cuisine": "chinese" }, "geometry": { "type": "Point", "coordinates": [ -77.0193276, 38.8999536 ] } },
{ "type": "Feature", "properties": { "element": "node", "id": 738195012, "name": "DC thai", "amenity": "restaurant", "cuisine": "thai" }, "geometry": { "type": "Point", "coordinates": [ -77.0337563, 38.9032317 ] } },
{ "type": "Feature", "properties": { "element": "node", "id": 738195015, "name": "City Club of Washington", "amenity": "restaurant", "cuisine": null }, "geometry": { "type": "Point", "coordinates": [ -77.0293541, 38.8969967 ] } },
{ "type": "Feature", "properties": { "element": "node", "id": 738195017, "name": null, "amenity": "restaurant", "cuisine": null }, "geometry": { "type": "Point", "coordinates": [ -77.0387577, 38.9009899 ] } },
{ "type": "Feature", "properties": { "element": "node", "id": 738212122, "name": "Raising Cane's", "amenity": "fast_food", "cuisine": "chicken" }, "geometry": { "type": "Point", "coordinates": [ -77.022098, 38.899219 ] } },
{ "type": "Feature", "properties": { "element": "node", "id": 738212135, "name": "Reren Lamen & Bar", "amenity": "restaurant", "cuisine": "noodle" }, "geometry": { "type": "Point", "coordinates": [ -77.0216956, 38.9002867 ] } },
{ "type": "Feature", "properties": { "element": "node", "id": 738212139, "name": "Arosto Pizza", "amenity": "restaurant", "cuisine": "pizza;sandwich;salad;wings" }, "geometry": { "type": "Point", "coordinates": [ -77.0214193, 38.8988944 ] } },
{ "type": "Feature", "properties": { "element": "node", "id": 738212142, "name": "Mastro's Steakhouse", "amenity": "restaurant", "cuisine": "steak_house" }, "geometry": { "type": "Point", "coordinates": [ -77.0299434, 38.8975669 ] } },
{ "type": "Feature", "properties": { "element": "node", "id": 738212146, "name": "Thai Chili", "amenity": "restaurant", "cuisine": "thai" }, "geometry": { "type": "Point", "coordinates": [ -77.0210696, 38.8987913 ] } },
{ "type": "Feature", "properties": { "element": "node", "id": 738212154, "name": "Shelly's Back Room", "amenity": "restaurant", "cuisine": null }, "geometry": { "type": "Point", "coordinates": [ -77.0311023, 38.8975437 ] } },
{ "type": "Feature", "properties": { "element": "node", "id": 738212167, "name": "The Smith", "amenity": "restaurant", "cuisine": "american" }, "geometry": { "type": "Point", "coordinates": [ -77.0242722, 38.8975159 ] } },
{ "type": "Feature", "properties": { "element": "node", "id": 738212174, "name": "The Sphinx Club", "amenity": "restaurant", "cuisine": null }, "geometry": { "type": "Point", "coordinates": [ -77.0313165, 38.9029204 ] } },
{ "type": "Feature", "properties": { "element": "node", "id": 738212194, "name": "Sushi Aoi Restaurant", "amenity": "restaurant", "cuisine": "japanese" }, "geometry": { "type": "Point", "coordinates": [ -77.0273676, 38.9007173 ] } },
{ "type": "Feature", "properties": { "element": "node", "id": 738212204, "name": "Jaleo", "amenity": "restaurant", "cuisine": "spanish" }, "geometry": { "type": "Point", "coordinates": [ -77.0221617, 38.8959243 ] } },
{ "type": "Feature", "properties": { "element": "node", "id": 738212205, "name": "The Oceanaire Seafood Room", "amenity": "restaurant", "cuisine": "seafood" }, "geometry": { "type": "Point", "coordinates": [ -77.0285371, 38.8976214 ] } },
{ "type": "Feature", "properties": { "element": "node", "id": 738212208, "name": "Momiji", "amenity": "restaurant", "cuisine": "japanese" }, "geometry": { "type": "Point", "coordinates": [ -77.0191808, 38.8999545 ] } },
{ "type": "Feature", "properties": { "element": "node", "id": 738212223, "name": "The Oval Room", "amenity": "restaurant", "cuisine": "american" }, "geometry": { "type": "Point", "coordinates": [ -77.038562, 38.9005966 ] } },
{ "type": "Feature", "properties": { "element": "node", "id": 738212230, "name": "Rasika", "amenity": "restaurant", "cuisine": "indian" }, "geometry": { "type": "Point", "coordinates": [ -77.0213706, 38.894978 ] } },
{ "type": "Feature", "properties": { "element": "node", "id": 738212236, "name": "Tony Cheng's Seafood Restaurant", "amenity": "restaurant", "cuisine": "chinese" }, "geometry": { "type": "Point", "coordinates": [ -77.0208143, 38.8999895 ] } },
{ "type": "Feature", "properties": { "element": "node", "id": 739150307, "name": "Zaytinya", "amenity": "restaurant", "cuisine": "mediterranean" }, "geometry": { "type": "Point", "coordinates": [ -77.023721, 38.898805 ] } },
{ "type": "Feature", "properties": { "element": "node", "id": 739150316, "name": "Teaism", "amenity": "cafe", "cuisine": null }, "geometry": { "type": "Point", "coordinates": [ -77.0386085, 38.900385 ] } },
{ "type": "Feature", "properties": { "element": "node", "id": 739150322, "name": "Teaism", "amenity": "cafe", "cuisine": "sandwich;coffee_shop;bubble_tea" }, "geometry": { "type": "Point", "coordinates": [ -77.0231696, 38.8949554 ] } },
{ "type": "Feature", "properties": { "element": "node", "id": 739150325, "name": "Let Desales", "amenity": "restaurant", "cuisine": "french" }, "geometry": { "type": "Point", "coordinates": [ -77.0397327, 38.9048862 ] } },
{ "type": "Feature", "properties": { "element": "node", "id": 739150332, "name": "Market To Market", "amenity": "restaurant", "cuisine": "deli;buffet;korean" }, "geometry": { "type": "Point", "coordinates": [ -77.019145, 38.898683 ] } },
{ "type": "Feature", "properties": { "element": "node", "id": 739150348, "name": "Wok and Roll", "amenity": "restaurant", "cuisine": "chinese;sushi" }, "geometry": { "type": "Point", "coordinates": [ -77.0203987, 38.8996316 ] } },
{ "type": "Feature", "properties": { "element": "node", "id": 739150350, "name": "The Occidental", "amenity": "restaurant", "cuisine": "seafood" }, "geometry": { "type": "Point", "coordinates": [ -77.0328124, 38.8968259 ] } },
{ "type": "Feature", "properties": { "element": "node", "id": 739150352, "name": "Oyamel", "amenity": "restaurant", "cuisine": "mexican" }, "geometry": { "type": "Point", "coordinates": [ -77.021667, 38.894942 ] } },
{ "type": "Feature", "properties": { "element": "node", "id": 739150364, "name": "Old Ebbitt Grill", "amenity": "restaurant", "cuisine": "american;seafood;steak_house" }, "geometry": { "type": "Point", "coordinates": [ -77.0333288, 38.898056 ] } },
{ "type": "Feature", "properties": { "element": "node", "id": 739150365, "name": "Tosca", "amenity": "restaurant", "cuisine": null }, "geometry": { "type": "Point", "coordinates": [ -77.0277099, 38.8967514 ] } },
{ "type": "Feature", "properties": { "element": "node", "id": 739150366, "name": "The Bombay Club", "amenity": "restaurant", "cuisine": "indian" }, "geometry": { "type": "Point", "coordinates": [ -77.0378587, 38.9006413 ] } },
{ "type": "Feature", "properties": { "element": "node", "id": 739150368, "name": "Article One", "amenity": "restaurant", "cuisine": "american" }, "geometry": { "type": "Point", "coordinates": [ -77.0117034, 38.8953677 ] } },
{ "type": "Feature", "properties": { "element": "node", "id": 739150373, "name": "The Park at 14th", "amenity": "restaurant", "cuisine": null }, "geometry": { "type": "Point", "coordinates": [ -77.0322401, 38.9019088 ] } },
{ "type": "Feature", "properties": { "element": "node", "id": 739262805, "name": "City Club of Washington at Franklin Square", "amenity": "restaurant", "cuisine": null }, "geometry": { "type": "Point", "coordinates": [ -77.0304127, 38.9010857 ] } },
{ "type": "Feature", "properties": { "element": "node", "id": 739262811, "name": "Bobby Van's Grill", "amenity": "restaurant", "cuisine": "american" }, "geometry": { "type": "Point", "coordinates": [ -77.0282816, 38.9009286 ] } },
{ "type": "Feature", "properties": { "element": "node", "id": 739339857, "name": "The Admiral", "amenity": "restaurant", "cuisine": "burger;tacos;sandwich;fish_and_chips" }, "geometry": { "type": "Point", "coordinates": [ -77.0443372, 38.9090673 ] } },
{ "type": "Feature", "properties": { "element": "node", "id": 739339865, "name": "Pizzeria Paradiso", "amenity": "restaurant", "cuisine": "pizza" }, "geometry": { "type": "Point", "coordinates": [ -77.0452088, 38.9097962 ] } },
{ "type": "Feature", "properties": { "element": "node", "id": 739339877, "name": "Kramerbooks & Afterwords Café", "amenity": "cafe", "cuisine": null }, "geometry": { "type": "Point", "coordinates": [ -77.0438161, 38.9108176 ] } },
{ "type": "Feature", "properties": { "element": "node", "id": 739339904, "name": "The Regent Thai Cuisine", "amenity": "restaurant", "cuisine": "thai" }, "geometry": { "type": "Point", "coordinates": [ -77.0418939, 38.9160172 ] } },
{ "type": "Feature", "properties": { "element": "node", "id": 739339906, "name": "Compass Coffee", "amenity": "cafe", "cuisine": "coffee_shop" }, "geometry": { "type": "Point", "coordinates": [ -77.0485969, 38.9094741 ] } },
{ "type": "Feature", "properties": { "element": "node", "id": 739339923, "name": "Z-Burger", "amenity": "fast_food", "cuisine": "burger" }, "geometry": { "type": "Point", "coordinates": [ -77.0484634, 38.9098011 ] } },
{ "type": "Feature", "properties": { "element": "node", "id": 739339925, "name": "Trattu Restaurant", "amenity": "restaurant", "cuisine": null }, "geometry": { "type": "Point", "coordinates": [ -77.0426462, 38.9065916 ] } },
{ "type": "Feature", "properties": { "element": "node", "id": 739339929, "name": "Sushi Taro", "amenity": "restaurant", "cuisine": "sushi" }, "geometry": { "type": "Point", "coordinates": [ -77.0382421, 38.909944 ] } },
{ "type": "Feature", "properties": { "element": "node", "id": 739339932, "name": "Pasara Thai DC", "amenity": "restaurant", "cuisine": "thai" }, "geometry": { "type": "Point", "coordinates": [ -77.0413162, 38.9064624 ] } },
{ "type": "Feature", "properties": { "element": "node", "id": 739339942, "name": "Java House", "amenity": "cafe", "cuisine": "coffee_shop" }, "geometry": { "type": "Point", "coordinates": [ -77.0381551, 38.9112644 ] } },
{ "type": "Feature", "properties": { "element": "node", "id": 739339947, "name": "Bombay Street Food 3", "amenity": "restaurant", "cuisine": "indian" }, "geometry": { "type": "Point", "coordinates": [ -77.0414826, 38.9160315 ] } },
{ "type": "Feature", "properties": { "element": "node", "id": 739339948, "name": "Ruth's Chris Steak House", "amenity": "restaurant", "cuisine": "american;steak_house" }, "geometry": { "type": "Point", "coordinates": [ -77.0457124, 38.9142489 ] } },
{ "type": "Feature", "properties": { "element": "node", "id": 739339951, "name": "Just Salad", "amenity": "fast_food", "cuisine": "salad" }, "geometry": { "type": "Point", "coordinates": [ -77.0436829, 38.9054031 ] } },
{ "type": "Feature", "properties": { "element": "node", "id": 739339967, "name": "The Mansion on O Street", "amenity": "restaurant", "cuisine": null }, "geometry": { "type": "Point", "coordinates": [ -77.0459252, 38.9083832 ] } },
{ "type": "Feature", "properties": { "element": "node", "id": 739339971, "name": "Rosemarino D'Italia", "amenity": "restaurant", "cuisine": null }, "geometry": { "type": "Point", "coordinates": [ -77.0458213, 38.9131171 ] } },
{ "type": "Feature", "properties": { "element": "node", "id": 739339973, "name": "Sette Osteria", "amenity": "restaurant", "cuisine": "pizza" }, "geometry": { "type": "Point", "coordinates": [ -77.0454752, 38.9124242 ] } },
{ "type": "Feature", "properties": { "element": "node", "id": 739339977, "name": "Le Pain Quotidien", "amenity": "cafe", "cuisine": "coffee_shop" }, "geometry": { "type": "Point", "coordinates": [ -77.0450851, 38.9097947 ] } },
{ "type": "Feature", "properties": { "element": "node", "id": 739339984, "name": "Palm Restaurant", "amenity": "restaurant", "cuisine": null }, "geometry": { "type": "Point", "coordinates": [ -77.0432122, 38.9066041 ] } },
{ "type": "Feature", "properties": { "element": "node", "id": 739339997, "name": "Iron Gate Inn Restaurant", "amenity": "restaurant", "cuisine": "mediterranean" }, "geometry": { "type": "Point", "coordinates": [ -77.0398398, 38.9070318 ] } },
{ "type": "Feature", "properties": { "element": "node", "id": 739339998, "name": "Sampannee Thai", "amenity": "restaurant", "cuisine": "thai" }, "geometry": { "type": "Point", "coordinates": [ -77.0476179, 38.9094386 ] } },
{ "type": "Feature", "properties": { "element": "node", "id": 739340001, "name": "I Ricchi", "amenity": "restaurant", "cuisine": null }, "geometry": { "type": "Point", "coordinates": [ -77.0437916, 38.9066592 ] } },
{ "type": "Feature", "properties": { "element": "node", "id": 739340004, "name": "Thai Chef", "amenity": "restaurant", "cuisine": "thai" }, "geometry": { "type": "Point", "coordinates": [ -77.0457725, 38.913047 ] } },
{ "type": "Feature", "properties": { "element": "node", "id": 739340022, "name": "Mai Thai", "amenity": "restaurant", "cuisine": "chinese" }, "geometry": { "type": "Point", "coordinates": [ -77.0437218, 38.9061457 ] } },
{ "type": "Feature", "properties": { "element": "node", "id": 739340038, "name": "Sakana Japanese Restaurant", "amenity": "restaurant", "cuisine": "japanese" }, "geometry": { "type": "Point", "coordinates": [ -77.0461025, 38.9094574 ] } },
{ "type": "Feature", "properties": { "element": "node", "id": 739340052, "name": "Nando's", "amenity": "restaurant", "cuisine": "chicken;portuguese" }, "geometry": { "type": "Point", "coordinates": [ -77.0419462, 38.906147 ] } },
{ "type": "Feature", "properties": { "element": "node", "id": 739340057, "name": "Across The Pond", "amenity": "restaurant", "cuisine": null }, "geometry": { "type": "Point", "coordinates": [ -77.0461128, 38.9136169 ] } },
{ "type": "Feature", "properties": { "element": "node", "id": 739340061, "name": "Lauriol Plaza", "amenity": "restaurant", "cuisine": "mexican" }, "geometry": { "type": "Point", "coordinates": [ -77.0414253, 38.9153471 ] } },
{ "type": "Feature", "properties": { "element": "node", "id": 739340074, "name": "Mission", "amenity": "restaurant", "cuisine": "mexican" }, "geometry": { "type": "Point", "coordinates": [ -77.0451119, 38.9114952 ] } },
{ "type": "Feature", "properties": { "element": "node", "id": 739340080, "name": "ala", "amenity": "restaurant", "cuisine": "turkish" }, "geometry": { "type": "Point", "coordinates": [ -77.0436669, 38.9080838 ] } },
{ "type": "Feature", "properties": { "element": "node", "id": 739340091, "name": "Alfreda", "amenity": "restaurant", "cuisine": "pizza" }, "geometry": { "type": "Point", "coordinates": [ -77.0456316, 38.9094763 ] } },
{ "type": "Feature", "properties": { "element": "node", "id": 739528038, "name": "Cafe Soleil", "amenity": "restaurant", "cuisine": "french" }, "geometry": { "type": "Point", "coordinates": [ -77.0392284, 38.9010659 ] } },
{ "type": "Feature", "properties": { "element": "node", "id": 739528040, "name": "Matera", "amenity": "restaurant", "cuisine": "italian" }, "geometry": { "type": "Point", "coordinates": [ -77.053624, 38.901473 ] } },
{ "type": "Feature", "properties": { "element": "node", "id": 739528058, "name": "Teatro Goldoni", "amenity": "restaurant", "cuisine": null }, "geometry": { "type": "Point", "coordinates": [ -77.044084, 38.9028097 ] } },
{ "type": "Feature", "properties": { "element": "node", "id": 739528060, "name": "Met Cafe", "amenity": "restaurant", "cuisine": null }, "geometry": { "type": "Point", "coordinates": [ -77.0412707, 38.8956851 ] } },
{ "type": "Feature", "properties": { "element": "node", "id": 739528072, "name": "Barbouzard", "amenity": "restaurant", "cuisine": "french" }, "geometry": { "type": "Point", "coordinates": [ -77.0402652, 38.9022715 ] } },
{ "type": "Feature", "properties": { "element": "node", "id": 739528074, "name": "Ristorante La Perla", "amenity": "restaurant", "cuisine": "italian" }, "geometry": { "type": "Point", "coordinates": [ -77.0549159, 38.9039209 ] } },
{ "type": "Feature", "properties": { "element": "node", "id": 739528088, "name": "Donburi", "amenity": "restaurant", "cuisine": "japanese" }, "geometry": { "type": "Point", "coordinates": [ -77.043671, 38.904809 ] } },
{ "type": "Feature", "properties": { "element": "node", "id": 739528104, "name": "El Chalan", "amenity": "restaurant", "cuisine": "peruvian" }, "geometry": { "type": "Point", "coordinates": [ -77.0445659, 38.9011204 ] } },
{ "type": "Feature", "properties": { "element": "node", "id": 739528109, "name": "Thai Coast Restaurant", "amenity": "restaurant", "cuisine": "thai" }, "geometry": { "type": "Point", "coordinates": [ -77.0539831, 38.9035344 ] } },
{ "type": "Feature", "properties": { "element": "node", "id": 739528114, "name": "Nooshi", "amenity": "restaurant", "cuisine": "japanese" }, "geometry": { "type": "Point", "coordinates": [ -77.0436712, 38.9044413 ] } },
{ "type": "Feature", "properties": { "element": "node", "id": 739528123, "name": "Thai Kingdom Restaurant", "amenity": "restaurant", "cuisine": "thai" }, "geometry": { "type": "Point", "coordinates": [ -77.0457753, 38.9028708 ] } },
{ "type": "Feature", "properties": { "element": "node", "id": 739528157, "name": "Marshall's", "amenity": "restaurant", "cuisine": null }, "geometry": { "type": "Point", "coordinates": [ -77.0543245, 38.9035492 ] } },
{ "type": "Feature", "properties": { "element": "node", "id": 739528167, "name": "Vapiano", "amenity": "restaurant", "cuisine": "italian" }, "geometry": { "type": "Point", "coordinates": [ -77.041914, 38.9052182 ] } },
{ "type": "Feature", "properties": { "element": "node", "id": 739528169, "name": "The Prime Rib", "amenity": "restaurant", "cuisine": "american" }, "geometry": { "type": "Point", "coordinates": [ -77.0458538, 38.9022971 ] } },
{ "type": "Feature", "properties": { "element": "node", "id": 739528172, "name": "Mezza Luna", "amenity": "restaurant", "cuisine": null }, "geometry": { "type": "Point", "coordinates": [ -77.043881, 38.9049544 ] } },
{ "type": "Feature", "properties": { "element": "node", "id": 739528176, "name": "Equinox on 19th", "amenity": "restaurant", "cuisine": "american" }, "geometry": { "type": "Point", "coordinates": [ -77.043735, 38.901645 ] } },
{ "type": "Feature", "properties": { "element": "node", "id": 739528178, "name": "Thai Kitchen Restaurant", "amenity": "restaurant", "cuisine": "thai" }, "geometry": { "type": "Point", "coordinates": [ -77.0507201, 38.9055198 ] } },
{ "type": "Feature", "properties": { "element": "node", "id": 739528180, "name": "One Fish Two Fish", "amenity": "restaurant", "cuisine": "chinese" }, "geometry": { "type": "Point", "coordinates": [ -77.0522626, 38.9035206 ] } },
{ "type": "Feature", "properties": { "element": "node", "id": 739528182, "name": "Taberna del Alabardero", "amenity": "restaurant", "cuisine": "spanish" }, "geometry": { "type": "Point", "coordinates": [ -77.0415245, 38.900819 ] } },
{ "type": "Feature", "properties": { "element": "node", "id": 739528184, "name": "Morton's The Steakhouse", "amenity": "restaurant", "cuisine": "steak_house" }, "geometry": { "type": "Point", "coordinates": [ -77.0401538, 38.9034565 ] } },
{ "type": "Feature", "properties": { "element": "node", "id": 739528187, "name": "Founding Farmers", "amenity": "restaurant", "cuisine": "american" }, "geometry": { "type": "Point", "coordinates": [ -77.0445601, 38.9002586 ] } },
{ "type": "Feature", "properties": { "element": "node", "id": 739528194, "name": "Ris", "amenity": "restaurant", "cuisine": "american" }, "geometry": { "type": "Point", "coordinates": [ -77.0497946, 38.9039558 ] } },
{ "type": "Feature", "properties": { "element": "node", "id": 739528202, "name": "The Cafe At The Corcoran", "amenity": "cafe", "cuisine": null }, "geometry": { "type": "Point", "coordinates": [ -77.0397116, 38.895966 ] } },
{ "type": "Feature", "properties": { "element": "node", "id": 739653619, "name": "La Coop", "amenity": "cafe", "cuisine": "coffee_shop" }, "geometry": { "type": "Point", "coordinates": [ -77.0200738, 38.9562394 ] } },
{ "type": "Feature", "properties": { "element": "node", "id": 739653647, "name": "Nile Market & Kitchen", "amenity": "restaurant", "cuisine": "ethiopian" }, "geometry": { "type": "Point", "coordinates": [ -77.0263379, 38.9841189 ] } },
{ "type": "Feature", "properties": { "element": "node", "id": 739653657, "name": "Haydee's", "amenity": "restaurant", "cuisine": "mexican" }, "geometry": { "type": "Point", "coordinates": [ -77.0273917, 38.966331 ] } },
{ "type": "Feature", "properties": { "element": "node", "id": 740272384, "name": "Pizzeria Paradiso", "amenity": "restaurant", "cuisine": "pizza" }, "geometry": { "type": "Point", "coordinates": [ -77.0656038, 38.9049744 ] } },
{ "type": "Feature", "properties": { "element": "node", "id": 740272403, "name": "Lutéce", "amenity": "restaurant", "cuisine": "french" }, "geometry": { "type": "Point", "coordinates": [ -77.0645772, 38.9094225 ] } },
{ "type": "Feature", "properties": { "element": "node", "id": 740272412, "name": "Cafe Milano", "amenity": "restaurant", "cuisine": "italian" }, "geometry": { "type": "Point", "coordinates": [ -77.0636605, 38.9061658 ] } },
{ "type": "Feature", "properties": { "element": "node", "id": 740272416, "name": "Amigo Mio", "amenity": "restaurant", "cuisine": "mexican" }, "geometry": { "type": "Point", "coordinates": [ -77.0605122, 38.9053405 ] } },
{ "type": "Feature", "properties": { "element": "node", "id": 740272417, "name": "Bodega", "amenity": "restaurant", "cuisine": "spanish" }, "geometry": { "type": "Point", "coordinates": [ -77.0617637, 38.9050313 ] } },
{ "type": "Feature", "properties": { "element": "node", "id": 740272420, "name": "Taj of India", "amenity": "restaurant", "cuisine": "indian" }, "geometry": { "type": "Point", "coordinates": [ -77.0573604, 38.9054 ] } },
{ "type": "Feature", "properties": { "element": "node", "id": 740272423, "name": "River Club", "amenity": "restaurant", "cuisine": null }, "geometry": { "type": "Point", "coordinates": [ -77.0599256, 38.9020514 ] } },
{ "type": "Feature", "properties": { "element": "node", "id": 740272427, "name": "Afghania", "amenity": "restaurant", "cuisine": "afghan" }, "geometry": { "type": "Point", "coordinates": [ -77.057421, 38.905397 ] } },
{ "type": "Feature", "properties": { "element": "node", "id": 740272428, "name": "La Chaumière", "amenity": "restaurant", "cuisine": "french" }, "geometry": { "type": "Point", "coordinates": [ -77.0574683, 38.9053978 ] } },
{ "type": "Feature", "properties": { "element": "node", "id": 740272431, "name": "Chop Sticks", "amenity": "restaurant", "cuisine": null }, "geometry": { "type": "Point", "coordinates": [ -77.0626193, 38.9046811 ] } },
{ "type": "Feature", "properties": { "element": "node", "id": 740272435, "name": "Das Ethiopian Cuisine", "amenity": "restaurant", "cuisine": "ethiopian" }, "geometry": { "type": "Point", "coordinates": [ -77.056874, 38.9053977 ] } },
{ "type": "Feature", "properties": { "element": "node", "id": 740272439, "name": "Il Canale", "amenity": "restaurant", "cuisine": "italian" }, "geometry": { "type": "Point", "coordinates": [ -77.0610221, 38.9044854 ] } },
{ "type": "Feature", "properties": { "element": "node", "id": 740272440, "name": "Ledo Pizza", "amenity": "restaurant", "cuisine": "pizza;pasta" }, "geometry": { "type": "Point", "coordinates": [ -77.0667557, 38.9144103 ] } },
{ "type": "Feature", "properties": { "element": "node", "id": 740272442, "name": "Georgetown Cafe", "amenity": "cafe", "cuisine": null }, "geometry": { "type": "Point", "coordinates": [ -77.0650135, 38.9110526 ] } },
{ "type": "Feature", "properties": { "element": "node", "id": 740272445, "name": "La Bonne Vache", "amenity": "restaurant", "cuisine": "french" }, "geometry": { "type": "Point", "coordinates": [ -77.0650616, 38.9060975 ] } },
{ "type": "Feature", "properties": { "element": "node", "id": 740272448, "name": "L'Avant-Garde", "amenity": "restaurant", "cuisine": "french" }, "geometry": { "type": "Point", "coordinates": [ -77.0585963, 38.905363 ] } },
{ "type": "Feature", "properties": { "element": "node", "id": 740272450, "name": "Los Cuates Restaurant", "amenity": "restaurant", "cuisine": "mexican" }, "geometry": { "type": "Point", "coordinates": [ -77.0651736, 38.9104506 ] } },
{ "type": "Feature", "properties": { "element": "node", "id": 740272451, "name": "Koryouri Urara", "amenity": "restaurant", "cuisine": "japanese" }, "geometry": { "type": "Point", "coordinates": [ -77.0654647, 38.9110667 ] } },
{ "type": "Feature", "properties": { "element": "node", "id": 740272452, "name": "Bistro Lepic", "amenity": "restaurant", "cuisine": "french" }, "geometry": { "type": "Point", "coordinates": [ -77.0673912, 38.9146317 ] } },
{ "type": "Feature", "properties": { "element": "node", "id": 740272454, "name": "Epicurean and Company", "amenity": "restaurant", "cuisine": "buffet" }, "geometry": { "type": "Point", "coordinates": [ -77.0738137, 38.9111765 ] } },
{ "type": "Feature", "properties": { "element": "node", "id": 740272456, "name": "Kafe Leopold", "amenity": "restaurant", "cuisine": null }, "geometry": { "type": "Point", "coordinates": [ -77.0664931, 38.9047765 ] } },
{ "type": "Feature", "properties": { "element": "node", "id": 740272459, "name": "Clyde's", "amenity": "restaurant", "cuisine": null }, "geometry": { "type": "Point", "coordinates": [ -77.0638067, 38.9049984 ] } },
{ "type": "Feature", "properties": { "element": "node", "id": 740272461, "name": "Restaurant Harmony", "amenity": "restaurant", "cuisine": "chinese" }, "geometry": { "type": "Point", "coordinates": [ -77.0656371, 38.9052898 ] } },
{ "type": "Feature", "properties": { "element": "node", "id": 740272463, "name": "Neyla", "amenity": "restaurant", "cuisine": "thai" }, "geometry": { "type": "Point", "coordinates": [ -77.0634173, 38.9066795 ] } },
{ "type": "Feature", "properties": { "element": "node", "id": 740272464, "name": "Fitzgerald's DC", "amenity": "restaurant", "cuisine": "american" }, "geometry": { "type": "Point", "coordinates": [ -77.0704196, 38.9060522 ] } },
{ "type": "Feature", "properties": { "element": "node", "id": 740272465, "name": "Peacock Cafe", "amenity": "restaurant", "cuisine": null }, "geometry": { "type": "Point", "coordinates": [ -77.0641423, 38.906174 ] } },
{ "type": "Feature", "properties": { "element": "node", "id": 740272471, "name": "Brasserie Liberté", "amenity": "restaurant", "cuisine": "french" }, "geometry": { "type": "Point", "coordinates": [ -77.0634176, 38.9062069 ] } },
{ "type": "Feature", "properties": { "element": "node", "id": 740272480, "name": "Filomena Ristorante", "amenity": "restaurant", "cuisine": "italian" }, "geometry": { "type": "Point", "coordinates": [ -77.0626011, 38.9044376 ] } },
{ "type": "Feature", "properties": { "element": "node", "id": 740272484, "name": "Chez Billy", "amenity": "restaurant", "cuisine": "french" }, "geometry": { "type": "Point", "coordinates": [ -77.0609414, 38.903649 ] } },
{ "type": "Feature", "properties": { "element": "node", "id": 740272485, "name": "Villa Yara", "amenity": "restaurant", "cuisine": "lebanese" }, "geometry": { "type": "Point", "coordinates": [ -77.0575419, 38.9053956 ] } },
{ "type": "Feature", "properties": { "element": "node", "id": 740272486, "name": "Mai Thai", "amenity": "restaurant", "cuisine": "thai" }, "geometry": { "type": "Point", "coordinates": [ -77.0643601, 38.9061585 ] } },
{ "type": "Feature", "properties": { "element": "node", "id": 740372204, "name": "Ogawa", "amenity": "restaurant", "cuisine": "sushi" }, "geometry": { "type": "Point", "coordinates": [ -77.047724, 38.9179474 ] } },
{ "type": "Feature", "properties": { "element": "node", "id": 740372208, "name": "Pesce Seafood House", "amenity": "restaurant", "cuisine": "seafood" }, "geometry": { "type": "Point", "coordinates": [ -77.0465065, 38.9143854 ] } },
{ "type": "Feature", "properties": { "element": "node", "id": 741013032, "name": "Pappe", "amenity": "restaurant", "cuisine": "indian" }, "geometry": { "type": "Point", "coordinates": [ -77.0316893, 38.9078532 ] } },
{ "type": "Feature", "properties": { "element": "node", "id": 741013078, "name": "JINYA Ramen Bar", "amenity": "restaurant", "cuisine": "ramen" }, "geometry": { "type": "Point", "coordinates": [ -77.0321988, 38.9084408 ] } },
{ "type": "Feature", "properties": { "element": "node", "id": 741013080, "name": "Tortino", "amenity": "restaurant", "cuisine": null }, "geometry": { "type": "Point", "coordinates": [ -77.0273385, 38.9065697 ] } },
{ "type": "Feature", "properties": { "element": "node", "id": 741013086, "name": "Da Hong Pao", "amenity": "restaurant", "cuisine": "chinese;dim_sum" }, "geometry": { "type": "Point", "coordinates": [ -77.0317195, 38.9093747 ] } },
{ "type": "Feature", "properties": { "element": "node", "id": 741013089, "name": "Ammathar Thai Cuisine", "amenity": "restaurant", "cuisine": "thai" }, "geometry": { "type": "Point", "coordinates": [ -77.0322029, 38.9081482 ] } },
{ "type": "Feature", "properties": { "element": "node", "id": 741013092, "name": "Rice Restaurant & Market", "amenity": "restaurant", "cuisine": "thai" }, "geometry": { "type": "Point", "coordinates": [ -77.0321904, 38.9114964 ] } },
{ "type": "Feature", "properties": { "element": "node", "id": 741013095, "name": "Allelo Coffee", "amenity": "cafe", "cuisine": "coffee_shop" }, "geometry": { "type": "Point", "coordinates": [ -77.0339457, 38.9094844 ] } },
{ "type": "Feature", "properties": { "element": "node", "id": 741027344, "name": "Corado's Restaurant", "amenity": "restaurant", "cuisine": "guatemalan" }, "geometry": { "type": "Point", "coordinates": [ -77.0383708, 38.9317555 ] } },
{ "type": "Feature", "properties": { "element": "node", "id": 741027357, "name": "China Town", "amenity": "fast_food", "cuisine": "chinese" }, "geometry": { "type": "Point", "coordinates": [ -77.0382168, 38.9314358 ] } },
{ "type": "Feature", "properties": { "element": "node", "id": 741027384, "name": "Marleny's Restaurant & Carryout", "amenity": "restaurant", "cuisine": "mexican" }, "geometry": { "type": "Point", "coordinates": [ -77.0381545, 38.9312732 ] } },
{ "type": "Feature", "properties": { "element": "node", "id": 741027391, "name": "Don Juan Restaurant", "amenity": "restaurant", "cuisine": "mexican" }, "geometry": { "type": "Point", "coordinates": [ -77.038514, 38.9310686 ] } },
{ "type": "Feature", "properties": { "element": "node", "id": 741027395, "name": "Los Primos", "amenity": "restaurant", "cuisine": null }, "geometry": { "type": "Point", "coordinates": [ -77.0382875, 38.9305432 ] } },
{ "type": "Feature", "properties": { "element": "node", "id": 741027398, "name": "Purple Patch", "amenity": "restaurant", "cuisine": "filipino" }, "geometry": { "type": "Point", "coordinates": [ -77.037843, 38.930514 ] } },
{ "type": "Feature", "properties": { "element": "node", "id": 741033218, "name": "D'Leña", "amenity": "restaurant", "cuisine": "mexican" }, "geometry": { "type": "Point", "coordinates": [ -77.0187023, 38.9022652 ] } },
{ "type": "Feature", "properties": { "element": "node", "id": 741033232, "name": "El Rinconcito", "amenity": "restaurant", "cuisine": "mexican" }, "geometry": { "type": "Point", "coordinates": [ -77.0268039, 38.9054313 ] } },
{ "type": "Feature", "properties": { "element": "node", "id": 741033236, "name": "Sfoglina Downtown", "amenity": "restaurant", "cuisine": "italian" }, "geometry": { "type": "Point", "coordinates": [ -77.0267046, 38.9015423 ] } },
{ "type": "Feature", "properties": { "element": "node", "id": 741033275, "name": "Alta Strada", "amenity": "restaurant", "cuisine": "italian" }, "geometry": { "type": "Point", "coordinates": [ -77.0181764, 38.9028039 ] } },
{ "type": "Feature", "properties": { "element": "node", "id": 744636052, "name": "Añejo Bar & Grill", "amenity": "restaurant", "cuisine": "mexican;tex-mex" }, "geometry": { "type": "Point", "coordinates": [ -77.0329914, 38.9389834 ] } },
{ "type": "Feature", "properties": { "element": "node", "id": 744636062, "name": "Barrilito", "amenity": "restaurant", "cuisine": "mexican" }, "geometry": { "type": "Point", "coordinates": [ -77.0324599, 38.9390311 ] } },
{ "type": "Feature", "properties": { "element": "node", "id": 744636068, "name": "Johana's Restaurant", "amenity": "restaurant", "cuisine": null }, "geometry": { "type": "Point", "coordinates": [ -77.0330672, 38.9480063 ] } },
{ "type": "Feature", "properties": { "element": "node", "id": 744636070, "name": "Büna Coffeehouse", "amenity": "cafe", "cuisine": "coffee_shop" }, "geometry": { "type": "Point", "coordinates": [ -77.0263803, 38.944149 ] } },
{ "type": "Feature", "properties": { "element": "node", "id": 745905454, "name": "The Roasted Boon", "amenity": "cafe", "cuisine": "coffee_shop" }, "geometry": { "type": "Point", "coordinates": [ -77.026718, 38.9104257 ] } },
{ "type": "Feature", "properties": { "element": "node", "id": 745905490, "name": "El Sol Restaunrante & Tequileria", "amenity": "restaurant", "cuisine": "mexican" }, "geometry": { "type": "Point", "coordinates": [ -77.0267538, 38.9066038 ] } },
{ "type": "Feature", "properties": { "element": "node", "id": 745905495, "name": "Queen of Sheba", "amenity": "restaurant", "cuisine": "ethiopian" }, "geometry": { "type": "Point", "coordinates": [ -77.0237981, 38.9098472 ] } },
{ "type": "Feature", "properties": { "element": "node", "id": 745905500, "name": "Mesobe Restaurant and Delimarket", "amenity": "restaurant", "cuisine": null }, "geometry": { "type": "Point", "coordinates": [ -77.0216527, 38.915373 ] } },
{ "type": "Feature", "properties": { "element": "node", "id": 745905564, "name": "Ambassador Restaurant", "amenity": "restaurant", "cuisine": "diner" }, "geometry": { "type": "Point", "coordinates": [ -77.0237335, 38.9159828 ] } },
{ "type": "Feature", "properties": { "element": "node", "id": 745905585, "name": "Andy's Carryout", "amenity": "fast_food", "cuisine": "pizza" }, "geometry": { "type": "Point", "coordinates": [ -77.0140774, 38.905843 ] } },
{ "type": "Feature", "properties": { "element": "node", "id": 745905592, "name": "Shaw Howard Deli", "amenity": "fast_food", "cuisine": null }, "geometry": { "type": "Point", "coordinates": [ -77.0217207, 38.9159514 ] } },
{ "type": "Feature", "properties": { "element": "node", "id": 745922223, "name": "Vie De France", "amenity": "cafe", "cuisine": null }, "geometry": { "type": "Point", "coordinates": [ -77.0211087, 38.8859248 ] } },
{ "type": "Feature", "properties": { "element": "node", "id": 748928240, "name": "Alta Strada", "amenity": "restaurant", "cuisine": "italian" }, "geometry": { "type": "Point", "coordinates": [ -77.0368385, 38.906659 ] } },
{ "type": "Feature", "properties": { "element": "node", "id": 750406522, "name": "China House", "amenity": "restaurant", "cuisine": "chinese" }, "geometry": { "type": "Point", "coordinates": [ -76.9814389, 38.8994974 ] } },
{ "type": "Feature", "properties": { "element": "node", "id": 750406526, "name": "Langston Bar & Grille", "amenity": "restaurant", "cuisine": "american;soul_food" }, "geometry": { "type": "Point", "coordinates": [ -76.9768396, 38.8987588 ] } },
{ "type": "Feature", "properties": { "element": "node", "id": 750408669, "name": "Merry Pin", "amenity": "cafe", "cuisine": null }, "geometry": { "type": "Point", "coordinates": [ -77.0267174, 38.9792413 ] } },
{ "type": "Feature", "properties": { "element": "node", "id": 750421365, "name": "Chef Geoff's", "amenity": "restaurant", "cuisine": "american" }, "geometry": { "type": "Point", "coordinates": [ -77.0848501, 38.9329973 ] } },
{ "type": "Feature", "properties": { "element": "node", "id": 750432387, "name": "Black Salt Fish & Market", "amenity": "restaurant", "cuisine": null }, "geometry": { "type": "Point", "coordinates": [ -77.0966655, 38.9177531 ] } },
{ "type": "Feature", "properties": { "element": "node", "id": 750432399, "name": "Kotobuki", "amenity": "restaurant", "cuisine": "sushi" }, "geometry": { "type": "Point", "coordinates": [ -77.0963702, 38.9167327 ] } },
{ "type": "Feature", "properties": { "element": "node", "id": 750432403, "name": "Et Voila", "amenity": "restaurant", "cuisine": "belgian" }, "geometry": { "type": "Point", "coordinates": [ -77.102318, 38.9254351 ] } },
{ "type": "Feature", "properties": { "element": "node", "id": 750432405, "name": "Little China Cafe", "amenity": "restaurant", "cuisine": "chinese" }, "geometry": { "type": "Point", "coordinates": [ -77.096519, 38.916873 ] } },
{ "type": "Feature", "properties": { "element": "node", "id": 750432410, "name": "Bistro Aracosia", "amenity": "restaurant", "cuisine": "afghan" }, "geometry": { "type": "Point", "coordinates": [ -77.1017127, 38.9249347 ] } },
{ "type": "Feature", "properties": { "element": "node", "id": 750432413, "name": "Del Popolo", "amenity": "restaurant", "cuisine": "italian;pizza;italian_pizza;pasta;sandwich" }, "geometry": { "type": "Point", "coordinates": [ -77.0968806, 38.9178265 ] } },
{ "type": "Feature", "properties": { "element": "node", "id": 750432415, "name": "Makoto Restaurant", "amenity": "restaurant", "cuisine": null }, "geometry": { "type": "Point", "coordinates": [ -77.0963702, 38.9166932 ] } },
{ "type": "Feature", "properties": { "element": "node", "id": 750432424, "name": "Bambu", "amenity": "restaurant", "cuisine": "asian" }, "geometry": { "type": "Point", "coordinates": [ -77.1012922, 38.9253104 ] } },
{ "type": "Feature", "properties": { "element": "node", "id": 750461185, "name": "Via Roma", "amenity": "restaurant", "cuisine": "pizza" }, "geometry": { "type": "Point", "coordinates": [ -77.0520944, 38.9239012 ] } },
{ "type": "Feature", "properties": { "element": "node", "id": 750461231, "name": "Rajaji Fine Indian Cuisine", "amenity": "restaurant", "cuisine": "indian" }, "geometry": { "type": "Point", "coordinates": [ -77.0513653, 38.9239026 ] } },
{ "type": "Feature", "properties": { "element": "node", "id": 750461232, "name": "Lebanese Taverna", "amenity": "restaurant", "cuisine": "lebanese" }, "geometry": { "type": "Point", "coordinates": [ -77.0519049, 38.9247116 ] } },
{ "type": "Feature", "properties": { "element": "node", "id": 750461240, "name": "Naanwise", "amenity": "restaurant", "cuisine": "indian" }, "geometry": { "type": "Point", "coordinates": [ -77.051798, 38.9246032 ] } },
{ "type": "Feature", "properties": { "element": "node", "id": 750461251, "name": "LiLLiES", "amenity": "restaurant", "cuisine": "italian" }, "geometry": { "type": "Point", "coordinates": [ -77.0541274, 38.928506 ] } },
{ "type": "Feature", "properties": { "element": "node", "id": 750461252, "name": "Umi Japanese Cuisine", "amenity": "restaurant", "cuisine": "japanese" }, "geometry": { "type": "Point", "coordinates": [ -77.0516158, 38.9242702 ] } },
{ "type": "Feature", "properties": { "element": "node", "id": 750467824, "name": "Axum Restaurant", "amenity": "restaurant", "cuisine": "ethiopian" }, "geometry": { "type": "Point", "coordinates": [ -77.024271, 38.916574 ] } },
{ "type": "Feature", "properties": { "element": "node", "id": 750467831, "name": "Ghion Ethiopian Restaurant", "amenity": "restaurant", "cuisine": "ethiopian" }, "geometry": { "type": "Point", "coordinates": [ -77.0241721, 38.9173843 ] } },
{ "type": "Feature", "properties": { "element": "node", "id": 750467840, "name": "Salina Restaurant", "amenity": "restaurant", "cuisine": null }, "geometry": { "type": "Point", "coordinates": [ -77.0242425, 38.9166195 ] } },
{ "type": "Feature", "properties": { "element": "node", "id": 750467842, "name": "Busboys and Poets", "amenity": "restaurant", "cuisine": "american" }, "geometry": { "type": "Point", "coordinates": [ -77.031697, 38.917929 ] } },
{ "type": "Feature", "properties": { "element": "node", "id": 750467858, "name": "Alero Restaurant and Lounge", "amenity": "restaurant", "cuisine": "mexican" }, "geometry": { "type": "Point", "coordinates": [ -77.0298689, 38.917176 ] } },
{ "type": "Feature", "properties": { "element": "node", "id": 750467861, "name": "Gori Cafe", "amenity": "cafe", "cuisine": null }, "geometry": { "type": "Point", "coordinates": [ -77.0278524, 38.9182765 ] } },
{ "type": "Feature", "properties": { "element": "node", "id": 750467876, "name": "Judy Restaurant", "amenity": "restaurant", "cuisine": "mexican;latin_american" }, "geometry": { "type": "Point", "coordinates": [ -77.0322896, 38.9196507 ] } },
{ "type": "Feature", "properties": { "element": "node", "id": 750467878, "name": "Appioo African Bar & Grill", "amenity": "restaurant", "cuisine": "ghanaian" }, "geometry": { "type": "Point", "coordinates": [ -77.0241875, 38.9162904 ] } },
{ "type": "Feature", "properties": { "element": "node", "id": 750467891, "name": "Ben's Next Door", "amenity": "restaurant", "cuisine": "american" }, "geometry": { "type": "Point", "coordinates": [ -77.028673, 38.9171585 ] } },
{ "type": "Feature", "properties": { "element": "node", "id": 750467898, "name": "Spicy Water", "amenity": "restaurant", "cuisine": "west_african;african" }, "geometry": { "type": "Point", "coordinates": [ -77.0267987, 38.9175831 ] } },
{ "type": "Feature", "properties": { "element": "node", "id": 750467900, "name": "Eatopia Eatery", "amenity": "restaurant", "cuisine": "ethiopian" }, "geometry": { "type": "Point", "coordinates": [ -77.0301564, 38.9171762 ] } },
{ "type": "Feature", "properties": { "element": "node", "id": 750467916, "name": "St. James", "amenity": "restaurant", "cuisine": "caribbean" }, "geometry": { "type": "Point", "coordinates": [ -77.0316179, 38.9176386 ] } },
{ "type": "Feature", "properties": { "element": "node", "id": 750467920, "name": "Coppi's Pizza", "amenity": "restaurant", "cuisine": "pizza" }, "geometry": { "type": "Point", "coordinates": [ -77.0326008, 38.9168408 ] } },
{ "type": "Feature", "properties": { "element": "node", "id": 750467922, "name": "Yegna", "amenity": "restaurant", "cuisine": null }, "geometry": { "type": "Point", "coordinates": [ -77.0241997, 38.9161886 ] } },
{ "type": "Feature", "properties": { "element": "node", "id": 750467927, "name": "Expo Restaurant & Nightclub", "amenity": "restaurant", "cuisine": null }, "geometry": { "type": "Point", "coordinates": [ -77.0242085, 38.9163861 ] } },
{ "type": "Feature", "properties": { "element": "node", "id": 750467945, "name": "Dukem", "amenity": "restaurant", "cuisine": "ethiopian" }, "geometry": { "type": "Point", "coordinates": [ -77.0278994, 38.9168217 ] } },
{ "type": "Feature", "properties": { "element": "node", "id": 750467955, "name": "Amsterdam Cafe & Lounge", "amenity": "restaurant", "cuisine": null }, "geometry": { "type": "Point", "coordinates": [ -77.0284813, 38.9168487 ] } },
{ "type": "Feature", "properties": { "element": "node", "id": 750467958, "name": "El Secreto de Rosita", "amenity": "restaurant", "cuisine": "peruvian;latin_american" }, "geometry": { "type": "Point", "coordinates": [ -77.0378895, 38.9167893 ] } },
{ "type": "Feature", "properties": { "element": "node", "id": 750467960, "name": "Mercadito Ramos", "amenity": "restaurant", "cuisine": null }, "geometry": { "type": "Point", "coordinates": [ -77.0316646, 38.9196651 ] } },
{ "type": "Feature", "properties": { "element": "node", "id": 750467966, "name": "El Sol de America", "amenity": "restaurant", "cuisine": null }, "geometry": { "type": "Point", "coordinates": [ -77.0242024, 38.9164261 ] } },
{ "type": "Feature", "properties": { "element": "node", "id": 750762276, "name": "Starbucks", "amenity": "cafe", "cuisine": "coffee_shop" }, "geometry": { "type": "Point", "coordinates": [ -77.0518238, 38.9051032 ] } },
{ "type": "Feature", "properties": { "element": "node", "id": 751881400, "name": "Compass Coffee", "amenity": "cafe", "cuisine": "coffee_shop" }, "geometry": { "type": "Point", "coordinates": [ -77.0267772, 38.8959649 ] } },
{ "type": "Feature", "properties": { "element": "node", "id": 753461153, "name": "Cafe Citron", "amenity": "restaurant", "cuisine": "latin_american" }, "geometry": { "type": "Point", "coordinates": [ -77.0423666, 38.9083502 ] } },
{ "type": "Feature", "properties": { "element": "node", "id": 764447421, "name": "Bibibop", "amenity": "fast_food", "cuisine": "asian" }, "geometry": { "type": "Point", "coordinates": [ -77.0572872, 38.9054005 ] } },
{ "type": "Feature", "properties": { "element": "node", "id": 767497037, "name": "CF Folks", "amenity": "cafe", "cuisine": "diner" }, "geometry": { "type": "Point", "coordinates": [ -77.0432068, 38.9066938 ] } },
{ "type": "Feature", "properties": { "element": "node", "id": 767501984, "name": "Julia's Empanadas", "amenity": "fast_food", "cuisine": null }, "geometry": { "type": "Point", "coordinates": [ -77.0413377, 38.9065292 ] } },
{ "type": "Feature", "properties": { "element": "node", "id": 767549590, "name": "Moby Dick House of Kabob", "amenity": "fast_food", "cuisine": "kebab" }, "geometry": { "type": "Point", "coordinates": [ -77.0428287, 38.907382 ] } },
{ "type": "Feature", "properties": { "element": "node", "id": 767555830, "name": "Subway", "amenity": "fast_food", "cuisine": "sandwich" }, "geometry": { "type": "Point", "coordinates": [ -77.041409, 38.904444 ] } },
{ "type": "Feature", "properties": { "element": "node", "id": 767556108, "name": "Starbucks", "amenity": "cafe", "cuisine": "coffee_shop" }, "geometry": { "type": "Point", "coordinates": [ -77.0407761, 38.9035359 ] } },
{ "type": "Feature", "properties": { "element": "node", "id": 767556198, "name": "Au Bon Pain", "amenity": "fast_food", "cuisine": "sandwich" }, "geometry": { "type": "Point", "coordinates": [ -77.0406581, 38.9035317 ] } },
{ "type": "Feature", "properties": { "element": "node", "id": 768951250, "name": "Yellow", "amenity": "cafe", "cuisine": null }, "geometry": { "type": "Point", "coordinates": [ -77.064609, 38.909466 ] } },
{ "type": "Feature", "properties": { "element": "node", "id": 769077474, "name": "Five Guys", "amenity": "fast_food", "cuisine": "burger" }, "geometry": { "type": "Point", "coordinates": [ -77.0036583, 38.9082966 ] } },
{ "type": "Feature", "properties": { "element": "node", "id": 769079444, "name": "Big Bear Cafe", "amenity": "cafe", "cuisine": null }, "geometry": { "type": "Point", "coordinates": [ -77.012387, 38.91275 ] } },
{ "type": "Feature", "properties": { "element": "node", "id": 769318418, "name": "Soho Cafe & Market", "amenity": "cafe", "cuisine": null }, "geometry": { "type": "Point", "coordinates": [ -77.0299687, 38.9027795 ] } },
{ "type": "Feature", "properties": { "element": "node", "id": 772330048, "name": "Sidamo Coffee and Tea", "amenity": "cafe", "cuisine": "coffee_shop;tea" }, "geometry": { "type": "Point", "coordinates": [ -76.999903, 38.9000597 ] } },
{ "type": "Feature", "properties": { "element": "node", "id": 772907070, "name": "Taylor Gourmet Deli & Market", "amenity": "restaurant", "cuisine": "deli" }, "geometry": { "type": "Point", "coordinates": [ -76.9908439, 38.9003598 ] } },
{ "type": "Feature", "properties": { "element": "node", "id": 774321289, "name": "Maxwell", "amenity": "restaurant", "cuisine": null }, "geometry": { "type": "Point", "coordinates": [ -77.0241595, 38.9084206 ] } },
{ "type": "Feature", "properties": { "element": "node", "id": 775416901, "name": "Maketto", "amenity": "restaurant", "cuisine": "asian" }, "geometry": { "type": "Point", "coordinates": [ -76.9866724, 38.9000456 ] } },
{ "type": "Feature", "properties": { "element": "node", "id": 775709452, "name": "Tiki Garden", "amenity": "restaurant", "cuisine": "thai" }, "geometry": { "type": "Point", "coordinates": [ -76.988501, 38.9003636 ] } },
{ "type": "Feature", "properties": { "element": "node", "id": 775709455, "name": "Sol Mexican Grill", "amenity": "restaurant", "cuisine": "mexican" }, "geometry": { "type": "Point", "coordinates": [ -76.9886263, 38.9000117 ] } },
{ "type": "Feature", "properties": { "element": "node", "id": 775709521, "name": "Hangry Joe's Hot Chicken & Wings", "amenity": "fast_food", "cuisine": "chicken" }, "geometry": { "type": "Point", "coordinates": [ -76.9874649, 38.9003645 ] } },
{ "type": "Feature", "properties": { "element": "node", "id": 775883213, "name": "Ledo Pizza", "amenity": "restaurant", "cuisine": "pizza;pasta" }, "geometry": { "type": "Point", "coordinates": [ -76.9942703, 38.9003718 ] } },
{ "type": "Feature", "properties": { "element": "node", "id": 775886254, "name": "Ben's Chili Bowl", "amenity": "fast_food", "cuisine": null }, "geometry": { "type": "Point", "coordinates": [ -76.9924511, 38.8999962 ] } },
{ "type": "Feature", "properties": { "element": "node", "id": 775912193, "name": "Major’s Carryout", "amenity": "fast_food", "cuisine": "chinese;asian;soul_food;american" }, "geometry": { "type": "Point", "coordinates": [ -76.9954526, 38.900399 ] } },
{ "type": "Feature", "properties": { "element": "node", "id": 775912202, "name": "Crown Fried Chicken", "amenity": "fast_food", "cuisine": "american" }, "geometry": { "type": "Point", "coordinates": [ -76.9953829, 38.900399 ] } },
{ "type": "Feature", "properties": { "element": "node", "id": 775912206, "name": "Tiffany's Bar & Bistro", "amenity": "restaurant", "cuisine": "mediterranean;american" }, "geometry": { "type": "Point", "coordinates": [ -76.9957101, 38.9000274 ] } },
{ "type": "Feature", "properties": { "element": "node", "id": 775946132, "name": "Sweet Sweet Kitchen", "amenity": "restaurant", "cuisine": "caribbean" }, "geometry": { "type": "Point", "coordinates": [ -76.9993, 38.900375 ] } },
{ "type": "Feature", "properties": { "element": "node", "id": 775946142, "name": "Taste of Jamaica", "amenity": "fast_food", "cuisine": null }, "geometry": { "type": "Point", "coordinates": [ -76.9986184, 38.9003539 ] } },
{ "type": "Feature", "properties": { "element": "node", "id": 775976035, "name": "Double Up Burger", "amenity": "fast_food", "cuisine": "burger" }, "geometry": { "type": "Point", "coordinates": [ -76.9886453, 38.9003608 ] } },
{ "type": "Feature", "properties": { "element": "node", "id": 775976037, "name": "Smokin' Pig", "amenity": "restaurant", "cuisine": "barbecue" }, "geometry": { "type": "Point", "coordinates": [ -76.9898096, 38.9003559 ] } },
{ "type": "Feature", "properties": { "element": "node", "id": 775976040, "name": "Popeyes", "amenity": "fast_food", "cuisine": "chicken" }, "geometry": { "type": "Point", "coordinates": [ -76.9892091, 38.9003573 ] } },
{ "type": "Feature", "properties": { "element": "node", "id": 776800161, "name": "Pizza Hut", "amenity": "restaurant", "cuisine": "pizza" }, "geometry": { "type": "Point", "coordinates": [ -76.9816939, 38.9002607 ] } },
{ "type": "Feature", "properties": { "element": "node", "id": 793933186, "name": "Cosmo", "amenity": "cafe", "cuisine": null }, "geometry": { "type": "Point", "coordinates": [ -77.0211574, 38.8860812 ] } },
{ "type": "Feature", "properties": { "element": "node", "id": 801001168, "name": "Manna Korean BBQ and Dosirak", "amenity": "restaurant", "cuisine": "korean" }, "geometry": { "type": "Point", "coordinates": [ -76.9833433, 38.8951974 ] } },
{ "type": "Feature", "properties": { "element": "node", "id": 801351625, "name": "M.E. Swing Coffee Roasters", "amenity": "cafe", "cuisine": "coffee_shop" }, "geometry": { "type": "Point", "coordinates": [ -77.0400004, 38.8981378 ] } },
{ "type": "Feature", "properties": { "element": "node", "id": 801352275, "name": "Ellipse Cafe", "amenity": "cafe", "cuisine": null }, "geometry": { "type": "Point", "coordinates": [ -77.040228, 38.8979644 ] } },
{ "type": "Feature", "properties": { "element": "node", "id": 801352530, "name": "Met Cafe", "amenity": "cafe", "cuisine": null }, "geometry": { "type": "Point", "coordinates": [ -77.0407728, 38.8975533 ] } },
{ "type": "Feature", "properties": { "element": "node", "id": 804047623, "name": "Wingo's", "amenity": "fast_food", "cuisine": "chicken" }, "geometry": { "type": "Point", "coordinates": [ -77.0639918, 38.9079644 ] } },
{ "type": "Feature", "properties": { "element": "node", "id": 804049825, "name": "Blank Street Coffee", "amenity": "cafe", "cuisine": "coffee_shop" }, "geometry": { "type": "Point", "coordinates": [ -77.0632157, 38.9061309 ] } },
{ "type": "Feature", "properties": { "element": "node", "id": 804058859, "name": "Coffee Republic", "amenity": "cafe", "cuisine": "coffee_shop" }, "geometry": { "type": "Point", "coordinates": [ -77.0692472, 38.9076209 ] } },
{ "type": "Feature", "properties": { "element": "node", "id": 804065026, "name": "Blossom Daily", "amenity": "cafe", "cuisine": "coffee_shop" }, "geometry": { "type": "Point", "coordinates": [ -77.0631677, 38.9053109 ] } },
{ "type": "Feature", "properties": { "element": "node", "id": 804598117, "name": "SecreTea", "amenity": "cafe", "cuisine": "bubble_tea" }, "geometry": { "type": "Point", "coordinates": [ -77.044562, 38.8961397 ] } },
{ "type": "Feature", "properties": { "element": "node", "id": 804599169, "name": "Cafe Aria", "amenity": "cafe", "cuisine": "pizza;korean" }, "geometry": { "type": "Point", "coordinates": [ -77.043879, 38.897517 ] } },
{ "type": "Feature", "properties": { "element": "node", "id": 804627406, "name": "Casey's Coffee", "amenity": "cafe", "cuisine": "coffee_shop" }, "geometry": { "type": "Point", "coordinates": [ -77.0508285, 38.8964756 ] } },
{ "type": "Feature", "properties": { "element": "node", "id": 804627554, "name": "Sizzling Express", "amenity": "fast_food", "cuisine": null }, "geometry": { "type": "Point", "coordinates": [ -77.0511549, 38.8969612 ] } },
{ "type": "Feature", "properties": { "element": "node", "id": 804628568, "name": "Magic Gourd Restaurant", "amenity": "restaurant", "cuisine": "chinese" }, "geometry": { "type": "Point", "coordinates": [ -77.0506151, 38.8967764 ] } },
{ "type": "Feature", "properties": { "element": "node", "id": 804649915, "name": "Chopt", "amenity": "fast_food", "cuisine": "salad" }, "geometry": { "type": "Point", "coordinates": [ -77.0432269, 38.9039852 ] } },
{ "type": "Feature", "properties": { "element": "node", "id": 804650030, "name": "Luke's Lobster", "amenity": "restaurant", "cuisine": "seafood" }, "geometry": { "type": "Point", "coordinates": [ -77.039999, 38.9003787 ] } },
{ "type": "Feature", "properties": { "element": "node", "id": 804650032, "name": "Poki DC", "amenity": "restaurant", "cuisine": "hawaiian" }, "geometry": { "type": "Point", "coordinates": [ -77.0429268, 38.9039459 ] } },
{ "type": "Feature", "properties": { "element": "node", "id": 804650192, "name": "Sichuan Pavilion", "amenity": "restaurant", "cuisine": "chinese" }, "geometry": { "type": "Point", "coordinates": [ -77.0425739, 38.902224 ] } },
{ "type": "Feature", "properties": { "element": "node", "id": 804650654, "name": "Roti", "amenity": "restaurant", "cuisine": "mediterranean" }, "geometry": { "type": "Point", "coordinates": [ -77.0409765, 38.8995734 ] } },
{ "type": "Feature", "properties": { "element": "node", "id": 804650692, "name": "Compass Coffee", "amenity": "cafe", "cuisine": "coffee_shop" }, "geometry": { "type": "Point", "coordinates": [ -77.0398904, 38.9003786 ] } },
{ "type": "Feature", "properties": { "element": "node", "id": 804650739, "name": "McDonald's", "amenity": "fast_food", "cuisine": "burger" }, "geometry": { "type": "Point", "coordinates": [ -77.0397097, 38.8996102 ] } },
{ "type": "Feature", "properties": { "element": "node", "id": 804650866, "name": "Potbelly", "amenity": "fast_food", "cuisine": "sandwich" }, "geometry": { "type": "Point", "coordinates": [ -77.0397035, 38.8993516 ] } },
{ "type": "Feature", "properties": { "element": "node", "id": 804650907, "name": "Chick-fil-A", "amenity": "fast_food", "cuisine": "chicken" }, "geometry": { "type": "Point", "coordinates": [ -77.0419499, 38.9062793 ] } },
{ "type": "Feature", "properties": { "element": "node", "id": 804650968, "name": "Loeb's NY Deli", "amenity": "restaurant", "cuisine": "italian" }, "geometry": { "type": "Point", "coordinates": [ -77.0401606, 38.9011841 ] } },
{ "type": "Feature", "properties": { "element": "node", "id": 806290821, "name": "Bon Beke’s Bakehouse & Grill", "amenity": "cafe", "cuisine": null }, "geometry": { "type": "Point", "coordinates": [ -77.0458339, 38.9132559 ] } },
{ "type": "Feature", "properties": { "element": "node", "id": 806297205, "name": "Capital Doner", "amenity": "fast_food", "cuisine": "turkish" }, "geometry": { "type": "Point", "coordinates": [ -77.0464416, 38.9097936 ] } },
{ "type": "Feature", "properties": { "element": "node", "id": 806537605, "name": "68 Cafe", "amenity": "restaurant", "cuisine": "vietnamese;asian" }, "geometry": { "type": "Point", "coordinates": [ -77.0446763, 38.9054377 ] } },
{ "type": "Feature", "properties": { "element": "node", "id": 806539314, "name": "Swahili Village", "amenity": "restaurant", "cuisine": "african;fine_dining" }, "geometry": { "type": "Point", "coordinates": [ -77.0445494, 38.9054837 ] } },
{ "type": "Feature", "properties": { "element": "node", "id": 806598314, "name": "Flavio", "amenity": "restaurant", "cuisine": "italian" }, "geometry": { "type": "Point", "coordinates": [ -77.0610243, 38.9046112 ] } },
{ "type": "Feature", "properties": { "element": "node", "id": 806600885, "name": "Zenobia Cafe", "amenity": "cafe", "cuisine": "middle_eastern" }, "geometry": { "type": "Point", "coordinates": [ -77.0609601, 38.9033465 ] } },
{ "type": "Feature", "properties": { "element": "node", "id": 806607734, "name": "Patisserie Poupon", "amenity": "cafe", "cuisine": null }, "geometry": { "type": "Point", "coordinates": [ -77.0653559, 38.9115909 ] } },
{ "type": "Feature", "properties": { "element": "node", "id": 806613082, "name": "Susheria", "amenity": "restaurant", "cuisine": "sushi" }, "geometry": { "type": "Point", "coordinates": [ -77.0614025, 38.9027483 ] } },
{ "type": "Feature", "properties": { "element": "node", "id": 806614381, "name": "Taichi Bubble Tea", "amenity": "cafe", "cuisine": "bubble_tea" }, "geometry": { "type": "Point", "coordinates": [ -77.0635318, 38.9080774 ] } },
{ "type": "Feature", "properties": { "element": "node", "id": 806614861, "name": "Baked and Wired", "amenity": "cafe", "cuisine": "coffee_shop" }, "geometry": { "type": "Point", "coordinates": [ -77.060435, 38.903879 ] } },
{ "type": "Feature", "properties": { "element": "node", "id": 806617165, "name": "Herbivore", "amenity": "restaurant", "cuisine": "indian" }, "geometry": { "type": "Point", "coordinates": [ -77.0652692, 38.9114397 ] } },
{ "type": "Feature", "properties": { "element": "node", "id": 807161971, "name": "Taqueria Al Lado II", "amenity": "restaurant", "cuisine": "mexican" }, "geometry": { "type": "Point", "coordinates": [ -76.9900154, 38.9004806 ] } },
{ "type": "Feature", "properties": { "element": "node", "id": 807162165, "name": "Feru", "amenity": "restaurant", "cuisine": "ethiopian" }, "geometry": { "type": "Point", "coordinates": [ -76.9904658, 38.900368 ] } },
{ "type": "Feature", "properties": { "element": "node", "id": 807592195, "name": "54 Noodles Bar", "amenity": "restaurant", "cuisine": "vietnamese" }, "geometry": { "type": "Point", "coordinates": [ -77.031711, 38.9105707 ] } },
{ "type": "Feature", "properties": { "element": "node", "id": 807596820, "name": "Yum's", "amenity": "fast_food", "cuisine": "chinese" }, "geometry": { "type": "Point", "coordinates": [ -77.0317196, 38.9094398 ] } },
{ "type": "Feature", "properties": { "element": "node", "id": 807740925, "name": "Rakuya", "amenity": "restaurant", "cuisine": "pan-asian" }, "geometry": { "type": "Point", "coordinates": [ -77.0436569, 38.9109932 ] } },
{ "type": "Feature", "properties": { "element": "node", "id": 807741591, "name": "La Tomate", "amenity": "restaurant", "cuisine": "italian" }, "geometry": { "type": "Point", "coordinates": [ -77.0450968, 38.9129983 ] } },
{ "type": "Feature", "properties": { "element": "node", "id": 808100357, "name": "Steak N Egg Diner", "amenity": "restaurant", "cuisine": "american;diner" }, "geometry": { "type": "Point", "coordinates": [ -77.0811579, 38.9512729 ] } },
{ "type": "Feature", "properties": { "element": "node", "id": 809008741, "name": "Parthenon Restaurant & Chevy Chase Lounge", "amenity": "restaurant", "cuisine": "greek" }, "geometry": { "type": "Point", "coordinates": [ -77.0750801, 38.9634282 ] } },
{ "type": "Feature", "properties": { "element": "node", "id": 809008779, "name": "Mamma Lucia", "amenity": "restaurant", "cuisine": "italian;pizza" }, "geometry": { "type": "Point", "coordinates": [ -77.0750205, 38.9633464 ] } },
{ "type": "Feature", "properties": { "element": "node", "id": 809402117, "name": "Yerevan", "amenity": "cafe", "cuisine": "armenian" }, "geometry": { "type": "Point", "coordinates": [ -77.04183, 38.91906 ] } },
{ "type": "Feature", "properties": { "element": "node", "id": 810396000, "name": "Prego Again", "amenity": "cafe", "cuisine": "coffee_shop;sandwich;salad" }, "geometry": { "type": "Point", "coordinates": [ -77.0382617, 38.9117646 ] } },
{ "type": "Feature", "properties": { "element": "node", "id": 810436945, "name": "Bar Japonais", "amenity": "restaurant", "cuisine": "japanese;french" }, "geometry": { "type": "Point", "coordinates": [ -77.0321945, 38.91028 ] } },
{ "type": "Feature", "properties": { "element": "node", "id": 810477700, "name": "South Block", "amenity": "cafe", "cuisine": "juice;smoothie;coffee;açaí" }, "geometry": { "type": "Point", "coordinates": [ -77.0322433, 38.9095034 ] } },
{ "type": "Feature", "properties": { "element": "node", "id": 810524392, "name": "Chipotle", "amenity": "fast_food", "cuisine": "mexican" }, "geometry": { "type": "Point", "coordinates": [ -77.0187634, 38.9030247 ] } },
{ "type": "Feature", "properties": { "element": "node", "id": 810529548, "name": "Mandu", "amenity": "restaurant", "cuisine": "korean" }, "geometry": { "type": "Point", "coordinates": [ -77.0178927, 38.9028253 ] } },
{ "type": "Feature", "properties": { "element": "node", "id": 810580194, "name": "Domino's", "amenity": "fast_food", "cuisine": "pizza" }, "geometry": { "type": "Point", "coordinates": [ -77.003309, 38.908079 ] } },
{ "type": "Feature", "properties": { "element": "node", "id": 810582132, "name": "Full Yum Carry Out", "amenity": "restaurant", "cuisine": "chinese" }, "geometry": { "type": "Point", "coordinates": [ -77.0087368, 38.9097873 ] } },
{ "type": "Feature", "properties": { "element": "node", "id": 810623012, "name": "Anju", "amenity": "restaurant", "cuisine": "korean" }, "geometry": { "type": "Point", "coordinates": [ -77.041489, 38.91436 ] } },
{ "type": "Feature", "properties": { "element": "node", "id": 810624054, "name": "Pupatella", "amenity": "restaurant", "cuisine": "pizza;italian" }, "geometry": { "type": "Point", "coordinates": [ -77.041483, 38.914275 ] } },
{ "type": "Feature", "properties": { "element": "node", "id": 810758239, "name": "V14 Street Lounge", "amenity": "restaurant", "cuisine": "american" }, "geometry": { "type": "Point", "coordinates": [ -77.0322542, 38.9182589 ] } },
{ "type": "Feature", "properties": { "element": "node", "id": 810758483, "name": "Lupo Verde", "amenity": "restaurant", "cuisine": "italian" }, "geometry": { "type": "Point", "coordinates": [ -77.0321712, 38.9157048 ] } },
{ "type": "Feature", "properties": { "element": "node", "id": 810759235, "name": "Pizza Boli's", "amenity": "fast_food", "cuisine": "pizza" }, "geometry": { "type": "Point", "coordinates": [ -77.0351263, 38.9171323 ] } },
{ "type": "Feature", "properties": { "element": "node", "id": 810774997, "name": "Florida Avenue Grill", "amenity": "restaurant", "cuisine": "soul_food" }, "geometry": { "type": "Point", "coordinates": [ -77.0272831, 38.9206307 ] } },
{ "type": "Feature", "properties": { "element": "node", "id": 810785289, "name": "JJ's Cheesesteaks", "amenity": "fast_food", "cuisine": "cheesesteak" }, "geometry": { "type": "Point", "coordinates": [ -77.0317168, 38.9168171 ] } },
{ "type": "Feature", "properties": { "element": "node", "id": 810789153, "name": "Taqueria Xochi", "amenity": "restaurant", "cuisine": "mexican" }, "geometry": { "type": "Point", "coordinates": [ -77.024966, 38.9168382 ] } },
{ "type": "Feature", "properties": { "element": "node", "id": 811818522, "name": "Golden China", "amenity": "restaurant", "cuisine": "chinese" }, "geometry": { "type": "Point", "coordinates": [ -77.0196945, 38.9128107 ] } },
{ "type": "Feature", "properties": { "element": "node", "id": 811874867, "name": "Subway", "amenity": "fast_food", "cuisine": "sandwich" }, "geometry": { "type": "Point", "coordinates": [ -77.0217328, 38.9054749 ] } },
{ "type": "Feature", "properties": { "element": "node", "id": 812044172, "name": "Najjaarra", "amenity": "restaurant", "cuisine": "indian" }, "geometry": { "type": "Point", "coordinates": [ -77.0119674, 38.9118305 ] } },
{ "type": "Feature", "properties": { "element": "node", "id": 812180278, "name": "Darita Pizza", "amenity": "restaurant", "cuisine": "pizza" }, "geometry": { "type": "Point", "coordinates": [ -77.0094158, 38.8749298 ] } },
{ "type": "Feature", "properties": { "element": "node", "id": 814315594, "name": "Young Chow", "amenity": "restaurant", "cuisine": "asian" }, "geometry": { "type": "Point", "coordinates": [ -77.0015133, 38.8871927 ] } },
{ "type": "Feature", "properties": { "element": "node", "id": 814338243, "name": "Perry's Restaurant", "amenity": "restaurant", "cuisine": "japanese" }, "geometry": { "type": "Point", "coordinates": [ -77.04354, 38.922119 ] } },
{ "type": "Feature", "properties": { "element": "node", "id": 814340134, "name": "Namak", "amenity": "restaurant", "cuisine": "mediterranean" }, "geometry": { "type": "Point", "coordinates": [ -77.0435557, 38.9220655 ] } },
{ "type": "Feature", "properties": { "element": "node", "id": 815428332, "name": "Old Europe", "amenity": "restaurant", "cuisine": "german" }, "geometry": { "type": "Point", "coordinates": [ -77.0727455, 38.9218366 ] } },
{ "type": "Feature", "properties": { "element": "node", "id": 823911087, "name": "Songbird", "amenity": "restaurant", "cuisine": "thai" }, "geometry": { "type": "Point", "coordinates": [ -77.0742994, 38.9633439 ] } },
{ "type": "Feature", "properties": { "element": "node", "id": 826539331, "name": "Bombay Street Food", "amenity": "restaurant", "cuisine": "indian" }, "geometry": { "type": "Point", "coordinates": [ -77.0333869, 38.9305909 ] } },
{ "type": "Feature", "properties": { "element": "node", "id": 829736502, "name": "Manny & Olga's", "amenity": "fast_food", "cuisine": "pizza" }, "geometry": { "type": "Point", "coordinates": [ -77.024311, 38.934781 ] } },
{ "type": "Feature", "properties": { "element": "node", "id": 829739773, "name": "Saint Vincent Wine", "amenity": "restaurant", "cuisine": "breakfast;american;chicken;fondue;french" }, "geometry": { "type": "Point", "coordinates": [ -77.0236525, 38.930445 ] } },
{ "type": "Feature", "properties": { "element": "node", "id": 834422884, "name": "New Heights", "amenity": "cafe", "cuisine": "american" }, "geometry": { "type": "Point", "coordinates": [ -77.052246, 38.9237141 ] } },
{ "type": "Feature", "properties": { "element": "node", "id": 834424618, "name": "Open City", "amenity": "cafe", "cuisine": "diner" }, "geometry": { "type": "Point", "coordinates": [ -77.0523658, 38.9237168 ] } },
{ "type": "Feature", "properties": { "element": "node", "id": 834426759, "name": "Donsak", "amenity": "restaurant", "cuisine": "thai" }, "geometry": { "type": "Point", "coordinates": [ -77.0521203, 38.9239733 ] } },
{ "type": "Feature", "properties": { "element": "node", "id": 837122883, "name": "Pines of Florence", "amenity": "restaurant", "cuisine": "italian" }, "geometry": { "type": "Point", "coordinates": [ -77.0443513, 38.9054841 ] } },
{ "type": "Feature", "properties": { "element": "node", "id": 837122887, "name": "Ellington Park Bistro", "amenity": "restaurant", "cuisine": "french;american" }, "geometry": { "type": "Point", "coordinates": [ -77.0464351, 38.9058141 ] } },
{ "type": "Feature", "properties": { "element": "node", "id": 837122889, "name": "District Taco", "amenity": "fast_food", "cuisine": "mexican" }, "geometry": { "type": "Point", "coordinates": [ -77.0446657, 38.9058351 ] } },
{ "type": "Feature", "properties": { "element": "node", "id": 837122892, "name": "Eggoholic", "amenity": "restaurant", "cuisine": "indian;egg" }, "geometry": { "type": "Point", "coordinates": [ -77.0444119, 38.9054835 ] } },
{ "type": "Feature", "properties": { "element": "node", "id": 837802841, "name": "Spice", "amenity": "restaurant", "cuisine": "caribbean" }, "geometry": { "type": "Point", "coordinates": [ -77.0245028, 38.9395876 ] } },
{ "type": "Feature", "properties": { "element": "node", "id": 837825225, "name": "Cinder Neighborhood Barbeque", "amenity": "restaurant", "cuisine": "barbecue" }, "geometry": { "type": "Point", "coordinates": [ -77.023545, 38.9417593 ] } },
{ "type": "Feature", "properties": { "element": "node", "id": 837827539, "name": "Ice N Slice Eatery", "amenity": "restaurant", "cuisine": "ethiopian;american;pizza;smoothie" }, "geometry": { "type": "Point", "coordinates": [ -77.0247055, 38.939602 ] } },
{ "type": "Feature", "properties": { "element": "node", "id": 837830320, "name": "Little Food Studio", "amenity": "cafe", "cuisine": null }, "geometry": { "type": "Point", "coordinates": [ -77.0248231, 38.9420261 ] } },
{ "type": "Feature", "properties": { "element": "node", "id": 849596198, "name": "Starbucks", "amenity": "cafe", "cuisine": "coffee_shop" }, "geometry": { "type": "Point", "coordinates": [ -77.064239, 38.9444744 ] } },
{ "type": "Feature", "properties": { "element": "node", "id": 850208840, "name": "Apple's Carry-Out", "amenity": "fast_food", "cuisine": null }, "geometry": { "type": "Point", "coordinates": [ -77.0282178, 38.9615802 ] } },
{ "type": "Feature", "properties": { "element": "node", "id": 872962387, "name": "Sacrificial Lamb", "amenity": "fast_food", "cuisine": "indian" }, "geometry": { "type": "Point", "coordinates": [ -77.0388433, 38.9124618 ] } },
{ "type": "Feature", "properties": { "element": "node", "id": 872963963, "name": "Dupont Italian Kitchen", "amenity": "restaurant", "cuisine": "italian" }, "geometry": { "type": "Point", "coordinates": [ -77.038252, 38.912409 ] } },
{ "type": "Feature", "properties": { "element": "node", "id": 874685167, "name": "Pret A Manger", "amenity": "fast_food", "cuisine": "sandwich" }, "geometry": { "type": "Point", "coordinates": [ -77.027366, 38.897563 ] } },
{ "type": "Feature", "properties": { "element": "node", "id": 875991793, "name": "Momoyama", "amenity": "restaurant", "cuisine": "japanese" }, "geometry": { "type": "Point", "coordinates": [ -77.013462, 38.8931863 ] } },
{ "type": "Feature", "properties": { "element": "node", "id": 875991911, "name": "Hamilton's Bar and Grill", "amenity": "restaurant", "cuisine": "american" }, "geometry": { "type": "Point", "coordinates": [ -77.0134424, 38.893256 ] } },
{ "type": "Feature", "properties": { "element": "node", "id": 876088399, "name": "Food Corner Kabob & Rotisserie", "amenity": "restaurant", "cuisine": "international" }, "geometry": { "type": "Point", "coordinates": [ -77.0218261, 38.9205156 ] } },
{ "type": "Feature", "properties": { "element": "node", "id": 876098064, "name": "Subway", "amenity": "fast_food", "cuisine": "sandwich" }, "geometry": { "type": "Point", "coordinates": [ -77.0218535, 38.9207324 ] } },
{ "type": "Feature", "properties": { "element": "node", "id": 876098199, "name": "Negril", "amenity": "restaurant", "cuisine": "jamaican" }, "geometry": { "type": "Point", "coordinates": [ -77.021831, 38.920576 ] } },
{ "type": "Feature", "properties": { "element": "node", "id": 904053647, "name": "Potbelly", "amenity": "fast_food", "cuisine": "sandwich" }, "geometry": { "type": "Point", "coordinates": [ -77.005632, 38.9064414 ] } },
{ "type": "Feature", "properties": { "element": "node", "id": 904092546, "name": "Pizza Movers", "amenity": "fast_food", "cuisine": "pizza" }, "geometry": { "type": "Point", "coordinates": [ -77.065678, 38.911333 ] } },
{ "type": "Feature", "properties": { "element": "node", "id": 904122228, "name": "Bean Counter", "amenity": "cafe", "cuisine": null }, "geometry": { "type": "Point", "coordinates": [ -77.0656742, 38.9120804 ] } },
{ "type": "Feature", "properties": { "element": "node", "id": 925567205, "name": "Peregrine Espresso", "amenity": "cafe", "cuisine": null }, "geometry": { "type": "Point", "coordinates": [ -76.9963701, 38.8851511 ] } },
{ "type": "Feature", "properties": { "element": "node", "id": 934092844, "name": "Subway", "amenity": "fast_food", "cuisine": "sandwich" }, "geometry": { "type": "Point", "coordinates": [ -77.046117, 38.902781 ] } },
{ "type": "Feature", "properties": { "element": "node", "id": 939448561, "name": "Bon Appétit Marketplace", "amenity": "fast_food", "cuisine": null }, "geometry": { "type": "Point", "coordinates": [ -76.9933672, 38.9065368 ] } },
{ "type": "Feature", "properties": { "element": "node", "id": 939458547, "name": "The Bistro", "amenity": "restaurant", "cuisine": null }, "geometry": { "type": "Point", "coordinates": [ -76.9952232, 38.9075094 ] } },
{ "type": "Feature", "properties": { "element": "node", "id": 978051610, "name": "Potbelly", "amenity": "fast_food", "cuisine": "sandwich" }, "geometry": { "type": "Point", "coordinates": [ -77.038248, 38.903546 ] } },
{ "type": "Feature", "properties": { "element": "node", "id": 978051659, "name": "Peet's Coffee", "amenity": "cafe", "cuisine": "coffee_shop" }, "geometry": { "type": "Point", "coordinates": [ -77.038132, 38.903939 ] } },
{ "type": "Feature", "properties": { "element": "node", "id": 982859838, "name": "Cafe Twelve", "amenity": "cafe", "cuisine": null }, "geometry": { "type": "Point", "coordinates": [ -77.0283376, 38.8841338 ] } },
{ "type": "Feature", "properties": { "element": "node", "id": 982859859, "name": "Starbucks", "amenity": "cafe", "cuisine": "coffee_shop" }, "geometry": { "type": "Point", "coordinates": [ -77.0295842, 38.8844745 ] } },
{ "type": "Feature", "properties": { "element": "node", "id": 985944477, "name": "Pollo Campero", "amenity": "fast_food", "cuisine": "chicken" }, "geometry": { "type": "Point", "coordinates": [ -77.032142, 38.930087 ] } },
{ "type": "Feature", "properties": { "element": "node", "id": 990458415, "name": null, "amenity": "restaurant", "cuisine": "pizza;salad" }, "geometry": { "type": "Point", "coordinates": [ -77.0060801, 38.8778669 ] } },
{ "type": "Feature", "properties": { "element": "node", "id": 1020922828, "name": "Sonoma Restaurant and Wine Bar", "amenity": "restaurant", "cuisine": "american" }, "geometry": { "type": "Point", "coordinates": [ -77.0026388, 38.8870056 ] } },
{ "type": "Feature", "properties": { "element": "node", "id": 1065887591, "name": "Cactus Cantina", "amenity": "restaurant", "cuisine": "mexican" }, "geometry": { "type": "Point", "coordinates": [ -77.07271, 38.9336983 ] } },
{ "type": "Feature", "properties": { "element": "node", "id": 1065890982, "name": "Barcelona Wine Bar", "amenity": "restaurant", "cuisine": "catalan" }, "geometry": { "type": "Point", "coordinates": [ -77.0726922, 38.9338502 ] } },
{ "type": "Feature", "properties": { "element": "node", "id": 1065927167, "name": "La Piquette", "amenity": "restaurant", "cuisine": "french" }, "geometry": { "type": "Point", "coordinates": [ -77.0731, 38.9333395 ] } },
{ "type": "Feature", "properties": { "element": "node", "id": 1065935245, "name": "Heritage India", "amenity": "restaurant", "cuisine": "indian" }, "geometry": { "type": "Point", "coordinates": [ -77.072729, 38.9333039 ] } },
{ "type": "Feature", "properties": { "element": "node", "id": 1066037564, "name": "Byblos Deli", "amenity": "fast_food", "cuisine": "mediterranean" }, "geometry": { "type": "Point", "coordinates": [ -77.0583024, 38.9346466 ] } },
{ "type": "Feature", "properties": { "element": "node", "id": 1066046909, "name": "Cracked Eggery", "amenity": "restaurant", "cuisine": "breakfast" }, "geometry": { "type": "Point", "coordinates": [ -77.058434, 38.934766 ] } },
{ "type": "Feature", "properties": { "element": "node", "id": 1066788789, "name": "Planet Smoothie", "amenity": "fast_food", "cuisine": "smoothie" }, "geometry": { "type": "Point", "coordinates": [ -77.0579552, 38.9357343 ] } },
{ "type": "Feature", "properties": { "element": "node", "id": 1066791913, "name": "Buffalo & Bergen", "amenity": "cafe", "cuisine": "sandwich" }, "geometry": { "type": "Point", "coordinates": [ -77.0579141, 38.9356705 ] } },
{ "type": "Feature", "properties": { "element": "node", "id": 1066856899, "name": "Turning Natural", "amenity": "cafe", "cuisine": "juice" }, "geometry": { "type": "Point", "coordinates": [ -77.017826, 38.9734651 ] } },
{ "type": "Feature", "properties": { "element": "node", "id": 1066861256, "name": "Lost Sock", "amenity": "cafe", "cuisine": null }, "geometry": { "type": "Point", "coordinates": [ -77.0178275, 38.9733098 ] } },
{ "type": "Feature", "properties": { "element": "node", "id": 1067837942, "name": "El Dorado Bread", "amenity": "restaurant", "cuisine": "mexican" }, "geometry": { "type": "Point", "coordinates": [ -77.027263, 38.96541 ] } },
{ "type": "Feature", "properties": { "element": "node", "id": 1067838903, "name": "China Taste Carryout", "amenity": "fast_food", "cuisine": "chinese" }, "geometry": { "type": "Point", "coordinates": [ -77.0274556, 38.9655747 ] } },
{ "type": "Feature", "properties": { "element": "node", "id": 1115021850, "name": "Peet's Coffee", "amenity": "cafe", "cuisine": "coffee_shop" }, "geometry": { "type": "Point", "coordinates": [ -77.0056234, 38.9067571 ] } },
{ "type": "Feature", "properties": { "element": "node", "id": 1218539023, "name": "Starbucks", "amenity": "cafe", "cuisine": "coffee_shop" }, "geometry": { "type": "Point", "coordinates": [ -77.0749547, 38.9101453 ] } },
{ "type": "Feature", "properties": { "element": "node", "id": 1218539027, "name": "Faculty Club", "amenity": "restaurant", "cuisine": null }, "geometry": { "type": "Point", "coordinates": [ -77.0750094, 38.9096973 ] } },
{ "type": "Feature", "properties": { "element": "node", "id": 1218539029, "name": "Uncommon Grounds", "amenity": "cafe", "cuisine": null }, "geometry": { "type": "Point", "coordinates": [ -77.0746194, 38.9098107 ] } },
{ "type": "Feature", "properties": { "element": "node", "id": 1233197339, "name": "Starbucks", "amenity": "cafe", "cuisine": "coffee_shop" }, "geometry": { "type": "Point", "coordinates": [ -77.0179049, 38.8435064 ] } },
{ "type": "Feature", "properties": { "element": "node", "id": 1242700793, "name": "Dyllan’s Raw Bar Grill", "amenity": "restaurant", "cuisine": "seafood" }, "geometry": { "type": "Point", "coordinates": [ -77.0613029, 38.9044669 ] } },
{ "type": "Feature", "properties": { "element": "node", "id": 1276325781, "name": "The Greek Spot", "amenity": "fast_food", "cuisine": "greek;gyro;sandwich" }, "geometry": { "type": "Point", "coordinates": [ -77.0268032, 38.9175413 ] } },
{ "type": "Feature", "properties": { "element": "node", "id": 1333685835, "name": "IHOP", "amenity": "restaurant", "cuisine": "breakfast;pancake" }, "geometry": { "type": "Point", "coordinates": [ -77.0336861, 38.9288994 ] } },
{ "type": "Feature", "properties": { "element": "node", "id": 1360061099, "name": "McDonald's", "amenity": "fast_food", "cuisine": "burger" }, "geometry": { "type": "Point", "coordinates": [ -77.028304, 38.9623786 ] } },
{ "type": "Feature", "properties": { "element": "node", "id": 1382526714, "name": "McDonald's", "amenity": "fast_food", "cuisine": "burger" }, "geometry": { "type": "Point", "coordinates": [ -76.9802195, 38.8992483 ] } },
{ "type": "Feature", "properties": { "element": "node", "id": 1416494712, "name": "My Own Pizza", "amenity": "fast_food", "cuisine": "pizza" }, "geometry": { "type": "Point", "coordinates": [ -77.0180006, 38.8858932 ] } },
{ "type": "Feature", "properties": { "element": "node", "id": 1416494713, "name": "Starbucks", "amenity": "cafe", "cuisine": "coffee_shop" }, "geometry": { "type": "Point", "coordinates": [ -77.019674, 38.885881 ] } },
{ "type": "Feature", "properties": { "element": "node", "id": 1416494715, "name": "McDonald's", "amenity": "fast_food", "cuisine": "burger" }, "geometry": { "type": "Point", "coordinates": [ -77.017829, 38.8858849 ] } },
{ "type": "Feature", "properties": { "element": "node", "id": 1422466837, "name": "Gordon Ramsay Street Pizza", "amenity": "restaurant", "cuisine": "pizza" }, "geometry": { "type": "Point", "coordinates": [ -77.0216908, 38.8963842 ] } },
{ "type": "Feature", "properties": { "element": "node", "id": 1424881530, "name": "Potbelly", "amenity": "fast_food", "cuisine": "sandwich" }, "geometry": { "type": "Point", "coordinates": [ -77.0646422, 38.945623 ] } },
{ "type": "Feature", "properties": { "element": "node", "id": 1425506224, "name": "The Pretzel Bakery", "amenity": "cafe", "cuisine": "pretzel;coffee_shop" }, "geometry": { "type": "Point", "coordinates": [ -76.9838366, 38.885484 ] } },
{ "type": "Feature", "properties": { "element": "node", "id": 1427151077, "name": "Atrium Cafe", "amenity": "fast_food", "cuisine": null }, "geometry": { "type": "Point", "coordinates": [ -77.0242552, 38.8993814 ] } },
{ "type": "Feature", "properties": { "element": "node", "id": 1474747373, "name": "McDonald's", "amenity": "fast_food", "cuisine": "burger" }, "geometry": { "type": "Point", "coordinates": [ -76.9499393, 38.8934235 ] } },
{ "type": "Feature", "properties": { "element": "node", "id": 1475707377, "name": "Domino's", "amenity": "fast_food", "cuisine": "pizza" }, "geometry": { "type": "Point", "coordinates": [ -76.9517364, 38.8921521 ] } },
{ "type": "Feature", "properties": { "element": "node", "id": 1584935434, "name": "Subway", "amenity": "fast_food", "cuisine": "sandwich" }, "geometry": { "type": "Point", "coordinates": [ -77.0317421, 38.9171459 ] } },
{ "type": "Feature", "properties": { "element": "node", "id": 1592873132, "name": "The Den Coffeehouse", "amenity": "cafe", "cuisine": "coffee_shop" }, "geometry": { "type": "Point", "coordinates": [ -77.0695948, 38.955503 ] } },
{ "type": "Feature", "properties": { "element": "node", "id": 1626377260, "name": "Amy Grill & Graze", "amenity": "restaurant", "cuisine": null }, "geometry": { "type": "Point", "coordinates": [ -77.0177495, 38.9127463 ] } },
{ "type": "Feature", "properties": { "element": "node", "id": 1652367001, "name": "Roti Mediterranean Grill", "amenity": "restaurant", "cuisine": "greek" }, "geometry": { "type": "Point", "coordinates": [ -77.005628, 38.9065945 ] } },
{ "type": "Feature", "properties": { "element": "node", "id": 1668199595, "name": "Chipotle", "amenity": "fast_food", "cuisine": "mexican" }, "geometry": { "type": "Point", "coordinates": [ -77.0325131, 38.9296557 ] } },
{ "type": "Feature", "properties": { "element": "node", "id": 1671413948, "name": "Los Hermanos", "amenity": "restaurant", "cuisine": "dominican" }, "geometry": { "type": "Point", "coordinates": [ -77.0338325, 38.9305009 ] } },
{ "type": "Feature", "properties": { "element": "node", "id": 1784870447, "name": "Fish in the Neighborhood", "amenity": "restaurant", "cuisine": "fish" }, "geometry": { "type": "Point", "coordinates": [ -77.0238515, 38.9346494 ] } },
{ "type": "Feature", "properties": { "element": "node", "id": 1784884975, "name": "Pantry Thai & Sushi", "amenity": "restaurant", "cuisine": "thai" }, "geometry": { "type": "Point", "coordinates": [ -77.0246018, 38.9366135 ] } },
{ "type": "Feature", "properties": { "element": "node", "id": 1784884976, "name": "Subway", "amenity": "fast_food", "cuisine": "sandwich" }, "geometry": { "type": "Point", "coordinates": [ -77.0246013, 38.9366814 ] } },
{ "type": "Feature", "properties": { "element": "node", "id": 1827013271, "name": "Bacio Pizzeria", "amenity": "fast_food", "cuisine": "pizza" }, "geometry": { "type": "Point", "coordinates": [ -77.0116735, 38.9149503 ] } },
{ "type": "Feature", "properties": { "element": "node", "id": 1866785526, "name": "Johnny Rockets", "amenity": "restaurant", "cuisine": "burger" }, "geometry": { "type": "Point", "coordinates": [ -77.0350228, 38.9079795 ] } },
{ "type": "Feature", "properties": { "element": "node", "id": 1911661702, "name": "The Pembroke", "amenity": "restaurant", "cuisine": "french;mediterranean" }, "geometry": { "type": "Point", "coordinates": [ -77.0431886, 38.9106393 ] } },
{ "type": "Feature", "properties": { "element": "node", "id": 1911661703, "name": "Agora", "amenity": "restaurant", "cuisine": "turkish;mediterranean" }, "geometry": { "type": "Point", "coordinates": [ -77.0382506, 38.9106296 ] } },
{ "type": "Feature", "properties": { "element": "node", "id": 1911661704, "name": "Subway", "amenity": "fast_food", "cuisine": "sandwich" }, "geometry": { "type": "Point", "coordinates": [ -77.0441997, 38.9114727 ] } },
{ "type": "Feature", "properties": { "element": "node", "id": 1912289096, "name": "Pops Legasea", "amenity": "restaurant", "cuisine": "seafood" }, "geometry": { "type": "Point", "coordinates": [ -77.0430038, 38.9057895 ] } },
{ "type": "Feature", "properties": { "element": "node", "id": 1948151456, "name": "The Coupe", "amenity": "restaurant", "cuisine": "american;coffee_shop" }, "geometry": { "type": "Point", "coordinates": [ -77.0282624, 38.9327327 ] } },
{ "type": "Feature", "properties": { "element": "node", "id": 1948154933, "name": "El Jardin", "amenity": "restaurant", "cuisine": "mexican" }, "geometry": { "type": "Point", "coordinates": [ -77.028602, 38.9323028 ] } },
{ "type": "Feature", "properties": { "element": "node", "id": 1983196726, "name": "Bean & Bite", "amenity": "cafe", "cuisine": null }, "geometry": { "type": "Point", "coordinates": [ -77.0348363, 38.9050245 ] } },
{ "type": "Feature", "properties": { "element": "node", "id": 2015788365, "name": "Dunkin'", "amenity": "fast_food", "cuisine": "donut;coffee_shop" }, "geometry": { "type": "Point", "coordinates": [ -77.0461405, 38.8961738 ] } },
{ "type": "Feature", "properties": { "element": "node", "id": 2043201535, "name": "Station 4", "amenity": "restaurant", "cuisine": "american" }, "geometry": { "type": "Point", "coordinates": [ -77.0179718, 38.8773835 ] } },
{ "type": "Feature", "properties": { "element": "node", "id": 2043201536, "name": "All About Burger", "amenity": "fast_food", "cuisine": "burger" }, "geometry": { "type": "Point", "coordinates": [ -77.0183769, 38.8773547 ] } },
{ "type": "Feature", "properties": { "element": "node", "id": 2043203802, "name": "Starbucks", "amenity": "cafe", "cuisine": "coffee_shop" }, "geometry": { "type": "Point", "coordinates": [ -77.017402, 38.8775241 ] } },
{ "type": "Feature", "properties": { "element": "node", "id": 2043206191, "name": "Subway", "amenity": "fast_food", "cuisine": "sandwich" }, "geometry": { "type": "Point", "coordinates": [ -77.0178785, 38.8779072 ] } },
{ "type": "Feature", "properties": { "element": "node", "id": 2048917250, "name": "DC Stone Pizza", "amenity": "fast_food", "cuisine": "pizza" }, "geometry": { "type": "Point", "coordinates": [ -77.0347944, 38.9171347 ] } },
{ "type": "Feature", "properties": { "element": "node", "id": 2066553064, "name": "Pho 72", "amenity": "restaurant", "cuisine": "vietnamese" }, "geometry": { "type": "Point", "coordinates": [ -77.0319727, 38.9303924 ] } },
{ "type": "Feature", "properties": { "element": "node", "id": 2076863951, "name": "The Coffee Bar (TCB)", "amenity": "cafe", "cuisine": "coffee_shop" }, "geometry": { "type": "Point", "coordinates": [ -77.0282722, 38.9142677 ] } },
{ "type": "Feature", "properties": { "element": "node", "id": 2094309662, "name": "Davenport Coffee Lounge", "amenity": "cafe", "cuisine": "coffee_shop;cafe" }, "geometry": { "type": "Point", "coordinates": [ -77.0883876, 38.9359408 ] } },
{ "type": "Feature", "properties": { "element": "node", "id": 2128394641, "name": "Starbucks", "amenity": "cafe", "cuisine": "coffee_shop" }, "geometry": { "type": "Point", "coordinates": [ -77.048635, 38.899439 ] } },
{ "type": "Feature", "properties": { "element": "node", "id": 2129716338, "name": "Lot 38 Espresso Bar", "amenity": "cafe", "cuisine": "coffee_shop" }, "geometry": { "type": "Point", "coordinates": [ -77.003671, 38.87768 ] } },
{ "type": "Feature", "properties": { "element": "node", "id": 2246967238, "name": "Shake Shack", "amenity": "fast_food", "cuisine": "burger" }, "geometry": { "type": "Point", "coordinates": [ -77.041848, 38.906367 ] } },
{ "type": "Feature", "properties": { "element": "node", "id": 2275736566, "name": "Subway", "amenity": "fast_food", "cuisine": "sandwich" }, "geometry": { "type": "Point", "coordinates": [ -77.0037153, 38.8769879 ] } },
{ "type": "Feature", "properties": { "element": "node", "id": 2291863402, "name": "Pink Taco", "amenity": "restaurant", "cuisine": "mexican" }, "geometry": { "type": "Point", "coordinates": [ -77.005572, 38.876643 ] } },
{ "type": "Feature", "properties": { "element": "node", "id": 2294829393, "name": "Five Guys", "amenity": "fast_food", "cuisine": "burger" }, "geometry": { "type": "Point", "coordinates": [ -77.00371, 38.87718 ] } },
{ "type": "Feature", "properties": { "element": "node", "id": 2294844532, "name": "Kruba Thai & Sushi", "amenity": "restaurant", "cuisine": "thai" }, "geometry": { "type": "Point", "coordinates": [ -77.0017416, 38.8739785 ] } },
{ "type": "Feature", "properties": { "element": "node", "id": 2299969865, "name": "&pizza", "amenity": "fast_food", "cuisine": "pizza" }, "geometry": { "type": "Point", "coordinates": [ -77.0321359, 38.9301632 ] } },
{ "type": "Feature", "properties": { "element": "node", "id": 2299978589, "name": "CAVA", "amenity": "restaurant", "cuisine": "mediterranean" }, "geometry": { "type": "Point", "coordinates": [ -77.032487, 38.929388 ] } },
{ "type": "Feature", "properties": { "element": "node", "id": 2299982815, "name": "Starbucks", "amenity": "cafe", "cuisine": "coffee_shop" }, "geometry": { "type": "Point", "coordinates": [ -77.032503, 38.929498 ] } },
{ "type": "Feature", "properties": { "element": "node", "id": 2301048377, "name": "Tiger Fork", "amenity": "restaurant", "cuisine": "asian" }, "geometry": { "type": "Point", "coordinates": [ -77.0248564, 38.9065656 ] } },
{ "type": "Feature", "properties": { "element": "node", "id": 2316453086, "name": "Eye Street Grill", "amenity": "restaurant", "cuisine": "american" }, "geometry": { "type": "Point", "coordinates": [ -77.035562, 38.901517 ] } },
{ "type": "Feature", "properties": { "element": "node", "id": 2326197423, "name": "Passato Pizza & Grill", "amenity": "fast_food", "cuisine": "pizza;sandwich;chicken" }, "geometry": { "type": "Point", "coordinates": [ -77.0422071, 38.92187 ] } },
{ "type": "Feature", "properties": { "element": "node", "id": 2326233814, "name": "Sakuramen", "amenity": "restaurant", "cuisine": "japanese;ramen" }, "geometry": { "type": "Point", "coordinates": [ -77.0420242, 38.9215559 ] } },
{ "type": "Feature", "properties": { "element": "node", "id": 2329222368, "name": "Kouzina Angelina's Pizzeria", "amenity": "fast_food", "cuisine": "pizza" }, "geometry": { "type": "Point", "coordinates": [ -77.0226958, 38.9168285 ] } },
{ "type": "Feature", "properties": { "element": "node", "id": 2341042333, "name": "Mandarin Carryout", "amenity": "fast_food", "cuisine": "chinese" }, "geometry": { "type": "Point", "coordinates": [ -76.9838551, 38.8879266 ] } },
{ "type": "Feature", "properties": { "element": "node", "id": 2341048306, "name": "DC Capitol Square", "amenity": "restaurant", "cuisine": "american" }, "geometry": { "type": "Point", "coordinates": [ -76.983454, 38.890065 ] } },
{ "type": "Feature", "properties": { "element": "node", "id": 2341048508, "name": "Hong Kong Carryout", "amenity": "fast_food", "cuisine": "chinese" }, "geometry": { "type": "Point", "coordinates": [ -76.9832649, 38.8900631 ] } },
{ "type": "Feature", "properties": { "element": "node", "id": 2348914809, "name": "Aroi Thai", "amenity": "restaurant", "cuisine": "thai" }, "geometry": { "type": "Point", "coordinates": [ -77.0123571, 38.9152737 ] } },
{ "type": "Feature", "properties": { "element": "node", "id": 2348914810, "name": "Sylvan Cafe", "amenity": "cafe", "cuisine": null }, "geometry": { "type": "Point", "coordinates": [ -77.0125825, 38.9153462 ] } },
{ "type": "Feature", "properties": { "element": "node", "id": 2357976893, "name": "Rania", "amenity": "restaurant", "cuisine": "indian" }, "geometry": { "type": "Point", "coordinates": [ -77.0267703, 38.8956521 ] } },
{ "type": "Feature", "properties": { "element": "node", "id": 2387758798, "name": "Corner Bakery", "amenity": "cafe", "cuisine": "coffee_shop" }, "geometry": { "type": "Point", "coordinates": [ -77.0093591, 38.8963164 ] } },
{ "type": "Feature", "properties": { "element": "node", "id": 2390679320, "name": "Pearl Dive Oyster Palace", "amenity": "restaurant", "cuisine": "seafood" }, "geometry": { "type": "Point", "coordinates": [ -77.0321798, 38.9116427 ] } },
{ "type": "Feature", "properties": { "element": "node", "id": 2390679356, "name": "Etto", "amenity": "restaurant", "cuisine": "italian" }, "geometry": { "type": "Point", "coordinates": [ -77.0317299, 38.9109712 ] } },
{ "type": "Feature", "properties": { "element": "node", "id": 2390692386, "name": "Hot N Juicy Crawfish", "amenity": "restaurant", "cuisine": "cajun" }, "geometry": { "type": "Point", "coordinates": [ -77.0520609, 38.9250107 ] } },
{ "type": "Feature", "properties": { "element": "node", "id": 2393440167, "name": "Cabana Grill", "amenity": "fast_food", "cuisine": "barbecue" }, "geometry": { "type": "Point", "coordinates": [ -77.0255414, 38.9411901 ] } },
{ "type": "Feature", "properties": { "element": "node", "id": 2393490489, "name": "Cafe on 9th", "amenity": "cafe", "cuisine": null }, "geometry": { "type": "Point", "coordinates": [ -77.0249241, 38.9427981 ] } },
{ "type": "Feature", "properties": { "element": "node", "id": 2393490691, "name": "Lulabelle's Sweet Shop", "amenity": "cafe", "cuisine": "regional;coffee_shop;ice_cream" }, "geometry": { "type": "Point", "coordinates": [ -77.0247534, 38.9420394 ] } },
{ "type": "Feature", "properties": { "element": "node", "id": 2395183427, "name": "Highlands Cafe", "amenity": "cafe", "cuisine": "american" }, "geometry": { "type": "Point", "coordinates": [ -77.032991, 38.947525 ] } },
{ "type": "Feature", "properties": { "element": "node", "id": 2402684131, "name": "Pete's Diner", "amenity": "restaurant", "cuisine": "american" }, "geometry": { "type": "Point", "coordinates": [ -77.0033429, 38.8869923 ] } },
{ "type": "Feature", "properties": { "element": "node", "id": 2402684132, "name": "Le Bon Cafe", "amenity": "cafe", "cuisine": "coffee_shop" }, "geometry": { "type": "Point", "coordinates": [ -77.0033429, 38.8870439 ] } },
{ "type": "Feature", "properties": { "element": "node", "id": 2402694703, "name": "Sweetgreen", "amenity": "fast_food", "cuisine": "salad" }, "geometry": { "type": "Point", "coordinates": [ -77.0313431, 38.91932 ] } },
{ "type": "Feature", "properties": { "element": "node", "id": 2409083701, "name": "The Artemis", "amenity": "restaurant", "cuisine": null }, "geometry": { "type": "Point", "coordinates": [ -77.0324099, 38.9364195 ] } },
{ "type": "Feature", "properties": { "element": "node", "id": 2419067376, "name": "District Taco", "amenity": "fast_food", "cuisine": "mexican" }, "geometry": { "type": "Point", "coordinates": [ -77.0302458, 38.8975151 ] } },
{ "type": "Feature", "properties": { "element": "node", "id": 2419110680, "name": "Jimmy John's", "amenity": "fast_food", "cuisine": "sandwich" }, "geometry": { "type": "Point", "coordinates": [ -77.0316888, 38.903898 ] } },
{ "type": "Feature", "properties": { "element": "node", "id": 2419110683, "name": "Devon and Blakely", "amenity": "fast_food", "cuisine": "sandwich" }, "geometry": { "type": "Point", "coordinates": [ -77.0293808, 38.9016675 ] } },
{ "type": "Feature", "properties": { "element": "node", "id": 2419110687, "name": "Shake Shack", "amenity": "fast_food", "cuisine": "burger" }, "geometry": { "type": "Point", "coordinates": [ -77.0237893, 38.8970578 ] } },
{ "type": "Feature", "properties": { "element": "node", "id": 2419110693, "name": "Sweetgreen", "amenity": "fast_food", "cuisine": "salad" }, "geometry": { "type": "Point", "coordinates": [ -77.021445, 38.8959797 ] } },
{ "type": "Feature", "properties": { "element": "node", "id": 2419110694, "name": "Luke's Lobster", "amenity": "fast_food", "cuisine": "sandwich" }, "geometry": { "type": "Point", "coordinates": [ -77.0213758, 38.8959798 ] } },
{ "type": "Feature", "properties": { "element": "node", "id": 2419110697, "name": "Bindaas", "amenity": "restaurant", "cuisine": "indian" }, "geometry": { "type": "Point", "coordinates": [ -77.0216698, 38.8952815 ] } },
{ "type": "Feature", "properties": { "element": "node", "id": 2419110698, "name": "Pitango", "amenity": "cafe", "cuisine": "ice_cream" }, "geometry": { "type": "Point", "coordinates": [ -77.0216721, 38.8952108 ] } },
{ "type": "Feature", "properties": { "element": "node", "id": 2419110701, "name": "McDonald's", "amenity": "fast_food", "cuisine": "burger" }, "geometry": { "type": "Point", "coordinates": [ -77.024611, 38.8963297 ] } },
{ "type": "Feature", "properties": { "element": "node", "id": 2419110705, "name": "Astro Doughnuts & Fried Chicken", "amenity": "fast_food", "cuisine": "chicken;donut" }, "geometry": { "type": "Point", "coordinates": [ -77.0303604, 38.8981449 ] } },
{ "type": "Feature", "properties": { "element": "node", "id": 2419110709, "name": "Potbelly", "amenity": "fast_food", "cuisine": "sandwich" }, "geometry": { "type": "Point", "coordinates": [ -77.0265576, 38.9022741 ] } },
{ "type": "Feature", "properties": { "element": "node", "id": 2419113016, "name": "Izakaya", "amenity": "restaurant", "cuisine": "japanese" }, "geometry": { "type": "Point", "coordinates": [ -77.0196767, 38.8986189 ] } },
{ "type": "Feature", "properties": { "element": "node", "id": 2419194145, "name": "Roti Modern Mediterranean", "amenity": "fast_food", "cuisine": "mediterranean" }, "geometry": { "type": "Point", "coordinates": [ -77.0303552, 38.8975153 ] } },
{ "type": "Feature", "properties": { "element": "node", "id": 2419194168, "name": "Chopt", "amenity": "fast_food", "cuisine": "salad" }, "geometry": { "type": "Point", "coordinates": [ -77.0282846, 38.8979829 ] } },
{ "type": "Feature", "properties": { "element": "node", "id": 2432474414, "name": "Dog Haus", "amenity": "fast_food", "cuisine": "hot_dog" }, "geometry": { "type": "Point", "coordinates": [ -77.0432392, 38.9057981 ] } },
{ "type": "Feature", "properties": { "element": "node", "id": 2432474415, "name": "Boquería", "amenity": "restaurant", "cuisine": "spanish" }, "geometry": { "type": "Point", "coordinates": [ -77.0432358, 38.9058591 ] } },
{ "type": "Feature", "properties": { "element": "node", "id": 2439191510, "name": "Ted's Bulletin", "amenity": "restaurant", "cuisine": "american" }, "geometry": { "type": "Point", "coordinates": [ -77.0322271, 38.9146964 ] } },
{ "type": "Feature", "properties": { "element": "node", "id": 2456893811, "name": "Kogod's New York Deli", "amenity": "cafe", "cuisine": "sandwich" }, "geometry": { "type": "Point", "coordinates": [ -77.0108582, 38.8959544 ] } },
{ "type": "Feature", "properties": { "element": "node", "id": 2473035116, "name": "Starbucks", "amenity": "cafe", "cuisine": "coffee_shop" }, "geometry": { "type": "Point", "coordinates": [ -77.0061889, 38.9054447 ] } },
{ "type": "Feature", "properties": { "element": "node", "id": 2474206109, "name": "Sette Osteria", "amenity": "restaurant", "cuisine": "italian" }, "geometry": { "type": "Point", "coordinates": [ -77.0322019, 38.9124129 ] } },
{ "type": "Feature", "properties": { "element": "node", "id": 2485064898, "name": "Elizabeth's Pupuseria", "amenity": "restaurant", "cuisine": "salvadoran" }, "geometry": { "type": "Point", "coordinates": [ -77.0325178, 38.9377626 ] } },
{ "type": "Feature", "properties": { "element": "node", "id": 2498039170, "name": "Pho Viet", "amenity": "restaurant", "cuisine": "vietnamese" }, "geometry": { "type": "Point", "coordinates": [ -77.0324727, 38.9350923 ] } },
{ "type": "Feature", "properties": { "element": "node", "id": 2508944448, "name": "Barcelona Wine Bar & Restaurant", "amenity": "restaurant", "cuisine": "tapas;spanish;wine" }, "geometry": { "type": "Point", "coordinates": [ -77.0322592, 38.9120904 ] } },
{ "type": "Feature", "properties": { "element": "node", "id": 2509918667, "name": "McDonald's", "amenity": "fast_food", "cuisine": "burger" }, "geometry": { "type": "Point", "coordinates": [ -77.0424574, 38.9225903 ] } },
{ "type": "Feature", "properties": { "element": "node", "id": 2527022932, "name": "Burrito Brothers", "amenity": "fast_food", "cuisine": "mexican" }, "geometry": { "type": "Point", "coordinates": [ -77.0031871, 38.8872642 ] } },
{ "type": "Feature", "properties": { "element": "node", "id": 2527022948, "name": "Sweetgreen", "amenity": "fast_food", "cuisine": "salad" }, "geometry": { "type": "Point", "coordinates": [ -77.0026986, 38.8870475 ] } },
{ "type": "Feature", "properties": { "element": "node", "id": 2565838457, "name": "&pizza", "amenity": "fast_food", "cuisine": "pizza" }, "geometry": { "type": "Point", "coordinates": [ -77.0292866, 38.9168542 ] } },
{ "type": "Feature", "properties": { "element": "node", "id": 2587382975, "name": "Potbelly", "amenity": "fast_food", "cuisine": "sandwich" }, "geometry": { "type": "Point", "coordinates": [ -77.0155132, 38.8845603 ] } },
{ "type": "Feature", "properties": { "element": "node", "id": 2590875643, "name": "PhoXotic", "amenity": "fast_food", "cuisine": "vietnamese" }, "geometry": { "type": "Point", "coordinates": [ -77.0124277, 38.915875 ] } },
{ "type": "Feature", "properties": { "element": "node", "id": 2607233243, "name": "Mr. Pollo", "amenity": "restaurant", "cuisine": "chicken" }, "geometry": { "type": "Point", "coordinates": [ -77.0324733, 38.9372333 ] } },
{ "type": "Feature", "properties": { "element": "node", "id": 2623832015, "name": "Pho 14", "amenity": "restaurant", "cuisine": "vietnamese" }, "geometry": { "type": "Point", "coordinates": [ -77.0628404, 38.9435261 ] } },
{ "type": "Feature", "properties": { "element": "node", "id": 2624315392, "name": "Viet Chopsticks", "amenity": "restaurant", "cuisine": "vietnamese" }, "geometry": { "type": "Point", "coordinates": [ -77.0647542, 38.9457726 ] } },
{ "type": "Feature", "properties": { "element": "node", "id": 2627546438, "name": "Cuba Libre", "amenity": "restaurant", "cuisine": "latin_american" }, "geometry": { "type": "Point", "coordinates": [ -77.023737, 38.899987 ] } },
{ "type": "Feature", "properties": { "element": "node", "id": 2627560729, "name": "Poké Papa", "amenity": "restaurant", "cuisine": "hawaiian" }, "geometry": { "type": "Point", "coordinates": [ -77.0233842, 38.8996209 ] } },
{ "type": "Feature", "properties": { "element": "node", "id": 2629039434, "name": "Cascade Café", "amenity": "cafe", "cuisine": "coffee_shop" }, "geometry": { "type": "Point", "coordinates": [ -77.0178726, 38.891259 ] } },
{ "type": "Feature", "properties": { "element": "node", "id": 2637738372, "name": "Potbelly", "amenity": "fast_food", "cuisine": "sandwich" }, "geometry": { "type": "Point", "coordinates": [ -77.0017753, 38.8747618 ] } },
{ "type": "Feature", "properties": { "element": "node", "id": 2748975958, "name": "Tune Inn", "amenity": "restaurant", "cuisine": "american" }, "geometry": { "type": "Point", "coordinates": [ -77.0010395, 38.8863674 ] } },
{ "type": "Feature", "properties": { "element": "node", "id": 2766131330, "name": "Subway", "amenity": "fast_food", "cuisine": "sandwich" }, "geometry": { "type": "Point", "coordinates": [ -77.0221959, 38.8252001 ] } },
{ "type": "Feature", "properties": { "element": "node", "id": 2776241340, "name": "Saints Paradise Cafeteria", "amenity": "cafe", "cuisine": "regional" }, "geometry": { "type": "Point", "coordinates": [ -77.0207195, 38.9058228 ] } },
{ "type": "Feature", "properties": { "element": "node", "id": 2776290923, "name": "Chipotle", "amenity": "fast_food", "cuisine": "mexican" }, "geometry": { "type": "Point", "coordinates": [ -77.0457349, 38.9001769 ] } },
{ "type": "Feature", "properties": { "element": "node", "id": 2778688818, "name": "Circa at Foggy Bottom", "amenity": "restaurant", "cuisine": "american" }, "geometry": { "type": "Point", "coordinates": [ -77.0499237, 38.9009334 ] } },
{ "type": "Feature", "properties": { "element": "node", "id": 2778688834, "name": "Wonder Chicken", "amenity": "fast_food", "cuisine": "asian" }, "geometry": { "type": "Point", "coordinates": [ -77.0279447, 38.9650723 ] } },
{ "type": "Feature", "properties": { "element": "node", "id": 2785683612, "name": "Wiseguy Pizza", "amenity": "fast_food", "cuisine": "pizza" }, "geometry": { "type": "Point", "coordinates": [ -77.0159849, 38.8996267 ] } },
{ "type": "Feature", "properties": { "element": "node", "id": 2786062685, "name": "La Colombe Coffee Roasters", "amenity": "cafe", "cuisine": "coffee_shop" }, "geometry": { "type": "Point", "coordinates": [ -77.0249182, 38.9065312 ] } },
{ "type": "Feature", "properties": { "element": "node", "id": 2786959456, "name": "HipCityVeg", "amenity": "fast_food", "cuisine": "american" }, "geometry": { "type": "Point", "coordinates": [ -77.0221114, 38.8989629 ] } },
{ "type": "Feature", "properties": { "element": "node", "id": 2787690575, "name": "City Tap House", "amenity": "restaurant", "cuisine": "american" }, "geometry": { "type": "Point", "coordinates": [ -77.0237868, 38.9010301 ] } },
{ "type": "Feature", "properties": { "element": "node", "id": 2788370125, "name": "Pizza Hut", "amenity": "restaurant", "cuisine": "pizza" }, "geometry": { "type": "Point", "coordinates": [ -77.0253356, 38.9421937 ] } },
{ "type": "Feature", "properties": { "element": "node", "id": 2788370142, "name": "G.O.A.T. Room", "amenity": "restaurant", "cuisine": "indian" }, "geometry": { "type": "Point", "coordinates": [ -77.0268242, 38.9035781 ] } },
{ "type": "Feature", "properties": { "element": "node", "id": 2790685727, "name": "All About Burger", "amenity": "fast_food", "cuisine": "burger" }, "geometry": { "type": "Point", "coordinates": [ -77.0191046, 38.8999518 ] } },
{ "type": "Feature", "properties": { "element": "node", "id": 2792745937, "name": "Lincoln", "amenity": "restaurant", "cuisine": "american" }, "geometry": { "type": "Point", "coordinates": [ -77.0330232, 38.9043735 ] } },
{ "type": "Feature", "properties": { "element": "node", "id": 2792797186, "name": "Potbelly", "amenity": "fast_food", "cuisine": "sandwich" }, "geometry": { "type": "Point", "coordinates": [ -77.0342066, 38.9027851 ] } },
{ "type": "Feature", "properties": { "element": "node", "id": 2792878028, "name": "Joe's Seafood, Prime Steak & Stone Crab - Washington DC", "amenity": "restaurant", "cuisine": "seafood" }, "geometry": { "type": "Point", "coordinates": [ -77.0338962, 38.8999964 ] } },
{ "type": "Feature", "properties": { "element": "node", "id": 2806227481, "name": "Au Bon Pain", "amenity": "fast_food", "cuisine": "sandwich" }, "geometry": { "type": "Point", "coordinates": [ -77.0310885, 38.8940797 ] } },
{ "type": "Feature", "properties": { "element": "node", "id": 2806227487, "name": "Devon & Blakeley", "amenity": "fast_food", "cuisine": "sandwich;soup;salad" }, "geometry": { "type": "Point", "coordinates": [ -77.0309396, 38.8975479 ] } },
{ "type": "Feature", "properties": { "element": "node", "id": 2822855310, "name": "Charlene's Bar & Grille", "amenity": "restaurant", "cuisine": null }, "geometry": { "type": "Point", "coordinates": [ -77.0228687, 38.9247629 ] } },
{ "type": "Feature", "properties": { "element": "node", "id": 2823718459, "name": "Kezira", "amenity": "restaurant", "cuisine": null }, "geometry": { "type": "Point", "coordinates": [ -77.0229956, 38.9285636 ] } },
{ "type": "Feature", "properties": { "element": "node", "id": 2847291425, "name": "Tikka", "amenity": "restaurant", "cuisine": "indian" }, "geometry": { "type": "Point", "coordinates": [ -77.062948, 38.9437072 ] } },
{ "type": "Feature", "properties": { "element": "node", "id": 2906355784, "name": "Nando's", "amenity": "restaurant", "cuisine": "chicken;portuguese" }, "geometry": { "type": "Point", "coordinates": [ -77.0010843, 38.8751946 ] } },
{ "type": "Feature", "properties": { "element": "node", "id": 2906355785, "name": "Starbucks", "amenity": "cafe", "cuisine": "coffee_shop" }, "geometry": { "type": "Point", "coordinates": [ -77.0036151, 38.8761228 ] } },
{ "type": "Feature", "properties": { "element": "node", "id": 2911411336, "name": "Compliments Only", "amenity": "fast_food", "cuisine": "sandwich" }, "geometry": { "type": "Point", "coordinates": [ -77.0463016, 38.9097897 ] } },
{ "type": "Feature", "properties": { "element": "node", "id": 2921237094, "name": "Hill East Burger", "amenity": "restaurant", "cuisine": "tex-mex" }, "geometry": { "type": "Point", "coordinates": [ -76.9841302, 38.8800854 ] } },
{ "type": "Feature", "properties": { "element": "node", "id": 2922821803, "name": "Nu Vegan Cafe", "amenity": "restaurant", "cuisine": null }, "geometry": { "type": "Point", "coordinates": [ -77.0233006, 38.9278237 ] } },
{ "type": "Feature", "properties": { "element": "node", "id": 2932211168, "name": "Gerrard Street Kitchen", "amenity": "restaurant", "cuisine": "american" }, "geometry": { "type": "Point", "coordinates": [ -77.0353539, 38.9078854 ] } },
{ "type": "Feature", "properties": { "element": "node", "id": 2944631896, "name": "City Place Cafe", "amenity": "cafe", "cuisine": "mediterranean" }, "geometry": { "type": "Point", "coordinates": [ -77.038226, 38.904242 ] } },
{ "type": "Feature", "properties": { "element": "node", "id": 2951662359, "name": "Mamma Tee's", "amenity": "restaurant", "cuisine": "american" }, "geometry": { "type": "Point", "coordinates": [ -77.0245377, 38.9417401 ] } },
{ "type": "Feature", "properties": { "element": "node", "id": 2951662361, "name": "Dannie's Carryout", "amenity": "fast_food", "cuisine": "chinese" }, "geometry": { "type": "Point", "coordinates": [ -77.0246127, 38.9417501 ] } },
{ "type": "Feature", "properties": { "element": "node", "id": 2953545510, "name": "Jetties", "amenity": "fast_food", "cuisine": "sandwich;salad;soup" }, "geometry": { "type": "Point", "coordinates": [ -77.0729379, 38.9333406 ] } },
{ "type": "Feature", "properties": { "element": "node", "id": 2975868991, "name": "Starbucks", "amenity": "cafe", "cuisine": "coffee_shop" }, "geometry": { "type": "Point", "coordinates": [ -77.0217179, 38.9197858 ] } },
{ "type": "Feature", "properties": { "element": "node", "id": 2975905265, "name": null, "amenity": "restaurant", "cuisine": null }, "geometry": { "type": "Point", "coordinates": [ -77.0278973, 38.9654521 ] } },
{ "type": "Feature", "properties": { "element": "node", "id": 2984535156, "name": "Southern Style Chicken & Waffles", "amenity": "fast_food", "cuisine": "chicken" }, "geometry": { "type": "Point", "coordinates": [ -77.0237301, 38.9338782 ] } },
{ "type": "Feature", "properties": { "element": "node", "id": 2984617625, "name": "Cane & Coconut", "amenity": "restaurant", "cuisine": null }, "geometry": { "type": "Point", "coordinates": [ -77.0236, 38.9329352 ] } },
{ "type": "Feature", "properties": { "element": "node", "id": 2986421304, "name": "Salt and Pepper Grill", "amenity": "restaurant", "cuisine": "indian;pakistani" }, "geometry": { "type": "Point", "coordinates": [ -77.022882, 38.925042 ] } },
{ "type": "Feature", "properties": { "element": "node", "id": 2986680656, "name": "Angelico", "amenity": "fast_food", "cuisine": "pizza" }, "geometry": { "type": "Point", "coordinates": [ -77.0261445, 38.9785997 ] } },
{ "type": "Feature", "properties": { "element": "node", "id": 2986709133, "name": "Harrar Coffee and Roastery", "amenity": "cafe", "cuisine": "coffee_shop" }, "geometry": { "type": "Point", "coordinates": [ -77.0232372, 38.9272677 ] } },
{ "type": "Feature", "properties": { "element": "node", "id": 2987758790, "name": "Chipotle", "amenity": "fast_food", "cuisine": "mexican" }, "geometry": { "type": "Point", "coordinates": [ -76.9594245, 38.8695333 ] } },
{ "type": "Feature", "properties": { "element": "node", "id": 2987782649, "name": "Eddie Leonard Carryout", "amenity": "fast_food", "cuisine": "chinese" }, "geometry": { "type": "Point", "coordinates": [ -77.023773, 38.931151 ] } },
{ "type": "Feature", "properties": { "element": "node", "id": 2987986333, "name": null, "amenity": "restaurant", "cuisine": null }, "geometry": { "type": "Point", "coordinates": [ -77.028634, 38.895982 ] } },
{ "type": "Feature", "properties": { "element": "node", "id": 2989655143, "name": "Au Bon Pain", "amenity": "fast_food", "cuisine": "sandwich" }, "geometry": { "type": "Point", "coordinates": [ -77.028214, 38.896492 ] } },
{ "type": "Feature", "properties": { "element": "node", "id": 2989823277, "name": "Sweet Sweet Kitchen", "amenity": "restaurant", "cuisine": "caribbean;west_african" }, "geometry": { "type": "Point", "coordinates": [ -76.9711406, 38.8730771 ] } },
{ "type": "Feature", "properties": { "element": "node", "id": 2989827820, "name": "Luck Ginger Carryout", "amenity": "fast_food", "cuisine": null }, "geometry": { "type": "Point", "coordinates": [ -77.0261708, 38.9787676 ] } },
{ "type": "Feature", "properties": { "element": "node", "id": 2989905712, "name": "Teddy's Roti Shop", "amenity": "fast_food", "cuisine": "caribbean" }, "geometry": { "type": "Point", "coordinates": [ -77.0266912, 38.978563 ] } },
{ "type": "Feature", "properties": { "element": "node", "id": 2989905725, "name": "Moh Moh...Licious", "amenity": "restaurant", "cuisine": "nepalese" }, "geometry": { "type": "Point", "coordinates": [ -77.0267066, 38.9800401 ] } },
{ "type": "Feature", "properties": { "element": "node", "id": 2997990205, "name": "An Uncommon Cafe", "amenity": "cafe", "cuisine": null }, "geometry": { "type": "Point", "coordinates": [ -77.0429955, 38.8981607 ] } },
{ "type": "Feature", "properties": { "element": "node", "id": 2998003606, "name": "Sixty Vines", "amenity": "restaurant", "cuisine": "italian" }, "geometry": { "type": "Point", "coordinates": [ -77.0494444, 38.9019403 ] } },
{ "type": "Feature", "properties": { "element": "node", "id": 2998020223, "name": "South Block", "amenity": "cafe", "cuisine": "juice;smoothie;coffee;açaí" }, "geometry": { "type": "Point", "coordinates": [ -77.050355, 38.8985413 ] } },
{ "type": "Feature", "properties": { "element": "node", "id": 2998040300, "name": "The Bistro", "amenity": "cafe", "cuisine": null }, "geometry": { "type": "Point", "coordinates": [ -77.0503862, 38.9000461 ] } },
{ "type": "Feature", "properties": { "element": "node", "id": 2999902821, "name": "Maman", "amenity": "cafe", "cuisine": "french" }, "geometry": { "type": "Point", "coordinates": [ -77.0451546, 38.9002521 ] } },
{ "type": "Feature", "properties": { "element": "node", "id": 2999903042, "name": null, "amenity": "restaurant", "cuisine": null }, "geometry": { "type": "Point", "coordinates": [ -77.0507992, 38.8964782 ] } },
{ "type": "Feature", "properties": { "element": "node", "id": 2999912041, "name": "Roti Mediterranean Grill", "amenity": "restaurant", "cuisine": "mediterranean" }, "geometry": { "type": "Point", "coordinates": [ -77.0496223, 38.9009628 ] } },
{ "type": "Feature", "properties": { "element": "node", "id": 2999965662, "name": "Full Yum 2", "amenity": "restaurant", "cuisine": "chinese" }, "geometry": { "type": "Point", "coordinates": [ -76.992756, 38.949034 ] } },
{ "type": "Feature", "properties": { "element": "node", "id": 3000023676, "name": "Sweetgreen", "amenity": "fast_food", "cuisine": "salad" }, "geometry": { "type": "Point", "coordinates": [ -77.0497296, 38.9009587 ] } },
{ "type": "Feature", "properties": { "element": "node", "id": 3000171775, "name": "Uptowner Cafe", "amenity": "cafe", "cuisine": "coffee_shop" }, "geometry": { "type": "Point", "coordinates": [ -77.0458775, 38.898712 ] } },
{ "type": "Feature", "properties": { "element": "node", "id": 3000193586, "name": "E-Tea", "amenity": "cafe", "cuisine": "bubble_tea" }, "geometry": { "type": "Point", "coordinates": [ -77.040276, 38.9011852 ] } },
{ "type": "Feature", "properties": { "element": "node", "id": 3000232251, "name": "Astoria's Kitchen by 54", "amenity": "restaurant", "cuisine": "moroccan;spanish" }, "geometry": { "type": "Point", "coordinates": [ -77.047121, 38.9027672 ] } },
{ "type": "Feature", "properties": { "element": "node", "id": 3000539094, "name": "Starbucks", "amenity": "cafe", "cuisine": "coffee_shop" }, "geometry": { "type": "Point", "coordinates": [ -77.0451283, 38.9039735 ] } },
{ "type": "Feature", "properties": { "element": "node", "id": 3000561354, "name": "Pret A Manger", "amenity": "fast_food", "cuisine": "sandwich" }, "geometry": { "type": "Point", "coordinates": [ -77.0419095, 38.9053471 ] } },
{ "type": "Feature", "properties": { "element": "node", "id": 3000621453, "name": "Chalin's Restaurant", "amenity": "restaurant", "cuisine": "chinese" }, "geometry": { "type": "Point", "coordinates": [ -77.0441212, 38.9011505 ] } },
{ "type": "Feature", "properties": { "element": "node", "id": 3000673779, "name": "Domino's", "amenity": "fast_food", "cuisine": "pizza" }, "geometry": { "type": "Point", "coordinates": [ -77.0459799, 38.9027848 ] } },
{ "type": "Feature", "properties": { "element": "node", "id": 3000700981, "name": "Crepeaway", "amenity": "fast_food", "cuisine": "crepe" }, "geometry": { "type": "Point", "coordinates": [ -77.0452702, 38.903907 ] } },
{ "type": "Feature", "properties": { "element": "node", "id": 3000714257, "name": "The Green Bee", "amenity": "restaurant", "cuisine": "bagel;coffee_shop;american;breakfast;tea" }, "geometry": { "type": "Point", "coordinates": [ -77.0446612, 38.9046242 ] } },
{ "type": "Feature", "properties": { "element": "node", "id": 3000739361, "name": "Poppabox", "amenity": "cafe", "cuisine": "asian" }, "geometry": { "type": "Point", "coordinates": [ -77.0447352, 38.9011806 ] } },
{ "type": "Feature", "properties": { "element": "node", "id": 3000859352, "name": "Flavors of India", "amenity": "restaurant", "cuisine": "indian" }, "geometry": { "type": "Point", "coordinates": [ -77.05418, 38.9035909 ] } },
{ "type": "Feature", "properties": { "element": "node", "id": 3000865524, "name": "Papa John's", "amenity": "fast_food", "cuisine": "pizza" }, "geometry": { "type": "Point", "coordinates": [ -77.0539774, 38.9040849 ] } },
{ "type": "Feature", "properties": { "element": "node", "id": 3001374833, "name": "Amen Coffee and Juice", "amenity": "cafe", "cuisine": null }, "geometry": { "type": "Point", "coordinates": [ -77.0240706, 38.9361793 ] } },
{ "type": "Feature", "properties": { "element": "node", "id": 3004999291, "name": "Howard China", "amenity": "fast_food", "cuisine": "chinese" }, "geometry": { "type": "Point", "coordinates": [ -77.0227134, 38.9266192 ] } },
{ "type": "Feature", "properties": { "element": "node", "id": 3007506242, "name": "Starbucks", "amenity": "cafe", "cuisine": "coffee_shop" }, "geometry": { "type": "Point", "coordinates": [ -76.9982616, 38.9355078 ] } },
{ "type": "Feature", "properties": { "element": "node", "id": 3007954883, "name": "Blue Bottle Coffee", "amenity": "cafe", "cuisine": "coffee_shop" }, "geometry": { "type": "Point", "coordinates": [ -77.0001309, 38.9081158 ] } },
{ "type": "Feature", "properties": { "element": "node", "id": 3007954884, "name": "St. Anselm", "amenity": "restaurant", "cuisine": "american" }, "geometry": { "type": "Point", "coordinates": [ -76.9990396, 38.907638 ] } },
{ "type": "Feature", "properties": { "element": "node", "id": 3007954934, "name": "Ivy City Smokehouse", "amenity": "restaurant", "cuisine": "barbecue" }, "geometry": { "type": "Point", "coordinates": [ -76.9854395, 38.9145961 ] } },
{ "type": "Feature", "properties": { "element": "node", "id": 3008727677, "name": "Chipotle", "amenity": "fast_food", "cuisine": "mexican" }, "geometry": { "type": "Point", "coordinates": [ -77.0321723, 38.9100081 ] } },
{ "type": "Feature", "properties": { "element": "node", "id": 3008727681, "name": "Sweetgreen", "amenity": "fast_food", "cuisine": "salad" }, "geometry": { "type": "Point", "coordinates": [ -77.0339893, 38.9098132 ] } },
{ "type": "Feature", "properties": { "element": "node", "id": 3010902605, "name": "Andrene's Caribbean Soul Food", "amenity": "restaurant", "cuisine": "caribbean" }, "geometry": { "type": "Point", "coordinates": [ -77.0165522, 38.956341 ] } },
{ "type": "Feature", "properties": { "element": "node", "id": 3010902615, "name": "Shellfish Market", "amenity": "restaurant", "cuisine": "seafood" }, "geometry": { "type": "Point", "coordinates": [ -77.0196945, 38.956603 ] } },
{ "type": "Feature", "properties": { "element": "node", "id": 3010902618, "name": "La Mia Italian", "amenity": "restaurant", "cuisine": "italian" }, "geometry": { "type": "Point", "coordinates": [ -77.016302, 38.956176 ] } },
{ "type": "Feature", "properties": { "element": "node", "id": 3010902621, "name": "Kenny's Carryout", "amenity": "fast_food", "cuisine": "chinese" }, "geometry": { "type": "Point", "coordinates": [ -77.0195237, 38.9561836 ] } },
{ "type": "Feature", "properties": { "element": "node", "id": 3010902624, "name": "Twin Dragon", "amenity": "restaurant", "cuisine": "chinese" }, "geometry": { "type": "Point", "coordinates": [ -77.0163806, 38.9567691 ] } },
{ "type": "Feature", "properties": { "element": "node", "id": 3012311756, "name": "Poplar", "amenity": "restaurant", "cuisine": null }, "geometry": { "type": "Point", "coordinates": [ -77.0225181, 38.9565359 ] } },
{ "type": "Feature", "properties": { "element": "node", "id": 3012311760, "name": "Soup Up", "amenity": "restaurant", "cuisine": "soup" }, "geometry": { "type": "Point", "coordinates": [ -77.0227841, 38.9565391 ] } },
{ "type": "Feature", "properties": { "element": "node", "id": 3014269364, "name": "Subway", "amenity": "fast_food", "cuisine": "sandwich" }, "geometry": { "type": "Point", "coordinates": [ -76.949881, 38.8944917 ] } },
{ "type": "Feature", "properties": { "element": "node", "id": 3014806033, "name": "Grilled Cheese DC", "amenity": "fast_food", "cuisine": "sandwich" }, "geometry": { "type": "Point", "coordinates": [ -77.0404921, 38.898932 ] } },
{ "type": "Feature", "properties": { "element": "node", "id": 3016648167, "name": "City Kabob & Curry House", "amenity": "restaurant", "cuisine": "indian" }, "geometry": { "type": "Point", "coordinates": [ -77.004282, 38.929686 ] } },
{ "type": "Feature", "properties": { "element": "node", "id": 3016648168, "name": "Domino's", "amenity": "fast_food", "cuisine": "pizza" }, "geometry": { "type": "Point", "coordinates": [ -77.0043401, 38.9297204 ] } },
{ "type": "Feature", "properties": { "element": "node", "id": 3024745518, "name": "Chipotle", "amenity": "fast_food", "cuisine": "mexican" }, "geometry": { "type": "Point", "coordinates": [ -76.9939222, 38.9209562 ] } },
{ "type": "Feature", "properties": { "element": "node", "id": 3072858192, "name": "Soi 38", "amenity": "restaurant", "cuisine": "thai" }, "geometry": { "type": "Point", "coordinates": [ -77.0468374, 38.904163 ] } },
{ "type": "Feature", "properties": { "element": "node", "id": 3099875496, "name": "Sweetgreen", "amenity": "fast_food", "cuisine": "salad" }, "geometry": { "type": "Point", "coordinates": [ -77.0495276, 38.9051079 ] } },
{ "type": "Feature", "properties": { "element": "node", "id": 3137216529, "name": "Cynthia Bar and Bistro", "amenity": "restaurant", "cuisine": "american" }, "geometry": { "type": "Point", "coordinates": [ -76.999233, 38.900417 ] } },
{ "type": "Feature", "properties": { "element": "node", "id": 3137363007, "name": "The Boiling Crab", "amenity": "restaurant", "cuisine": "cajun" }, "geometry": { "type": "Point", "coordinates": [ -77.000383, 38.9003609 ] } },
{ "type": "Feature", "properties": { "element": "node", "id": 3137363008, "name": "Khepras Juice Bar and Raw Food", "amenity": "restaurant", "cuisine": "health_food" }, "geometry": { "type": "Point", "coordinates": [ -77.0002169, 38.900351 ] } },
{ "type": "Feature", "properties": { "element": "node", "id": 3137411785, "name": "Cane", "amenity": "restaurant", "cuisine": "caribbean" }, "geometry": { "type": "Point", "coordinates": [ -77.0003301, 38.900071 ] } },
{ "type": "Feature", "properties": { "element": "node", "id": 3137414819, "name": "&pizza", "amenity": "fast_food", "cuisine": "pizza" }, "geometry": { "type": "Point", "coordinates": [ -76.9907785, 38.9003617 ] } },
{ "type": "Feature", "properties": { "element": "node", "id": 3165690275, "name": "Denny's", "amenity": "restaurant", "cuisine": "american" }, "geometry": { "type": "Point", "coordinates": [ -76.9794732, 38.9067755 ] } },
{ "type": "Feature", "properties": { "element": "node", "id": 3197373642, "name": "Indigo", "amenity": "restaurant", "cuisine": "indian" }, "geometry": { "type": "Point", "coordinates": [ -77.0022229, 38.9022844 ] } },
{ "type": "Feature", "properties": { "element": "node", "id": 3204789596, "name": "McDonald's", "amenity": "fast_food", "cuisine": "burger" }, "geometry": { "type": "Point", "coordinates": [ -77.0292058, 38.8971538 ] } },
{ "type": "Feature", "properties": { "element": "node", "id": 3212487616, "name": "NOMA Deli", "amenity": "cafe", "cuisine": "italian" }, "geometry": { "type": "Point", "coordinates": [ -77.0036534, 38.9080903 ] } },
{ "type": "Feature", "properties": { "element": "node", "id": 3212487618, "name": "Subway", "amenity": "fast_food", "cuisine": "sandwich" }, "geometry": { "type": "Point", "coordinates": [ -77.0036493, 38.907881 ] } },
{ "type": "Feature", "properties": { "element": "node", "id": 3214777199, "name": "Slipstream", "amenity": "cafe", "cuisine": null }, "geometry": { "type": "Point", "coordinates": [ -77.0314535, 38.909799 ] } },
{ "type": "Feature", "properties": { "element": "node", "id": 3222124867, "name": "Yum's Carry Out", "amenity": "restaurant", "cuisine": "home_style" }, "geometry": { "type": "Point", "coordinates": [ -76.949098, 38.894855 ] } },
{ "type": "Feature", "properties": { "element": "node", "id": 3243783226, "name": "Potbelly", "amenity": "fast_food", "cuisine": "sandwich" }, "geometry": { "type": "Point", "coordinates": [ -76.9965122, 38.9325867 ] } },
{ "type": "Feature", "properties": { "element": "node", "id": 3261823930, "name": "Bistrot du Coin", "amenity": "restaurant", "cuisine": "french" }, "geometry": { "type": "Point", "coordinates": [ -77.046129, 38.9137931 ] } },
{ "type": "Feature", "properties": { "element": "node", "id": 3262684689, "name": "ChiKo", "amenity": "fast_food", "cuisine": "chinese;korean" }, "geometry": { "type": "Point", "coordinates": [ -77.0461931, 38.909791 ] } },
{ "type": "Feature", "properties": { "element": "node", "id": 3270464179, "name": "Well Dressed Burrito", "amenity": "fast_food", "cuisine": "mexican" }, "geometry": { "type": "Point", "coordinates": [ -77.0439804, 38.9065005 ] } },
{ "type": "Feature", "properties": { "element": "node", "id": 3278391410, "name": "Rome Pizza & Subs", "amenity": "fast_food", "cuisine": "pizza" }, "geometry": { "type": "Point", "coordinates": [ -77.0830077, 38.9548827 ] } },
{ "type": "Feature", "properties": { "element": "node", "id": 3304965166, "name": "Sweet Agave", "amenity": "restaurant", "cuisine": "mexican" }, "geometry": { "type": "Point", "coordinates": [ -77.1014799, 38.9253153 ] } },
{ "type": "Feature", "properties": { "element": "node", "id": 3308116819, "name": "Nando's", "amenity": "restaurant", "cuisine": "chicken;portuguese" }, "geometry": { "type": "Point", "coordinates": [ -77.0772939, 38.9440889 ] } },
{ "type": "Feature", "properties": { "element": "node", "id": 3354796433, "name": "Starbucks", "amenity": "cafe", "cuisine": "coffee_shop" }, "geometry": { "type": "Point", "coordinates": [ -77.0331436, 38.9097949 ] } },
{ "type": "Feature", "properties": { "element": "node", "id": 3358288102, "name": "Le Pain Quotidien", "amenity": "cafe", "cuisine": "coffee_shop" }, "geometry": { "type": "Point", "coordinates": [ -77.0396996, 38.9008843 ] } },
{ "type": "Feature", "properties": { "element": "node", "id": 3368367471, "name": "Garden Cafe", "amenity": "cafe", "cuisine": "american" }, "geometry": { "type": "Point", "coordinates": [ -77.0475703, 38.8971986 ] } },
{ "type": "Feature", "properties": { "element": "node", "id": 3372389883, "name": "Panda Express", "amenity": "fast_food", "cuisine": "chinese" }, "geometry": { "type": "Point", "coordinates": [ -77.049058, 38.9005294 ] } },
{ "type": "Feature", "properties": { "element": "node", "id": 3395924726, "name": "Civic", "amenity": "cafe", "cuisine": null }, "geometry": { "type": "Point", "coordinates": [ -76.9952161, 38.8825755 ] } },
{ "type": "Feature", "properties": { "element": "node", "id": 3395924727, "name": "Ted's Bulletin", "amenity": "restaurant", "cuisine": null }, "geometry": { "type": "Point", "coordinates": [ -76.9952158, 38.8824602 ] } },
{ "type": "Feature", "properties": { "element": "node", "id": 3450631395, "name": "Greenberry's", "amenity": "cafe", "cuisine": "coffee_shop" }, "geometry": { "type": "Point", "coordinates": [ -77.0423402, 38.8961663 ] } },
{ "type": "Feature", "properties": { "element": "node", "id": 3496169033, "name": "Sanphan Thai", "amenity": "restaurant", "cuisine": "thai" }, "geometry": { "type": "Point", "coordinates": [ -76.9966804, 38.884565 ] } },
{ "type": "Feature", "properties": { "element": "node", "id": 3502087778, "name": "Chick-fil-A", "amenity": "fast_food", "cuisine": "chicken" }, "geometry": { "type": "Point", "coordinates": [ -76.9849754, 38.8991106 ] } },
{ "type": "Feature", "properties": { "element": "node", "id": 3545087068, "name": "Giant Panda Overlook", "amenity": "fast_food", "cuisine": "ice_cream;dessert;pastry" }, "geometry": { "type": "Point", "coordinates": [ -77.0526647, 38.9311226 ] } },
{ "type": "Feature", "properties": { "element": "node", "id": 3545723704, "name": "Subway", "amenity": "fast_food", "cuisine": "sandwich" }, "geometry": { "type": "Point", "coordinates": [ -77.019463, 38.8840422 ] } },
{ "type": "Feature", "properties": { "element": "node", "id": 3559302434, "name": "Lobby Bar", "amenity": "restaurant", "cuisine": "american" }, "geometry": { "type": "Point", "coordinates": [ -76.9959851, 38.886552 ] } },
{ "type": "Feature", "properties": { "element": "node", "id": 3559302435, "name": "7st Hill Cafe", "amenity": "cafe", "cuisine": "coffee_shop" }, "geometry": { "type": "Point", "coordinates": [ -76.9959943, 38.887199 ] } },
{ "type": "Feature", "properties": { "element": "node", "id": 3559302436, "name": "Prego", "amenity": "fast_food", "cuisine": "sandwich" }, "geometry": { "type": "Point", "coordinates": [ -76.9959911, 38.8869271 ] } },
{ "type": "Feature", "properties": { "element": "node", "id": 3559302437, "name": "Tortilla Café", "amenity": "restaurant", "cuisine": "mexican" }, "geometry": { "type": "Point", "coordinates": [ -76.9959919, 38.8870013 ] } },
{ "type": "Feature", "properties": { "element": "node", "id": 3590681660, "name": "Jack's", "amenity": "fast_food", "cuisine": "burger" }, "geometry": { "type": "Point", "coordinates": [ -77.0149526, 38.896285 ] } },
{ "type": "Feature", "properties": { "element": "node", "id": 3590681663, "name": "Warka Coffee", "amenity": "cafe", "cuisine": "coffee_shop" }, "geometry": { "type": "Point", "coordinates": [ -77.0118172, 38.8962866 ] } },
{ "type": "Feature", "properties": { "element": "node", "id": 3615494961, "name": "DC Pizza", "amenity": "restaurant", "cuisine": "pizza" }, "geometry": { "type": "Point", "coordinates": [ -77.0432314, 38.9039405 ] } },
{ "type": "Feature", "properties": { "element": "node", "id": 3621904757, "name": "New Course", "amenity": "restaurant", "cuisine": null }, "geometry": { "type": "Point", "coordinates": [ -77.0153812, 38.8962623 ] } },
{ "type": "Feature", "properties": { "element": "node", "id": 3621904758, "name": "Subway", "amenity": "fast_food", "cuisine": "sandwich" }, "geometry": { "type": "Point", "coordinates": [ -77.0191172, 38.8949008 ] } },
{ "type": "Feature", "properties": { "element": "node", "id": 3624135951, "name": "Dunkin'", "amenity": "fast_food", "cuisine": "donut;coffee_shop" }, "geometry": { "type": "Point", "coordinates": [ -77.039901, 38.9022667 ] } },
{ "type": "Feature", "properties": { "element": "node", "id": 3663384625, "name": "Potbelly", "amenity": "fast_food", "cuisine": "sandwich" }, "geometry": { "type": "Point", "coordinates": [ -77.029028, 38.896329 ] } },
{ "type": "Feature", "properties": { "element": "node", "id": 3663386125, "name": "Brick Iron Pizza", "amenity": "fast_food", "cuisine": "pizza" }, "geometry": { "type": "Point", "coordinates": [ -77.028837, 38.896322 ] } },
{ "type": "Feature", "properties": { "element": "node", "id": 3665047537, "name": "Pub and the People", "amenity": "restaurant", "cuisine": "american" }, "geometry": { "type": "Point", "coordinates": [ -77.009312, 38.912427 ] } },
{ "type": "Feature", "properties": { "element": "node", "id": 3665977287, "name": "Raku", "amenity": "restaurant", "cuisine": "sushi;asian;japanese" }, "geometry": { "type": "Point", "coordinates": [ -77.0726962, 38.9339639 ] } },
{ "type": "Feature", "properties": { "element": "node", "id": 3666389125, "name": "Potbelly", "amenity": "fast_food", "cuisine": "sandwich" }, "geometry": { "type": "Point", "coordinates": [ -77.0224282, 38.8999564 ] } },
{ "type": "Feature", "properties": { "element": "node", "id": 3667356243, "name": "Julia's Empanadas", "amenity": "fast_food", "cuisine": "venezuelan;empanada" }, "geometry": { "type": "Point", "coordinates": [ -77.0426632, 38.9219868 ] } },
{ "type": "Feature", "properties": { "element": "node", "id": 3667375627, "name": "Rise Bakery", "amenity": "fast_food", "cuisine": null }, "geometry": { "type": "Point", "coordinates": [ -77.0417913, 38.920689 ] } },
{ "type": "Feature", "properties": { "element": "node", "id": 3667402025, "name": "Pizza Mart", "amenity": "fast_food", "cuisine": "pizza" }, "geometry": { "type": "Point", "coordinates": [ -77.0420923, 38.9216403 ] } },
{ "type": "Feature", "properties": { "element": "node", "id": 3667517629, "name": "Panda Express", "amenity": "fast_food", "cuisine": "chinese" }, "geometry": { "type": "Point", "coordinates": [ -77.033283, 38.928937 ] } },
{ "type": "Feature", "properties": { "element": "node", "id": 3670693625, "name": "DGS Delicatessen", "amenity": "restaurant", "cuisine": "jewish" }, "geometry": { "type": "Point", "coordinates": [ -77.0420846, 38.9078251 ] } },
{ "type": "Feature", "properties": { "element": "node", "id": 3670708925, "name": "Jumbo Slice Pizza", "amenity": "fast_food", "cuisine": "pizza" }, "geometry": { "type": "Point", "coordinates": [ -77.04184, 38.920802 ] } },
{ "type": "Feature", "properties": { "element": "node", "id": 3674258325, "name": "Starbucks", "amenity": "cafe", "cuisine": "coffee_shop" }, "geometry": { "type": "Point", "coordinates": [ -77.0731263, 38.9354523 ] } },
{ "type": "Feature", "properties": { "element": "node", "id": 3680880725, "name": "Timgad", "amenity": "cafe", "cuisine": null }, "geometry": { "type": "Point", "coordinates": [ -77.0292571, 38.8936746 ] } },
{ "type": "Feature", "properties": { "element": "node", "id": 3680881525, "name": "Market 2 Market", "amenity": "restaurant", "cuisine": "sandwich" }, "geometry": { "type": "Point", "coordinates": [ -77.029271, 38.893931 ] } },
{ "type": "Feature", "properties": { "element": "node", "id": 3685835492, "name": "Papa John's", "amenity": "fast_food", "cuisine": "pizza" }, "geometry": { "type": "Point", "coordinates": [ -76.991328, 38.8787382 ] } },
{ "type": "Feature", "properties": { "element": "node", "id": 3687328483, "name": "Call Your Mother", "amenity": "fast_food", "cuisine": null }, "geometry": { "type": "Point", "coordinates": [ -76.9951644, 38.8811057 ] } },
{ "type": "Feature", "properties": { "element": "node", "id": 3692356785, "name": "The Red Hen", "amenity": "restaurant", "cuisine": "italian" }, "geometry": { "type": "Point", "coordinates": [ -77.0123423, 38.9149753 ] } },
{ "type": "Feature", "properties": { "element": "node", "id": 3710986602, "name": "Sweetgreen", "amenity": "fast_food", "cuisine": "salad" }, "geometry": { "type": "Point", "coordinates": [ -77.0002718, 38.8751204 ] } },
{ "type": "Feature", "properties": { "element": "node", "id": 3710986603, "name": "TaKorean", "amenity": "fast_food", "cuisine": "korean" }, "geometry": { "type": "Point", "coordinates": [ -77.000272, 38.875231 ] } },
{ "type": "Feature", "properties": { "element": "node", "id": 3711286135, "name": "Dunkin'", "amenity": "fast_food", "cuisine": "donut;coffee_shop" }, "geometry": { "type": "Point", "coordinates": [ -77.0314984, 38.9038959 ] } },
{ "type": "Feature", "properties": { "element": "node", "id": 3713654966, "name": "Talay Thai", "amenity": "restaurant", "cuisine": "thai" }, "geometry": { "type": "Point", "coordinates": [ -77.0056741, 38.8847608 ] } },
{ "type": "Feature", "properties": { "element": "node", "id": 3713803075, "name": "Agua 301", "amenity": "restaurant", "cuisine": "mexican" }, "geometry": { "type": "Point", "coordinates": [ -77.001694, 38.8732845 ] } },
{ "type": "Feature", "properties": { "element": "node", "id": 3725028264, "name": "Doi Moi", "amenity": "restaurant", "cuisine": "vietnamese" }, "geometry": { "type": "Point", "coordinates": [ -77.0322271, 38.9142566 ] } },
{ "type": "Feature", "properties": { "element": "node", "id": 3739356342, "name": "Jersey Mike's Subs", "amenity": "fast_food", "cuisine": "sandwich" }, "geometry": { "type": "Point", "coordinates": [ -76.994129, 38.9208356 ] } },
{ "type": "Feature", "properties": { "element": "node", "id": 3749280825, "name": "Due South", "amenity": "restaurant", "cuisine": "southern" }, "geometry": { "type": "Point", "coordinates": [ -77.0016874, 38.8736097 ] } },
{ "type": "Feature", "properties": { "element": "node", "id": 3758295406, "name": "China Chilcano", "amenity": "restaurant", "cuisine": "chinese" }, "geometry": { "type": "Point", "coordinates": [ -77.02214, 38.8953808 ] } },
{ "type": "Feature", "properties": { "element": "node", "id": 3778088364, "name": "Le Caprice DC Café Bakery", "amenity": "cafe", "cuisine": null }, "geometry": { "type": "Point", "coordinates": [ -77.0329848, 38.9326023 ] } },
{ "type": "Feature", "properties": { "element": "node", "id": 3781128759, "name": "Dunkin'", "amenity": "fast_food", "cuisine": "donut;coffee_shop" }, "geometry": { "type": "Point", "coordinates": [ -77.0246852, 38.9374348 ] } },
{ "type": "Feature", "properties": { "element": "node", "id": 3781160485, "name": "Papa John's", "amenity": "fast_food", "cuisine": "pizza" }, "geometry": { "type": "Point", "coordinates": [ -77.0333769, 38.9352565 ] } },
{ "type": "Feature", "properties": { "element": "node", "id": 3781178446, "name": "Johnny's", "amenity": "fast_food", "cuisine": "chinese;seafood" }, "geometry": { "type": "Point", "coordinates": [ -77.0323955, 38.9333026 ] } },
{ "type": "Feature", "properties": { "element": "node", "id": 3781187511, "name": "Heat da Spot", "amenity": "cafe", "cuisine": "coffee_shop;american;ethiopian" }, "geometry": { "type": "Point", "coordinates": [ -77.0232717, 38.9304828 ] } },
{ "type": "Feature", "properties": { "element": "node", "id": 3781207317, "name": "Starbucks", "amenity": "cafe", "cuisine": "coffee_shop" }, "geometry": { "type": "Point", "coordinates": [ -77.024866, 38.9385006 ] } },
{ "type": "Feature", "properties": { "element": "node", "id": 3784891426, "name": "Dunkin'", "amenity": "fast_food", "cuisine": "donut;coffee_shop" }, "geometry": { "type": "Point", "coordinates": [ -77.0317049, 38.9171928 ] } },
{ "type": "Feature", "properties": { "element": "node", "id": 3784891428, "name": "Sook DC", "amenity": "restaurant", "cuisine": "coffee_shop" }, "geometry": { "type": "Point", "coordinates": [ -77.0315545, 38.9154335 ] } },
{ "type": "Feature", "properties": { "element": "node", "id": 3784892677, "name": "Izakaya Seki", "amenity": "restaurant", "cuisine": "japanese" }, "geometry": { "type": "Point", "coordinates": [ -77.027796, 38.918232 ] } },
{ "type": "Feature", "properties": { "element": "node", "id": 3797564312, "name": "Busboys and Poets", "amenity": "restaurant", "cuisine": null }, "geometry": { "type": "Point", "coordinates": [ -76.9974134, 38.9320357 ] } },
{ "type": "Feature", "properties": { "element": "node", "id": 3804820763, "name": "plan b", "amenity": "restaurant", "cuisine": null }, "geometry": { "type": "Point", "coordinates": [ -77.023243, 38.8943941 ] } },
{ "type": "Feature", "properties": { "element": "node", "id": 3816366750, "name": "America's Best Wings", "amenity": "fast_food", "cuisine": "chicken" }, "geometry": { "type": "Point", "coordinates": [ -77.0240509, 38.9359223 ] } },
{ "type": "Feature", "properties": { "element": "node", "id": 3832550822, "name": "Blue Duck Tavern", "amenity": "restaurant", "cuisine": "american" }, "geometry": { "type": "Point", "coordinates": [ -77.0511634, 38.9055325 ] } },
{ "type": "Feature", "properties": { "element": "node", "id": 3836731905, "name": "Domino's", "amenity": "fast_food", "cuisine": "pizza" }, "geometry": { "type": "Point", "coordinates": [ -77.0320456, 38.925165 ] } },
{ "type": "Feature", "properties": { "element": "node", "id": 3884927064, "name": "Pret A Manger", "amenity": "fast_food", "cuisine": "sandwich" }, "geometry": { "type": "Point", "coordinates": [ -77.042955, 38.903565 ] } },
{ "type": "Feature", "properties": { "element": "node", "id": 3892122961, "name": "Jumbo Slice Pizza", "amenity": "fast_food", "cuisine": "pizza" }, "geometry": { "type": "Point", "coordinates": [ -77.0313093, 38.9168544 ] } },
{ "type": "Feature", "properties": { "element": "node", "id": 3892242699, "name": "Ginza BBQ Lounge & Karaoke", "amenity": "restaurant", "cuisine": "japanese" }, "geometry": { "type": "Point", "coordinates": [ -76.9945744, 38.881838 ] } },
{ "type": "Feature", "properties": { "element": "node", "id": 3939927731, "name": "KoChix", "amenity": "fast_food", "cuisine": "korean" }, "geometry": { "type": "Point", "coordinates": [ -77.0163479, 38.9137423 ] } },
{ "type": "Feature", "properties": { "element": "node", "id": 3954164032, "name": "Beau Thai", "amenity": "restaurant", "cuisine": "thai" }, "geometry": { "type": "Point", "coordinates": [ -77.0221144, 38.9098082 ] } },
{ "type": "Feature", "properties": { "element": "node", "id": 3982434672, "name": "Busboys and Poets", "amenity": "restaurant", "cuisine": "sandwich;chicken;american;middle_eastern" }, "geometry": { "type": "Point", "coordinates": [ -77.0179932, 38.9023202 ] } },
{ "type": "Feature", "properties": { "element": "node", "id": 3984368967, "name": "Chick-fil-A", "amenity": "fast_food", "cuisine": "chicken" }, "geometry": { "type": "Point", "coordinates": [ -77.0328487, 38.9291422 ] } },
{ "type": "Feature", "properties": { "element": "node", "id": 3984638716, "name": "Call Your Mother", "amenity": "fast_food", "cuisine": null }, "geometry": { "type": "Point", "coordinates": [ -77.023315, 38.931364 ] } },
{ "type": "Feature", "properties": { "element": "node", "id": 3996210557, "name": "Capriotti's", "amenity": "fast_food", "cuisine": "sandwich" }, "geometry": { "type": "Point", "coordinates": [ -77.0423089, 38.9055579 ] } },
{ "type": "Feature", "properties": { "element": "node", "id": 3998253420, "name": "Masseria", "amenity": "restaurant", "cuisine": "italian" }, "geometry": { "type": "Point", "coordinates": [ -76.999245, 38.909718 ] } },
{ "type": "Feature", "properties": { "element": "node", "id": 4022750099, "name": "Potbelly", "amenity": "fast_food", "cuisine": "sandwich" }, "geometry": { "type": "Point", "coordinates": [ -77.0293677, 38.8839502 ] } },
{ "type": "Feature", "properties": { "element": "node", "id": 4055821166, "name": "Soupy Dumpling & Boba", "amenity": "restaurant", "cuisine": "chinese;bubble_tea" }, "geometry": { "type": "Point", "coordinates": [ -77.032227, 38.9079424 ] } },
{ "type": "Feature", "properties": { "element": "node", "id": 4059018494, "name": "Baan Siam", "amenity": "restaurant", "cuisine": "thai" }, "geometry": { "type": "Point", "coordinates": [ -77.0164144, 38.9015018 ] } },
{ "type": "Feature", "properties": { "element": "node", "id": 4064188255, "name": "Potter's House", "amenity": "cafe", "cuisine": "coffee_shop" }, "geometry": { "type": "Point", "coordinates": [ -77.038708, 38.9249997 ] } },
{ "type": "Feature", "properties": { "element": "node", "id": 4067051344, "name": "FroZenYo", "amenity": "fast_food", "cuisine": "ice_cream" }, "geometry": { "type": "Point", "coordinates": [ -77.0389994, 38.9011717 ] } },
{ "type": "Feature", "properties": { "element": "node", "id": 4070745889, "name": "City Lights of China", "amenity": "restaurant", "cuisine": "chinese" }, "geometry": { "type": "Point", "coordinates": [ -77.0453777, 38.9134807 ] } },
{ "type": "Feature", "properties": { "element": "node", "id": 4075555789, "name": "Filter", "amenity": "cafe", "cuisine": null }, "geometry": { "type": "Point", "coordinates": [ -77.0442576, 38.9011446 ] } },
{ "type": "Feature", "properties": { "element": "node", "id": 4075556089, "name": "Jrink", "amenity": "cafe", "cuisine": null }, "geometry": { "type": "Point", "coordinates": [ -77.0445055, 38.9011958 ] } },
{ "type": "Feature", "properties": { "element": "node", "id": 4085394391, "name": "Subway", "amenity": "fast_food", "cuisine": "sandwich" }, "geometry": { "type": "Point", "coordinates": [ -77.0382135, 38.901986 ] } },
{ "type": "Feature", "properties": { "element": "node", "id": 4085394392, "name": "Protein Bar", "amenity": "fast_food", "cuisine": "smoothies" }, "geometry": { "type": "Point", "coordinates": [ -77.0382111, 38.9020994 ] } },
{ "type": "Feature", "properties": { "element": "node", "id": 4085797893, "name": "Super Tacos and Bakery", "amenity": "fast_food", "cuisine": "mexican" }, "geometry": { "type": "Point", "coordinates": [ -77.0409473, 38.9235957 ] } },
{ "type": "Feature", "properties": { "element": "node", "id": 4100600591, "name": "Peet's Coffee", "amenity": "cafe", "cuisine": "coffee_shop" }, "geometry": { "type": "Point", "coordinates": [ -77.0397272, 38.8991762 ] } },
{ "type": "Feature", "properties": { "element": "node", "id": 4103580309, "name": "Baja Grille", "amenity": "restaurant", "cuisine": "mexican" }, "geometry": { "type": "Point", "coordinates": [ -77.0446734, 38.9048823 ] } },
{ "type": "Feature", "properties": { "element": "node", "id": 4103599693, "name": "Umai Nori", "amenity": "restaurant", "cuisine": "sushi" }, "geometry": { "type": "Point", "coordinates": [ -77.0446687, 38.9051599 ] } },
{ "type": "Feature", "properties": { "element": "node", "id": 4103599694, "name": "Gursha", "amenity": "restaurant", "cuisine": "ethiopian" }, "geometry": { "type": "Point", "coordinates": [ -77.0446717, 38.905336 ] } },
{ "type": "Feature", "properties": { "element": "node", "id": 4111853391, "name": "La Tejana", "amenity": "restaurant", "cuisine": "mexican;breakfast" }, "geometry": { "type": "Point", "coordinates": [ -77.0382336, 38.9315245 ] } },
{ "type": "Feature", "properties": { "element": "node", "id": 4111853392, "name": "Angelico La Pizzeria", "amenity": "fast_food", "cuisine": "pizza" }, "geometry": { "type": "Point", "coordinates": [ -77.0382046, 38.9313864 ] } },
{ "type": "Feature", "properties": { "element": "node", "id": 4111853692, "name": "Joia Burger", "amenity": "fast_food", "cuisine": "burger" }, "geometry": { "type": "Point", "coordinates": [ -77.038286, 38.931574 ] } },
{ "type": "Feature", "properties": { "element": "node", "id": 4111902590, "name": "Pollo Sabrosa", "amenity": "fast_food", "cuisine": "chicken" }, "geometry": { "type": "Point", "coordinates": [ -77.037821, 38.9304544 ] } },
{ "type": "Feature", "properties": { "element": "node", "id": 4117734192, "name": "Devon & Blakeley", "amenity": "fast_food", "cuisine": null }, "geometry": { "type": "Point", "coordinates": [ -77.0414395, 38.8981258 ] } },
{ "type": "Feature", "properties": { "element": "node", "id": 4117797489, "name": "Bar Del Monte", "amenity": "restaurant", "cuisine": "italian" }, "geometry": { "type": "Point", "coordinates": [ -77.0373913, 38.9282509 ] } },
{ "type": "Feature", "properties": { "element": "node", "id": 4117864889, "name": "Don Juan Carry Out", "amenity": "restaurant", "cuisine": "mexican" }, "geometry": { "type": "Point", "coordinates": [ -77.0386433, 38.9311017 ] } },
{ "type": "Feature", "properties": { "element": "node", "id": 4119395502, "name": "Pret A Manger", "amenity": "fast_food", "cuisine": "sandwich" }, "geometry": { "type": "Point", "coordinates": [ -77.038753, 38.9027833 ] } },
{ "type": "Feature", "properties": { "element": "node", "id": 4119398797, "name": "Capitol Grounds Cafe", "amenity": "cafe", "cuisine": null }, "geometry": { "type": "Point", "coordinates": [ -77.0387446, 38.9030084 ] } },
{ "type": "Feature", "properties": { "element": "node", "id": 4128350125, "name": "Joselyn", "amenity": "restaurant", "cuisine": "tex-mex" }, "geometry": { "type": "Point", "coordinates": [ -77.0233475, 38.9314428 ] } },
{ "type": "Feature", "properties": { "element": "node", "id": 4128603542, "name": "EatsPlace", "amenity": "restaurant", "cuisine": null }, "geometry": { "type": "Point", "coordinates": [ -77.023841, 38.9347808 ] } },
{ "type": "Feature", "properties": { "element": "node", "id": 4134637857, "name": "Osteria Morini", "amenity": "restaurant", "cuisine": "italian" }, "geometry": { "type": "Point", "coordinates": [ -77.001381, 38.8732827 ] } },
{ "type": "Feature", "properties": { "element": "node", "id": 4156160937, "name": "Ruben's", "amenity": "fast_food", "cuisine": "mexican" }, "geometry": { "type": "Point", "coordinates": [ -77.0421566, 38.9079421 ] } },
{ "type": "Feature", "properties": { "element": "node", "id": 4156160938, "name": "Casamara", "amenity": "restaurant", "cuisine": "mediterranean" }, "geometry": { "type": "Point", "coordinates": [ -77.0423275, 38.9082613 ] } },
{ "type": "Feature", "properties": { "element": "node", "id": 4156160942, "name": "Surfside", "amenity": "fast_food", "cuisine": "mexican" }, "geometry": { "type": "Point", "coordinates": [ -77.0426241, 38.9071271 ] } },
{ "type": "Feature", "properties": { "element": "node", "id": 4158541601, "name": "Starbucks", "amenity": "cafe", "cuisine": "coffee_shop" }, "geometry": { "type": "Point", "coordinates": [ -77.0187108, 38.9036165 ] } },
{ "type": "Feature", "properties": { "element": "node", "id": 4158541989, "name": "Chopt", "amenity": "fast_food", "cuisine": "salad" }, "geometry": { "type": "Point", "coordinates": [ -77.0233691, 38.8942743 ] } },
{ "type": "Feature", "properties": { "element": "node", "id": 4159639014, "name": "Menomale", "amenity": "restaurant", "cuisine": "pizza" }, "geometry": { "type": "Point", "coordinates": [ -76.99022, 38.9248995 ] } },
{ "type": "Feature", "properties": { "element": "node", "id": 4177355289, "name": "Buffalo Wild Wings", "amenity": "restaurant", "cuisine": "wings" }, "geometry": { "type": "Point", "coordinates": [ -77.0072425, 38.8758657 ] } },
{ "type": "Feature", "properties": { "element": "node", "id": 4180358901, "name": "Dog Tag Bakery", "amenity": "cafe", "cuisine": null }, "geometry": { "type": "Point", "coordinates": [ -77.0631451, 38.9038625 ] } },
{ "type": "Feature", "properties": { "element": "node", "id": 4228579173, "name": "San Matteo", "amenity": "restaurant", "cuisine": "italian" }, "geometry": { "type": "Point", "coordinates": [ -77.0241524, 38.9420733 ] } },
{ "type": "Feature", "properties": { "element": "node", "id": 4228579174, "name": "Timber Pizza Company", "amenity": "restaurant", "cuisine": "pizza" }, "geometry": { "type": "Point", "coordinates": [ -77.0238399, 38.9420712 ] } },
{ "type": "Feature", "properties": { "element": "node", "id": 4233962106, "name": "Bullfrog Bagels", "amenity": "restaurant", "cuisine": null }, "geometry": { "type": "Point", "coordinates": [ -76.996384, 38.8855934 ] } },
{ "type": "Feature", "properties": { "element": "node", "id": 4241849507, "name": "Pho 14", "amenity": "restaurant", "cuisine": "vietnamese" }, "geometry": { "type": "Point", "coordinates": [ -77.0340708, 38.9305878 ] } },
{ "type": "Feature", "properties": { "element": "node", "id": 4247759662, "name": "Busboys and Poets", "amenity": "restaurant", "cuisine": null }, "geometry": { "type": "Point", "coordinates": [ -77.0151611, 38.9750439 ] } },
{ "type": "Feature", "properties": { "element": "node", "id": 4252926719, "name": "Starbucks", "amenity": "cafe", "cuisine": "coffee_shop" }, "geometry": { "type": "Point", "coordinates": [ -77.0154975, 38.8848009 ] } },
{ "type": "Feature", "properties": { "element": "node", "id": 4253477732, "name": "Panera Bread", "amenity": "fast_food", "cuisine": "sandwich;bakery" }, "geometry": { "type": "Point", "coordinates": [ -77.001085, 38.874705 ] } },
{ "type": "Feature", "properties": { "element": "node", "id": 4253505146, "name": "Nats Dogs", "amenity": "fast_food", "cuisine": "hot_dog" }, "geometry": { "type": "Point", "coordinates": [ -77.0064968, 38.8725281 ] } },
{ "type": "Feature", "properties": { "element": "node", "id": 4253505149, "name": "Nats Dogs", "amenity": "fast_food", "cuisine": "hot_dog" }, "geometry": { "type": "Point", "coordinates": [ -77.0062828, 38.8734119 ] } },
{ "type": "Feature", "properties": { "element": "node", "id": 4253505150, "name": "Grand Slam Grill", "amenity": "fast_food", "cuisine": null }, "geometry": { "type": "Point", "coordinates": [ -77.0062789, 38.873359 ] } },
{ "type": "Feature", "properties": { "element": "node", "id": 4253505151, "name": "Ben's Chili Bowl", "amenity": "fast_food", "cuisine": null }, "geometry": { "type": "Point", "coordinates": [ -77.0085695, 38.8734105 ] } },
{ "type": "Feature", "properties": { "element": "node", "id": 4263388891, "name": "Farmers Fishers Bakers", "amenity": "restaurant", "cuisine": "american" }, "geometry": { "type": "Point", "coordinates": [ -77.0597769, 38.9016383 ] } },
{ "type": "Feature", "properties": { "element": "node", "id": 4270700092, "name": "Rito Loco", "amenity": "restaurant", "cuisine": "mexican" }, "geometry": { "type": "Point", "coordinates": [ -77.020389, 38.915408 ] } },
{ "type": "Feature", "properties": { "element": "node", "id": 4270732917, "name": "Gogi Yogi", "amenity": "restaurant", "cuisine": "korean" }, "geometry": { "type": "Point", "coordinates": [ -77.022755, 38.916436 ] } },
{ "type": "Feature", "properties": { "element": "node", "id": 4270742029, "name": "Emmy Squared Pizza", "amenity": "restaurant", "cuisine": "pizza" }, "geometry": { "type": "Point", "coordinates": [ -77.023155, 38.916415 ] } },
{ "type": "Feature", "properties": { "element": "node", "id": 4270778640, "name": "Pizzarro", "amenity": "restaurant", "cuisine": "pizza;mediterranean" }, "geometry": { "type": "Point", "coordinates": [ -77.0180479, 38.9148142 ] } },
{ "type": "Feature", "properties": { "element": "node", "id": 4270800539, "name": "Chaplin's", "amenity": "restaurant", "cuisine": "japanese" }, "geometry": { "type": "Point", "coordinates": [ -77.0238087, 38.9097705 ] } },
{ "type": "Feature", "properties": { "element": "node", "id": 4288683516, "name": "Buredo", "amenity": "fast_food", "cuisine": "sushi" }, "geometry": { "type": "Point", "coordinates": [ -77.0316956, 38.9009005 ] } },
{ "type": "Feature", "properties": { "element": "node", "id": 4296933402, "name": "Char Bar & Eli's Market", "amenity": "restaurant", "cuisine": "regional" }, "geometry": { "type": "Point", "coordinates": [ -77.0482828, 38.9035609 ] } },
{ "type": "Feature", "properties": { "element": "node", "id": 4338649340, "name": "Starbucks", "amenity": "cafe", "cuisine": "coffee_shop" }, "geometry": { "type": "Point", "coordinates": [ -77.024204, 38.9036346 ] } },
{ "type": "Feature", "properties": { "element": "node", "id": 4343337833, "name": "Starbucks", "amenity": "cafe", "cuisine": "coffee_shop" }, "geometry": { "type": "Point", "coordinates": [ -77.0891061, 38.9372611 ] } },
{ "type": "Feature", "properties": { "element": "node", "id": 4343340753, "name": "Subway", "amenity": "fast_food", "cuisine": "sandwich" }, "geometry": { "type": "Point", "coordinates": [ -77.0891674, 38.9371951 ] } },
{ "type": "Feature", "properties": { "element": "node", "id": 4349652336, "name": "&pizza", "amenity": "fast_food", "cuisine": "pizza" }, "geometry": { "type": "Point", "coordinates": [ -77.026385, 38.896315 ] } },
{ "type": "Feature", "properties": { "element": "node", "id": 4349684108, "name": "L’Enfant Bar & Grill", "amenity": "restaurant", "cuisine": "american" }, "geometry": { "type": "Point", "coordinates": [ -77.0244196, 38.8837226 ] } },
{ "type": "Feature", "properties": { "element": "node", "id": 4349684399, "name": "Tip Thai", "amenity": "restaurant", "cuisine": "thai" }, "geometry": { "type": "Point", "coordinates": [ -77.021674, 38.8941737 ] } },
{ "type": "Feature", "properties": { "element": "node", "id": 4391184206, "name": "90 Second Pizza", "amenity": "fast_food", "cuisine": "pizza" }, "geometry": { "type": "Point", "coordinates": [ -77.0324051, 38.916857 ] } },
{ "type": "Feature", "properties": { "element": "node", "id": 4401911089, "name": "The Dabney", "amenity": "restaurant", "cuisine": "american" }, "geometry": { "type": "Point", "coordinates": [ -77.0245704, 38.9063777 ] } },
{ "type": "Feature", "properties": { "element": "node", "id": 4411526727, "name": "Mika’s Neopolitan Pizzeria", "amenity": "restaurant", "cuisine": "pizza" }, "geometry": { "type": "Point", "coordinates": [ -77.0554218, 38.9297566 ] } },
{ "type": "Feature", "properties": { "element": "node", "id": 4411526728, "name": "Duke's Counter", "amenity": "restaurant", "cuisine": "pub;english;burger" }, "geometry": { "type": "Point", "coordinates": [ -77.0555823, 38.9300563 ] } },
{ "type": "Feature", "properties": { "element": "node", "id": 4416686742, "name": "Chick-fil-A", "amenity": "fast_food", "cuisine": "chicken" }, "geometry": { "type": "Point", "coordinates": [ -77.0795679, 38.9482668 ] } },
{ "type": "Feature", "properties": { "element": "node", "id": 4421276775, "name": "Haikan", "amenity": "restaurant", "cuisine": "japanese" }, "geometry": { "type": "Point", "coordinates": [ -77.0231079, 38.917924 ] } },
{ "type": "Feature", "properties": { "element": "node", "id": 4426797447, "name": "Little Coco's", "amenity": "restaurant", "cuisine": "italian" }, "geometry": { "type": "Point", "coordinates": [ -77.0324582, 38.9389441 ] } },
{ "type": "Feature", "properties": { "element": "node", "id": 4433431823, "name": "La Colombe Coffee Roasters", "amenity": "cafe", "cuisine": "coffee_shop" }, "geometry": { "type": "Point", "coordinates": [ -77.031033, 38.920055 ] } },
{ "type": "Feature", "properties": { "element": "node", "id": 4460779184, "name": "Good Stuff Eatery", "amenity": "fast_food", "cuisine": "burger" }, "geometry": { "type": "Point", "coordinates": [ -77.0657609, 38.9052426 ] } },
{ "type": "Feature", "properties": { "element": "node", "id": 4466461306, "name": "Annie's Paramount Steak House", "amenity": "restaurant", "cuisine": "steak_house" }, "geometry": { "type": "Point", "coordinates": [ -77.0382672, 38.911608 ] } },
{ "type": "Feature", "properties": { "element": "node", "id": 4511030064, "name": "Family Ethiopian Restaurant", "amenity": "restaurant", "cuisine": "ethiopian" }, "geometry": { "type": "Point", "coordinates": [ -77.0241415, 38.9091358 ] } },
{ "type": "Feature", "properties": { "element": "node", "id": 4516200579, "name": "El Rey", "amenity": "restaurant", "cuisine": "mexican" }, "geometry": { "type": "Point", "coordinates": [ -77.0247933, 38.9171602 ] } },
{ "type": "Feature", "properties": { "element": "node", "id": 4516202188, "name": "Takoda", "amenity": "restaurant", "cuisine": "american" }, "geometry": { "type": "Point", "coordinates": [ -77.0226273, 38.9167467 ] } },
{ "type": "Feature", "properties": { "element": "node", "id": 4521454471, "name": "Ghost Burger", "amenity": "fast_food", "cuisine": "burger" }, "geometry": { "type": "Point", "coordinates": [ -77.0241415, 38.9070864 ] } },
{ "type": "Feature", "properties": { "element": "node", "id": 4535684395, "name": "Panera Bread", "amenity": "fast_food", "cuisine": "sandwich;bakery" }, "geometry": { "type": "Point", "coordinates": [ -77.0409066, 38.9000805 ] } },
{ "type": "Feature", "properties": { "element": "node", "id": 4557453678, "name": "Zippin Chickin n Fish", "amenity": "fast_food", "cuisine": "regional" }, "geometry": { "type": "Point", "coordinates": [ -77.022782, 38.9274199 ] } },
{ "type": "Feature", "properties": { "element": "node", "id": 4558685164, "name": "Subway", "amenity": "fast_food", "cuisine": "sandwich" }, "geometry": { "type": "Point", "coordinates": [ -77.0591836, 38.936223 ] } },
{ "type": "Feature", "properties": { "element": "node", "id": 4558693745, "name": "Dos Toros Taqueria", "amenity": "fast_food", "cuisine": "mexican" }, "geometry": { "type": "Point", "coordinates": [ -77.00274, 38.8870941 ] } },
{ "type": "Feature", "properties": { "element": "node", "id": 4573880391, "name": "jetties", "amenity": "fast_food", "cuisine": null }, "geometry": { "type": "Point", "coordinates": [ -77.0227082, 38.8988022 ] } },
{ "type": "Feature", "properties": { "element": "node", "id": 4578523132, "name": "Cafe du Parc", "amenity": "cafe", "cuisine": "french" }, "geometry": { "type": "Point", "coordinates": [ -77.0326751, 38.8965926 ] } },
{ "type": "Feature", "properties": { "element": "node", "id": 4579629186, "name": "CAVA", "amenity": "restaurant", "cuisine": "mediterranean" }, "geometry": { "type": "Point", "coordinates": [ -77.0225843, 38.9164074 ] } },
{ "type": "Feature", "properties": { "element": "node", "id": 4580586204, "name": "District Taco", "amenity": "fast_food", "cuisine": "mexican" }, "geometry": { "type": "Point", "coordinates": [ -77.080684, 38.9498188 ] } },
{ "type": "Feature", "properties": { "element": "node", "id": 4597148503, "name": "North Gate Grill", "amenity": "restaurant", "cuisine": "regional" }, "geometry": { "type": "Point", "coordinates": [ -77.036169, 38.903581 ] } },
{ "type": "Feature", "properties": { "element": "node", "id": 4608336781, "name": "Mezcalero Cocina Mexicana", "amenity": "restaurant", "cuisine": "mexican" }, "geometry": { "type": "Point", "coordinates": [ -77.0330623, 38.9376368 ] } },
{ "type": "Feature", "properties": { "element": "node", "id": 4638123129, "name": "All Purpose", "amenity": "restaurant", "cuisine": "pizza" }, "geometry": { "type": "Point", "coordinates": [ -77.0241733, 38.9069325 ] } },
{ "type": "Feature", "properties": { "element": "node", "id": 4640273559, "name": "Cultural Citations", "amenity": "restaurant", "cuisine": "caribbean" }, "geometry": { "type": "Point", "coordinates": [ -76.9901853, 38.8637893 ] } },
{ "type": "Feature", "properties": { "element": "node", "id": 4640281774, "name": "Uniontown Bar & Grill", "amenity": "restaurant", "cuisine": "american" }, "geometry": { "type": "Point", "coordinates": [ -76.9896623, 38.8647834 ] } },
{ "type": "Feature", "properties": { "element": "node", "id": 4640859360, "name": "DCity Smokehouse", "amenity": "restaurant", "cuisine": "barbecue" }, "geometry": { "type": "Point", "coordinates": [ -76.9869632, 38.8668977 ] } },
{ "type": "Feature", "properties": { "element": "node", "id": 4640949026, "name": "Cheers @ The Big Chair", "amenity": "restaurant", "cuisine": null }, "geometry": { "type": "Point", "coordinates": [ -76.9894384, 38.8651813 ] } },
{ "type": "Feature", "properties": { "element": "node", "id": 4640949029, "name": "Kings Cafe Carry Out", "amenity": "restaurant", "cuisine": null }, "geometry": { "type": "Point", "coordinates": [ -76.9893321, 38.865441 ] } },
{ "type": "Feature", "properties": { "element": "node", "id": 4641016697, "name": "Little Caesars", "amenity": "fast_food", "cuisine": "pizza" }, "geometry": { "type": "Point", "coordinates": [ -76.9845656, 38.8664912 ] } },
{ "type": "Feature", "properties": { "element": "node", "id": 4644746626, "name": "Peregrine Espresso", "amenity": "cafe", "cuisine": "coffee_shop" }, "geometry": { "type": "Point", "coordinates": [ -76.997337, 38.908518 ] } },
{ "type": "Feature", "properties": { "element": "node", "id": 4644746627, "name": "Red Apron", "amenity": "fast_food", "cuisine": "sandwich" }, "geometry": { "type": "Point", "coordinates": [ -76.9974284, 38.9086888 ] } },
{ "type": "Feature", "properties": { "element": "node", "id": 4644797066, "name": "DC Empanadas", "amenity": "fast_food", "cuisine": "latin_american" }, "geometry": { "type": "Point", "coordinates": [ -76.9972196, 38.9085651 ] } },
{ "type": "Feature", "properties": { "element": "node", "id": 4644797068, "name": "Bidwell", "amenity": "restaurant", "cuisine": null }, "geometry": { "type": "Point", "coordinates": [ -76.9977896, 38.9086674 ] } },
{ "type": "Feature", "properties": { "element": "node", "id": 4661437192, "name": "Mangialardo's", "amenity": "fast_food", "cuisine": "diner" }, "geometry": { "type": "Point", "coordinates": [ -76.9877235, 38.8808852 ] } },
{ "type": "Feature", "properties": { "element": "node", "id": 4675751060, "name": "Peet's Coffee", "amenity": "cafe", "cuisine": "coffee_shop" }, "geometry": { "type": "Point", "coordinates": [ -77.0478711, 38.9005017 ] } },
{ "type": "Feature", "properties": { "element": "node", "id": 4675755558, "name": "&pizza", "amenity": "fast_food", "cuisine": "pizza" }, "geometry": { "type": "Point", "coordinates": [ -77.0495727, 38.8971889 ] } },
{ "type": "Feature", "properties": { "element": "node", "id": 4711869695, "name": "Emissary", "amenity": "cafe", "cuisine": "coffee_shop" }, "geometry": { "type": "Point", "coordinates": [ -77.0450657, 38.9136883 ] } },
{ "type": "Feature", "properties": { "element": "node", "id": 4736459235, "name": "Scarlet Oak Restaurant", "amenity": "restaurant", "cuisine": null }, "geometry": { "type": "Point", "coordinates": [ -77.0052921, 38.8785767 ] } },
{ "type": "Feature", "properties": { "element": "node", "id": 4745796677, "name": "Emissary", "amenity": "cafe", "cuisine": null }, "geometry": { "type": "Point", "coordinates": [ -77.0463838, 38.9094949 ] } },
{ "type": "Feature", "properties": { "element": "node", "id": 4745956987, "name": "&pizza", "amenity": "fast_food", "cuisine": "pizza" }, "geometry": { "type": "Point", "coordinates": [ -76.9966693, 38.9325623 ] } },
{ "type": "Feature", "properties": { "element": "node", "id": 4745962621, "name": "Starbucks", "amenity": "cafe", "cuisine": "coffee_shop" }, "geometry": { "type": "Point", "coordinates": [ -76.9971467, 38.9325665 ] } },
{ "type": "Feature", "properties": { "element": "node", "id": 4749803307, "name": "M.E. Swing's", "amenity": "cafe", "cuisine": "coffee_shop" }, "geometry": { "type": "Point", "coordinates": [ -77.0322831, 38.8977995 ] } },
{ "type": "Feature", "properties": { "element": "node", "id": 4749816293, "name": "Vera", "amenity": "restaurant", "cuisine": "lebanese;mexican" }, "geometry": { "type": "Point", "coordinates": [ -76.9849329, 38.9148156 ] } },
{ "type": "Feature", "properties": { "element": "node", "id": 4770017523, "name": "Iron Age Korean Steak House", "amenity": "restaurant", "cuisine": "korean" }, "geometry": { "type": "Point", "coordinates": [ -77.0324872, 38.931237 ] } },
{ "type": "Feature", "properties": { "element": "node", "id": 4770056549, "name": "Búho's Restaurant", "amenity": "restaurant", "cuisine": null }, "geometry": { "type": "Point", "coordinates": [ -77.032506, 38.9355446 ] } },
{ "type": "Feature", "properties": { "element": "node", "id": 4770056553, "name": "Pan Lourdes Bakery", "amenity": "cafe", "cuisine": null }, "geometry": { "type": "Point", "coordinates": [ -77.032503, 38.9358246 ] } },
{ "type": "Feature", "properties": { "element": "node", "id": 4770094538, "name": "Youebe Cafe", "amenity": "cafe", "cuisine": null }, "geometry": { "type": "Point", "coordinates": [ -77.0329317, 38.9348582 ] } },
{ "type": "Feature", "properties": { "element": "node", "id": 4777169350, "name": "Pizza D'oro", "amenity": "restaurant", "cuisine": "pizza" }, "geometry": { "type": "Point", "coordinates": [ -77.0329747, 38.936947 ] } },
{ "type": "Feature", "properties": { "element": "node", "id": 4787522064, "name": "Mi Cuba Café", "amenity": "restaurant", "cuisine": "cuban" }, "geometry": { "type": "Point", "coordinates": [ -77.0337225, 38.9304511 ] } },
{ "type": "Feature", "properties": { "element": "node", "id": 4788254541, "name": "Benito's Place", "amenity": "restaurant", "cuisine": "central_american" }, "geometry": { "type": "Point", "coordinates": [ -77.0268257, 38.9094473 ] } },
{ "type": "Feature", "properties": { "element": "node", "id": 4788345424, "name": "Nerds & Nibblers", "amenity": "restaurant", "cuisine": null }, "geometry": { "type": "Point", "coordinates": [ -77.0341069, 38.9039233 ] } },
{ "type": "Feature", "properties": { "element": "node", "id": 4788360021, "name": "Rural Society", "amenity": "restaurant", "cuisine": "argentinian" }, "geometry": { "type": "Point", "coordinates": [ -77.0342999, 38.9054731 ] } },
{ "type": "Feature", "properties": { "element": "node", "id": 4796772334, "name": "Abunai Poke", "amenity": "restaurant", "cuisine": "hawaiian" }, "geometry": { "type": "Point", "coordinates": [ -77.044303, 38.9035877 ] } },
{ "type": "Feature", "properties": { "element": "node", "id": 4806406342, "name": "La Colombe Coffee Roasters", "amenity": "cafe", "cuisine": "coffee_shop" }, "geometry": { "type": "Point", "coordinates": [ -77.0026592, 38.9053229 ] } },
{ "type": "Feature", "properties": { "element": "node", "id": 4812416840, "name": "Subway", "amenity": "fast_food", "cuisine": "sandwich" }, "geometry": { "type": "Point", "coordinates": [ -77.0326878, 38.901177 ] } },
{ "type": "Feature", "properties": { "element": "node", "id": 4831900318, "name": "Eerkin's Uyghur Cuisine", "amenity": "restaurant", "cuisine": "asian_fusion" }, "geometry": { "type": "Point", "coordinates": [ -77.0724117, 38.9214114 ] } },
{ "type": "Feature", "properties": { "element": "node", "id": 4831902733, "name": "Three Fifty Bakery & Coffee Bar", "amenity": "cafe", "cuisine": null }, "geometry": { "type": "Point", "coordinates": [ -77.0382578, 38.9127567 ] } },
{ "type": "Feature", "properties": { "element": "node", "id": 4831917881, "name": "Shah's Halal Food", "amenity": "fast_food", "cuisine": "middle_eastern" }, "geometry": { "type": "Point", "coordinates": [ -77.042299, 38.9081346 ] } },
{ "type": "Feature", "properties": { "element": "node", "id": 4832005348, "name": "Roaming Rooster", "amenity": "fast_food", "cuisine": "chicken;sandwich;wings" }, "geometry": { "type": "Point", "coordinates": [ -77.0304248, 38.9171761 ] } },
{ "type": "Feature", "properties": { "element": "node", "id": 4835242623, "name": "CAVA", "amenity": "restaurant", "cuisine": "mediterranean" }, "geometry": { "type": "Point", "coordinates": [ -77.0420094, 38.906673 ] } },
{ "type": "Feature", "properties": { "element": "node", "id": 4840346295, "name": "Vegz", "amenity": "restaurant", "cuisine": "pakistani;indian" }, "geometry": { "type": "Point", "coordinates": [ -77.0418325, 38.9185379 ] } },
{ "type": "Feature", "properties": { "element": "node", "id": 4841760527, "name": "Bozzelli's", "amenity": "restaurant", "cuisine": "italian" }, "geometry": { "type": "Point", "coordinates": [ -77.0329501, 38.9034016 ] } },
{ "type": "Feature", "properties": { "element": "node", "id": 4842704023, "name": "Starbucks", "amenity": "cafe", "cuisine": "coffee_shop" }, "geometry": { "type": "Point", "coordinates": [ -77.0343352, 38.9027715 ] } },
{ "type": "Feature", "properties": { "element": "node", "id": 4842734007, "name": "Subway", "amenity": "fast_food", "cuisine": "sandwich" }, "geometry": { "type": "Point", "coordinates": [ -77.0343309, 38.9031392 ] } },
{ "type": "Feature", "properties": { "element": "node", "id": 4842766602, "name": "Rice Bar Bibimbap Noodle", "amenity": "restaurant", "cuisine": "korean" }, "geometry": { "type": "Point", "coordinates": [ -77.0343319, 38.9030556 ] } },
{ "type": "Feature", "properties": { "element": "node", "id": 4846520504, "name": "Shake Shack", "amenity": "fast_food", "cuisine": "burger" }, "geometry": { "type": "Point", "coordinates": [ -77.006293, 38.8735146 ] } },
{ "type": "Feature", "properties": { "element": "node", "id": 4849916356, "name": "District Rico", "amenity": "restaurant", "cuisine": "chicken;peruvian" }, "geometry": { "type": "Point", "coordinates": [ -77.0117999, 38.9003992 ] } },
{ "type": "Feature", "properties": { "element": "node", "id": 4849919628, "name": "Quickway", "amenity": "restaurant", "cuisine": "japanese;hibachi" }, "geometry": { "type": "Point", "coordinates": [ -77.0115465, 38.9003939 ] } },
{ "type": "Feature", "properties": { "element": "node", "id": 4852964121, "name": "Halfsmoke", "amenity": "restaurant", "cuisine": "american" }, "geometry": { "type": "Point", "coordinates": [ -77.0217127, 38.9163408 ] } },
{ "type": "Feature", "properties": { "element": "node", "id": 4855823689, "name": "Maman", "amenity": "cafe", "cuisine": null }, "geometry": { "type": "Point", "coordinates": [ -77.0348654, 38.9027994 ] } },
{ "type": "Feature", "properties": { "element": "node", "id": 4866983221, "name": "Fiola", "amenity": "restaurant", "cuisine": "italian" }, "geometry": { "type": "Point", "coordinates": [ -77.0208875, 38.8939686 ] } },
{ "type": "Feature", "properties": { "element": "node", "id": 4867410164, "name": "Popeyes", "amenity": "fast_food", "cuisine": "chicken" }, "geometry": { "type": "Point", "coordinates": [ -77.03223, 38.9080179 ] } },
{ "type": "Feature", "properties": { "element": "node", "id": 4867412687, "name": "Shake Shack", "amenity": "fast_food", "cuisine": "burger" }, "geometry": { "type": "Point", "coordinates": [ -77.0321831, 38.9089811 ] } },
{ "type": "Feature", "properties": { "element": "node", "id": 4868390722, "name": "SundeVich", "amenity": "restaurant", "cuisine": "sandwich" }, "geometry": { "type": "Point", "coordinates": [ -77.0636665, 38.90377 ] } },
{ "type": "Feature", "properties": { "element": "node", "id": 4870779031, "name": "P. J. Clark's", "amenity": "restaurant", "cuisine": "american" }, "geometry": { "type": "Point", "coordinates": [ -77.0368831, 38.902173 ] } },
{ "type": "Feature", "properties": { "element": "node", "id": 4870849500, "name": "Subway", "amenity": "fast_food", "cuisine": "sandwich" }, "geometry": { "type": "Point", "coordinates": [ -77.0038771, 38.8871791 ] } },
{ "type": "Feature", "properties": { "element": "node", "id": 4873040621, "name": "Il Piatto", "amenity": "restaurant", "cuisine": "italian" }, "geometry": { "type": "Point", "coordinates": [ -77.0369637, 38.9015596 ] } },
{ "type": "Feature", "properties": { "element": "node", "id": 4879529887, "name": "Ledo Pizza", "amenity": "restaurant", "cuisine": "pizza;pasta" }, "geometry": { "type": "Point", "coordinates": [ -76.9951878, 38.8831986 ] } },
{ "type": "Feature", "properties": { "element": "node", "id": 4879530735, "name": "Bourbon Steak", "amenity": "restaurant", "cuisine": "steak_house" }, "geometry": { "type": "Point", "coordinates": [ -77.0572939, 38.9042693 ] } },
{ "type": "Feature", "properties": { "element": "node", "id": 4879536897, "name": "CUT by Wolfgang Puck", "amenity": "restaurant", "cuisine": "american" }, "geometry": { "type": "Point", "coordinates": [ -77.0614526, 38.9040757 ] } },
{ "type": "Feature", "properties": { "element": "node", "id": 4884133170, "name": "Compass Coffee", "amenity": "cafe", "cuisine": "coffee_shop" }, "geometry": { "type": "Point", "coordinates": [ -77.0054014, 38.8794557 ] } },
{ "type": "Feature", "properties": { "element": "node", "id": 4886241622, "name": "McDonald's", "amenity": "fast_food", "cuisine": "burger" }, "geometry": { "type": "Point", "coordinates": [ -77.0050422, 38.897816 ] } },
{ "type": "Feature", "properties": { "element": "node", "id": 4887024364, "name": "The Mayflower", "amenity": "restaurant", "cuisine": "mediterranean" }, "geometry": { "type": "Point", "coordinates": [ -77.041379, 38.906664 ] } },
{ "type": "Feature", "properties": { "element": "node", "id": 4887102180, "name": "BUL", "amenity": "restaurant", "cuisine": "korean" }, "geometry": { "type": "Point", "coordinates": [ -77.0419265, 38.9213292 ] } },
{ "type": "Feature", "properties": { "element": "node", "id": 4887172619, "name": "Lalibela", "amenity": "restaurant", "cuisine": "african" }, "geometry": { "type": "Point", "coordinates": [ -77.0261246, 38.9432218 ] } },
{ "type": "Feature", "properties": { "element": "node", "id": 4887283226, "name": "Opaline", "amenity": "restaurant", "cuisine": "french" }, "geometry": { "type": "Point", "coordinates": [ -77.03392, 38.9003972 ] } },
{ "type": "Feature", "properties": { "element": "node", "id": 4897562736, "name": "Chipotle", "amenity": "fast_food", "cuisine": "mexican" }, "geometry": { "type": "Point", "coordinates": [ -77.0338124, 38.9030027 ] } },
{ "type": "Feature", "properties": { "element": "node", "id": 4897771678, "name": "The Partisan", "amenity": "restaurant", "cuisine": "american" }, "geometry": { "type": "Point", "coordinates": [ -77.0225509, 38.8949256 ] } },
{ "type": "Feature", "properties": { "element": "node", "id": 4898435028, "name": "Claudia's", "amenity": "restaurant", "cuisine": "steak_house" }, "geometry": { "type": "Point", "coordinates": [ -77.0348337, 38.903004 ] } },
{ "type": "Feature", "properties": { "element": "node", "id": 4898566735, "name": "Tonton Chicken", "amenity": "fast_food", "cuisine": null }, "geometry": { "type": "Point", "coordinates": [ -77.033693, 38.9032149 ] } },
{ "type": "Feature", "properties": { "element": "node", "id": 4913903121, "name": "Shake Shack", "amenity": "fast_food", "cuisine": "burger" }, "geometry": { "type": "Point", "coordinates": [ -77.0069077, 38.8766984 ] } },
{ "type": "Feature", "properties": { "element": "node", "id": 4922793034, "name": "Chicken + Whiskey", "amenity": "restaurant", "cuisine": "peruvian" }, "geometry": { "type": "Point", "coordinates": [ -77.0322076, 38.9138293 ] } },
{ "type": "Feature", "properties": { "element": "node", "id": 4935836954, "name": "Roaming Rooster", "amenity": "fast_food", "cuisine": "chicken" }, "geometry": { "type": "Point", "coordinates": [ -77.0807144, 38.9499546 ] } },
{ "type": "Feature", "properties": { "element": "node", "id": 4936227050, "name": "The Greene Turtle", "amenity": "restaurant", "cuisine": "american" }, "geometry": { "type": "Point", "coordinates": [ -77.006164, 38.875687 ] } },
{ "type": "Feature", "properties": { "element": "node", "id": 4936227052, "name": "Rasa", "amenity": "restaurant", "cuisine": "indian" }, "geometry": { "type": "Point", "coordinates": [ -77.0061672, 38.8754268 ] } },
{ "type": "Feature", "properties": { "element": "node", "id": 4936227053, "name": "Roti", "amenity": "fast_food", "cuisine": "mediterranean" }, "geometry": { "type": "Point", "coordinates": [ -77.0061679, 38.8753656 ] } },
{ "type": "Feature", "properties": { "element": "node", "id": 4936227054, "name": "Chipotle", "amenity": "fast_food", "cuisine": "mexican" }, "geometry": { "type": "Point", "coordinates": [ -77.0061685, 38.8753045 ] } },
{ "type": "Feature", "properties": { "element": "node", "id": 4936227055, "name": "Chopt", "amenity": "fast_food", "cuisine": "salad" }, "geometry": { "type": "Point", "coordinates": [ -77.0061692, 38.8752433 ] } },
{ "type": "Feature", "properties": { "element": "node", "id": 4936276312, "name": "Rooster & Owl", "amenity": "restaurant", "cuisine": "american" }, "geometry": { "type": "Point", "coordinates": [ -77.032167, 38.92149 ] } },
{ "type": "Feature", "properties": { "element": "node", "id": 4938688127, "name": "Panda Gourmet", "amenity": "restaurant", "cuisine": "chinese" }, "geometry": { "type": "Point", "coordinates": [ -76.9708036, 38.9179087 ] } },
{ "type": "Feature", "properties": { "element": "node", "id": 4947594108, "name": "Ari's Diner", "amenity": "restaurant", "cuisine": null }, "geometry": { "type": "Point", "coordinates": [ -76.9847032, 38.9150327 ] } },
{ "type": "Feature", "properties": { "element": "node", "id": 4949447733, "name": "Protein Bar and Kitchen", "amenity": "restaurant", "cuisine": "american" }, "geometry": { "type": "Point", "coordinates": [ -77.0220911, 38.8946738 ] } },
{ "type": "Feature", "properties": { "element": "node", "id": 4960920927, "name": "Edgar", "amenity": "restaurant", "cuisine": null }, "geometry": { "type": "Point", "coordinates": [ -77.0400336, 38.9043024 ] } },
{ "type": "Feature", "properties": { "element": "node", "id": 4960921126, "name": "Sunrise Cafe", "amenity": "cafe", "cuisine": null }, "geometry": { "type": "Point", "coordinates": [ -77.0387219, 38.9040969 ] } },
{ "type": "Feature", "properties": { "element": "node", "id": 4960921726, "name": "Italian Gourmet Deli", "amenity": "restaurant", "cuisine": "italian" }, "geometry": { "type": "Point", "coordinates": [ -77.0393066, 38.9038832 ] } },
{ "type": "Feature", "properties": { "element": "node", "id": 4973994210, "name": "Blue Bottle Coffee", "amenity": "cafe", "cuisine": "coffee_shop" }, "geometry": { "type": "Point", "coordinates": [ -77.0653989, 38.9043821 ] } },
{ "type": "Feature", "properties": { "element": "node", "id": 4974083845, "name": "District Doughnut", "amenity": "cafe", "cuisine": "donut" }, "geometry": { "type": "Point", "coordinates": [ -77.0669937, 38.9047316 ] } },
{ "type": "Feature", "properties": { "element": "node", "id": 4974127016, "name": "ChiKo", "amenity": "restaurant", "cuisine": "chinese;korean" }, "geometry": { "type": "Point", "coordinates": [ -76.9951851, 38.8830317 ] } },
{ "type": "Feature", "properties": { "element": "node", "id": 4974167622, "name": "&pizza", "amenity": "fast_food", "cuisine": "pizza" }, "geometry": { "type": "Point", "coordinates": [ -76.9951833, 38.8834963 ] } },
{ "type": "Feature", "properties": { "element": "node", "id": 4974167623, "name": "Chipotle", "amenity": "fast_food", "cuisine": "mexican" }, "geometry": { "type": "Point", "coordinates": [ -76.995189, 38.8832544 ] } },
{ "type": "Feature", "properties": { "element": "node", "id": 4974167821, "name": "Pizza Boli's", "amenity": "fast_food", "cuisine": "pizza" }, "geometry": { "type": "Point", "coordinates": [ -76.9951875, 38.8831494 ] } },
{ "type": "Feature", "properties": { "element": "node", "id": 4974355668, "name": "Taco Bell Cantina", "amenity": "fast_food", "cuisine": "tex-mex" }, "geometry": { "type": "Point", "coordinates": [ -76.9975672, 38.9000564 ] } },
{ "type": "Feature", "properties": { "element": "node", "id": 4974355669, "name": "Starbucks", "amenity": "cafe", "cuisine": "coffee_shop" }, "geometry": { "type": "Point", "coordinates": [ -76.9974581, 38.9000572 ] } },
{ "type": "Feature", "properties": { "element": "node", "id": 4978285124, "name": "Rasika", "amenity": "restaurant", "cuisine": "indian" }, "geometry": { "type": "Point", "coordinates": [ -77.0480931, 38.9050577 ] } },
{ "type": "Feature", "properties": { "element": "node", "id": 4978313621, "name": "Firefly", "amenity": "restaurant", "cuisine": "american" }, "geometry": { "type": "Point", "coordinates": [ -77.0457751, 38.9074917 ] } },
{ "type": "Feature", "properties": { "element": "node", "id": 4993315178, "name": "Andy's Pizza", "amenity": "restaurant", "cuisine": "pizza" }, "geometry": { "type": "Point", "coordinates": [ -77.0233069, 38.9176303 ] } },
{ "type": "Feature", "properties": { "element": "node", "id": 4995098730, "name": "The Salt Line", "amenity": "restaurant", "cuisine": "seafood" }, "geometry": { "type": "Point", "coordinates": [ -77.0064144, 38.8712523 ] } },
{ "type": "Feature", "properties": { "element": "node", "id": 5026600022, "name": "Sol Mexican Grill", "amenity": "restaurant", "cuisine": "mexican" }, "geometry": { "type": "Point", "coordinates": [ -77.0209726, 38.902775 ] } },
{ "type": "Feature", "properties": { "element": "node", "id": 5057073691, "name": "West Wing Cafe", "amenity": "restaurant", "cuisine": "sandwich;breakfast" }, "geometry": { "type": "Point", "coordinates": [ -77.0254008, 38.9030819 ] } },
{ "type": "Feature", "properties": { "element": "node", "id": 5057365392, "name": "Silver", "amenity": "restaurant", "cuisine": "american" }, "geometry": { "type": "Point", "coordinates": [ -77.0729778, 38.9350418 ] } },
{ "type": "Feature", "properties": { "element": "node", "id": 5064202524, "name": "Toki Underground", "amenity": "restaurant", "cuisine": "asian" }, "geometry": { "type": "Point", "coordinates": [ -76.9890327, 38.9004823 ] } },
{ "type": "Feature", "properties": { "element": "node", "id": 5070573822, "name": "Magic Gourd Restaurant - Chinese", "amenity": "cafe", "cuisine": "chinese" }, "geometry": { "type": "Point", "coordinates": [ -77.0126457, 38.9018898 ] } },
{ "type": "Feature", "properties": { "element": "node", "id": 5075273021, "name": "Bethesda Bagels", "amenity": "fast_food", "cuisine": null }, "geometry": { "type": "Point", "coordinates": [ -77.0048084, 38.8767448 ] } },
{ "type": "Feature", "properties": { "element": "node", "id": 5109650122, "name": "Barrel", "amenity": "restaurant", "cuisine": "american" }, "geometry": { "type": "Point", "coordinates": [ -76.9978822, 38.8850899 ] } },
{ "type": "Feature", "properties": { "element": "node", "id": 5109682461, "name": "Falafel Inc.", "amenity": "restaurant", "cuisine": "middle_eastern" }, "geometry": { "type": "Point", "coordinates": [ -77.0653413, 38.9054725 ] } },
{ "type": "Feature", "properties": { "element": "node", "id": 5124717021, "name": "Chipotle", "amenity": "fast_food", "cuisine": "mexican" }, "geometry": { "type": "Point", "coordinates": [ -77.0069558, 38.8975784 ] } },
{ "type": "Feature", "properties": { "element": "node", "id": 5135556248, "name": "Bonchon Chicken", "amenity": "restaurant", "cuisine": "chicken;korean;sushi" }, "geometry": { "type": "Point", "coordinates": [ -77.0076661, 38.8782532 ] } },
{ "type": "Feature", "properties": { "element": "node", "id": 5150830472, "name": "Fiola Mare", "amenity": "restaurant", "cuisine": "seafood" }, "geometry": { "type": "Point", "coordinates": [ -77.060962, 38.9016729 ] } },
{ "type": "Feature", "properties": { "element": "node", "id": 5170081604, "name": "The Brighton", "amenity": "restaurant", "cuisine": null }, "geometry": { "type": "Point", "coordinates": [ -77.0262503, 38.880178 ] } },
{ "type": "Feature", "properties": { "element": "node", "id": 5170081605, "name": "Shake Shack", "amenity": "fast_food", "cuisine": "burger" }, "geometry": { "type": "Point", "coordinates": [ -77.0264531, 38.8803381 ] } },
{ "type": "Feature", "properties": { "element": "node", "id": 5170088531, "name": "Domino's", "amenity": "fast_food", "cuisine": "pizza" }, "geometry": { "type": "Point", "coordinates": [ -77.0800178, 38.9490141 ] } },
{ "type": "Feature", "properties": { "element": "node", "id": 5173832706, "name": "Hank’s Oyster Bar", "amenity": "restaurant", "cuisine": "seafood" }, "geometry": { "type": "Point", "coordinates": [ -77.0237059, 38.8782581 ] } },
{ "type": "Feature", "properties": { "element": "node", "id": 5173839428, "name": "Del Mar", "amenity": "restaurant", "cuisine": "spanish" }, "geometry": { "type": "Point", "coordinates": [ -77.0246823, 38.8789937 ] } },
{ "type": "Feature", "properties": { "element": "node", "id": 5180966152, "name": "YATAI by NaRa-Ya", "amenity": "fast_food", "cuisine": "japanese;sushi" }, "geometry": { "type": "Point", "coordinates": [ -77.0256848, 38.8795312 ] } },
{ "type": "Feature", "properties": { "element": "node", "id": 5187395621, "name": "Sandwiches by Phillip", "amenity": "fast_food", "cuisine": null }, "geometry": { "type": "Point", "coordinates": [ -77.0062012, 38.9022344 ] } },
{ "type": "Feature", "properties": { "element": "node", "id": 5197081267, "name": "Starbucks", "amenity": "cafe", "cuisine": "coffee_shop" }, "geometry": { "type": "Point", "coordinates": [ -77.0956412, 38.9446832 ] } },
{ "type": "Feature", "properties": { "element": "node", "id": 5218721768, "name": "Baked by Yael", "amenity": "cafe", "cuisine": null }, "geometry": { "type": "Point", "coordinates": [ -77.0554739, 38.9298604 ] } },
{ "type": "Feature", "properties": { "element": "node", "id": 5219012918, "name": "Manny and Olgas", "amenity": "restaurant", "cuisine": "pizza" }, "geometry": { "type": "Point", "coordinates": [ -76.9730136, 38.930285 ] } },
{ "type": "Feature", "properties": { "element": "node", "id": 5234384522, "name": "Upper West Side Café", "amenity": "cafe", "cuisine": null }, "geometry": { "type": "Point", "coordinates": [ -77.0498607, 38.9054507 ] } },
{ "type": "Feature", "properties": { "element": "node", "id": 5241981902, "name": "CAVA", "amenity": "restaurant", "cuisine": "mediterranean" }, "geometry": { "type": "Point", "coordinates": [ -77.0069852, 38.8974553 ] } },
{ "type": "Feature", "properties": { "element": "node", "id": 5278754921, "name": "Gregorys Coffee", "amenity": "cafe", "cuisine": "coffee_shop" }, "geometry": { "type": "Point", "coordinates": [ -77.0339184, 38.9028352 ] } },
{ "type": "Feature", "properties": { "element": "node", "id": 5288275434, "name": "Wawa", "amenity": "fast_food", "cuisine": null }, "geometry": { "type": "Point", "coordinates": [ -77.0432316, 38.9040878 ] } },
{ "type": "Feature", "properties": { "element": "node", "id": 5292485466, "name": "Java Corner", "amenity": "cafe", "cuisine": "coffee_shop" }, "geometry": { "type": "Point", "coordinates": [ -76.9929474, 38.9070823 ] } },
{ "type": "Feature", "properties": { "element": "node", "id": 5294938065, "name": "Subway", "amenity": "fast_food", "cuisine": "sandwich" }, "geometry": { "type": "Point", "coordinates": [ -77.0060894, 38.9029587 ] } },
{ "type": "Feature", "properties": { "element": "node", "id": 5307611281, "name": "Pete's New Haven Style Apizza", "amenity": "restaurant", "cuisine": "pizza" }, "geometry": { "type": "Point", "coordinates": [ -77.0829253, 38.9545209 ] } },
{ "type": "Feature", "properties": { "element": "node", "id": 5312757050, "name": "Seoul Spice", "amenity": "fast_food", "cuisine": "korean" }, "geometry": { "type": "Point", "coordinates": [ -77.0806994, 38.9498863 ] } },
{ "type": "Feature", "properties": { "element": "node", "id": 5314099548, "name": "El Camino", "amenity": "restaurant", "cuisine": "mexican" }, "geometry": { "type": "Point", "coordinates": [ -77.0126703, 38.9153213 ] } },
{ "type": "Feature", "properties": { "element": "node", "id": 5321233445, "name": "Starbucks", "amenity": "cafe", "cuisine": "coffee_shop" }, "geometry": { "type": "Point", "coordinates": [ -77.0856124, 38.9335967 ] } },
{ "type": "Feature", "properties": { "element": "node", "id": 5321273167, "name": "Al Dente", "amenity": "restaurant", "cuisine": "italian" }, "geometry": { "type": "Point", "coordinates": [ -77.085126, 38.9331189 ] } },
{ "type": "Feature", "properties": { "element": "node", "id": 5324838781, "name": "City Tap House", "amenity": "restaurant", "cuisine": "american" }, "geometry": { "type": "Point", "coordinates": [ -77.0422858, 38.9070664 ] } },
{ "type": "Feature", "properties": { "element": "node", "id": 5364233815, "name": "Pow Pow", "amenity": "restaurant", "cuisine": "asian;chinese;japanese;korean" }, "geometry": { "type": "Point", "coordinates": [ -76.9885647, 38.9000244 ] } },
{ "type": "Feature", "properties": { "element": "node", "id": 5376787643, "name": "Tunnicliff's Tavern", "amenity": "restaurant", "cuisine": "american" }, "geometry": { "type": "Point", "coordinates": [ -76.9959819, 38.8866124 ] } },
{ "type": "Feature", "properties": { "element": "node", "id": 5406239828, "name": "Founding Farmers & Distillers", "amenity": "restaurant", "cuisine": "american" }, "geometry": { "type": "Point", "coordinates": [ -77.0202236, 38.9013438 ] } },
{ "type": "Feature", "properties": { "element": "node", "id": 5412958648, "name": "Bluestone Lane", "amenity": "cafe", "cuisine": null }, "geometry": { "type": "Point", "coordinates": [ -77.0503791, 38.9038984 ] } },
{ "type": "Feature", "properties": { "element": "node", "id": 5424458173, "name": null, "amenity": "restaurant", "cuisine": null }, "geometry": { "type": "Point", "coordinates": [ -77.0536195, 38.9224673 ] } },
{ "type": "Feature", "properties": { "element": "node", "id": 5424458175, "name": "Flavorture", "amenity": "restaurant", "cuisine": "american" }, "geometry": { "type": "Point", "coordinates": [ -77.0524508, 38.9240686 ] } },
{ "type": "Feature", "properties": { "element": "node", "id": 5440076131, "name": "Firehook Bakery", "amenity": "cafe", "cuisine": "coffee_shop" }, "geometry": { "type": "Point", "coordinates": [ -77.0191825, 38.8941718 ] } },
{ "type": "Feature", "properties": { "element": "node", "id": 5469811110, "name": "Pret A Manger", "amenity": "fast_food", "cuisine": "sandwich" }, "geometry": { "type": "Point", "coordinates": [ -77.0420293, 38.9015652 ] } },
{ "type": "Feature", "properties": { "element": "node", "id": 5470145521, "name": "RARE Steaks & Seafood", "amenity": "restaurant", "cuisine": "seafood;steak_house" }, "geometry": { "type": "Point", "coordinates": [ -77.0358052, 38.901499 ] } },
{ "type": "Feature", "properties": { "element": "node", "id": 5471097524, "name": "Fossette Focacceria", "amenity": "cafe", "cuisine": "sandwich;italian" }, "geometry": { "type": "Point", "coordinates": [ -77.0241748, 38.9068413 ] } },
{ "type": "Feature", "properties": { "element": "node", "id": 5471097623, "name": "Unconventional Diner", "amenity": "restaurant", "cuisine": "american" }, "geometry": { "type": "Point", "coordinates": [ -77.0237092, 38.9062642 ] } },
{ "type": "Feature", "properties": { "element": "node", "id": 5471176721, "name": "Fruitive", "amenity": "restaurant", "cuisine": null }, "geometry": { "type": "Point", "coordinates": [ -77.0268134, 38.9002466 ] } },
{ "type": "Feature", "properties": { "element": "node", "id": 5501816623, "name": "Compass Coffee", "amenity": "cafe", "cuisine": "coffee_shop" }, "geometry": { "type": "Point", "coordinates": [ -77.0212246, 38.897158 ] } },
{ "type": "Feature", "properties": { "element": "node", "id": 5528426790, "name": "Ellē", "amenity": "cafe", "cuisine": null }, "geometry": { "type": "Point", "coordinates": [ -77.038384, 38.9318723 ] } },
{ "type": "Feature", "properties": { "element": "node", "id": 5538928666, "name": "Popeyes", "amenity": "fast_food", "cuisine": "chicken" }, "geometry": { "type": "Point", "coordinates": [ -76.9971165, 38.8449089 ] } },
{ "type": "Feature", "properties": { "element": "node", "id": 5552617677, "name": "Flippin' Pizza", "amenity": "fast_food", "cuisine": "pizza" }, "geometry": { "type": "Point", "coordinates": [ -77.0292615, 38.8839835 ] } },
{ "type": "Feature", "properties": { "element": "node", "id": 5562953578, "name": "Museum Café", "amenity": "cafe", "cuisine": null }, "geometry": { "type": "Point", "coordinates": [ -77.0334092, 38.8870501 ] } },
{ "type": "Feature", "properties": { "element": "node", "id": 5564450313, "name": "Starbucks", "amenity": "cafe", "cuisine": "coffee_shop" }, "geometry": { "type": "Point", "coordinates": [ -77.0152593, 38.9748006 ] } },
{ "type": "Feature", "properties": { "element": "node", "id": 5569778490, "name": null, "amenity": "fast_food", "cuisine": null }, "geometry": { "type": "Point", "coordinates": [ -77.0346876, 38.8948347 ] } },
{ "type": "Feature", "properties": { "element": "node", "id": 5569806756, "name": "Qdoba", "amenity": "fast_food", "cuisine": "mexican" }, "geometry": { "type": "Point", "coordinates": [ -77.0264438, 38.8962937 ] } },
{ "type": "Feature", "properties": { "element": "node", "id": 5569882137, "name": "Han Palace", "amenity": "restaurant", "cuisine": "chinese;dim_sum" }, "geometry": { "type": "Point", "coordinates": [ -77.0519846, 38.9249642 ] } },
{ "type": "Feature", "properties": { "element": "node", "id": 5569923921, "name": "Potbelly", "amenity": "fast_food", "cuisine": "sandwich" }, "geometry": { "type": "Point", "coordinates": [ -77.0272566, 38.8971613 ] } },
{ "type": "Feature", "properties": { "element": "node", "id": 5569928684, "name": "Mi Vida", "amenity": "restaurant", "cuisine": "mexican" }, "geometry": { "type": "Point", "coordinates": [ -77.0257966, 38.8799 ] } },
{ "type": "Feature", "properties": { "element": "node", "id": 5647839155, "name": "Daikaya Ramen", "amenity": "restaurant", "cuisine": "japanese" }, "geometry": { "type": "Point", "coordinates": [ -77.0197074, 38.8985926 ] } },
{ "type": "Feature", "properties": { "element": "node", "id": 5667786572, "name": "Ottoman Taverna", "amenity": "restaurant", "cuisine": "turkish" }, "geometry": { "type": "Point", "coordinates": [ -77.0163471, 38.9016723 ] } },
{ "type": "Feature", "properties": { "element": "node", "id": 5705651678, "name": "Panera Bread", "amenity": "fast_food", "cuisine": "sandwich;bakery" }, "geometry": { "type": "Point", "coordinates": [ -77.0138434, 38.92945 ] } },
{ "type": "Feature", "properties": { "element": "node", "id": 5715721707, "name": "All Purpose", "amenity": "restaurant", "cuisine": "pizza" }, "geometry": { "type": "Point", "coordinates": [ -77.0066318, 38.8711005 ] } },
{ "type": "Feature", "properties": { "element": "node", "id": 5729308835, "name": "El Techo", "amenity": "restaurant", "cuisine": "mexican" }, "geometry": { "type": "Point", "coordinates": [ -77.0203882, 38.9153807 ] } },
{ "type": "Feature", "properties": { "element": "node", "id": 5745610958, "name": "ilili", "amenity": "restaurant", "cuisine": "lebanese" }, "geometry": { "type": "Point", "coordinates": [ -77.025522, 38.879792 ] } },
{ "type": "Feature", "properties": { "element": "node", "id": 5790965454, "name": "Blue Bottle Coffee", "amenity": "cafe", "cuisine": "coffee_shop" }, "geometry": { "type": "Point", "coordinates": [ -77.0063495, 38.8975962 ] } },
{ "type": "Feature", "properties": { "element": "node", "id": 5879115485, "name": "Bindaas", "amenity": "restaurant", "cuisine": "indian" }, "geometry": { "type": "Point", "coordinates": [ -77.0451591, 38.9005129 ] } },
{ "type": "Feature", "properties": { "element": "node", "id": 5882368161, "name": "The Hamilton", "amenity": "restaurant", "cuisine": null }, "geometry": { "type": "Point", "coordinates": [ -77.0322785, 38.8975571 ] } },
{ "type": "Feature", "properties": { "element": "node", "id": 5885112969, "name": "Nicoletta Pizzeria", "amenity": "restaurant", "cuisine": "pizza" }, "geometry": { "type": "Point", "coordinates": [ -77.0015784, 38.8728462 ] } },
{ "type": "Feature", "properties": { "element": "node", "id": 5885121676, "name": "Bammy's", "amenity": "restaurant", "cuisine": "caribbean" }, "geometry": { "type": "Point", "coordinates": [ -77.0015347, 38.8732834 ] } },
{ "type": "Feature", "properties": { "element": "node", "id": 5910504842, "name": "Subway", "amenity": "fast_food", "cuisine": "sandwich" }, "geometry": { "type": "Point", "coordinates": [ -77.0792762, 38.9476562 ] } },
{ "type": "Feature", "properties": { "element": "node", "id": 5912978937, "name": "South Block", "amenity": "cafe", "cuisine": "juice;smoothie;coffee;açaí" }, "geometry": { "type": "Point", "coordinates": [ -77.0636424, 38.9038462 ] } },
{ "type": "Feature", "properties": { "element": "node", "id": 5912994000, "name": "South Block", "amenity": "cafe", "cuisine": "juice;smoothie;coffee;açaí" }, "geometry": { "type": "Point", "coordinates": [ -76.9972967, 38.9086126 ] } },
{ "type": "Feature", "properties": { "element": "node", "id": 5915043248, "name": "South Block", "amenity": "fast_food", "cuisine": "juice" }, "geometry": { "type": "Point", "coordinates": [ -77.0797807, 38.9486029 ] } },
{ "type": "Feature", "properties": { "element": "node", "id": 5918548109, "name": "Five Guys", "amenity": "fast_food", "cuisine": "burger" }, "geometry": { "type": "Point", "coordinates": [ -77.0015689, 38.9587841 ] } },
{ "type": "Feature", "properties": { "element": "node", "id": 5918548110, "name": "Subway", "amenity": "fast_food", "cuisine": "sandwich" }, "geometry": { "type": "Point", "coordinates": [ -77.0016547, 38.9586632 ] } },
{ "type": "Feature", "properties": { "element": "node", "id": 5924363638, "name": "Pinstripes", "amenity": "restaurant", "cuisine": "italian" }, "geometry": { "type": "Point", "coordinates": [ -77.0633626, 38.9044365 ] } },
{ "type": "Feature", "properties": { "element": "node", "id": 5939762550, "name": "Wolfgang Puck Bar + Bites", "amenity": "restaurant", "cuisine": null }, "geometry": { "type": "Point", "coordinates": [ -77.0069632, 38.8979299 ] } },
{ "type": "Feature", "properties": { "element": "node", "id": 5966908448, "name": "Sushi Sato", "amenity": "restaurant", "cuisine": "japanese" }, "geometry": { "type": "Point", "coordinates": [ -76.9887013, 38.9000423 ] } },
{ "type": "Feature", "properties": { "element": "node", "id": 6026128300, "name": "Oxford Cafe", "amenity": "cafe", "cuisine": null }, "geometry": { "type": "Point", "coordinates": [ -77.0396413, 38.9054811 ] } },
{ "type": "Feature", "properties": { "element": "node", "id": 6035726812, "name": "Panda Express", "amenity": "fast_food", "cuisine": "chinese" }, "geometry": { "type": "Point", "coordinates": [ -76.9527588, 38.9204717 ] } },
{ "type": "Feature", "properties": { "element": "node", "id": 6035726816, "name": "Starbucks", "amenity": "cafe", "cuisine": "coffee_shop" }, "geometry": { "type": "Point", "coordinates": [ -76.9527748, 38.9202526 ] } },
{ "type": "Feature", "properties": { "element": "node", "id": 6035726817, "name": "Jersey Mike's Subs", "amenity": "fast_food", "cuisine": "sandwich" }, "geometry": { "type": "Point", "coordinates": [ -76.9527238, 38.9205801 ] } },
{ "type": "Feature", "properties": { "element": "node", "id": 6111329688, "name": "Pizzeria Paradiso", "amenity": "restaurant", "cuisine": "pizza" }, "geometry": { "type": "Point", "coordinates": [ -77.0958136, 38.9447893 ] } },
{ "type": "Feature", "properties": { "element": "node", "id": 6119791225, "name": "Little Beast", "amenity": "restaurant", "cuisine": "pizza" }, "geometry": { "type": "Point", "coordinates": [ -77.0759738, 38.9650728 ] } },
{ "type": "Feature", "properties": { "element": "node", "id": 6122137185, "name": "Afro Lounge", "amenity": "restaurant", "cuisine": null }, "geometry": { "type": "Point", "coordinates": [ -77.0243341, 38.9349181 ] } },
{ "type": "Feature", "properties": { "element": "node", "id": 6129167981, "name": "Grand China Carry Out", "amenity": "restaurant", "cuisine": "chinese" }, "geometry": { "type": "Point", "coordinates": [ -77.0094554, 38.8759829 ] } },
{ "type": "Feature", "properties": { "element": "node", "id": 6141231918, "name": "Yard House", "amenity": "restaurant", "cuisine": "american" }, "geometry": { "type": "Point", "coordinates": [ -77.022131, 38.9007127 ] } },
{ "type": "Feature", "properties": { "element": "node", "id": 6171656559, "name": "Guapo's", "amenity": "restaurant", "cuisine": "mexican" }, "geometry": { "type": "Point", "coordinates": [ -77.0603402, 38.9016585 ] } },
{ "type": "Feature", "properties": { "element": "node", "id": 6232229113, "name": "Mikko", "amenity": "cafe", "cuisine": "nordic" }, "geometry": { "type": "Point", "coordinates": [ -77.0379657, 38.9124702 ] } },
{ "type": "Feature", "properties": { "element": "node", "id": 6234257106, "name": "Bua Thai", "amenity": "restaurant", "cuisine": "thai" }, "geometry": { "type": "Point", "coordinates": [ -77.0380493, 38.9098022 ] } },
{ "type": "Feature", "properties": { "element": "node", "id": 6234257107, "name": "Protest Pizza", "amenity": "restaurant", "cuisine": "pizza" }, "geometry": { "type": "Point", "coordinates": [ -77.0379745, 38.9098007 ] } },
{ "type": "Feature", "properties": { "element": "node", "id": 6234257111, "name": "Milk Bar", "amenity": "cafe", "cuisine": null }, "geometry": { "type": "Point", "coordinates": [ -77.0342026, 38.9105691 ] } },
{ "type": "Feature", "properties": { "element": "node", "id": 6268993011, "name": "Caseys Coffee", "amenity": "fast_food", "cuisine": null }, "geometry": { "type": "Point", "coordinates": [ -77.0070241, 38.8999696 ] } },
{ "type": "Feature", "properties": { "element": "node", "id": 6285348588, "name": "Yeung Fong", "amenity": "fast_food", "cuisine": "chinese" }, "geometry": { "type": "Point", "coordinates": [ -77.0088151, 38.912748 ] } },
{ "type": "Feature", "properties": { "element": "node", "id": 6294536235, "name": "Subway", "amenity": "fast_food", "cuisine": "sandwich" }, "geometry": { "type": "Point", "coordinates": [ -77.0508865, 38.9010971 ] } },
{ "type": "Feature", "properties": { "element": "node", "id": 6299710951, "name": "Bresca", "amenity": "restaurant", "cuisine": "french" }, "geometry": { "type": "Point", "coordinates": [ -77.0321871, 38.9157574 ] } },
{ "type": "Feature", "properties": { "element": "node", "id": 6300458085, "name": "Sushi Nakazawa", "amenity": "restaurant", "cuisine": "sushi" }, "geometry": { "type": "Point", "coordinates": [ -77.0275905, 38.8936618 ] } },
{ "type": "Feature", "properties": { "element": "node", "id": 6300462567, "name": "Pineapple and Pearls", "amenity": "restaurant", "cuisine": "american" }, "geometry": { "type": "Point", "coordinates": [ -76.9952133, 38.8807042 ] } },
{ "type": "Feature", "properties": { "element": "node", "id": 6300462568, "name": "Little Pearl", "amenity": "restaurant", "cuisine": "american" }, "geometry": { "type": "Point", "coordinates": [ -76.9935557, 38.8831074 ] } },
{ "type": "Feature", "properties": { "element": "node", "id": 6300463094, "name": "Centrolina", "amenity": "restaurant", "cuisine": "italian" }, "geometry": { "type": "Point", "coordinates": [ -77.0253878, 38.9002832 ] } },
{ "type": "Feature", "properties": { "element": "node", "id": 6300470657, "name": "Chloe", "amenity": "restaurant", "cuisine": "american" }, "geometry": { "type": "Point", "coordinates": [ -77.0007559, 38.8746763 ] } },
{ "type": "Feature", "properties": { "element": "node", "id": 6302439536, "name": "Maydan", "amenity": "restaurant", "cuisine": "middle_eastern" }, "geometry": { "type": "Point", "coordinates": [ -77.0311988, 38.9199398 ] } },
{ "type": "Feature", "properties": { "element": "node", "id": 6343959910, "name": "Supra", "amenity": "restaurant", "cuisine": "georgian" }, "geometry": { "type": "Point", "coordinates": [ -77.0268073, 38.9059727 ] } },
{ "type": "Feature", "properties": { "element": "node", "id": 6363642701, "name": "Circa", "amenity": "restaurant", "cuisine": "american" }, "geometry": { "type": "Point", "coordinates": [ -77.0061673, 38.876294 ] } },
{ "type": "Feature", "properties": { "element": "node", "id": 6363642702, "name": "Él Bebe", "amenity": "restaurant", "cuisine": "mexican;tacos" }, "geometry": { "type": "Point", "coordinates": [ -77.0061527, 38.8760746 ] } },
{ "type": "Feature", "properties": { "element": "node", "id": 6363672681, "name": "Wiseguy Pizza", "amenity": "restaurant", "cuisine": "pizza" }, "geometry": { "type": "Point", "coordinates": [ -77.0032058, 38.877119 ] } },
{ "type": "Feature", "properties": { "element": "node", "id": 6367809955, "name": "Taco City DC", "amenity": "restaurant", "cuisine": "mexican" }, "geometry": { "type": "Point", "coordinates": [ -76.9947361, 38.8773163 ] } },
{ "type": "Feature", "properties": { "element": "node", "id": 6367809956, "name": "Las Placitas", "amenity": "restaurant", "cuisine": "latin_american" }, "geometry": { "type": "Point", "coordinates": [ -76.994734, 38.877374 ] } },
{ "type": "Feature", "properties": { "element": "node", "id": 6372800503, "name": "Zepplin", "amenity": "restaurant", "cuisine": "sushi" }, "geometry": { "type": "Point", "coordinates": [ -77.0241339, 38.9109672 ] } },
{ "type": "Feature", "properties": { "element": "node", "id": 6372830487, "name": "American Son", "amenity": "restaurant", "cuisine": "american" }, "geometry": { "type": "Point", "coordinates": [ -77.0286062, 38.9027882 ] } },
{ "type": "Feature", "properties": { "element": "node", "id": 6374435194, "name": "Gravitas", "amenity": "restaurant", "cuisine": "american" }, "geometry": { "type": "Point", "coordinates": [ -76.9843765, 38.9144796 ] } },
{ "type": "Feature", "properties": { "element": "node", "id": 6374807930, "name": "Compass Coffee", "amenity": "cafe", "cuisine": "coffee_shop" }, "geometry": { "type": "Point", "coordinates": [ -77.0634595, 38.9079147 ] } },
{ "type": "Feature", "properties": { "element": "node", "id": 6376651245, "name": "Gregorys Coffee", "amenity": "cafe", "cuisine": null }, "geometry": { "type": "Point", "coordinates": [ -77.0046575, 38.8768949 ] } },
{ "type": "Feature", "properties": { "element": "node", "id": 6377143127, "name": null, "amenity": "restaurant", "cuisine": null }, "geometry": { "type": "Point", "coordinates": [ -77.0484468, 38.9016687 ] } },
{ "type": "Feature", "properties": { "element": "node", "id": 6381044717, "name": "Chopt", "amenity": "fast_food", "cuisine": "salad" }, "geometry": { "type": "Point", "coordinates": [ -77.040419, 38.898905 ] } },
{ "type": "Feature", "properties": { "element": "node", "id": 6381044718, "name": "Starbucks", "amenity": "cafe", "cuisine": "coffee_shop" }, "geometry": { "type": "Point", "coordinates": [ -77.0402607, 38.898857 ] } },
{ "type": "Feature", "properties": { "element": "node", "id": 6381044721, "name": "Naan & Beyond", "amenity": "cafe", "cuisine": "indian" }, "geometry": { "type": "Point", "coordinates": [ -77.0400891, 38.8987923 ] } },
{ "type": "Feature", "properties": { "element": "node", "id": 6381044724, "name": "Jimmy John's", "amenity": "fast_food", "cuisine": "sandwich" }, "geometry": { "type": "Point", "coordinates": [ -77.0402768, 38.8993455 ] } },
{ "type": "Feature", "properties": { "element": "node", "id": 6381664023, "name": "Duke's Grocery", "amenity": "restaurant", "cuisine": null }, "geometry": { "type": "Point", "coordinates": [ -77.0457822, 38.9005101 ] } },
{ "type": "Feature", "properties": { "element": "node", "id": 6381664025, "name": "Laoban Dumpling", "amenity": "fast_food", "cuisine": null }, "geometry": { "type": "Point", "coordinates": [ -77.0460719, 38.9002931 ] } },
{ "type": "Feature", "properties": { "element": "node", "id": 6381973776, "name": "Sushi Express", "amenity": "restaurant", "cuisine": "japanese" }, "geometry": { "type": "Point", "coordinates": [ -77.0445094, 38.9020434 ] } },
{ "type": "Feature", "properties": { "element": "node", "id": 6381973780, "name": "Jetties", "amenity": "restaurant", "cuisine": "sandwich;salad;soup" }, "geometry": { "type": "Point", "coordinates": [ -77.0444235, 38.9014757 ] } },
{ "type": "Feature", "properties": { "element": "node", "id": 6381973783, "name": "Ahra Cafe", "amenity": "cafe", "cuisine": null }, "geometry": { "type": "Point", "coordinates": [ -77.0460328, 38.9022814 ] } },
{ "type": "Feature", "properties": { "element": "node", "id": 6381975188, "name": "Kaz Sushi", "amenity": "restaurant", "cuisine": "japanese" }, "geometry": { "type": "Point", "coordinates": [ -77.0442894, 38.9014997 ] } },
{ "type": "Feature", "properties": { "element": "node", "id": 6381980764, "name": "Compass Coffee", "amenity": "cafe", "cuisine": "coffee_shop" }, "geometry": { "type": "Point", "coordinates": [ -77.0959912, 38.9449265 ] } },
{ "type": "Feature", "properties": { "element": "node", "id": 6382047470, "name": "Toryumon Japanese House", "amenity": "restaurant", "cuisine": "japanese" }, "geometry": { "type": "Point", "coordinates": [ -77.0436752, 38.9007002 ] } },
{ "type": "Feature", "properties": { "element": "node", "id": 6382047473, "name": "Shawarma District", "amenity": "restaurant", "cuisine": "mediterranean" }, "geometry": { "type": "Point", "coordinates": [ -77.0418862, 38.9009882 ] } },
{ "type": "Feature", "properties": { "element": "node", "id": 6382326938, "name": "Einstein Bros. Bagels", "amenity": "fast_food", "cuisine": "bagel" }, "geometry": { "type": "Point", "coordinates": [ -77.071082, 38.9201061 ] } },
{ "type": "Feature", "properties": { "element": "node", "id": 6399814685, "name": "Sbarro", "amenity": "fast_food", "cuisine": "pizza" }, "geometry": { "type": "Point", "coordinates": [ -77.0519763, 38.9318989 ] } },
{ "type": "Feature", "properties": { "element": "node", "id": 6402934444, "name": "The Hill Cafe", "amenity": "cafe", "cuisine": "coffee_shop;breakfast;sandwich" }, "geometry": { "type": "Point", "coordinates": [ -76.983468, 38.891069 ] } },
{ "type": "Feature", "properties": { "element": "node", "id": 6418020977, "name": "Domino's", "amenity": "fast_food", "cuisine": "pizza" }, "geometry": { "type": "Point", "coordinates": [ -77.0720471, 38.9207421 ] } },
{ "type": "Feature", "properties": { "element": "node", "id": 6432368407, "name": "Lucille's Modern Chophouse", "amenity": "restaurant", "cuisine": "belgian" }, "geometry": { "type": "Point", "coordinates": [ -77.009805, 38.8962758 ] } },
{ "type": "Feature", "properties": { "element": "node", "id": 6432768814, "name": "Taqueria Los Pérez", "amenity": "restaurant", "cuisine": "mexican" }, "geometry": { "type": "Point", "coordinates": [ -76.9867763, 38.9003505 ] } },
{ "type": "Feature", "properties": { "element": "node", "id": 6445938286, "name": "China Boy", "amenity": "restaurant", "cuisine": "chinese" }, "geometry": { "type": "Point", "coordinates": [ -77.0196987, 38.9003772 ] } },
{ "type": "Feature", "properties": { "element": "node", "id": 6445938289, "name": "Grace Street Coffee Roasters", "amenity": "cafe", "cuisine": "coffee_shop" }, "geometry": { "type": "Point", "coordinates": [ -77.0634327, 38.9037778 ] } },
{ "type": "Feature", "properties": { "element": "node", "id": 6445938290, "name": "La Colombe Coffee Roasters", "amenity": "cafe", "cuisine": "coffee_shop" }, "geometry": { "type": "Point", "coordinates": [ -77.0201198, 38.9010699 ] } },
{ "type": "Feature", "properties": { "element": "node", "id": 6445990485, "name": "La Colombe Coffee Roasters", "amenity": "cafe", "cuisine": "coffee_shop" }, "geometry": { "type": "Point", "coordinates": [ -77.0400843, 38.901185 ] } },
{ "type": "Feature", "properties": { "element": "node", "id": 6446015828, "name": "&pizza", "amenity": "fast_food", "cuisine": "pizza" }, "geometry": { "type": "Point", "coordinates": [ -77.0061537, 38.8977864 ] } },
{ "type": "Feature", "properties": { "element": "node", "id": 6446015829, "name": "&pizza", "amenity": "fast_food", "cuisine": "pizza" }, "geometry": { "type": "Point", "coordinates": [ -77.0105227, 38.887107 ] } },
{ "type": "Feature", "properties": { "element": "node", "id": 6446018712, "name": "Andy’s Pizza", "amenity": "fast_food", "cuisine": "pizza" }, "geometry": { "type": "Point", "coordinates": [ -77.0422585, 38.9221296 ] } },
{ "type": "Feature", "properties": { "element": "node", "id": 6446018713, "name": "&pizza", "amenity": "fast_food", "cuisine": "pizza" }, "geometry": { "type": "Point", "coordinates": [ -77.0223048, 38.8999554 ] } },
{ "type": "Feature", "properties": { "element": "node", "id": 6446060986, "name": "Simply Banh Mi", "amenity": "restaurant", "cuisine": "vietnamese" }, "geometry": { "type": "Point", "coordinates": [ -77.0656624, 38.911451 ] } },
{ "type": "Feature", "properties": { "element": "node", "id": 6463565101, "name": "Blue Bottle Coffee", "amenity": "cafe", "cuisine": "coffee_shop" }, "geometry": { "type": "Point", "coordinates": [ -77.0350939, 38.9043295 ] } },
{ "type": "Feature", "properties": { "element": "node", "id": 6484540810, "name": "Grazie Grazie", "amenity": "fast_food", "cuisine": "sandwich" }, "geometry": { "type": "Point", "coordinates": [ -77.02534, 38.87961 ] } },
{ "type": "Feature", "properties": { "element": "node", "id": 6505132285, "name": "O-Ku", "amenity": "restaurant", "cuisine": "sushi" }, "geometry": { "type": "Point", "coordinates": [ -76.9986342, 38.9082001 ] } },
{ "type": "Feature", "properties": { "element": "node", "id": 6553791695, "name": "Bluestone Lane", "amenity": "cafe", "cuisine": "coffee_shop" }, "geometry": { "type": "Point", "coordinates": [ -77.0357451, 38.9077464 ] } },
{ "type": "Feature", "properties": { "element": "node", "id": 6563927173, "name": "The Capital Burger", "amenity": "restaurant", "cuisine": "burger" }, "geometry": { "type": "Point", "coordinates": [ -77.021713, 38.9031803 ] } },
{ "type": "Feature", "properties": { "element": "node", "id": 6582918423, "name": "Taqueria Distrito Federal", "amenity": "restaurant", "cuisine": "mexican" }, "geometry": { "type": "Point", "coordinates": [ -77.024451, 38.95646 ] } },
{ "type": "Feature", "properties": { "element": "node", "id": 6602819983, "name": "Le Pain Quotidien", "amenity": "cafe", "cuisine": "coffee_shop" }, "geometry": { "type": "Point", "coordinates": [ -77.0258161, 38.8975099 ] } },
{ "type": "Feature", "properties": { "element": "node", "id": 6641909872, "name": "MXDC Cocina Mexicana", "amenity": "restaurant", "cuisine": "mexican" }, "geometry": { "type": "Point", "coordinates": [ -77.0322055, 38.8976883 ] } },
{ "type": "Feature", "properties": { "element": "node", "id": 6652994062, "name": "Aloha Pokē Co", "amenity": "fast_food", "cuisine": "poke" }, "geometry": { "type": "Point", "coordinates": [ -77.0432051, 38.9080843 ] } },
{ "type": "Feature", "properties": { "element": "node", "id": 6655157121, "name": "Mission", "amenity": "restaurant", "cuisine": "mexican" }, "geometry": { "type": "Point", "coordinates": [ -77.008348, 38.8748669 ] } },
{ "type": "Feature", "properties": { "element": "node", "id": 6670537792, "name": "Sonny's Pizza", "amenity": "restaurant", "cuisine": "pizza" }, "geometry": { "type": "Point", "coordinates": [ -77.0235746, 38.9296761 ] } },
{ "type": "Feature", "properties": { "element": "node", "id": 6689841248, "name": "Bandit Taco", "amenity": "fast_food", "cuisine": "mexican" }, "geometry": { "type": "Point", "coordinates": [ -77.0371928, 38.9166496 ] } },
{ "type": "Feature", "properties": { "element": "node", "id": 6696088992, "name": "Smoothie King", "amenity": "fast_food", "cuisine": "juice" }, "geometry": { "type": "Point", "coordinates": [ -77.0116805, 38.9003954 ] } },
{ "type": "Feature", "properties": { "element": "node", "id": 6699525423, "name": "Alero", "amenity": "restaurant", "cuisine": "mexican" }, "geometry": { "type": "Point", "coordinates": [ -77.045996, 38.913404 ] } },
{ "type": "Feature", "properties": { "element": "node", "id": 6779956808, "name": "Stellina Pizzeria", "amenity": "restaurant", "cuisine": "pizza" }, "geometry": { "type": "Point", "coordinates": [ -77.0002859, 38.9078178 ] } },
{ "type": "Feature", "properties": { "element": "node", "id": 6804372712, "name": "Jamba", "amenity": "fast_food", "cuisine": "juice" }, "geometry": { "type": "Point", "coordinates": [ -77.0056951, 38.8978477 ] } },
{ "type": "Feature", "properties": { "element": "node", "id": 6806830623, "name": "Gregorys Coffee", "amenity": "cafe", "cuisine": "coffee_shop" }, "geometry": { "type": "Point", "coordinates": [ -77.0398593, 38.9039933 ] } },
{ "type": "Feature", "properties": { "element": "node", "id": 6864551688, "name": "Dupont Coffee Collective", "amenity": "cafe", "cuisine": "coffee_shop" }, "geometry": { "type": "Point", "coordinates": [ -77.0437646, 38.9112667 ] } },
{ "type": "Feature", "properties": { "element": "node", "id": 6865047529, "name": "Shemali's Cafe", "amenity": "restaurant", "cuisine": "lebanese" }, "geometry": { "type": "Point", "coordinates": [ -77.0853771, 38.933587 ] } },
{ "type": "Feature", "properties": { "element": "node", "id": 6865284478, "name": "Capital One Cafe", "amenity": "cafe", "cuisine": "coffee_shop;tea" }, "geometry": { "type": "Point", "coordinates": [ -77.0626233, 38.9050387 ] } },
{ "type": "Feature", "properties": { "element": "node", "id": 6867618734, "name": "Laos in Town", "amenity": "restaurant", "cuisine": "lao" }, "geometry": { "type": "Point", "coordinates": [ -77.0023295, 38.9028013 ] } },
{ "type": "Feature", "properties": { "element": "node", "id": 6933358286, "name": "Murphy’s Grill", "amenity": "restaurant", "cuisine": "american" }, "geometry": { "type": "Point", "coordinates": [ -76.9984803, 38.935518 ] } },
{ "type": "Feature", "properties": { "element": "node", "id": 6942961844, "name": "Izumi", "amenity": "restaurant", "cuisine": "japanese;sushi;ramen" }, "geometry": { "type": "Point", "coordinates": [ -77.043138, 38.921784 ] } },
{ "type": "Feature", "properties": { "element": "node", "id": 6942964448, "name": "Villa Tuscana", "amenity": "restaurant", "cuisine": "italian" }, "geometry": { "type": "Point", "coordinates": [ -77.04006, 38.924711 ] } },
{ "type": "Feature", "properties": { "element": "node", "id": 6942964449, "name": "New York Grill", "amenity": "fast_food", "cuisine": "middle_eastern;american" }, "geometry": { "type": "Point", "coordinates": [ -77.040989, 38.9235621 ] } },
{ "type": "Feature", "properties": { "element": "node", "id": 6943096187, "name": "Pitango", "amenity": "cafe", "cuisine": null }, "geometry": { "type": "Point", "coordinates": [ -77.0437906, 38.9214078 ] } },
{ "type": "Feature", "properties": { "element": "node", "id": 6960492398, "name": "Lavazza", "amenity": "cafe", "cuisine": "coffee_shop" }, "geometry": { "type": "Point", "coordinates": [ -77.071778, 38.920164 ] } },
{ "type": "Feature", "properties": { "element": "node", "id": 6983909604, "name": "Moge Tee", "amenity": "cafe", "cuisine": "bubble_tea" }, "geometry": { "type": "Point", "coordinates": [ -77.0725881, 38.9216576 ] } },
{ "type": "Feature", "properties": { "element": "node", "id": 7004857399, "name": "Aladdin Kitchen", "amenity": "cafe", "cuisine": null }, "geometry": { "type": "Point", "coordinates": [ -77.0413379, 38.9167222 ] } },
{ "type": "Feature", "properties": { "element": "node", "id": 7004857400, "name": "The Amazing Chicken Paradise", "amenity": "fast_food", "cuisine": "chicken" }, "geometry": { "type": "Point", "coordinates": [ -77.0418675, 38.9173088 ] } },
{ "type": "Feature", "properties": { "element": "node", "id": 7004857401, "name": "Eastern Carry Out", "amenity": "fast_food", "cuisine": "chinese" }, "geometry": { "type": "Point", "coordinates": [ -77.0413974, 38.9167067 ] } },
{ "type": "Feature", "properties": { "element": "node", "id": 7004857402, "name": "Duccini Pizza", "amenity": "fast_food", "cuisine": "pizza" }, "geometry": { "type": "Point", "coordinates": [ -77.0412232, 38.9167771 ] } },
{ "type": "Feature", "properties": { "element": "node", "id": 7004870922, "name": "La Grotta", "amenity": "restaurant", "cuisine": "italian" }, "geometry": { "type": "Point", "coordinates": [ -77.0414905, 38.9199988 ] } },
{ "type": "Feature", "properties": { "element": "node", "id": 7061209609, "name": "Compass Coffee", "amenity": "cafe", "cuisine": "coffee_shop" }, "geometry": { "type": "Point", "coordinates": [ -77.021719, 38.9106166 ] } },
{ "type": "Feature", "properties": { "element": "node", "id": 7087302130, "name": "Panera Bread", "amenity": "fast_food", "cuisine": "sandwich;bakery" }, "geometry": { "type": "Point", "coordinates": [ -77.044369, 38.9107296 ] } },
{ "type": "Feature", "properties": { "element": "node", "id": 7099076613, "name": "Muncheez", "amenity": "fast_food", "cuisine": "lebanese" }, "geometry": { "type": "Point", "coordinates": [ -77.0626169, 38.9046202 ] } },
{ "type": "Feature", "properties": { "element": "node", "id": 7099076614, "name": "Bluestone Lane", "amenity": "cafe", "cuisine": null }, "geometry": { "type": "Point", "coordinates": [ -77.0630112, 38.9047392 ] } },
{ "type": "Feature", "properties": { "element": "node", "id": 7099076615, "name": "Paul", "amenity": "cafe", "cuisine": null }, "geometry": { "type": "Point", "coordinates": [ -77.0629938, 38.9048341 ] } },
{ "type": "Feature", "properties": { "element": "node", "id": 7107886167, "name": "Sfoglina", "amenity": "restaurant", "cuisine": "italian" }, "geometry": { "type": "Point", "coordinates": [ -77.0647343, 38.9466832 ] } },
{ "type": "Feature", "properties": { "element": "node", "id": 7107984798, "name": "Call Your Mother", "amenity": "fast_food", "cuisine": "bagel" }, "geometry": { "type": "Point", "coordinates": [ -77.0700068, 38.9558526 ] } },
{ "type": "Feature", "properties": { "element": "node", "id": 7107984800, "name": "I’m Eddie Cano", "amenity": "restaurant", "cuisine": "italian" }, "geometry": { "type": "Point", "coordinates": [ -77.0702019, 38.955208 ] } },
{ "type": "Feature", "properties": { "element": "node", "id": 7110695232, "name": "Nando's", "amenity": "restaurant", "cuisine": "chicken;portuguese" }, "geometry": { "type": "Point", "coordinates": [ -77.0517738, 38.9244763 ] } },
{ "type": "Feature", "properties": { "element": "node", "id": 7110695233, "name": "Rose Ave Bakery", "amenity": "cafe", "cuisine": "asian;american" }, "geometry": { "type": "Point", "coordinates": [ -77.0517705, 38.9245432 ] } },
{ "type": "Feature", "properties": { "element": "node", "id": 7110759710, "name": "Chipotle", "amenity": "fast_food", "cuisine": "mexican" }, "geometry": { "type": "Point", "coordinates": [ -76.9965053, 38.9321718 ] } },
{ "type": "Feature", "properties": { "element": "node", "id": 7168224178, "name": "Pisco y Nazca", "amenity": "restaurant", "cuisine": "peruvian" }, "geometry": { "type": "Point", "coordinates": [ -77.0426358, 38.9038913 ] } },
{ "type": "Feature", "properties": { "element": "node", "id": 7175318333, "name": "Anafre", "amenity": "restaurant", "cuisine": "mexican" }, "geometry": { "type": "Point", "coordinates": [ -77.0330048, 38.9374187 ] } },
{ "type": "Feature", "properties": { "element": "node", "id": 7175541471, "name": "Letena", "amenity": "restaurant", "cuisine": "ethiopian" }, "geometry": { "type": "Point", "coordinates": [ -77.0334834, 38.9303761 ] } },
{ "type": "Feature", "properties": { "element": "node", "id": 7259754048, "name": "Ruth's Chris Steak House", "amenity": "restaurant", "cuisine": "american;steak_house" }, "geometry": { "type": "Point", "coordinates": [ -77.04639, 38.9035857 ] } },
{ "type": "Feature", "properties": { "element": "node", "id": 7259771993, "name": "Atrium Cafe", "amenity": "fast_food", "cuisine": "sandwich" }, "geometry": { "type": "Point", "coordinates": [ -77.0287398, 38.9015725 ] } },
{ "type": "Feature", "properties": { "element": "node", "id": 7287003503, "name": "Surfside", "amenity": "restaurant", "cuisine": "mexican;tex-mex" }, "geometry": { "type": "Point", "coordinates": [ -77.0775717, 38.9434246 ] } },
{ "type": "Feature", "properties": { "element": "node", "id": 7554998622, "name": "Pizza Boli's", "amenity": "fast_food", "cuisine": "pizza" }, "geometry": { "type": "Point", "coordinates": [ -77.0817746, 38.9535812 ] } },
{ "type": "Feature", "properties": { "element": "node", "id": 7620431534, "name": "FishScale", "amenity": "restaurant", "cuisine": "seafood;organic" }, "geometry": { "type": "Point", "coordinates": [ -77.0212493, 38.9161532 ] } },
{ "type": "Feature", "properties": { "element": "node", "id": 7620493521, "name": "DCity Smokehouse", "amenity": "restaurant", "cuisine": "barbecue" }, "geometry": { "type": "Point", "coordinates": [ -77.0143789, 38.9132643 ] } },
{ "type": "Feature", "properties": { "element": "node", "id": 7656869689, "name": "Madison Café", "amenity": "restaurant", "cuisine": "buffet" }, "geometry": { "type": "Point", "coordinates": [ -77.0054021, 38.8862864 ] } },
{ "type": "Feature", "properties": { "element": "node", "id": 7707982785, "name": "Carving Room NoMa", "amenity": "restaurant", "cuisine": null }, "geometry": { "type": "Point", "coordinates": [ -77.0045376, 38.9059068 ] } },
{ "type": "Feature", "properties": { "element": "node", "id": 7782851108, "name": "Elfegne", "amenity": "restaurant", "cuisine": "ethiopian" }, "geometry": { "type": "Point", "coordinates": [ -77.0424456, 38.9213247 ] } },
{ "type": "Feature", "properties": { "element": "node", "id": 7785084041, "name": "Hatoba", "amenity": "restaurant", "cuisine": "ramen" }, "geometry": { "type": "Point", "coordinates": [ -77.0009335, 38.8751232 ] } },
{ "type": "Feature", "properties": { "element": "node", "id": 7975151877, "name": "RPM Italian", "amenity": "restaurant", "cuisine": "italian" }, "geometry": { "type": "Point", "coordinates": [ -77.0212717, 38.9022647 ] } },
{ "type": "Feature", "properties": { "element": "node", "id": 8026830056, "name": "Masala Story", "amenity": "restaurant", "cuisine": "indian" }, "geometry": { "type": "Point", "coordinates": [ -76.9906911, 38.9307298 ] } },
{ "type": "Feature", "properties": { "element": "node", "id": 8122460517, "name": "Falafel Inc", "amenity": "fast_food", "cuisine": "falafel" }, "geometry": { "type": "Point", "coordinates": [ -77.0274801, 38.881432 ] } },
{ "type": "Feature", "properties": { "element": "node", "id": 8153393017, "name": "The Ministry", "amenity": "cafe", "cuisine": null }, "geometry": { "type": "Point", "coordinates": [ -77.0115048, 38.8975779 ] } },
{ "type": "Feature", "properties": { "element": "node", "id": 8155517517, "name": "Simona Cafe", "amenity": "cafe", "cuisine": null }, "geometry": { "type": "Point", "coordinates": [ -77.0074884, 38.9071073 ] } },
{ "type": "Feature", "properties": { "element": "node", "id": 8165041764, "name": "Bluestone Lane", "amenity": "cafe", "cuisine": null }, "geometry": { "type": "Point", "coordinates": [ -77.0314451, 38.912762 ] } },
{ "type": "Feature", "properties": { "element": "node", "id": 8165129737, "name": "Oh! Naan", "amenity": "restaurant", "cuisine": "indian" }, "geometry": { "type": "Point", "coordinates": [ -77.0322251, 38.9133226 ] } },
{ "type": "Feature", "properties": { "element": "node", "id": 8203806929, "name": "Oyster Oyster", "amenity": "restaurant", "cuisine": "regional;american;local" }, "geometry": { "type": "Point", "coordinates": [ -77.0230929, 38.9093521 ] } },
{ "type": "Feature", "properties": { "element": "node", "id": 8313618687, "name": "Menya Hosaki", "amenity": "restaurant", "cuisine": "ramen" }, "geometry": { "type": "Point", "coordinates": [ -77.0246849, 38.9420399 ] } },
{ "type": "Feature", "properties": { "element": "node", "id": 8370211915, "name": "Baker's Daughter", "amenity": "restaurant", "cuisine": null }, "geometry": { "type": "Point", "coordinates": [ -76.9841159, 38.9148424 ] } },
{ "type": "Feature", "properties": { "element": "node", "id": 8379503793, "name": "Mayflower Chinese Food", "amenity": "restaurant", "cuisine": "chinese" }, "geometry": { "type": "Point", "coordinates": [ -77.0790803, 38.9472869 ] } },
{ "type": "Feature", "properties": { "element": "node", "id": 8430821787, "name": null, "amenity": "fast_food", "cuisine": null }, "geometry": { "type": "Point", "coordinates": [ -77.020439, 38.887669 ] } },
{ "type": "Feature", "properties": { "element": "node", "id": 8455919901, "name": "Mâmân Joon", "amenity": "restaurant", "cuisine": "persian" }, "geometry": { "type": "Point", "coordinates": [ -77.0335287, 38.9285714 ] } },
{ "type": "Feature", "properties": { "element": "node", "id": 8566099840, "name": "Tatte Bakery & Cafe", "amenity": "cafe", "cuisine": "bakery;coffee_shop" }, "geometry": { "type": "Point", "coordinates": [ -77.0419009, 38.9074823 ] } },
{ "type": "Feature", "properties": { "element": "node", "id": 8691645323, "name": "Officina", "amenity": "restaurant", "cuisine": "italian" }, "geometry": { "type": "Point", "coordinates": [ -77.0270629, 38.8812374 ] } },
{ "type": "Feature", "properties": { "element": "node", "id": 8691887339, "name": "District Doughnut", "amenity": "fast_food", "cuisine": "donut" }, "geometry": { "type": "Point", "coordinates": [ -77.027084, 38.8809399 ] } },
{ "type": "Feature", "properties": { "element": "node", "id": 8691887340, "name": "Rappahannock Oyster Bar - Wharf", "amenity": "restaurant", "cuisine": "seafood" }, "geometry": { "type": "Point", "coordinates": [ -77.0275942, 38.8811722 ] } },
{ "type": "Feature", "properties": { "element": "node", "id": 8691887342, "name": "The Grill", "amenity": "restaurant", "cuisine": "american" }, "geometry": { "type": "Point", "coordinates": [ -77.0269404, 38.8806926 ] } },
{ "type": "Feature", "properties": { "element": "node", "id": 8691887343, "name": "Union Pie", "amenity": "fast_food", "cuisine": "pizza" }, "geometry": { "type": "Point", "coordinates": [ -77.0264991, 38.8801665 ] } },
{ "type": "Feature", "properties": { "element": "node", "id": 8691887347, "name": "Chopsmith", "amenity": "restaurant", "cuisine": "salad;sandwich;breakfast" }, "geometry": { "type": "Point", "coordinates": [ -77.0249348, 38.8800032 ] } },
{ "type": "Feature", "properties": { "element": "node", "id": 8691887348, "name": "Surfside", "amenity": "restaurant", "cuisine": "tacos" }, "geometry": { "type": "Point", "coordinates": [ -77.0250073, 38.8799257 ] } },
{ "type": "Feature", "properties": { "element": "node", "id": 8691887363, "name": "Toastique", "amenity": "cafe", "cuisine": "sandwich;smoothie;salad" }, "geometry": { "type": "Point", "coordinates": [ -77.0239523, 38.8792558 ] } },
{ "type": "Feature", "properties": { "element": "node", "id": 8691887364, "name": "Colada Shop", "amenity": "cafe", "cuisine": "coffee_shop;cuban" }, "geometry": { "type": "Point", "coordinates": [ -77.0238301, 38.8791663 ] } },
{ "type": "Feature", "properties": { "element": "node", "id": 8691887365, "name": "Lupo Marino", "amenity": "restaurant", "cuisine": "pizza;italian;italian_pizza;pasta" }, "geometry": { "type": "Point", "coordinates": [ -77.0240959, 38.8789596 ] } },
{ "type": "Feature", "properties": { "element": "node", "id": 8758932039, "name": "Subway", "amenity": "fast_food", "cuisine": "sandwich" }, "geometry": { "type": "Point", "coordinates": [ -77.0423008, 38.9222249 ] } },
{ "type": "Feature", "properties": { "element": "node", "id": 8759210477, "name": "Retrobottega", "amenity": "restaurant", "cuisine": "italian" }, "geometry": { "type": "Point", "coordinates": [ -77.0419753, 38.9214192 ] } },
{ "type": "Feature", "properties": { "element": "node", "id": 8759210478, "name": "Shibuya Eatery", "amenity": "restaurant", "cuisine": "japanese" }, "geometry": { "type": "Point", "coordinates": [ -77.0416453, 38.9202543 ] } },
{ "type": "Feature", "properties": { "element": "node", "id": 8789948629, "name": "Kilwins", "amenity": "fast_food", "cuisine": "chocolate;ice_cream;popcorn" }, "geometry": { "type": "Point", "coordinates": [ -77.0069746, 38.8748151 ] } },
{ "type": "Feature", "properties": { "element": "node", "id": 8812731251, "name": "Z Burger", "amenity": "fast_food", "cuisine": "burger" }, "geometry": { "type": "Point", "coordinates": [ -76.9927111, 38.9500341 ] } },
{ "type": "Feature", "properties": { "element": "node", "id": 8846946715, "name": "Subway", "amenity": "fast_food", "cuisine": "sandwich" }, "geometry": { "type": "Point", "coordinates": [ -76.9367912, 38.8892489 ] } },
{ "type": "Feature", "properties": { "element": "node", "id": 8846946716, "name": "Yum's Carryout", "amenity": "restaurant", "cuisine": "chinese" }, "geometry": { "type": "Point", "coordinates": [ -76.9367778, 38.8893877 ] } },
{ "type": "Feature", "properties": { "element": "node", "id": 8956355022, "name": "Starbucks", "amenity": "cafe", "cuisine": "coffee_shop" }, "geometry": { "type": "Point", "coordinates": [ -77.0335954, 38.9295838 ] } },
{ "type": "Feature", "properties": { "element": "node", "id": 8982661734, "name": "Qui Qui", "amenity": "restaurant", "cuisine": "puerto_rican" }, "geometry": { "type": "Point", "coordinates": [ -77.0216852, 38.9107104 ] } },
{ "type": "Feature", "properties": { "element": "node", "id": 9015541609, "name": "La Plaza Bar & Tapas", "amenity": "restaurant", "cuisine": "mexican" }, "geometry": { "type": "Point", "coordinates": [ -77.0324475, 38.9391626 ] } },
{ "type": "Feature", "properties": { "element": "node", "id": 9019774426, "name": "Taco Bell Cantina", "amenity": "fast_food", "cuisine": "tex-mex" }, "geometry": { "type": "Point", "coordinates": [ -77.0328456, 38.9290985 ] } },
{ "type": "Feature", "properties": { "element": "node", "id": 9045763170, "name": "Smoothie King", "amenity": "fast_food", "cuisine": "juice" }, "geometry": { "type": "Point", "coordinates": [ -76.9948788, 38.9209684 ] } },
{ "type": "Feature", "properties": { "element": "node", "id": 9045763173, "name": "1865 Steak Seafood & Cigars", "amenity": "restaurant", "cuisine": "steak_house;seafood" }, "geometry": { "type": "Point", "coordinates": [ -76.9940215, 38.9213731 ] } },
{ "type": "Feature", "properties": { "element": "node", "id": 9045763180, "name": "Thai Station", "amenity": "restaurant", "cuisine": "thai" }, "geometry": { "type": "Point", "coordinates": [ -76.9944106, 38.920771 ] } },
{ "type": "Feature", "properties": { "element": "node", "id": 9045763181, "name": "Dunkin'", "amenity": "fast_food", "cuisine": "donut;coffee_shop" }, "geometry": { "type": "Point", "coordinates": [ -76.994687, 38.9210383 ] } },
{ "type": "Feature", "properties": { "element": "node", "id": 9046095953, "name": "Murry & Paul's", "amenity": "restaurant", "cuisine": "diner" }, "geometry": { "type": "Point", "coordinates": [ -76.9908494, 38.9329653 ] } },
{ "type": "Feature", "properties": { "element": "node", "id": 9046095954, "name": "Subway", "amenity": "fast_food", "cuisine": "sandwich" }, "geometry": { "type": "Point", "coordinates": [ -76.9911676, 38.9327861 ] } },
{ "type": "Feature", "properties": { "element": "node", "id": 9046095965, "name": "Wings to Go", "amenity": "restaurant", "cuisine": "pizza;chicken" }, "geometry": { "type": "Point", "coordinates": [ -76.9911671, 38.9327424 ] } },
{ "type": "Feature", "properties": { "element": "node", "id": 9046095968, "name": "Brookland Grill", "amenity": "restaurant", "cuisine": null }, "geometry": { "type": "Point", "coordinates": [ -76.9912029, 38.9332937 ] } },
{ "type": "Feature", "properties": { "element": "node", "id": 9046095970, "name": "Pizza Mart", "amenity": "restaurant", "cuisine": "pizza" }, "geometry": { "type": "Point", "coordinates": [ -76.9912162, 38.9332245 ] } },
{ "type": "Feature", "properties": { "element": "node", "id": 9083161766, "name": "Fig & Olive", "amenity": "restaurant", "cuisine": "mediterranean" }, "geometry": { "type": "Point", "coordinates": [ -77.0245832, 38.9002451 ] } },
{ "type": "Feature", "properties": { "element": "node", "id": 9083181124, "name": "Cranes", "amenity": "restaurant", "cuisine": "spanish" }, "geometry": { "type": "Point", "coordinates": [ -77.024256, 38.8992536 ] } },
{ "type": "Feature", "properties": { "element": "node", "id": 9093379513, "name": "Pearl's Bagels", "amenity": "cafe", "cuisine": "bagel" }, "geometry": { "type": "Point", "coordinates": [ -77.02173, 38.9035739 ] } },
{ "type": "Feature", "properties": { "element": "node", "id": 9104056533, "name": "Five Guys", "amenity": "fast_food", "cuisine": "burger" }, "geometry": { "type": "Point", "coordinates": [ -77.0799288, 38.9488587 ] } },
{ "type": "Feature", "properties": { "element": "node", "id": 9137028978, "name": "No Goodbyes", "amenity": "restaurant", "cuisine": "southern" }, "geometry": { "type": "Point", "coordinates": [ -77.04171, 38.9227722 ] } },
{ "type": "Feature", "properties": { "element": "node", "id": 9137056556, "name": "Shabu Plus", "amenity": "restaurant", "cuisine": "japanese" }, "geometry": { "type": "Point", "coordinates": [ -77.0416079, 38.9202504 ] } },
{ "type": "Feature", "properties": { "element": "node", "id": 9137124887, "name": "Lupo Pizzeria", "amenity": "fast_food", "cuisine": "pizza" }, "geometry": { "type": "Point", "coordinates": [ -77.0321672, 38.9158286 ] } },
{ "type": "Feature", "properties": { "element": "node", "id": 9150236689, "name": "Donut Run", "amenity": "fast_food", "cuisine": "donut" }, "geometry": { "type": "Point", "coordinates": [ -77.0182444, 38.9739121 ] } },
{ "type": "Feature", "properties": { "element": "node", "id": 9150236693, "name": "Wings on Deck", "amenity": "fast_food", "cuisine": "chicken;american" }, "geometry": { "type": "Point", "coordinates": [ -77.0182495, 38.9741391 ] } },
{ "type": "Feature", "properties": { "element": "node", "id": 9192070672, "name": "Arepa Zone", "amenity": "restaurant", "cuisine": "venezuelan" }, "geometry": { "type": "Point", "coordinates": [ -77.0317216, 38.9042344 ] } },
{ "type": "Feature", "properties": { "element": "node", "id": 9196372666, "name": "The Class Deli", "amenity": "restaurant", "cuisine": null }, "geometry": { "type": "Point", "coordinates": [ -77.0123104, 38.9679967 ] } },
{ "type": "Feature", "properties": { "element": "node", "id": 9236412717, "name": "The Cheesecake Factory", "amenity": "restaurant", "cuisine": "american" }, "geometry": { "type": "Point", "coordinates": [ -77.0333929, 38.9000564 ] } },
{ "type": "Feature", "properties": { "element": "node", "id": 9278919529, "name": "Bistro du Jour", "amenity": "restaurant", "cuisine": "french;cafe;bistro;coffee;bakery" }, "geometry": { "type": "Point", "coordinates": [ -77.025414, 38.8795506 ] } },
{ "type": "Feature", "properties": { "element": "node", "id": 9285430489, "name": null, "amenity": "cafe", "cuisine": null }, "geometry": { "type": "Point", "coordinates": [ -77.0032689, 38.9029097 ] } },
{ "type": "Feature", "properties": { "element": "node", "id": 9308338259, "name": "Fred & Stilla", "amenity": "restaurant", "cuisine": "international;american" }, "geometry": { "type": "Point", "coordinates": [ -77.0455603, 38.9106836 ] } },
{ "type": "Feature", "properties": { "element": "node", "id": 9314282071, "name": "Starbucks", "amenity": "cafe", "cuisine": "coffee_shop" }, "geometry": { "type": "Point", "coordinates": [ -77.1028236, 38.9267307 ] } },
{ "type": "Feature", "properties": { "element": "node", "id": 9377546922, "name": "Crisp & Juicy", "amenity": "fast_food", "cuisine": "chicken;peruvian" }, "geometry": { "type": "Point", "coordinates": [ -77.079882, 38.9487567 ] } },
{ "type": "Feature", "properties": { "element": "node", "id": 9379788938, "name": "Rōti", "amenity": "restaurant", "cuisine": "mediterranean" }, "geometry": { "type": "Point", "coordinates": [ -77.0379969, 38.9027772 ] } },
{ "type": "Feature", "properties": { "element": "node", "id": 9379788940, "name": "Subway", "amenity": "fast_food", "cuisine": "sandwich" }, "geometry": { "type": "Point", "coordinates": [ -77.0394026, 38.9035767 ] } },
{ "type": "Feature", "properties": { "element": "node", "id": 9379788941, "name": "Robeks", "amenity": "fast_food", "cuisine": "juice" }, "geometry": { "type": "Point", "coordinates": [ -77.0391649, 38.903869 ] } },
{ "type": "Feature", "properties": { "element": "node", "id": 9379788942, "name": "Joe & The Juice", "amenity": "cafe", "cuisine": "coffee_shop" }, "geometry": { "type": "Point", "coordinates": [ -77.0388199, 38.9038575 ] } },
{ "type": "Feature", "properties": { "element": "node", "id": 9382745149, "name": "Chef Trini's", "amenity": "restaurant", "cuisine": "caribbean" }, "geometry": { "type": "Point", "coordinates": [ -77.0960644, 38.946062 ] } },
{ "type": "Feature", "properties": { "element": "node", "id": 9397602820, "name": "Imperfecto", "amenity": "restaurant", "cuisine": "latin_american" }, "geometry": { "type": "Point", "coordinates": [ -77.050322, 38.9043392 ] } },
{ "type": "Feature", "properties": { "element": "node", "id": 9404006820, "name": "Daily Provisions", "amenity": "cafe", "cuisine": null }, "geometry": { "type": "Point", "coordinates": [ -77.0441294, 38.9113348 ] } },
{ "type": "Feature", "properties": { "element": "node", "id": 9405029978, "name": "Subway", "amenity": "fast_food", "cuisine": "sandwich" }, "geometry": { "type": "Point", "coordinates": [ -76.9779356, 38.9455279 ] } },
{ "type": "Feature", "properties": { "element": "node", "id": 9421357599, "name": "&pizza", "amenity": "fast_food", "cuisine": "pizza" }, "geometry": { "type": "Point", "coordinates": [ -77.0072347, 38.8759415 ] } },
{ "type": "Feature", "properties": { "element": "node", "id": 9421357600, "name": "Subway", "amenity": "fast_food", "cuisine": "sandwich" }, "geometry": { "type": "Point", "coordinates": [ -77.0078972, 38.8766859 ] } },
{ "type": "Feature", "properties": { "element": "node", "id": 9421357601, "name": "CAVA", "amenity": "restaurant", "cuisine": "mediterranean" }, "geometry": { "type": "Point", "coordinates": [ -77.0072159, 38.8766724 ] } },
{ "type": "Feature", "properties": { "element": "node", "id": 9439725864, "name": "Tropical Smoothie Cafe", "amenity": "fast_food", "cuisine": "juice" }, "geometry": { "type": "Point", "coordinates": [ -76.9524477, 38.9219448 ] } },
{ "type": "Feature", "properties": { "element": "node", "id": 9439735675, "name": "Mechos Dominican Cafe", "amenity": "restaurant", "cuisine": "latin_american" }, "geometry": { "type": "Point", "coordinates": [ -76.9526141, 38.9211089 ] } },
{ "type": "Feature", "properties": { "element": "node", "id": 9439759204, "name": "Mezeh Mediterranean Grill", "amenity": "restaurant", "cuisine": "mediterranean" }, "geometry": { "type": "Point", "coordinates": [ -76.9524747, 38.9218448 ] } },
{ "type": "Feature", "properties": { "element": "node", "id": 9439768037, "name": "Quickway Japanese Hibachi", "amenity": "restaurant", "cuisine": "japanese" }, "geometry": { "type": "Point", "coordinates": [ -76.9526715, 38.920931 ] } },
{ "type": "Feature", "properties": { "element": "node", "id": 9443089338, "name": "Sofra", "amenity": "restaurant", "cuisine": "kebab;mediterranean" }, "geometry": { "type": "Point", "coordinates": [ -77.0516329, 38.9241859 ] } },
{ "type": "Feature", "properties": { "element": "node", "id": 9473039129, "name": "Krystal Tex-Mex", "amenity": "restaurant", "cuisine": "mexican;tex-mex" }, "geometry": { "type": "Point", "coordinates": [ -76.9910039, 38.9343602 ] } },
{ "type": "Feature", "properties": { "element": "node", "id": 9473039131, "name": "Qui Qui", "amenity": "restaurant", "cuisine": "puerto_rican" }, "geometry": { "type": "Point", "coordinates": [ -77.0233448, 38.9310967 ] } },
{ "type": "Feature", "properties": { "element": "node", "id": 9485436367, "name": "Cucina Morini", "amenity": "restaurant", "cuisine": "italian" }, "geometry": { "type": "Point", "coordinates": [ -77.015982, 38.9015298 ] } },
{ "type": "Feature", "properties": { "element": "node", "id": 9581914754, "name": "Bullfrog Bagels", "amenity": "restaurant", "cuisine": null }, "geometry": { "type": "Point", "coordinates": [ -76.9926788, 38.9257341 ] } },
{ "type": "Feature", "properties": { "element": "node", "id": 9596122930, "name": "Busboys and Poets", "amenity": "restaurant", "cuisine": "regional" }, "geometry": { "type": "Point", "coordinates": [ -76.988964, 38.866312 ] } },
{ "type": "Feature", "properties": { "element": "node", "id": 9597687543, "name": "Taqueria Al Lado", "amenity": "restaurant", "cuisine": "mexican" }, "geometry": { "type": "Point", "coordinates": [ -77.0422691, 38.9227212 ] } },
{ "type": "Feature", "properties": { "element": "node", "id": 9635642240, "name": "Rue Cafe", "amenity": "cafe", "cuisine": "coffee_shop;sandwich" }, "geometry": { "type": "Point", "coordinates": [ -77.0330021, 38.9388733 ] } },
{ "type": "Feature", "properties": { "element": "node", "id": 9707796828, "name": "Khin’s Sushi", "amenity": "restaurant", "cuisine": "sushi" }, "geometry": { "type": "Point", "coordinates": [ -77.0032052, 38.8770845 ] } },
{ "type": "Feature", "properties": { "element": "node", "id": 9785626380, "name": "Shilling Canning Company", "amenity": "restaurant", "cuisine": "american" }, "geometry": { "type": "Point", "coordinates": [ -77.0011517, 38.8739414 ] } },
{ "type": "Feature", "properties": { "element": "node", "id": 9795524383, "name": "Senbeb Café", "amenity": "cafe", "cuisine": null }, "geometry": { "type": "Point", "coordinates": [ -77.016358, 38.965758 ] } },
{ "type": "Feature", "properties": { "element": "node", "id": 9800627717, "name": "Menomale", "amenity": "restaurant", "cuisine": "italian;pizza" }, "geometry": { "type": "Point", "coordinates": [ -77.0073217, 38.9071073 ] } },
{ "type": "Feature", "properties": { "element": "node", "id": 9833335705, "name": "Tony's Place", "amenity": "restaurant", "cuisine": "american" }, "geometry": { "type": "Point", "coordinates": [ -76.984944, 38.866849 ] } },
{ "type": "Feature", "properties": { "element": "node", "id": 9901939429, "name": "Bartaco", "amenity": "restaurant", "cuisine": "tacos" }, "geometry": { "type": "Point", "coordinates": [ -77.0222456, 38.8770935 ] } },
{ "type": "Feature", "properties": { "element": "node", "id": 9901942837, "name": "Gordon Ramsay's Hells Kitchen", "amenity": "restaurant", "cuisine": null }, "geometry": { "type": "Point", "coordinates": [ -77.0223449, 38.8767962 ] } },
{ "type": "Feature", "properties": { "element": "node", "id": 9910712185, "name": "The Angry Jerk", "amenity": "fast_food", "cuisine": "caribbean" }, "geometry": { "type": "Point", "coordinates": [ -77.0425594, 38.9076393 ] } },
{ "type": "Feature", "properties": { "element": "node", "id": 9914470410, "name": "JINYA Ramen Bar", "amenity": "restaurant", "cuisine": "ramen" }, "geometry": { "type": "Point", "coordinates": [ -77.0228153, 38.8775437 ] } },
{ "type": "Feature", "properties": { "element": "node", "id": 9914480379, "name": "Limani", "amenity": "restaurant", "cuisine": "greek" }, "geometry": { "type": "Point", "coordinates": [ -77.0229621, 38.8772567 ] } },
{ "type": "Feature", "properties": { "element": "node", "id": 9914480665, "name": "Philippe by Philippe Chow", "amenity": "restaurant", "cuisine": "chinese" }, "geometry": { "type": "Point", "coordinates": [ -77.0217543, 38.8767062 ] } },
{ "type": "Feature", "properties": { "element": "node", "id": 9916058509, "name": "Kinfolk Southern Kitchen", "amenity": "restaurant", "cuisine": "american;regional" }, "geometry": { "type": "Point", "coordinates": [ -77.0231632, 38.8778172 ] } },
{ "type": "Feature", "properties": { "element": "node", "id": 9932813590, "name": "DC Vegan", "amenity": "restaurant", "cuisine": "vegan" }, "geometry": { "type": "Point", "coordinates": [ -77.037973, 38.90986 ] } },
{ "type": "Feature", "properties": { "element": "node", "id": 9938131775, "name": "Starbucks", "amenity": "cafe", "cuisine": "coffee_shop" }, "geometry": { "type": "Point", "coordinates": [ -77.0232315, 38.8786523 ] } },
{ "type": "Feature", "properties": { "element": "node", "id": 9938137163, "name": "Gordon Ramsay's Fish & Chips", "amenity": "restaurant", "cuisine": "fish_and_chips" }, "geometry": { "type": "Point", "coordinates": [ -77.0226324, 38.8773919 ] } },
{ "type": "Feature", "properties": { "element": "node", "id": 9938169040, "name": "Kilwins", "amenity": "restaurant", "cuisine": "chocolate;ice_cream;popcorn" }, "geometry": { "type": "Point", "coordinates": [ -77.0223866, 38.8775998 ] } },
{ "type": "Feature", "properties": { "element": "node", "id": 9938171647, "name": "Mason's Famous Lobster Rolls", "amenity": "restaurant", "cuisine": "seafood;sandwich" }, "geometry": { "type": "Point", "coordinates": [ -77.0228769, 38.8778583 ] } },
{ "type": "Feature", "properties": { "element": "node", "id": 9939638523, "name": "Starbucks", "amenity": "cafe", "cuisine": "coffee_shop" }, "geometry": { "type": "Point", "coordinates": [ -77.0300078, 38.8971771 ] } },
{ "type": "Feature", "properties": { "element": "node", "id": 9939667828, "name": "Dunkin'", "amenity": "fast_food", "cuisine": "donut;coffee_shop" }, "geometry": { "type": "Point", "coordinates": [ -77.0286906, 38.8981514 ] } },
{ "type": "Feature", "properties": { "element": "node", "id": 9942809110, "name": "Tatte Bakery & Cafe", "amenity": "cafe", "cuisine": "bakery;coffee_shop" }, "geometry": { "type": "Point", "coordinates": [ -77.0477322, 38.9054225 ] } },
{ "type": "Feature", "properties": { "element": "node", "id": 9962865680, "name": "Tropical Smoothie Cafe", "amenity": "fast_food", "cuisine": "juice" }, "geometry": { "type": "Point", "coordinates": [ -76.9948477, 38.9325625 ] } },
{ "type": "Feature", "properties": { "element": "node", "id": 10002975350, "name": "Bub and Pop's", "amenity": "restaurant", "cuisine": "sandwich" }, "geometry": { "type": "Point", "coordinates": [ -77.003489, 38.9086195 ] } },
{ "type": "Feature", "properties": { "element": "node", "id": 10002975351, "name": "Rice Bar", "amenity": "fast_food", "cuisine": "asian" }, "geometry": { "type": "Point", "coordinates": [ -77.0036582, 38.9079832 ] } },
{ "type": "Feature", "properties": { "element": "node", "id": 10015788292, "name": "Milk & Honey Cafe", "amenity": "restaurant", "cuisine": "regional;southern;breakfast" }, "geometry": { "type": "Point", "coordinates": [ -77.0223166, 38.8779419 ] } },
{ "type": "Feature", "properties": { "element": "node", "id": 10035147777, "name": "Tatte Bakery & Cafe", "amenity": "cafe", "cuisine": "bakery;coffee_shop" }, "geometry": { "type": "Point", "coordinates": [ -77.0779582, 38.9409162 ] } },
{ "type": "Feature", "properties": { "element": "node", "id": 10049007917, "name": "Muchas Gracias", "amenity": "restaurant", "cuisine": "mexican" }, "geometry": { "type": "Point", "coordinates": [ -77.0699791, 38.9557356 ] } },
{ "type": "Feature", "properties": { "element": "node", "id": 10093737921, "name": "Piccolina", "amenity": "restaurant", "cuisine": "italian" }, "geometry": { "type": "Point", "coordinates": [ -77.0254303, 38.900418 ] } },
{ "type": "Feature", "properties": { "element": "node", "id": 10093744706, "name": "Dolcezza", "amenity": "cafe", "cuisine": "ice_cream" }, "geometry": { "type": "Point", "coordinates": [ -77.0241823, 38.9002427 ] } },
{ "type": "Feature", "properties": { "element": "node", "id": 10112475916, "name": "L'Ardente", "amenity": "restaurant", "cuisine": "italian" }, "geometry": { "type": "Point", "coordinates": [ -77.014152, 38.89915 ] } },
{ "type": "Feature", "properties": { "element": "node", "id": 10186668999, "name": "True Burger", "amenity": "fast_food", "cuisine": "burger" }, "geometry": { "type": "Point", "coordinates": [ -77.047678, 38.9003661 ] } },
{ "type": "Feature", "properties": { "element": "node", "id": 10186669000, "name": "DC Taco House", "amenity": "fast_food", "cuisine": "mexican" }, "geometry": { "type": "Point", "coordinates": [ -77.0476736, 38.9000573 ] } },
{ "type": "Feature", "properties": { "element": "node", "id": 10186669001, "name": null, "amenity": "fast_food", "cuisine": null }, "geometry": { "type": "Point", "coordinates": [ -77.0476794, 38.9001602 ] } },
{ "type": "Feature", "properties": { "element": "node", "id": 10186669002, "name": "The Halal Shack", "amenity": "fast_food", "cuisine": "mediterranean;middle_eastern" }, "geometry": { "type": "Point", "coordinates": [ -77.047678, 38.9002745 ] } },
{ "type": "Feature", "properties": { "element": "node", "id": 10186669003, "name": "Baba's Pizza", "amenity": "fast_food", "cuisine": "pizza;pasta" }, "geometry": { "type": "Point", "coordinates": [ -77.0476707, 38.8999555 ] } },
{ "type": "Feature", "properties": { "element": "node", "id": 10211066632, "name": "In Bocca al Lupo", "amenity": "restaurant", "cuisine": "pizza" }, "geometry": { "type": "Point", "coordinates": [ -77.0723598, 38.9211807 ] } },
{ "type": "Feature", "properties": { "element": "node", "id": 10223921342, "name": "Jojo's Brick Oven Pizzeria", "amenity": "restaurant", "cuisine": "pizza" }, "geometry": { "type": "Point", "coordinates": [ -77.024317, 38.917139 ] } },
{ "type": "Feature", "properties": { "element": "node", "id": 10224486868, "name": "Butter Chicken Company 3", "amenity": "restaurant", "cuisine": "indian" }, "geometry": { "type": "Point", "coordinates": [ -77.003323, 38.8974971 ] } },
{ "type": "Feature", "properties": { "element": "node", "id": 10231074737, "name": "Silver Diner", "amenity": "restaurant", "cuisine": "american;diner" }, "geometry": { "type": "Point", "coordinates": [ -77.0072681, 38.8748339 ] } },
{ "type": "Feature", "properties": { "element": "node", "id": 10233018517, "name": "Sweet Lemon Cafe", "amenity": "cafe", "cuisine": "coffee_shop" }, "geometry": { "type": "Point", "coordinates": [ -77.003321, 38.89461 ] } },
{ "type": "Feature", "properties": { "element": "node", "id": 10250734017, "name": "Calico", "amenity": "restaurant", "cuisine": null }, "geometry": { "type": "Point", "coordinates": [ -77.0251864, 38.9062055 ] } },
{ "type": "Feature", "properties": { "element": "node", "id": 10251747187, "name": "Café Riggs", "amenity": "cafe", "cuisine": null }, "geometry": { "type": "Point", "coordinates": [ -77.0242964, 38.8987422 ] } },
{ "type": "Feature", "properties": { "element": "node", "id": 10261211552, "name": "Little Engine", "amenity": "fast_food", "cuisine": "chicken" }, "geometry": { "type": "Point", "coordinates": [ -76.9959892, 38.8861684 ] } },
{ "type": "Feature", "properties": { "element": "node", "id": 10266614035, "name": "LebTav", "amenity": "restaurant", "cuisine": "lebanese" }, "geometry": { "type": "Point", "coordinates": [ -77.0396954, 38.9010451 ] } },
{ "type": "Feature", "properties": { "element": "node", "id": 10299608138, "name": "Il Supremo II", "amenity": "restaurant", "cuisine": "italian" }, "geometry": { "type": "Point", "coordinates": [ -77.0654399, 38.9469548 ] } },
{ "type": "Feature", "properties": { "element": "node", "id": 10305036999, "name": "Golden Flour", "amenity": "cafe", "cuisine": null }, "geometry": { "type": "Point", "coordinates": [ -77.0196058, 38.9566067 ] } },
{ "type": "Feature", "properties": { "element": "node", "id": 10305162326, "name": "Sabai Thai-Lao Dining", "amenity": "restaurant", "cuisine": "thai" }, "geometry": { "type": "Point", "coordinates": [ -77.0450822, 38.9116439 ] } },
{ "type": "Feature", "properties": { "element": "node", "id": 10311474601, "name": "Bombay Street Food 2", "amenity": "restaurant", "cuisine": "indian" }, "geometry": { "type": "Point", "coordinates": [ -76.994763, 38.8818427 ] } },
{ "type": "Feature", "properties": { "element": "node", "id": 10537088507, "name": "Grazie Grazie", "amenity": "fast_food", "cuisine": "italian;sandwich;pizza" }, "geometry": { "type": "Point", "coordinates": [ -77.0432087, 38.903057 ] } },
{ "type": "Feature", "properties": { "element": "node", "id": 10539956352, "name": "Butterworth's", "amenity": "restaurant", "cuisine": null }, "geometry": { "type": "Point", "coordinates": [ -77.0013567, 38.8864936 ] } },
{ "type": "Feature", "properties": { "element": "node", "id": 10563030593, "name": "Banana Blossom Bistro", "amenity": "fast_food", "cuisine": "vietnamese" }, "geometry": { "type": "Point", "coordinates": [ -76.9970928, 38.9085214 ] } },
{ "type": "Feature", "properties": { "element": "node", "id": 10563727909, "name": "Solace Outpost Navy Yard", "amenity": "restaurant", "cuisine": "american" }, "geometry": { "type": "Point", "coordinates": [ -77.0070829, 38.8704844 ] } },
{ "type": "Feature", "properties": { "element": "node", "id": 10566953217, "name": "Tatte Bakery & Cafe", "amenity": "cafe", "cuisine": "bakery;coffee_shop" }, "geometry": { "type": "Point", "coordinates": [ -77.0267721, 38.9006947 ] } },
{ "type": "Feature", "properties": { "element": "node", "id": 10570664499, "name": "Colada Shop", "amenity": "cafe", "cuisine": "cuban" }, "geometry": { "type": "Point", "coordinates": [ -77.0438717, 38.9070731 ] } },
{ "type": "Feature", "properties": { "element": "node", "id": 10579918890, "name": "Oh Mama Grill", "amenity": "restaurant", "cuisine": "mediterranean;kebab;falafel;shawarma" }, "geometry": { "type": "Point", "coordinates": [ -77.043728, 38.9217237 ] } },
{ "type": "Feature", "properties": { "element": "node", "id": 10594328317, "name": "La Casina", "amenity": "restaurant", "cuisine": "pizza" }, "geometry": { "type": "Point", "coordinates": [ -76.9963719, 38.8853361 ] } },
{ "type": "Feature", "properties": { "element": "node", "id": 10594339994, "name": "Pintxo's Tacos", "amenity": "fast_food", "cuisine": "mexican;tacos" }, "geometry": { "type": "Point", "coordinates": [ -77.0257629, 38.9270649 ] } },
{ "type": "Feature", "properties": { "element": "node", "id": 10594663500, "name": "DC Tasty Corner", "amenity": "restaurant", "cuisine": null }, "geometry": { "type": "Point", "coordinates": [ -77.062995, 38.9077227 ] } },
{ "type": "Feature", "properties": { "element": "node", "id": 10594711379, "name": "Aura Bar and Lounge", "amenity": "restaurant", "cuisine": null }, "geometry": { "type": "Point", "coordinates": [ -77.0844051, 38.958846 ] } },
{ "type": "Feature", "properties": { "element": "node", "id": 10594784537, "name": "Emissary To-Go", "amenity": "cafe", "cuisine": null }, "geometry": { "type": "Point", "coordinates": [ -77.0462435, 38.9097903 ] } },
{ "type": "Feature", "properties": { "element": "node", "id": 10594798512, "name": "D Light", "amenity": "cafe", "cuisine": null }, "geometry": { "type": "Point", "coordinates": [ -77.0423766, 38.9223643 ] } },
{ "type": "Feature", "properties": { "element": "node", "id": 10605209553, "name": "Tatte Bakery & Cafe", "amenity": "cafe", "cuisine": "bakery;coffee_shop" }, "geometry": { "type": "Point", "coordinates": [ -77.0147744, 38.899383 ] } },
{ "type": "Feature", "properties": { "element": "node", "id": 10605209554, "name": "Tatte Bakery & Cafe", "amenity": "cafe", "cuisine": "bakery;coffee_shop" }, "geometry": { "type": "Point", "coordinates": [ -77.0477602, 38.9008714 ] } },
{ "type": "Feature", "properties": { "element": "node", "id": 10607178885, "name": "Krispy Kreme", "amenity": "fast_food", "cuisine": "donut" }, "geometry": { "type": "Point", "coordinates": [ -77.0328407, 38.9290289 ] } },
{ "type": "Feature", "properties": { "element": "node", "id": 10607950605, "name": "Mariscos 1133", "amenity": "restaurant", "cuisine": "seafood" }, "geometry": { "type": "Point", "coordinates": [ -77.0268055, 38.9055136 ] } },
{ "type": "Feature", "properties": { "element": "node", "id": 10636526671, "name": "The Point DC", "amenity": "restaurant", "cuisine": "seafood" }, "geometry": { "type": "Point", "coordinates": [ -77.0133792, 38.863763 ] } },
{ "type": "Feature", "properties": { "element": "node", "id": 10650342570, "name": "Isla", "amenity": "restaurant", "cuisine": null }, "geometry": { "type": "Point", "coordinates": [ -77.0349553, 38.9039919 ] } },
{ "type": "Feature", "properties": { "element": "node", "id": 10650342571, "name": "Dauphine’s", "amenity": "restaurant", "cuisine": "cajun_creole" }, "geometry": { "type": "Point", "coordinates": [ -77.0349768, 38.9045179 ] } },
{ "type": "Feature", "properties": { "element": "node", "id": 10650342572, "name": "Grazie Nonna", "amenity": "restaurant", "cuisine": "italian" }, "geometry": { "type": "Point", "coordinates": [ -77.03558, 38.904535 ] } },
{ "type": "Feature", "properties": { "element": "node", "id": 10650342573, "name": "Shōtō", "amenity": "restaurant", "cuisine": "japanese" }, "geometry": { "type": "Point", "coordinates": [ -77.0356312, 38.9039878 ] } },
{ "type": "Feature", "properties": { "element": "node", "id": 10655309969, "name": "Stellina Pizzeria", "amenity": "restaurant", "cuisine": "pizza" }, "geometry": { "type": "Point", "coordinates": [ -77.0195156, 38.9022952 ] } },
{ "type": "Feature", "properties": { "element": "node", "id": 10671566228, "name": "Maman", "amenity": "cafe", "cuisine": "french" }, "geometry": { "type": "Point", "coordinates": [ -77.0634766, 38.907975 ] } },
{ "type": "Feature", "properties": { "element": "node", "id": 10673662108, "name": "Floriana", "amenity": "restaurant", "cuisine": "italian" }, "geometry": { "type": "Point", "coordinates": [ -77.038713, 38.9112839 ] } },
{ "type": "Feature", "properties": { "element": "node", "id": 10673662109, "name": "Au Lait", "amenity": "cafe", "cuisine": "coffee_shop" }, "geometry": { "type": "Point", "coordinates": [ -77.0387314, 38.9115032 ] } },
{ "type": "Feature", "properties": { "element": "node", "id": 10673869509, "name": "The Bazaar", "amenity": "restaurant", "cuisine": null }, "geometry": { "type": "Point", "coordinates": [ -77.0275215, 38.893972 ] } },
{ "type": "Feature", "properties": { "element": "node", "id": 10674918961, "name": "Potbelly", "amenity": "fast_food", "cuisine": "sandwich" }, "geometry": { "type": "Point", "coordinates": [ -77.0479026, 38.9054211 ] } },
{ "type": "Feature", "properties": { "element": "node", "id": 10677378789, "name": "Gatsby", "amenity": "restaurant", "cuisine": "american" }, "geometry": { "type": "Point", "coordinates": [ -77.0076337, 38.8747959 ] } },
{ "type": "Feature", "properties": { "element": "node", "id": 10683734444, "name": "Taim", "amenity": "restaurant", "cuisine": "mediterranean" }, "geometry": { "type": "Point", "coordinates": [ -77.0442374, 38.9104842 ] } },
{ "type": "Feature", "properties": { "element": "node", "id": 10684040238, "name": "Kitchen Savages", "amenity": "restaurant", "cuisine": "creole" }, "geometry": { "type": "Point", "coordinates": [ -76.9882651, 38.8672324 ] } },
{ "type": "Feature", "properties": { "element": "node", "id": 10686316368, "name": "Sweetgreen", "amenity": "fast_food", "cuisine": "salad" }, "geometry": { "type": "Point", "coordinates": [ -77.044214, 38.9104394 ] } },
{ "type": "Feature", "properties": { "element": "node", "id": 10686316369, "name": "Bibibop", "amenity": "fast_food", "cuisine": "asian" }, "geometry": { "type": "Point", "coordinates": [ -77.0442564, 38.9105288 ] } },
{ "type": "Feature", "properties": { "element": "node", "id": 10686656288, "name": "Cuban Espresso", "amenity": "fast_food", "cuisine": "sandwich" }, "geometry": { "type": "Point", "coordinates": [ -77.0325002, 38.925275 ] } },
{ "type": "Feature", "properties": { "element": "node", "id": 10687062244, "name": "The Little Grand", "amenity": "restaurant", "cuisine": "pizza" }, "geometry": { "type": "Point", "coordinates": [ -76.9967057, 38.9005862 ] } },
{ "type": "Feature", "properties": { "element": "node", "id": 10688677317, "name": "Mola Empanada", "amenity": "fast_food", "cuisine": "empanada;panamanian;caribbean" }, "geometry": { "type": "Point", "coordinates": [ -77.0425645, 38.9216428 ] } },
{ "type": "Feature", "properties": { "element": "node", "id": 10692191406, "name": "Cafe Divan", "amenity": "restaurant", "cuisine": "turkish;sandwich;pizza" }, "geometry": { "type": "Point", "coordinates": [ -77.0677926, 38.9154749 ] } },
{ "type": "Feature", "properties": { "element": "node", "id": 10707336390, "name": "Del Frisco's Double Eagle Steakhouse", "amenity": "restaurant", "cuisine": "steak_house" }, "geometry": { "type": "Point", "coordinates": [ -77.024776, 38.9007456 ] } },
{ "type": "Feature", "properties": { "element": "node", "id": 10712848046, "name": "Dave's Hot Chicken", "amenity": "fast_food", "cuisine": "chicken" }, "geometry": { "type": "Point", "coordinates": [ -77.032479, 38.930573 ] } },
{ "type": "Feature", "properties": { "element": "node", "id": 10713342151, "name": "Dumplings and Beyond", "amenity": "restaurant", "cuisine": "chinese" }, "geometry": { "type": "Point", "coordinates": [ -77.0723433, 38.9212426 ] } },
{ "type": "Feature", "properties": { "element": "node", "id": 10717507083, "name": "Ambar", "amenity": "restaurant", "cuisine": "balkan" }, "geometry": { "type": "Point", "coordinates": [ -77.0217453, 38.9109816 ] } },
{ "type": "Feature", "properties": { "element": "node", "id": 10726989505, "name": "90 Second Pizza", "amenity": "fast_food", "cuisine": "pizza" }, "geometry": { "type": "Point", "coordinates": [ -77.0626362, 38.9047761 ] } },
{ "type": "Feature", "properties": { "element": "node", "id": 10728689905, "name": "PLNT Burger", "amenity": "fast_food", "cuisine": "burger" }, "geometry": { "type": "Point", "coordinates": [ -77.024744, 38.919675 ] } },
{ "type": "Feature", "properties": { "element": "node", "id": 10736203895, "name": null, "amenity": "cafe", "cuisine": null }, "geometry": { "type": "Point", "coordinates": [ -77.0498049, 38.8972003 ] } },
{ "type": "Feature", "properties": { "element": "node", "id": 10764884343, "name": "Twisted", "amenity": "fast_food", "cuisine": null }, "geometry": { "type": "Point", "coordinates": [ -77.0279619, 38.8815316 ] } },
{ "type": "Feature", "properties": { "element": "node", "id": 10802578840, "name": "Immigrant Food", "amenity": "restaurant", "cuisine": null }, "geometry": { "type": "Point", "coordinates": [ -77.0400781, 38.8992823 ] } },
{ "type": "Feature", "properties": { "element": "node", "id": 10815280379, "name": "Moe's Southwest Grill", "amenity": "fast_food", "cuisine": "mexican" }, "geometry": { "type": "Point", "coordinates": [ -77.0053065, 38.9070789 ] } },
{ "type": "Feature", "properties": { "element": "node", "id": 10815345273, "name": "Seoul Spice", "amenity": "fast_food", "cuisine": "korean" }, "geometry": { "type": "Point", "coordinates": [ -77.0049933, 38.9071077 ] } },
{ "type": "Feature", "properties": { "element": "node", "id": 10815347948, "name": "Dunkin'", "amenity": "fast_food", "cuisine": "donut;coffee_shop" }, "geometry": { "type": "Point", "coordinates": [ -77.0041718, 38.9071156 ] } },
{ "type": "Feature", "properties": { "element": "node", "id": 10820301784, "name": "Joe & The Juice", "amenity": "cafe", "cuisine": "coffee_shop" }, "geometry": { "type": "Point", "coordinates": [ -77.0347969, 38.902294 ] } },
{ "type": "Feature", "properties": { "element": "node", "id": 10822447045, "name": "Ching Ching Cha", "amenity": "cafe", "cuisine": "tea" }, "geometry": { "type": "Point", "coordinates": [ -77.0468144, 38.9078091 ] } },
{ "type": "Feature", "properties": { "element": "node", "id": 10876404056, "name": "Dig", "amenity": "fast_food", "cuisine": "regional" }, "geometry": { "type": "Point", "coordinates": [ -77.0629381, 38.9069164 ] } },
{ "type": "Feature", "properties": { "element": "node", "id": 10897683905, "name": "Karma Modern Indian", "amenity": "restaurant", "cuisine": "indian" }, "geometry": { "type": "Point", "coordinates": [ -77.0208184, 38.9010394 ] } },
{ "type": "Feature", "properties": { "element": "node", "id": 10942460046, "name": "Call Your Mother Deli", "amenity": "fast_food", "cuisine": "sandwich;coffee_shop" }, "geometry": { "type": "Point", "coordinates": [ -77.0474325, 38.9050419 ] } },
{ "type": "Feature", "properties": { "element": "node", "id": 10942461438, "name": "Mercy Me", "amenity": "restaurant", "cuisine": null }, "geometry": { "type": "Point", "coordinates": [ -77.0474824, 38.9049514 ] } },
{ "type": "Feature", "properties": { "element": "node", "id": 10964022048, "name": "Dunkin'", "amenity": "fast_food", "cuisine": "donut;coffee_shop" }, "geometry": { "type": "Point", "coordinates": [ -77.0070303, 38.8978618 ] } },
{ "type": "Feature", "properties": { "element": "node", "id": 10974128149, "name": "Seoul Spice", "amenity": "fast_food", "cuisine": "korean" }, "geometry": { "type": "Point", "coordinates": [ -77.0217228, 38.8959037 ] } },
{ "type": "Feature", "properties": { "element": "node", "id": 10974868464, "name": "Mí Vida", "amenity": "restaurant", "cuisine": "mexican" }, "geometry": { "type": "Point", "coordinates": [ -77.0217345, 38.8971275 ] } },
{ "type": "Feature", "properties": { "element": "node", "id": 10975484893, "name": "Hoja Taqueria", "amenity": "restaurant", "cuisine": "mexican" }, "geometry": { "type": "Point", "coordinates": [ -77.0466805, 38.9160444 ] } },
{ "type": "Feature", "properties": { "element": "node", "id": 10975484894, "name": "Café Integral", "amenity": "cafe", "cuisine": null }, "geometry": { "type": "Point", "coordinates": [ -77.0467062, 38.9159523 ] } },
{ "type": "Feature", "properties": { "element": "node", "id": 10984600935, "name": "Chipotle", "amenity": "fast_food", "cuisine": "mexican" }, "geometry": { "type": "Point", "coordinates": [ -76.9531452, 38.9200868 ] } },
{ "type": "Feature", "properties": { "element": "node", "id": 11016777052, "name": "The Fox Den", "amenity": "cafe", "cuisine": "coffee_shop" }, "geometry": { "type": "Point", "coordinates": [ -77.0739842, 38.9409463 ] } },
{ "type": "Feature", "properties": { "element": "node", "id": 11018757664, "name": "Kayu", "amenity": "restaurant", "cuisine": "filipino" }, "geometry": { "type": "Point", "coordinates": [ -77.0382644, 38.9122692 ] } },
{ "type": "Feature", "properties": { "element": "node", "id": 11038073146, "name": "Tatte Bakery & Cafe", "amenity": "cafe", "cuisine": "bakery;coffee_shop" }, "geometry": { "type": "Point", "coordinates": [ -77.0322087, 38.919041 ] } },
{ "type": "Feature", "properties": { "element": "node", "id": 11039766259, "name": "Kaliwa", "amenity": "restaurant", "cuisine": "thai;filipino;korean" }, "geometry": { "type": "Point", "coordinates": [ -77.0243796, 38.8787332 ] } },
{ "type": "Feature", "properties": { "element": "node", "id": 11039766279, "name": "Fat Fish", "amenity": "fast_food", "cuisine": "sushi" }, "geometry": { "type": "Point", "coordinates": [ -77.0268327, 38.8811587 ] } },
{ "type": "Feature", "properties": { "element": "node", "id": 11048691550, "name": "Boquería Penn Quarter", "amenity": "restaurant", "cuisine": "spanish" }, "geometry": { "type": "Point", "coordinates": [ -77.023718, 38.899587 ] } },
{ "type": "Feature", "properties": { "element": "node", "id": 11054948481, "name": "La Vie", "amenity": "restaurant", "cuisine": "mediterranean" }, "geometry": { "type": "Point", "coordinates": [ -77.0256714, 38.87995 ] } },
{ "type": "Feature", "properties": { "element": "node", "id": 11054948483, "name": "NaRa-Ya", "amenity": "restaurant", "cuisine": "japanese" }, "geometry": { "type": "Point", "coordinates": [ -77.0256288, 38.8799779 ] } },
{ "type": "Feature", "properties": { "element": "node", "id": 11054948489, "name": "eTea", "amenity": "cafe", "cuisine": "bubble_tea" }, "geometry": { "type": "Point", "coordinates": [ -77.0251097, 38.8798479 ] } },
{ "type": "Feature", "properties": { "element": "node", "id": 11054957218, "name": "Kaliwa Kiosk1", "amenity": "fast_food", "cuisine": "filipino" }, "geometry": { "type": "Point", "coordinates": [ -77.0245637, 38.8786348 ] } },
{ "type": "Feature", "properties": { "element": "node", "id": 11054957220, "name": "Kirwan's Kiosk", "amenity": "fast_food", "cuisine": null }, "geometry": { "type": "Point", "coordinates": [ -77.0244116, 38.8785158 ] } },
{ "type": "Feature", "properties": { "element": "node", "id": 11065544493, "name": "Blank Street Coffee", "amenity": "cafe", "cuisine": "coffee_shop" }, "geometry": { "type": "Point", "coordinates": [ -77.0480896, 38.9054198 ] } },
{ "type": "Feature", "properties": { "element": "node", "id": 11065652230, "name": "Nobu", "amenity": "restaurant", "cuisine": "sushi" }, "geometry": { "type": "Point", "coordinates": [ -77.0541004, 38.9054235 ] } },
{ "type": "Feature", "properties": { "element": "node", "id": 11074574097, "name": "54 Restaurant", "amenity": "restaurant", "cuisine": "japanese;sushi" }, "geometry": { "type": "Point", "coordinates": [ -77.0284852, 38.8959457 ] } },
{ "type": "Feature", "properties": { "element": "node", "id": 11137503405, "name": "Causa", "amenity": "restaurant", "cuisine": "peruvian" }, "geometry": { "type": "Point", "coordinates": [ -77.0247508, 38.9065532 ] } },
{ "type": "Feature", "properties": { "element": "node", "id": 11137520105, "name": "Yardbird", "amenity": "restaurant", "cuisine": null }, "geometry": { "type": "Point", "coordinates": [ -77.0245479, 38.9022573 ] } },
{ "type": "Feature", "properties": { "element": "node", "id": 11137528405, "name": "Rumi’s Kitchen", "amenity": "restaurant", "cuisine": "persian" }, "geometry": { "type": "Point", "coordinates": [ -77.020809, 38.9040129 ] } },
{ "type": "Feature", "properties": { "element": "node", "id": 11142548629, "name": "The Delegate", "amenity": "restaurant", "cuisine": "american" }, "geometry": { "type": "Point", "coordinates": [ -77.0241543, 38.9043374 ] } },
{ "type": "Feature", "properties": { "element": "node", "id": 11147159010, "name": "Nina May", "amenity": "restaurant", "cuisine": "american" }, "geometry": { "type": "Point", "coordinates": [ -77.0267886, 38.9084158 ] } },
{ "type": "Feature", "properties": { "element": "node", "id": 11147312605, "name": "San Lorenzo", "amenity": "restaurant", "cuisine": "italian" }, "geometry": { "type": "Point", "coordinates": [ -77.024138, 38.9078499 ] } },
{ "type": "Feature", "properties": { "element": "node", "id": 11148893606, "name": "Pow Pow", "amenity": "restaurant", "cuisine": "asian;chinese;japanese;korean" }, "geometry": { "type": "Point", "coordinates": [ -77.0292827, 38.9011788 ] } },
{ "type": "Feature", "properties": { "element": "node", "id": 11149146505, "name": "Chef Geoff's", "amenity": "restaurant", "cuisine": "american" }, "geometry": { "type": "Point", "coordinates": [ -77.0490621, 38.9054234 ] } },
{ "type": "Feature", "properties": { "element": "node", "id": 11155075188, "name": "The DC Chi Pie", "amenity": "fast_food", "cuisine": "pizza" }, "geometry": { "type": "Point", "coordinates": [ -77.0238047, 38.9050036 ] } },
{ "type": "Feature", "properties": { "element": "node", "id": 11155075189, "name": "Brij", "amenity": "cafe", "cuisine": null }, "geometry": { "type": "Point", "coordinates": [ -77.0238135, 38.9050754 ] } },
{ "type": "Feature", "properties": { "element": "node", "id": 11158849989, "name": "Oak Berry", "amenity": "cafe", "cuisine": null }, "geometry": { "type": "Point", "coordinates": [ -77.023814, 38.9049155 ] } },
{ "type": "Feature", "properties": { "element": "node", "id": 11159971794, "name": "Noodles on 11", "amenity": "restaurant", "cuisine": "asian" }, "geometry": { "type": "Point", "coordinates": [ -77.027278, 38.9006187 ] } },
{ "type": "Feature", "properties": { "element": "node", "id": 11159971795, "name": "Parlour Victoria", "amenity": "restaurant", "cuisine": "seafood" }, "geometry": { "type": "Point", "coordinates": [ -77.026739, 38.9027529 ] } },
{ "type": "Feature", "properties": { "element": "node", "id": 11160753175, "name": "Crumbs & Whiskers", "amenity": "cafe", "cuisine": "coffee_shop" }, "geometry": { "type": "Point", "coordinates": [ -77.0615257, 38.905338 ] } },
{ "type": "Feature", "properties": { "element": "node", "id": 11168134729, "name": "Lalibela Ethiopian", "amenity": "restaurant", "cuisine": null }, "geometry": { "type": "Point", "coordinates": [ -77.0221442, 38.9114964 ] } },
{ "type": "Feature", "properties": { "element": "node", "id": 11168356788, "name": "Italian Kitchen", "amenity": "restaurant", "cuisine": "pizza" }, "geometry": { "type": "Point", "coordinates": [ -77.0276398, 38.9168573 ] } },
{ "type": "Feature", "properties": { "element": "node", "id": 11168356791, "name": "Turning Natural", "amenity": "fast_food", "cuisine": "juice" }, "geometry": { "type": "Point", "coordinates": [ -77.0238219, 38.9164965 ] } },
{ "type": "Feature", "properties": { "element": "node", "id": 11168356792, "name": "Habesha Market & Restaurant", "amenity": "restaurant", "cuisine": "ethiopian" }, "geometry": { "type": "Point", "coordinates": [ -77.0237953, 38.9163149 ] } },
{ "type": "Feature", "properties": { "element": "node", "id": 11182258420, "name": "Domino's", "amenity": "fast_food", "cuisine": "pizza" }, "geometry": { "type": "Point", "coordinates": [ -77.0300603, 38.9035833 ] } },
{ "type": "Feature", "properties": { "element": "node", "id": 11182392255, "name": "Umaya Izakaya", "amenity": "restaurant", "cuisine": "japanese" }, "geometry": { "type": "Point", "coordinates": [ -77.0257852, 38.8989503 ] } },
{ "type": "Feature", "properties": { "element": "node", "id": 11182392257, "name": "grk", "amenity": "fast_food", "cuisine": "greek" }, "geometry": { "type": "Point", "coordinates": [ -77.0261492, 38.8969609 ] } },
{ "type": "Feature", "properties": { "element": "node", "id": 11182392261, "name": "Chipotle", "amenity": "fast_food", "cuisine": "mexican" }, "geometry": { "type": "Point", "coordinates": [ -77.0262215, 38.8959757 ] } },
{ "type": "Feature", "properties": { "element": "node", "id": 11198432280, "name": "Zumo Thai", "amenity": "restaurant", "cuisine": "thai" }, "geometry": { "type": "Point", "coordinates": [ -77.021752, 38.9002429 ] } },
{ "type": "Feature", "properties": { "element": "node", "id": 11198432282, "name": "Smashburger", "amenity": "fast_food", "cuisine": "burger" }, "geometry": { "type": "Point", "coordinates": [ -77.0221046, 38.9000825 ] } },
{ "type": "Feature", "properties": { "element": "node", "id": 11198432283, "name": "Tony Cheng Mongolian Restaurant", "amenity": "restaurant", "cuisine": "chinese" }, "geometry": { "type": "Point", "coordinates": [ -77.0208388, 38.8999644 ] } },
{ "type": "Feature", "properties": { "element": "node", "id": 11198438819, "name": "Bonkers' Chinese Burger", "amenity": "fast_food", "cuisine": "chinese;burger" }, "geometry": { "type": "Point", "coordinates": [ -77.0201248, 38.8993631 ] } },
{ "type": "Feature", "properties": { "element": "node", "id": 11198438820, "name": "Spice 6", "amenity": "fast_food", "cuisine": "indian" }, "geometry": { "type": "Point", "coordinates": [ -77.0201205, 38.8994228 ] } },
{ "type": "Feature", "properties": { "element": "node", "id": 11198438822, "name": "Deli by PHO 88", "amenity": "restaurant", "cuisine": "vietnamese" }, "geometry": { "type": "Point", "coordinates": [ -77.0205016, 38.8996658 ] } },
{ "type": "Feature", "properties": { "element": "node", "id": 11198438823, "name": "PHO 88", "amenity": "restaurant", "cuisine": "asian" }, "geometry": { "type": "Point", "coordinates": [ -77.0205016, 38.8996658 ] } },
{ "type": "Feature", "properties": { "element": "node", "id": 11198438824, "name": "Kura Sushi", "amenity": "fast_food", "cuisine": "sushi" }, "geometry": { "type": "Point", "coordinates": [ -77.0206568, 38.8996705 ] } },
{ "type": "Feature", "properties": { "element": "node", "id": 11198538759, "name": "Wasai", "amenity": "fast_food", "cuisine": "chinese" }, "geometry": { "type": "Point", "coordinates": [ -77.0220918, 38.8991309 ] } },
{ "type": "Feature", "properties": { "element": "node", "id": 11198538764, "name": "Chipotle", "amenity": "fast_food", "cuisine": "mexican" }, "geometry": { "type": "Point", "coordinates": [ -77.0221061, 38.8989172 ] } },
{ "type": "Feature", "properties": { "element": "node", "id": 11198538765, "name": "90 Second Pizza", "amenity": "fast_food", "cuisine": "pizza" }, "geometry": { "type": "Point", "coordinates": [ -77.0221022, 38.8988563 ] } },
{ "type": "Feature", "properties": { "element": "node", "id": 11198538766, "name": "Chick-fil-A", "amenity": "fast_food", "cuisine": "chicken" }, "geometry": { "type": "Point", "coordinates": [ -77.0221003, 38.8986961 ] } },
{ "type": "Feature", "properties": { "element": "node", "id": 11198538767, "name": "Dos Toros Taqueria", "amenity": "fast_food", "cuisine": "mexican" }, "geometry": { "type": "Point", "coordinates": [ -77.0221017, 38.8986327 ] } },
{ "type": "Feature", "properties": { "element": "node", "id": 11216057089, "name": "Poki DC", "amenity": "restaurant", "cuisine": "poke" }, "geometry": { "type": "Point", "coordinates": [ -77.0317433, 38.8999365 ] } },
{ "type": "Feature", "properties": { "element": "node", "id": 11216057090, "name": "Gong Cha", "amenity": "cafe", "cuisine": "bubble_tea" }, "geometry": { "type": "Point", "coordinates": [ -77.0317456, 38.8998832 ] } },
{ "type": "Feature", "properties": { "element": "node", "id": 11216187328, "name": "Bluestone Lane", "amenity": "cafe", "cuisine": "coffee_shop" }, "geometry": { "type": "Point", "coordinates": [ -77.0298829, 38.8981086 ] } },
{ "type": "Feature", "properties": { "element": "node", "id": 11216187330, "name": "Coffee Republic", "amenity": "cafe", "cuisine": "coffee_shop" }, "geometry": { "type": "Point", "coordinates": [ -77.0293891, 38.8979714 ] } },
{ "type": "Feature", "properties": { "element": "node", "id": 11216187331, "name": "Panera Bread", "amenity": "fast_food", "cuisine": "sandwich;bakery" }, "geometry": { "type": "Point", "coordinates": [ -77.0291631, 38.8981496 ] } },
{ "type": "Feature", "properties": { "element": "node", "id": 11216187332, "name": "Jimmy John's", "amenity": "fast_food", "cuisine": "sandwich" }, "geometry": { "type": "Point", "coordinates": [ -77.0285632, 38.8981428 ] } },
{ "type": "Feature", "properties": { "element": "node", "id": 11216187333, "name": "Rice Bar", "amenity": "fast_food", "cuisine": "asian" }, "geometry": { "type": "Point", "coordinates": [ -77.0284647, 38.8981619 ] } },
{ "type": "Feature", "properties": { "element": "node", "id": 11216270539, "name": "Urban Roast", "amenity": "restaurant", "cuisine": "coffee_shop" }, "geometry": { "type": "Point", "coordinates": [ -77.0249124, 38.8980905 ] } },
{ "type": "Feature", "properties": { "element": "node", "id": 11216270542, "name": "Nando's", "amenity": "restaurant", "cuisine": "chicken;portuguese" }, "geometry": { "type": "Point", "coordinates": [ -77.0235829, 38.897071 ] } },
{ "type": "Feature", "properties": { "element": "node", "id": 11216270545, "name": "Smoothie King", "amenity": "fast_food", "cuisine": "juice" }, "geometry": { "type": "Point", "coordinates": [ -77.0212929, 38.8987048 ] } },
{ "type": "Feature", "properties": { "element": "node", "id": 11218232090, "name": "King Street Oyster Bar", "amenity": "restaurant", "cuisine": "seafood" }, "geometry": { "type": "Point", "coordinates": [ -77.0078463, 38.9058289 ] } },
{ "type": "Feature", "properties": { "element": "node", "id": 11218574852, "name": "Mason's Famous Lobster Rolls", "amenity": "restaurant", "cuisine": "seafood" }, "geometry": { "type": "Point", "coordinates": [ -77.0432047, 38.90756 ] } },
{ "type": "Feature", "properties": { "element": "node", "id": 11218574853, "name": "Toastique", "amenity": "restaurant", "cuisine": null }, "geometry": { "type": "Point", "coordinates": [ -77.0432028, 38.9073991 ] } },
{ "type": "Feature", "properties": { "element": "node", "id": 11218574855, "name": "Chipotle", "amenity": "fast_food", "cuisine": "mexican" }, "geometry": { "type": "Point", "coordinates": [ -77.0424706, 38.9074768 ] } },
{ "type": "Feature", "properties": { "element": "node", "id": 11218582491, "name": "Boogy & Peel", "amenity": "restaurant", "cuisine": "pizza" }, "geometry": { "type": "Point", "coordinates": [ -77.044507, 38.908852 ] } },
{ "type": "Feature", "properties": { "element": "node", "id": 11219211058, "name": "Compass Coffee", "amenity": "cafe", "cuisine": "coffee_shop" }, "geometry": { "type": "Point", "coordinates": [ -77.021739, 38.90375 ] } },
{ "type": "Feature", "properties": { "element": "node", "id": 11221520742, "name": "Bagels & Baguettes", "amenity": "fast_food", "cuisine": "bagel" }, "geometry": { "type": "Point", "coordinates": [ -77.0254992, 38.9018637 ] } },
{ "type": "Feature", "properties": { "element": "node", "id": 11226824372, "name": "Zeke's Coffee", "amenity": "cafe", "cuisine": "coffee_shop" }, "geometry": { "type": "Point", "coordinates": [ -77.0329422, 38.9463585 ] } },
{ "type": "Feature", "properties": { "element": "node", "id": 11234957458, "name": "Flair Restaurant", "amenity": "restaurant", "cuisine": null }, "geometry": { "type": "Point", "coordinates": [ -77.0321836, 38.9195867 ] } },
{ "type": "Feature", "properties": { "element": "node", "id": 11234957469, "name": "Phonatics", "amenity": "restaurant", "cuisine": "vietnamese" }, "geometry": { "type": "Point", "coordinates": [ -77.0321028, 38.9212048 ] } },
{ "type": "Feature", "properties": { "element": "node", "id": 11234957471, "name": "Lucy Bar", "amenity": "restaurant", "cuisine": "pizza" }, "geometry": { "type": "Point", "coordinates": [ -77.0316887, 38.9199936 ] } },
{ "type": "Feature", "properties": { "element": "node", "id": 11265325019, "name": "Martha Dear", "amenity": "restaurant", "cuisine": "pizza" }, "geometry": { "type": "Point", "coordinates": [ -77.0377219, 38.9291866 ] } },
{ "type": "Feature", "properties": { "element": "node", "id": 11265325023, "name": "Il Supremo Italian", "amenity": "restaurant", "cuisine": "italian" }, "geometry": { "type": "Point", "coordinates": [ -77.038246, 38.9314761 ] } },
{ "type": "Feature", "properties": { "element": "node", "id": 11265544905, "name": "Don Julio", "amenity": "restaurant", "cuisine": "mexican" }, "geometry": { "type": "Point", "coordinates": [ -77.034565, 38.9308173 ] } },
{ "type": "Feature", "properties": { "element": "node", "id": 11265544907, "name": "Antojitos Ceci", "amenity": "restaurant", "cuisine": "mexican" }, "geometry": { "type": "Point", "coordinates": [ -77.0345426, 38.9307391 ] } },
{ "type": "Feature", "properties": { "element": "node", "id": 11265544912, "name": "El Pollo Sabroso", "amenity": "restaurant", "cuisine": "peruvian" }, "geometry": { "type": "Point", "coordinates": [ -77.0340008, 38.9305902 ] } },
{ "type": "Feature", "properties": { "element": "node", "id": 11265544916, "name": null, "amenity": "restaurant", "cuisine": null }, "geometry": { "type": "Point", "coordinates": [ -77.033766, 38.9304807 ] } },
{ "type": "Feature", "properties": { "element": "node", "id": 11265544918, "name": "Kookoo", "amenity": "restaurant", "cuisine": "persian" }, "geometry": { "type": "Point", "coordinates": [ -77.0329229, 38.9307114 ] } },
{ "type": "Feature", "properties": { "element": "node", "id": 11282589675, "name": "Tazza Cafe", "amenity": "cafe", "cuisine": "coffee_shop;pizza" }, "geometry": { "type": "Point", "coordinates": [ -77.0551378, 38.8975533 ] } },
{ "type": "Feature", "properties": { "element": "node", "id": 11285104008, "name": "Earth Grocery & Cafe", "amenity": "cafe", "cuisine": null }, "geometry": { "type": "Point", "coordinates": [ -77.0196946, 38.912764 ] } },
{ "type": "Feature", "properties": { "element": "node", "id": 11285160608, "name": "Oasis Coffee", "amenity": "cafe", "cuisine": null }, "geometry": { "type": "Point", "coordinates": [ -77.0164292, 38.9109488 ] } },
{ "type": "Feature", "properties": { "element": "node", "id": 11286073597, "name": "Himalayan Doko", "amenity": "restaurant", "cuisine": "indian" }, "geometry": { "type": "Point", "coordinates": [ -77.0275428, 38.902256 ] } },
{ "type": "Feature", "properties": { "element": "node", "id": 11289765028, "name": "Taylor Gourmet", "amenity": "restaurant", "cuisine": null }, "geometry": { "type": "Point", "coordinates": [ -77.0324101, 38.9022595 ] } },
{ "type": "Feature", "properties": { "element": "node", "id": 11296225897, "name": "Call Your Mother", "amenity": "fast_food", "cuisine": null }, "geometry": { "type": "Point", "coordinates": [ -77.0341228, 38.9097922 ] } },
{ "type": "Feature", "properties": { "element": "node", "id": 11296225898, "name": "Pressed Juicery", "amenity": "fast_food", "cuisine": "juice" }, "geometry": { "type": "Point", "coordinates": [ -77.0331965, 38.9097811 ] } },
{ "type": "Feature", "properties": { "element": "node", "id": 11298852049, "name": "Papa John's", "amenity": "fast_food", "cuisine": "pizza" }, "geometry": { "type": "Point", "coordinates": [ -77.0192118, 38.9020693 ] } },
{ "type": "Feature", "properties": { "element": "node", "id": 11300297472, "name": "Sushi Snob", "amenity": "restaurant", "cuisine": "sushi" }, "geometry": { "type": "Point", "coordinates": [ -77.0396609, 38.9057813 ] } },
{ "type": "Feature", "properties": { "element": "node", "id": 11303550788, "name": "Joe & The Juice", "amenity": "cafe", "cuisine": "coffee_shop" }, "geometry": { "type": "Point", "coordinates": [ -77.0166022, 38.9023172 ] } },
{ "type": "Feature", "properties": { "element": "node", "id": 11318894707, "name": "West Wing Cafe", "amenity": "cafe", "cuisine": null }, "geometry": { "type": "Point", "coordinates": [ -77.0450897, 38.9046486 ] } },
{ "type": "Feature", "properties": { "element": "node", "id": 11327680624, "name": "1310 Kitchen & Bar", "amenity": "restaurant", "cuisine": "american" }, "geometry": { "type": "Point", "coordinates": [ -77.0634733, 38.9073018 ] } },
{ "type": "Feature", "properties": { "element": "node", "id": 11327854116, "name": "Masala Eatery", "amenity": "restaurant", "cuisine": "indian" }, "geometry": { "type": "Point", "coordinates": [ -77.0638268, 38.9077398 ] } },
{ "type": "Feature", "properties": { "element": "node", "id": 11327854126, "name": "Pressed Juicery", "amenity": "fast_food", "cuisine": "juice" }, "geometry": { "type": "Point", "coordinates": [ -77.0632925, 38.9069656 ] } },
{ "type": "Feature", "properties": { "element": "node", "id": 11327854130, "name": "Café Con Bagel", "amenity": "cafe", "cuisine": "coffee_shop" }, "geometry": { "type": "Point", "coordinates": [ -77.0635514, 38.9075502 ] } },
{ "type": "Feature", "properties": { "element": "node", "id": 11327854132, "name": "Sushi Gaku", "amenity": "restaurant", "cuisine": "sushi" }, "geometry": { "type": "Point", "coordinates": [ -77.0636201, 38.9076305 ] } },
{ "type": "Feature", "properties": { "element": "node", "id": 11327854133, "name": "Georgetown Seafood", "amenity": "restaurant", "cuisine": "seafood" }, "geometry": { "type": "Point", "coordinates": [ -77.0650448, 38.9055278 ] } },
{ "type": "Feature", "properties": { "element": "node", "id": 11327854139, "name": "Gong Cha", "amenity": "cafe", "cuisine": "bubble_tea" }, "geometry": { "type": "Point", "coordinates": [ -77.0654048, 38.9052734 ] } },
{ "type": "Feature", "properties": { "element": "node", "id": 11329577820, "name": "Officina Cafe", "amenity": "cafe", "cuisine": "italian" }, "geometry": { "type": "Point", "coordinates": [ -77.0375179, 38.9039138 ] } },
{ "type": "Feature", "properties": { "element": "node", "id": 11333699754, "name": "Brown Bag", "amenity": "fast_food", "cuisine": "salad;sandwich" }, "geometry": { "type": "Point", "coordinates": [ -77.0237551, 38.8839836 ] } },
{ "type": "Feature", "properties": { "element": "node", "id": 11333716918, "name": "Charleys Philly Steaks", "amenity": "fast_food", "cuisine": "sandwich" }, "geometry": { "type": "Point", "coordinates": [ -77.0246982, 38.8837643 ] } },
{ "type": "Feature", "properties": { "element": "node", "id": 11333718732, "name": "Auntie Anne's", "amenity": "fast_food", "cuisine": "pretzel" }, "geometry": { "type": "Point", "coordinates": [ -77.0247168, 38.8838269 ] } },
{ "type": "Feature", "properties": { "element": "node", "id": 11333728036, "name": "Panda Express", "amenity": "fast_food", "cuisine": "chinese" }, "geometry": { "type": "Point", "coordinates": [ -77.0249167, 38.8838471 ] } },
{ "type": "Feature", "properties": { "element": "node", "id": 11333731103, "name": "Subway", "amenity": "fast_food", "cuisine": "sandwich" }, "geometry": { "type": "Point", "coordinates": [ -77.0246784, 38.8836457 ] } },
{ "type": "Feature", "properties": { "element": "node", "id": 11333748371, "name": "DC Dogs & Fries", "amenity": "fast_food", "cuisine": "hot_dog" }, "geometry": { "type": "Point", "coordinates": [ -77.0249364, 38.8836411 ] } },
{ "type": "Feature", "properties": { "element": "node", "id": 11342018268, "name": "Tatte Bakery & Cafe", "amenity": "cafe", "cuisine": "bakery;coffee_shop" }, "geometry": { "type": "Point", "coordinates": [ -77.0388403, 38.9011648 ] } },
{ "type": "Feature", "properties": { "element": "node", "id": 11342281999, "name": "Noma Pizza", "amenity": "fast_food", "cuisine": "pizza" }, "geometry": { "type": "Point", "coordinates": [ -77.0092914, 38.9076501 ] } },
{ "type": "Feature", "properties": { "element": "node", "id": 11345449272, "name": "Nama", "amenity": "restaurant", "cuisine": "sushi" }, "geometry": { "type": "Point", "coordinates": [ -77.0183075, 38.9027653 ] } },
{ "type": "Feature", "properties": { "element": "node", "id": 11345449273, "name": "Rasa", "amenity": "restaurant", "cuisine": "indian" }, "geometry": { "type": "Point", "coordinates": [ -77.0184424, 38.9027717 ] } },
{ "type": "Feature", "properties": { "element": "node", "id": 11345449274, "name": "The Little Beet", "amenity": "fast_food", "cuisine": "american" }, "geometry": { "type": "Point", "coordinates": [ -77.0185466, 38.9027463 ] } },
{ "type": "Feature", "properties": { "element": "node", "id": 11358155283, "name": "Fireclay", "amenity": "restaurant", "cuisine": "american" }, "geometry": { "type": "Point", "coordinates": [ -77.0327312, 38.896899 ] } },
{ "type": "Feature", "properties": { "element": "node", "id": 11363089852, "name": "Pret A Manger", "amenity": "fast_food", "cuisine": "sandwich" }, "geometry": { "type": "Point", "coordinates": [ -77.0294046, 38.8959825 ] } },
{ "type": "Feature", "properties": { "element": "node", "id": 11367374472, "name": "Aladdin House of Kabob & Gyros", "amenity": "restaurant", "cuisine": "middle_eastern" }, "geometry": { "type": "Point", "coordinates": [ -77.0703151, 38.9185028 ] } },
{ "type": "Feature", "properties": { "element": "node", "id": 11367470787, "name": "Tony's Breakfast", "amenity": "cafe", "cuisine": "american;breakfast;sandwich" }, "geometry": { "type": "Point", "coordinates": [ -76.9856967, 38.8998328 ] } },
{ "type": "Feature", "properties": { "element": "node", "id": 11380092465, "name": "Falafel Brothers", "amenity": "fast_food", "cuisine": "falafel;middle_eastern" }, "geometry": { "type": "Point", "coordinates": [ -77.0241558, 38.9175177 ] } },
{ "type": "Feature", "properties": { "element": "node", "id": 11382556901, "name": "Ruta", "amenity": "restaurant", "cuisine": "ukrainian" }, "geometry": { "type": "Point", "coordinates": [ -76.9963731, 38.8853794 ] } },
{ "type": "Feature", "properties": { "element": "node", "id": 11399450677, "name": "Minya's Pizza", "amenity": "fast_food", "cuisine": "pizza" }, "geometry": { "type": "Point", "coordinates": [ -77.0241602, 38.9165 ] } },
{ "type": "Feature", "properties": { "element": "node", "id": 11404402475, "name": "Eat Well Juice Bar", "amenity": "fast_food", "cuisine": "juice;sandwich" }, "geometry": { "type": "Point", "coordinates": [ -77.0227393, 38.9244828 ] } },
{ "type": "Feature", "properties": { "element": "node", "id": 11404402491, "name": "Halal Wrist", "amenity": "restaurant", "cuisine": null }, "geometry": { "type": "Point", "coordinates": [ -77.0229743, 38.9287637 ] } },
{ "type": "Feature", "properties": { "element": "node", "id": 11420726320, "name": "Succotash Prime Washington DC", "amenity": "restaurant", "cuisine": "southern" }, "geometry": { "type": "Point", "coordinates": [ -77.024741, 38.8975272 ] } },
{ "type": "Feature", "properties": { "element": "node", "id": 11432849820, "name": "Porchetta District Sandwiches & Co.", "amenity": "cafe", "cuisine": "italian" }, "geometry": { "type": "Point", "coordinates": [ -77.0684886, 38.9052132 ] } },
{ "type": "Feature", "properties": { "element": "node", "id": 11446243010, "name": "Chipotle", "amenity": "fast_food", "cuisine": "mexican" }, "geometry": { "type": "Point", "coordinates": [ -77.0452584, 38.9005345 ] } },
{ "type": "Feature", "properties": { "element": "node", "id": 11466122570, "name": "Auntie Anne's", "amenity": "fast_food", "cuisine": "pretzel" }, "geometry": { "type": "Point", "coordinates": [ -77.0066571, 38.8980836 ] } },
{ "type": "Feature", "properties": { "element": "node", "id": 11466157830, "name": "Jersey Mike's Subs", "amenity": "fast_food", "cuisine": "sandwich" }, "geometry": { "type": "Point", "coordinates": [ -77.0062415, 38.8978042 ] } },
{ "type": "Feature", "properties": { "element": "node", "id": 11466157831, "name": "Chipotle", "amenity": "fast_food", "cuisine": "mexican" }, "geometry": { "type": "Point", "coordinates": [ -77.0059256, 38.8976805 ] } },
{ "type": "Feature", "properties": { "element": "node", "id": 11466157832, "name": "Chick-fil-A", "amenity": "fast_food", "cuisine": "chicken" }, "geometry": { "type": "Point", "coordinates": [ -77.0058456, 38.8976156 ] } },
{ "type": "Feature", "properties": { "element": "node", "id": 11466206148, "name": "The Halal Guys", "amenity": "fast_food", "cuisine": "chicken;falafel;gyros" }, "geometry": { "type": "Point", "coordinates": [ -77.0065491, 38.8975706 ] } },
{ "type": "Feature", "properties": { "element": "node", "id": 11466218596, "name": "Taco Bell", "amenity": "fast_food", "cuisine": "tex-mex" }, "geometry": { "type": "Point", "coordinates": [ -77.0067274, 38.8978878 ] } },
{ "type": "Feature", "properties": { "element": "node", "id": 11466218597, "name": "Charleys Philly Steaks", "amenity": "fast_food", "cuisine": "sandwich" }, "geometry": { "type": "Point", "coordinates": [ -77.0066232, 38.8978695 ] } },
{ "type": "Feature", "properties": { "element": "node", "id": 11481120238, "name": "King Street Oyster Bar", "amenity": "restaurant", "cuisine": "seafood" }, "geometry": { "type": "Point", "coordinates": [ -77.0776212, 38.9410088 ] } },
{ "type": "Feature", "properties": { "element": "node", "id": 11483568539, "name": "Rice Bar", "amenity": "restaurant", "cuisine": "korean" }, "geometry": { "type": "Point", "coordinates": [ -77.0206623, 38.886014 ] } },
{ "type": "Feature", "properties": { "element": "node", "id": 11489684712, "name": "Z-Burger", "amenity": "fast_food", "cuisine": "burger" }, "geometry": { "type": "Point", "coordinates": [ -77.011968, 38.8966668 ] } },
{ "type": "Feature", "properties": { "element": "node", "id": 11495410369, "name": "Republic Cantina", "amenity": "restaurant", "cuisine": "american;mexican" }, "geometry": { "type": "Point", "coordinates": [ -77.010868, 38.9074253 ] } },
{ "type": "Feature", "properties": { "element": "node", "id": 11506905538, "name": "Smoothie King", "amenity": "fast_food", "cuisine": "juice" }, "geometry": { "type": "Point", "coordinates": [ -77.0321864, 38.9167721 ] } },
{ "type": "Feature", "properties": { "element": "node", "id": 11533263744, "name": "Manna", "amenity": "fast_food", "cuisine": "american;pizza;chicken;salad;soup" }, "geometry": { "type": "Point", "coordinates": [ -77.0165007, 38.8845736 ] } },
{ "type": "Feature", "properties": { "element": "node", "id": 11535106509, "name": "Air", "amenity": "restaurant", "cuisine": null }, "geometry": { "type": "Point", "coordinates": [ -77.0423032, 38.9223243 ] } },
{ "type": "Feature", "properties": { "element": "node", "id": 11583035404, "name": "Absolute Noodle & Sushi Bar", "amenity": "restaurant", "cuisine": "sushi" }, "geometry": { "type": "Point", "coordinates": [ -77.0190944, 38.8991068 ] } },
{ "type": "Feature", "properties": { "element": "node", "id": 11583132475, "name": "Sharetea", "amenity": "cafe", "cuisine": "bubble_tea" }, "geometry": { "type": "Point", "coordinates": [ -77.019619, 38.899939 ] } },
{ "type": "Feature", "properties": { "element": "node", "id": 11585502353, "name": "Certo!", "amenity": "restaurant", "cuisine": "italian" }, "geometry": { "type": "Point", "coordinates": [ -77.0471561, 38.9097712 ] } },
{ "type": "Feature", "properties": { "element": "node", "id": 11585502354, "name": "Spot of Tea", "amenity": "cafe", "cuisine": "bubble_tea" }, "geometry": { "type": "Point", "coordinates": [ -77.0468587, 38.9097612 ] } },
{ "type": "Feature", "properties": { "element": "node", "id": 11629913831, "name": "VUE Rooftop", "amenity": "restaurant", "cuisine": null }, "geometry": { "type": "Point", "coordinates": [ -77.0333929, 38.8969064 ] } },
{ "type": "Feature", "properties": { "element": "node", "id": 11639104051, "name": "Pho79", "amenity": "restaurant", "cuisine": "vietnamese" }, "geometry": { "type": "Point", "coordinates": [ -77.0030253, 38.8946493 ] } },
{ "type": "Feature", "properties": { "element": "node", "id": 11639134939, "name": "Pupatella", "amenity": "restaurant", "cuisine": "pizza" }, "geometry": { "type": "Point", "coordinates": [ -77.0018365, 38.8942491 ] } },
{ "type": "Feature", "properties": { "element": "node", "id": 11639134940, "name": "Buffalo & Bergen", "amenity": "fast_food", "cuisine": "bagel" }, "geometry": { "type": "Point", "coordinates": [ -77.0022125, 38.8950754 ] } },
{ "type": "Feature", "properties": { "element": "node", "id": 11639170017, "name": "Café Fili", "amenity": "cafe", "cuisine": "mediterranean" }, "geometry": { "type": "Point", "coordinates": [ -77.00332, 38.8990725 ] } },
{ "type": "Feature", "properties": { "element": "node", "id": 11660860804, "name": "Mama Chepa", "amenity": "restaurant", "cuisine": "mexican" }, "geometry": { "type": "Point", "coordinates": [ -77.0123199, 38.9515043 ] } },
{ "type": "Feature", "properties": { "element": "node", "id": 11660908473, "name": "The Hut", "amenity": "fast_food", "cuisine": null }, "geometry": { "type": "Point", "coordinates": [ -77.0240837, 38.9361056 ] } },
{ "type": "Feature", "properties": { "element": "node", "id": 11661538768, "name": "Della Barba Pizza", "amenity": "restaurant", "cuisine": "pizza" }, "geometry": { "type": "Point", "coordinates": [ -76.9857185, 38.8900221 ] } },
{ "type": "Feature", "properties": { "element": "node", "id": 11661677970, "name": "Sala Thai Cuisine", "amenity": "restaurant", "cuisine": "thai" }, "geometry": { "type": "Point", "coordinates": [ -76.9769395, 38.8849804 ] } },
{ "type": "Feature", "properties": { "element": "node", "id": 11685784477, "name": "Greco", "amenity": "fast_food", "cuisine": "greek" }, "geometry": { "type": "Point", "coordinates": [ -77.0632392, 38.9075152 ] } },
{ "type": "Feature", "properties": { "element": "node", "id": 11714997038, "name": "MXDC", "amenity": "restaurant", "cuisine": "mexican" }, "geometry": { "type": "Point", "coordinates": [ -77.0322146, 38.9115587 ] } },
{ "type": "Feature", "properties": { "element": "node", "id": 11715031524, "name": "Prim's Cafe", "amenity": "cafe", "cuisine": null }, "geometry": { "type": "Point", "coordinates": [ -77.0217425, 38.9152204 ] } },
{ "type": "Feature", "properties": { "element": "node", "id": 11715200076, "name": "Gueny Cafe & Market", "amenity": "cafe", "cuisine": "coffee_shop;ethiopian" }, "geometry": { "type": "Point", "coordinates": [ -77.0280125, 38.9547893 ] } },
{ "type": "Feature", "properties": { "element": "node", "id": 11717009772, "name": "Dos Toros Taqueria", "amenity": "fast_food", "cuisine": "mexican" }, "geometry": { "type": "Point", "coordinates": [ -77.0430543, 38.9084832 ] } },
{ "type": "Feature", "properties": { "element": "node", "id": 11725771826, "name": "Little Chicken", "amenity": "fast_food", "cuisine": "chicken" }, "geometry": { "type": "Point", "coordinates": [ -77.023734, 38.8790706 ] } },
{ "type": "Feature", "properties": { "element": "node", "id": 11726163613, "name": "Starbucks", "amenity": "cafe", "cuisine": "coffee_shop" }, "geometry": { "type": "Point", "coordinates": [ -77.0011434, 38.9071055 ] } },
{ "type": "Feature", "properties": { "element": "node", "id": 11727400437, "name": "Han Palace", "amenity": "restaurant", "cuisine": "chinese;dim_sum" }, "geometry": { "type": "Point", "coordinates": [ -77.0672393, 38.9144374 ] } },
{ "type": "Feature", "properties": { "element": "node", "id": 11727469597, "name": "Han Palace", "amenity": "restaurant", "cuisine": "chinese;dim_sum" }, "geometry": { "type": "Point", "coordinates": [ -76.9947648, 38.8819046 ] } },
{ "type": "Feature", "properties": { "element": "node", "id": 11727860467, "name": "Mèo Maison", "amenity": "cafe", "cuisine": null }, "geometry": { "type": "Point", "coordinates": [ -77.0635719, 38.9075891 ] } },
{ "type": "Feature", "properties": { "element": "node", "id": 11728069669, "name": "Jacob’s Coffee House", "amenity": "cafe", "cuisine": "coffee_shop;sandwich;pastry" }, "geometry": { "type": "Point", "coordinates": [ -76.994756, 38.8949052 ] } },
{ "type": "Feature", "properties": { "element": "node", "id": 11735013019, "name": "Kyojin Sushi", "amenity": "restaurant", "cuisine": "sushi;japanese" }, "geometry": { "type": "Point", "coordinates": [ -77.0666089, 38.9047976 ] } },
{ "type": "Feature", "properties": { "element": "node", "id": 11741861376, "name": "STK Steakhouse", "amenity": "restaurant", "cuisine": "steak_house" }, "geometry": { "type": "Point", "coordinates": [ -77.0256237, 38.9037439 ] } },
{ "type": "Feature", "properties": { "element": "node", "id": 11746667415, "name": "Z-Burger", "amenity": "fast_food", "cuisine": "burger" }, "geometry": { "type": "Point", "coordinates": [ -77.0334631, 38.9285743 ] } },
{ "type": "Feature", "properties": { "element": "node", "id": 11761054599, "name": "The Roost", "amenity": "restaurant", "cuisine": "various" }, "geometry": { "type": "Point", "coordinates": [ -76.9852391, 38.8799128 ] } },
{ "type": "Feature", "properties": { "element": "node", "id": 11766302017, "name": "Astro Beer Hall", "amenity": "restaurant", "cuisine": "american" }, "geometry": { "type": "Point", "coordinates": [ -77.0302872, 38.898144 ] } },
{ "type": "Feature", "properties": { "element": "node", "id": 11766458610, "name": "Planta Queen", "amenity": "restaurant", "cuisine": null }, "geometry": { "type": "Point", "coordinates": [ -77.0474773, 38.9058211 ] } },
{ "type": "Feature", "properties": { "element": "node", "id": 11769092455, "name": "Estuary", "amenity": "restaurant", "cuisine": "filipino;american" }, "geometry": { "type": "Point", "coordinates": [ -77.0257888, 38.9011723 ] } },
{ "type": "Feature", "properties": { "element": "node", "id": 11778682276, "name": "El Presidente", "amenity": "restaurant", "cuisine": "mexican" }, "geometry": { "type": "Point", "coordinates": [ -77.0008146, 38.908421 ] } },
{ "type": "Feature", "properties": { "element": "node", "id": 11782823685, "name": "Moon Rabbit", "amenity": "restaurant", "cuisine": "vietnamese" }, "geometry": { "type": "Point", "coordinates": [ -77.0252444, 38.8975293 ] } },
{ "type": "Feature", "properties": { "element": "node", "id": 11783509876, "name": "Daru", "amenity": "restaurant", "cuisine": "indian" }, "geometry": { "type": "Point", "coordinates": [ -76.983835, 38.8996578 ] } },
{ "type": "Feature", "properties": { "element": "node", "id": 11784671821, "name": "Bistro du Jour", "amenity": "restaurant", "cuisine": "french" }, "geometry": { "type": "Point", "coordinates": [ -77.0110087, 38.8979382 ] } },
{ "type": "Feature", "properties": { "element": "node", "id": 11785201374, "name": "Pho House", "amenity": "restaurant", "cuisine": "vietnamese" }, "geometry": { "type": "Point", "coordinates": [ -77.021364, 38.9158785 ] } },
{ "type": "Feature", "properties": { "element": "node", "id": 11785201376, "name": "Los Cinco Tacos", "amenity": "fast_food", "cuisine": "mexican" }, "geometry": { "type": "Point", "coordinates": [ -77.0225088, 38.9166867 ] } },
{ "type": "Feature", "properties": { "element": "node", "id": 11793733667, "name": "Beresovsky’s Deli", "amenity": "fast_food", "cuisine": "sandwich" }, "geometry": { "type": "Point", "coordinates": [ -77.0076325, 38.8748902 ] } },
{ "type": "Feature", "properties": { "element": "node", "id": 11800041465, "name": "Bootheel Southern Catering", "amenity": "fast_food", "cuisine": null }, "geometry": { "type": "Point", "coordinates": [ -77.051585, 38.9317149 ] } },
{ "type": "Feature", "properties": { "element": "node", "id": 11810009353, "name": "Szechuan House", "amenity": "restaurant", "cuisine": "chinese" }, "geometry": { "type": "Point", "coordinates": [ -76.9953982, 38.8822289 ] } },
{ "type": "Feature", "properties": { "element": "node", "id": 11810049475, "name": "Andy's Pizza", "amenity": "restaurant", "cuisine": null }, "geometry": { "type": "Point", "coordinates": [ -77.0626044, 38.9044839 ] } },
{ "type": "Feature", "properties": { "element": "node", "id": 11813744467, "name": "For Five Coffee Roasters", "amenity": "cafe", "cuisine": null }, "geometry": { "type": "Point", "coordinates": [ -77.0062089, 38.8766712 ] } },
{ "type": "Feature", "properties": { "element": "node", "id": 11813795797, "name": "Al’s Famous Delicatessen", "amenity": "fast_food", "cuisine": "sandwich" }, "geometry": { "type": "Point", "coordinates": [ -76.9951707, 38.8779657 ] } },
{ "type": "Feature", "properties": { "element": "node", "id": 11813806174, "name": "Torai", "amenity": "restaurant", "cuisine": "sushi" }, "geometry": { "type": "Point", "coordinates": [ -76.9951822, 38.879555 ] } },
{ "type": "Feature", "properties": { "element": "node", "id": 11819651795, "name": "Juice Extractions", "amenity": "fast_food", "cuisine": "juice;smoothie" }, "geometry": { "type": "Point", "coordinates": [ -76.9911707, 38.9328333 ] } },
{ "type": "Feature", "properties": { "element": "node", "id": 11825048204, "name": "Momo's Cafe", "amenity": "fast_food", "cuisine": "taiwanese" }, "geometry": { "type": "Point", "coordinates": [ -77.0964664, 38.9168444 ] } },
{ "type": "Feature", "properties": { "element": "node", "id": 11825093392, "name": "O'Kabul", "amenity": "restaurant", "cuisine": "turkish" }, "geometry": { "type": "Point", "coordinates": [ -77.0123486, 38.9158993 ] } },
{ "type": "Feature", "properties": { "element": "node", "id": 11825093698, "name": "2Fifty", "amenity": "restaurant", "cuisine": "barbecue" }, "geometry": { "type": "Point", "coordinates": [ -77.016935, 38.9023163 ] } },
{ "type": "Feature", "properties": { "element": "node", "id": 11828471367, "name": "Childhood Cafe", "amenity": "cafe", "cuisine": null }, "geometry": { "type": "Point", "coordinates": [ -77.0387143, 38.9166318 ] } },
{ "type": "Feature", "properties": { "element": "node", "id": 11829015570, "name": "Sweetgreen", "amenity": "fast_food", "cuisine": "salad" }, "geometry": { "type": "Point", "coordinates": [ -76.9991733, 38.9094074 ] } },
{ "type": "Feature", "properties": { "element": "node", "id": 11834291069, "name": "Maman", "amenity": "cafe", "cuisine": null }, "geometry": { "type": "Point", "coordinates": [ -77.0045592, 38.8744542 ] } },
{ "type": "Feature", "properties": { "element": "node", "id": 11839328844, "name": "Llamabar Cafe", "amenity": "cafe", "cuisine": "coffee_shop" }, "geometry": { "type": "Point", "coordinates": [ -77.008375, 38.87628 ] } },
{ "type": "Feature", "properties": { "element": "node", "id": 11839332565, "name": "Momo Chicken & Grill", "amenity": "restaurant", "cuisine": "korean" }, "geometry": { "type": "Point", "coordinates": [ -77.0177905, 38.8781912 ] } },
{ "type": "Feature", "properties": { "element": "node", "id": 11844522253, "name": "Starbucks", "amenity": "cafe", "cuisine": "coffee_shop" }, "geometry": { "type": "Point", "coordinates": [ -77.0276629, 38.9760037 ] } },
{ "type": "Feature", "properties": { "element": "node", "id": 11848289630, "name": "Wiseguy Pizza", "amenity": "restaurant", "cuisine": "pizza" }, "geometry": { "type": "Point", "coordinates": [ -77.0432315, 38.9059824 ] } },
{ "type": "Feature", "properties": { "element": "node", "id": 11856301996, "name": "SpiceX", "amenity": "fast_food", "cuisine": "indian" }, "geometry": { "type": "Point", "coordinates": [ -77.0251643, 38.8840064 ] } },
{ "type": "Feature", "properties": { "element": "node", "id": 11873052732, "name": "Saladworks", "amenity": "fast_food", "cuisine": "salad" }, "geometry": { "type": "Point", "coordinates": [ -77.0016614, 38.9079113 ] } },
{ "type": "Feature", "properties": { "element": "node", "id": 11877095722, "name": "Pho Viet USA", "amenity": "restaurant", "cuisine": "vietnamese" }, "geometry": { "type": "Point", "coordinates": [ -77.0008656, 38.900081 ] } },
{ "type": "Feature", "properties": { "element": "node", "id": 11877513689, "name": "Ama", "amenity": "restaurant", "cuisine": "italian" }, "geometry": { "type": "Point", "coordinates": [ -77.0056166, 38.8800543 ] } },
{ "type": "Feature", "properties": { "element": "node", "id": 11877559282, "name": "Any Day Now", "amenity": "restaurant", "cuisine": null }, "geometry": { "type": "Point", "coordinates": [ -77.0086559, 38.8794638 ] } },
{ "type": "Feature", "properties": { "element": "node", "id": 11882339273, "name": "Casa Majanos", "amenity": "fast_food", "cuisine": "mexican" }, "geometry": { "type": "Point", "coordinates": [ -77.0268154, 38.9094974 ] } },
{ "type": "Feature", "properties": { "element": "node", "id": 11895544256, "name": "The Duck & The Peach", "amenity": "restaurant", "cuisine": "american" }, "geometry": { "type": "Point", "coordinates": [ -76.9959451, 38.8857256 ] } },
{ "type": "Feature", "properties": { "element": "node", "id": 11898499178, "name": "Raising Cane's", "amenity": "fast_food", "cuisine": "chicken" }, "geometry": { "type": "Point", "coordinates": [ -77.0052092, 38.8977392 ] } },
{ "type": "Feature", "properties": { "element": "node", "id": 11901865685, "name": "Café Alice", "amenity": "fast_food", "cuisine": "sandwich" }, "geometry": { "type": "Point", "coordinates": [ -77.012421, 38.8955126 ] } },
{ "type": "Feature", "properties": { "element": "node", "id": 11907251711, "name": "Grace Street Coffee", "amenity": "cafe", "cuisine": null }, "geometry": { "type": "Point", "coordinates": [ -77.0648155, 38.903172 ] } },
{ "type": "Feature", "properties": { "element": "node", "id": 11907601834, "name": "Sushi by Bou", "amenity": "restaurant", "cuisine": "sushi" }, "geometry": { "type": "Point", "coordinates": [ -77.0196121, 38.8837583 ] } },
{ "type": "Feature", "properties": { "element": "node", "id": 11907943283, "name": "Tamashaa", "amenity": "restaurant", "cuisine": "indian" }, "geometry": { "type": "Point", "coordinates": [ -77.0324905, 38.9298551 ] } },
{ "type": "Feature", "properties": { "element": "node", "id": 11909616084, "name": "Dunkin'", "amenity": "fast_food", "cuisine": "donut;coffee_shop" }, "geometry": { "type": "Point", "coordinates": [ -77.0476089, 38.8947899 ] } },
{ "type": "Feature", "properties": { "element": "node", "id": 11922744710, "name": "Good Company Doughnuts & Cafe", "amenity": "fast_food", "cuisine": "donut" }, "geometry": { "type": "Point", "coordinates": [ -77.0173118, 38.8784765 ] } },
{ "type": "Feature", "properties": { "element": "node", "id": 11922926643, "name": "Baan Mae", "amenity": "restaurant", "cuisine": "lao" }, "geometry": { "type": "Point", "coordinates": [ -77.0221226, 38.9113929 ] } },
{ "type": "Feature", "properties": { "element": "node", "id": 11923819368, "name": "Domino's", "amenity": "fast_food", "cuisine": "pizza" }, "geometry": { "type": "Point", "coordinates": [ -77.0273246, 38.9659879 ] } },
{ "type": "Feature", "properties": { "element": "node", "id": 11923907969, "name": "Panera Bread", "amenity": "fast_food", "cuisine": "sandwich;bakery" }, "geometry": { "type": "Point", "coordinates": [ -77.0471567, 38.8999842 ] } },
{ "type": "Feature", "properties": { "element": "node", "id": 11923907970, "name": "Panera Bread", "amenity": "fast_food", "cuisine": "sandwich;bakery" }, "geometry": { "type": "Point", "coordinates": [ -77.0451231, 38.9041036 ] } },
{ "type": "Feature", "properties": { "element": "node", "id": 11923907971, "name": "Domino's", "amenity": "fast_food", "cuisine": "pizza" }, "geometry": { "type": "Point", "coordinates": [ -76.9934233, 38.8766635 ] } },
{ "type": "Feature", "properties": { "element": "node", "id": 11923907972, "name": "Dunkin'", "amenity": "fast_food", "cuisine": "donut;coffee_shop" }, "geometry": { "type": "Point", "coordinates": [ -77.0041557, 38.8871056 ] } },
{ "type": "Feature", "properties": { "element": "node", "id": 11923907973, "name": "Dunkin'", "amenity": "fast_food", "cuisine": "donut;coffee_shop" }, "geometry": { "type": "Point", "coordinates": [ -77.0085007, 38.8869754 ] } },
{ "type": "Feature", "properties": { "element": "node", "id": 11923907974, "name": "Dunkin'", "amenity": "fast_food", "cuisine": "donut;coffee_shop" }, "geometry": { "type": "Point", "coordinates": [ -77.0299741, 38.8881246 ] } },
{ "type": "Feature", "properties": { "element": "node", "id": 11923907975, "name": "Panera Bread", "amenity": "fast_food", "cuisine": "sandwich;bakery" }, "geometry": { "type": "Point", "coordinates": [ -77.0307568, 38.8937319 ] } },
{ "type": "Feature", "properties": { "element": "node", "id": 11923907976, "name": "Popeyes", "amenity": "fast_food", "cuisine": "chicken" }, "geometry": { "type": "Point", "coordinates": [ -76.9927706, 38.9196317 ] } },
{ "type": "Feature", "properties": { "element": "node", "id": 11923907978, "name": "Dunkin'", "amenity": "fast_food", "cuisine": "donut;coffee_shop" }, "geometry": { "type": "Point", "coordinates": [ -76.9711128, 38.9177507 ] } },
{ "type": "Feature", "properties": { "element": "node", "id": 11923907979, "name": "Popeyes", "amenity": "fast_food", "cuisine": "chicken" }, "geometry": { "type": "Point", "coordinates": [ -76.9590655, 38.9302293 ] } },
{ "type": "Feature", "properties": { "element": "node", "id": 11923907980, "name": "Five Guys", "amenity": "fast_food", "cuisine": "burger" }, "geometry": { "type": "Point", "coordinates": [ -76.9524534, 38.9219037 ] } },
{ "type": "Feature", "properties": { "element": "node", "id": 11923907981, "name": "Popeyes", "amenity": "fast_food", "cuisine": "chicken" }, "geometry": { "type": "Point", "coordinates": [ -76.948698, 38.896083 ] } },
{ "type": "Feature", "properties": { "element": "node", "id": 11923907982, "name": "Chipotle", "amenity": "fast_food", "cuisine": "mexican" }, "geometry": { "type": "Point", "coordinates": [ -76.9803659, 38.8464649 ] } },
{ "type": "Feature", "properties": { "element": "node", "id": 11933842596, "name": "Z-Burger", "amenity": "fast_food", "cuisine": "burger" }, "geometry": { "type": "Point", "coordinates": [ -77.0216162, 38.8942036 ] } },
{ "type": "Feature", "properties": { "element": "node", "id": 11933925852, "name": "Maman", "amenity": "cafe", "cuisine": "coffee_shop" }, "geometry": { "type": "Point", "coordinates": [ -76.9992331, 38.9093022 ] } },
{ "type": "Feature", "properties": { "element": "node", "id": 11936108969, "name": "Sweet Home Cafe", "amenity": "fast_food", "cuisine": "american;fried_chicken" }, "geometry": { "type": "Point", "coordinates": [ -77.0325254, 38.89093 ] } },
{ "type": "Feature", "properties": { "element": "node", "id": 11948239841, "name": "Pure Green", "amenity": "fast_food", "cuisine": "juice" }, "geometry": { "type": "Point", "coordinates": [ -77.0451776, 38.9121327 ] } },
{ "type": "Feature", "properties": { "element": "node", "id": 11948331239, "name": "Rosemary Bistro Cafe", "amenity": "restaurant", "cuisine": "french" }, "geometry": { "type": "Point", "coordinates": [ -77.0701581, 38.9551149 ] } },
{ "type": "Feature", "properties": { "element": "node", "id": 11956139622, "name": "Playa Bowls", "amenity": "fast_food", "cuisine": "açaí" }, "geometry": { "type": "Point", "coordinates": [ -77.0043788, 38.8744575 ] } },
{ "type": "Feature", "properties": { "element": "node", "id": 11958851355, "name": "Ko Japanese Dining", "amenity": "restaurant", "cuisine": "japanese" }, "geometry": { "type": "Point", "coordinates": [ -77.0451981, 38.9116432 ] } },
{ "type": "Feature", "properties": { "element": "node", "id": 11961719598, "name": "Motown Square", "amenity": "fast_food", "cuisine": "pizza" }, "geometry": { "type": "Point", "coordinates": [ -77.0217289, 38.9147704 ] } },
{ "type": "Feature", "properties": { "element": "node", "id": 11961719600, "name": "Doro Soul Food", "amenity": "fast_food", "cuisine": "american" }, "geometry": { "type": "Point", "coordinates": [ -77.02169, 38.914771 ] } },
{ "type": "Feature", "properties": { "element": "node", "id": 11963650630, "name": "Little Sesame", "amenity": "fast_food", "cuisine": "mediterranean" }, "geometry": { "type": "Point", "coordinates": [ -77.042807, 38.9035641 ] } },
{ "type": "Feature", "properties": { "element": "node", "id": 11963655633, "name": "Roasting Plant Coffee", "amenity": "cafe", "cuisine": null }, "geometry": { "type": "Point", "coordinates": [ -77.0436981, 38.904018 ] } },
{ "type": "Feature", "properties": { "element": "node", "id": 11963722019, "name": "Lima Twist", "amenity": "restaurant", "cuisine": null }, "geometry": { "type": "Point", "coordinates": [ -77.0325432, 38.9027838 ] } },
{ "type": "Feature", "properties": { "element": "node", "id": 11963729565, "name": "Mazi", "amenity": "restaurant", "cuisine": "american" }, "geometry": { "type": "Point", "coordinates": [ -77.0354161, 38.9022694 ] } },
{ "type": "Feature", "properties": { "element": "node", "id": 11963735864, "name": "Smoothie King", "amenity": "fast_food", "cuisine": "juice" }, "geometry": { "type": "Point", "coordinates": [ -77.0389208, 38.9027639 ] } },
{ "type": "Feature", "properties": { "element": "node", "id": 11975746228, "name": "SUNdeVICH", "amenity": "restaurant", "cuisine": null }, "geometry": { "type": "Point", "coordinates": [ -77.0116135, 38.8981366 ] } },
{ "type": "Feature", "properties": { "element": "node", "id": 11981103303, "name": "Darvish Kitchen", "amenity": "restaurant", "cuisine": "persian" }, "geometry": { "type": "Point", "coordinates": [ -77.0405433, 38.9051588 ] } },
{ "type": "Feature", "properties": { "element": "node", "id": 11986134812, "name": "Garden Café", "amenity": "cafe", "cuisine": null }, "geometry": { "type": "Point", "coordinates": [ -77.0198796, 38.8912789 ] } },
{ "type": "Feature", "properties": { "element": "node", "id": 12012429179, "name": "Mita", "amenity": "cafe", "cuisine": "ethiopian;japanese;coffee_shop" }, "geometry": { "type": "Point", "coordinates": [ -77.0225819, 38.9565336 ] } },
{ "type": "Feature", "properties": { "element": "node", "id": 12012701661, "name": "Seven Seas Restaurant", "amenity": "restaurant", "cuisine": "mexican;seafood" }, "geometry": { "type": "Point", "coordinates": [ -77.027798, 38.961232 ] } },
{ "type": "Feature", "properties": { "element": "node", "id": 12014960114, "name": "Jab We Met Indian Kitchen", "amenity": "restaurant", "cuisine": "indian" }, "geometry": { "type": "Point", "coordinates": [ -76.9952624, 38.8822302 ] } },
{ "type": "Feature", "properties": { "element": "node", "id": 12015561044, "name": "Atxondo", "amenity": "restaurant", "cuisine": "spanish" }, "geometry": { "type": "Point", "coordinates": [ -77.0329548, 38.947891 ] } },
{ "type": "Feature", "properties": { "element": "node", "id": 12020466297, "name": "Far East Taco Grille", "amenity": "fast_food", "cuisine": "mexican" }, "geometry": { "type": "Point", "coordinates": [ -76.9963865, 38.9052246 ] } },
{ "type": "Feature", "properties": { "element": "node", "id": 12026408792, "name": "Tropical Smoothie Cafe", "amenity": "fast_food", "cuisine": "juice" }, "geometry": { "type": "Point", "coordinates": [ -77.0325038, 38.9295541 ] } },
{ "type": "Feature", "properties": { "element": "node", "id": 12029541587, "name": "Ted's Bulletin", "amenity": "restaurant", "cuisine": "american;breakfast" }, "geometry": { "type": "Point", "coordinates": [ -77.0056315, 38.9035436 ] } },
{ "type": "Feature", "properties": { "element": "node", "id": 12041977317, "name": "Sharbat Bakery & Café", "amenity": "fast_food", "cuisine": "sandwich;azerbaijani;middle_eastern" }, "geometry": { "type": "Point", "coordinates": [ -77.0423621, 38.9223241 ] } },
{ "type": "Feature", "properties": { "element": "node", "id": 12046459768, "name": "Malabar", "amenity": "restaurant", "cuisine": "indian" }, "geometry": { "type": "Point", "coordinates": [ -77.0650165, 38.9472157 ] } },
{ "type": "Feature", "properties": { "element": "node", "id": 12050368605, "name": "Chick-fil-A", "amenity": "fast_food", "cuisine": "chicken" }, "geometry": { "type": "Point", "coordinates": [ -77.0636382, 38.9435892 ] } },
{ "type": "Feature", "properties": { "element": "node", "id": 12050368606, "name": "Qdoba", "amenity": "fast_food", "cuisine": "mexican" }, "geometry": { "type": "Point", "coordinates": [ -77.0892544, 38.9370725 ] } },
{ "type": "Feature", "properties": { "element": "node", "id": 12050368607, "name": "Einstein Bros. Bagels", "amenity": "fast_food", "cuisine": "bagel" }, "geometry": { "type": "Point", "coordinates": [ -77.0752796, 38.9120487 ] } },
{ "type": "Feature", "properties": { "element": "node", "id": 12064581320, "name": "Papa John's", "amenity": "fast_food", "cuisine": "pizza" }, "geometry": { "type": "Point", "coordinates": [ -76.9864001, 38.9247468 ] } },
{ "type": "Feature", "properties": { "element": "node", "id": 12064581322, "name": "Papa John's", "amenity": "fast_food", "cuisine": "pizza" }, "geometry": { "type": "Point", "coordinates": [ -76.9487797, 38.8960244 ] } },
{ "type": "Feature", "properties": { "element": "node", "id": 12064581331, "name": "Papa John's", "amenity": "fast_food", "cuisine": "pizza" }, "geometry": { "type": "Point", "coordinates": [ -77.0283209, 38.9601132 ] } },
{ "type": "Feature", "properties": { "element": "node", "id": 12064581332, "name": "Papa John's", "amenity": "fast_food", "cuisine": "pizza" }, "geometry": { "type": "Point", "coordinates": [ -77.0810369, 38.9508814 ] } },
{ "type": "Feature", "properties": { "element": "node", "id": 12073852083, "name": "Hen Quarter", "amenity": "restaurant", "cuisine": "american" }, "geometry": { "type": "Point", "coordinates": [ -77.0124762, 38.8638958 ] } },
{ "type": "Feature", "properties": { "element": "node", "id": 12097396190, "name": "Pop’s Bagels", "amenity": "fast_food", "cuisine": "bagel" }, "geometry": { "type": "Point", "coordinates": [ -77.0036892, 38.9119243 ] } },
{ "type": "Feature", "properties": { "element": "node", "id": 12140076972, "name": "Fresca Taqueria", "amenity": "restaurant", "cuisine": null }, "geometry": { "type": "Point", "coordinates": [ -76.9959802, 38.9000571 ] } },
{ "type": "Feature", "properties": { "element": "node", "id": 12150361321, "name": "Sima Sushi", "amenity": "restaurant", "cuisine": "sushi" }, "geometry": { "type": "Point", "coordinates": [ -77.0382554, 38.9033695 ] } },
{ "type": "Feature", "properties": { "element": "node", "id": 12193467402, "name": "Reveler’s Hour", "amenity": "restaurant", "cuisine": null }, "geometry": { "type": "Point", "coordinates": [ -77.0419472, 38.9233632 ] } },
{ "type": "Feature", "properties": { "element": "node", "id": 12206975148, "name": "La Collina", "amenity": "restaurant", "cuisine": "italian" }, "geometry": { "type": "Point", "coordinates": [ -76.9955967, 38.885793 ] } },
{ "type": "Feature", "properties": { "element": "node", "id": 12206975434, "name": "Turning Natural", "amenity": "fast_food", "cuisine": "juice" }, "geometry": { "type": "Point", "coordinates": [ -76.995424, 38.8861682 ] } },
{ "type": "Feature", "properties": { "element": "node", "id": 12207045710, "name": "Paraíso", "amenity": "restaurant", "cuisine": "mexican" }, "geometry": { "type": "Point", "coordinates": [ -76.9913228, 38.8824168 ] } },
{ "type": "Feature", "properties": { "element": "node", "id": 12208995184, "name": "Market Lunch", "amenity": "restaurant", "cuisine": "diner" }, "geometry": { "type": "Point", "coordinates": [ -76.9963985, 38.8866354 ] } },
{ "type": "Feature", "properties": { "element": "node", "id": 12209502413, "name": "ZomTum", "amenity": "restaurant", "cuisine": "lao;thai" }, "geometry": { "type": "Point", "coordinates": [ -76.9965728, 38.8851374 ] } },
{ "type": "Feature", "properties": { "element": "node", "id": 12230463346, "name": "HRC By Emissary", "amenity": "cafe", "cuisine": null }, "geometry": { "type": "Point", "coordinates": [ -77.063326, 38.9039112 ] } },
{ "type": "Feature", "properties": { "element": "node", "id": 12238679873, "name": "Thai and Time Again", "amenity": "restaurant", "cuisine": "thai" }, "geometry": { "type": "Point", "coordinates": [ -77.0509932, 38.9236999 ] } },
{ "type": "Feature", "properties": { "element": "node", "id": 12269600742, "name": "Bluestone Lane", "amenity": "cafe", "cuisine": "coffee_shop" }, "geometry": { "type": "Point", "coordinates": [ -77.0965774, 38.9453687 ] } },
{ "type": "Feature", "properties": { "element": "node", "id": 12310887088, "name": "Mamma Pizzeria", "amenity": "restaurant", "cuisine": "pizza" }, "geometry": { "type": "Point", "coordinates": [ -77.0237435, 38.8838468 ] } },
{ "type": "Feature", "properties": { "element": "node", "id": 12318775346, "name": "Chaat House", "amenity": "restaurant", "cuisine": "indian" }, "geometry": { "type": "Point", "coordinates": [ -77.0474142, 38.8997947 ] } },
{ "type": "Feature", "properties": { "element": "node", "id": 12323771161, "name": "Cinnabon", "amenity": "fast_food", "cuisine": "dessert" }, "geometry": { "type": "Point", "coordinates": [ -77.006797, 38.8981032 ] } },
{ "type": "Feature", "properties": { "element": "node", "id": 12323809749, "name": "Crepe Lena & Waffle", "amenity": "restaurant", "cuisine": null }, "geometry": { "type": "Point", "coordinates": [ -77.0063708, 38.8978144 ] } },
{ "type": "Feature", "properties": { "element": "node", "id": 12323809750, "name": "Wok a Holic", "amenity": "fast_food", "cuisine": "chinese" }, "geometry": { "type": "Point", "coordinates": [ -77.0064954, 38.8978436 ] } },
{ "type": "Feature", "properties": { "element": "node", "id": 12360480567, "name": "The Strand", "amenity": "restaurant", "cuisine": null }, "geometry": { "type": "Point", "coordinates": [ -76.925981, 38.8981874 ] } },
{ "type": "Feature", "properties": { "element": "node", "id": 12360497248, "name": "Büna Ktchn", "amenity": "restaurant", "cuisine": "cafe;ethiopian" }, "geometry": { "type": "Point", "coordinates": [ -77.0231355, 38.9242457 ] } },
{ "type": "Feature", "properties": { "element": "node", "id": 12363397417, "name": "Abuare", "amenity": "restaurant", "cuisine": "ethiopian" }, "geometry": { "type": "Point", "coordinates": [ -77.0355664, 38.9168671 ] } },
{ "type": "Feature", "properties": { "element": "node", "id": 12403475042, "name": "Pizza Boli's", "amenity": "fast_food", "cuisine": "pizza" }, "geometry": { "type": "Point", "coordinates": [ -76.9804351, 38.846441 ] } },
{ "type": "Feature", "properties": { "element": "node", "id": 12403643878, "name": "Shanghai Dumplings", "amenity": "restaurant", "cuisine": null }, "geometry": { "type": "Point", "coordinates": [ -77.032474, 38.939376 ] } },
{ "type": "Feature", "properties": { "element": "node", "id": 12403688918, "name": "Chicatana", "amenity": "restaurant", "cuisine": "mexican" }, "geometry": { "type": "Point", "coordinates": [ -77.0324874, 38.9389043 ] } },
{ "type": "Feature", "properties": { "element": "node", "id": 12405258490, "name": "Spring Garden", "amenity": "restaurant", "cuisine": "chinese" }, "geometry": { "type": "Point", "coordinates": [ -77.0825351, 38.954026 ] } },
{ "type": "Feature", "properties": { "element": "node", "id": 12407235441, "name": "DeCarlo's Restaurant", "amenity": "restaurant", "cuisine": "italian" }, "geometry": { "type": "Point", "coordinates": [ -77.0798854, 38.9280801 ] } },
{ "type": "Feature", "properties": { "element": "node", "id": 12407358790, "name": "Tatte Bakery & Cafe", "amenity": "cafe", "cuisine": "bakery;coffee_shop" }, "geometry": { "type": "Point", "coordinates": [ -77.064667, 38.9102664 ] } },
{ "type": "Feature", "properties": { "element": "node", "id": 12423030725, "name": "Mezeh Mediterranean Grill", "amenity": "restaurant", "cuisine": "mediterranean" }, "geometry": { "type": "Point", "coordinates": [ -77.0009872, 38.8863362 ] } },
{ "type": "Feature", "properties": { "element": "node", "id": 12423516767, "name": "Chaia Taco", "amenity": "fast_food", "cuisine": "mexican" }, "geometry": { "type": "Point", "coordinates": [ -77.0209335, 38.9010311 ] } },
{ "type": "Feature", "properties": { "element": "node", "id": 12450484578, "name": "Seal Rock Cafe", "amenity": "cafe", "cuisine": null }, "geometry": { "type": "Point", "coordinates": [ -77.0488732, 38.9291291 ] } },
{ "type": "Feature", "properties": { "element": "node", "id": 12488215407, "name": "Tatte Bakery & Cafe", "amenity": "cafe", "cuisine": "bakery;coffee_shop" }, "geometry": { "type": "Point", "coordinates": [ -77.0273308, 38.9005706 ] } },
{ "type": "Feature", "properties": { "element": "node", "id": 12510963234, "name": null, "amenity": "restaurant", "cuisine": "italian" }, "geometry": { "type": "Point", "coordinates": [ -77.072762, 38.9232391 ] } },
{ "type": "Feature", "properties": { "element": "node", "id": 12513085025, "name": "Subway", "amenity": "fast_food", "cuisine": "sandwich" }, "geometry": { "type": "Point", "coordinates": [ -77.0711953, 38.9195474 ] } },
{ "type": "Feature", "properties": { "element": "node", "id": 12518735313, "name": "Otis.@12", "amenity": "restaurant", "cuisine": "american" }, "geometry": { "type": "Point", "coordinates": [ -76.9909992, 38.9342611 ] } },
{ "type": "Feature", "properties": { "element": "node", "id": 12518811923, "name": "Dumpling Hot Pot Beyond", "amenity": "restaurant", "cuisine": "chinese" }, "geometry": { "type": "Point", "coordinates": [ -76.9895672, 38.9003565 ] } },
{ "type": "Feature", "properties": { "element": "node", "id": 12520923087, "name": null, "amenity": "fast_food", "cuisine": null }, "geometry": { "type": "Point", "coordinates": [ -77.0555574, 38.9300104 ] } },
{ "type": "Feature", "properties": { "element": "node", "id": 12532534706, "name": "Brain Drain", "amenity": "restaurant", "cuisine": "indian" }, "geometry": { "type": "Point", "coordinates": [ -77.0056721, 38.8847223 ] } },
{ "type": "Feature", "properties": { "element": "node", "id": 12563198787, "name": "Starbucks", "amenity": "cafe", "cuisine": "coffee_shop" }, "geometry": { "type": "Point", "coordinates": [ -77.0062168, 38.8979728 ] } },
{ "type": "Feature", "properties": { "element": "node", "id": 12615735731, "name": "El Pulgarcito", "amenity": "restaurant", "cuisine": "salvadoran" }, "geometry": { "type": "Point", "coordinates": [ -77.0276122, 38.9545796 ] } },
{ "type": "Feature", "properties": { "element": "node", "id": 12616122175, "name": "June B Sweet", "amenity": "cafe", "cuisine": "dessert" }, "geometry": { "type": "Point", "coordinates": [ -77.0762059, 38.9650445 ] } },
{ "type": "Feature", "properties": { "element": "node", "id": 12626283724, "name": "Shinwa Izakaya", "amenity": "restaurant", "cuisine": "japanese" }, "geometry": { "type": "Point", "coordinates": [ -77.0777521, 38.9410156 ] } },
{ "type": "Feature", "properties": { "element": "node", "id": 12640854956, "name": "Chimalli", "amenity": "restaurant", "cuisine": "mexican" }, "geometry": { "type": "Point", "coordinates": [ -77.032504, 38.9441413 ] } },
{ "type": "Feature", "properties": { "element": "node", "id": 12644038122, "name": "Jolt 'N Bolt Coffee & Teahouse", "amenity": "cafe", "cuisine": "coffee_shop;sandwich;salad" }, "geometry": { "type": "Point", "coordinates": [ -77.0418936, 38.9161738 ] } },
{ "type": "Feature", "properties": { "element": "node", "id": 12645899008, "name": "Sicilian Pizza", "amenity": "fast_food", "cuisine": "pizza" }, "geometry": { "type": "Point", "coordinates": [ -77.0008348, 38.9413588 ] } },
{ "type": "Feature", "properties": { "element": "node", "id": 12645899009, "name": "Subway", "amenity": "fast_food", "cuisine": "sandwich" }, "geometry": { "type": "Point", "coordinates": [ -77.0007507, 38.9410808 ] } },
{ "type": "Feature", "properties": { "element": "node", "id": 12648788931, "name": "Karizma Modern Indian", "amenity": "restaurant", "cuisine": "indian" }, "geometry": { "type": "Point", "coordinates": [ -77.0208238, 38.9011159 ] } },
{ "type": "Feature", "properties": { "element": "node", "id": 12674177443, "name": "Casa Mia", "amenity": "cafe", "cuisine": "italian" }, "geometry": { "type": "Point", "coordinates": [ -77.0329565, 38.9462714 ] } },
{ "type": "Feature", "properties": { "element": "node", "id": 12688062901, "name": "Chaia", "amenity": "fast_food", "cuisine": "mexican" }, "geometry": { "type": "Point", "coordinates": [ -77.0632536, 38.9040886 ] } },
{ "type": "Feature", "properties": { "element": "node", "id": 12710826828, "name": "Cafe Riggs", "amenity": "restaurant", "cuisine": "american" }, "geometry": { "type": "Point", "coordinates": [ -77.0241837, 38.8970529 ] } },
{ "type": "Feature", "properties": { "element": "node", "id": 12711044632, "name": "Immigrant Food", "amenity": "restaurant", "cuisine": null }, "geometry": { "type": "Point", "coordinates": [ -77.029409, 38.9020096 ] } },
{ "type": "Feature", "properties": { "element": "node", "id": 12711511031, "name": "Dolcezza Cafe", "amenity": "cafe", "cuisine": "coffee_shop" }, "geometry": { "type": "Point", "coordinates": [ -77.023111, 38.8879755 ] } },
{ "type": "Feature", "properties": { "element": "node", "id": 12768950203, "name": "Good Company Donuts and Cafe", "amenity": "cafe", "cuisine": null }, "geometry": { "type": "Point", "coordinates": [ -77.0187246, 38.8928626 ] } },
{ "type": "Feature", "properties": { "element": "node", "id": 12790430619, "name": "Sushi Hachi", "amenity": "restaurant", "cuisine": "sushi" }, "geometry": { "type": "Point", "coordinates": [ -76.9952042, 38.8800341 ] } },
{ "type": "Feature", "properties": { "element": "node", "id": 12790629069, "name": "Rice Bar", "amenity": "fast_food", "cuisine": "korean" }, "geometry": { "type": "Point", "coordinates": [ -77.0237892, 38.8946614 ] } },
{ "type": "Feature", "properties": { "element": "node", "id": 12800665881, "name": "Playa Bowls", "amenity": "fast_food", "cuisine": "açaí" }, "geometry": { "type": "Point", "coordinates": [ -77.0962279, 38.9460894 ] } },
{ "type": "Feature", "properties": { "element": "node", "id": 12801210466, "name": "Baba's Pizza", "amenity": "restaurant", "cuisine": "pizza" }, "geometry": { "type": "Point", "coordinates": [ -77.0889558, 38.9371492 ] } },
{ "type": "Feature", "properties": { "element": "node", "id": 12801210467, "name": "Halal Shack", "amenity": "restaurant", "cuisine": "mediterranean" }, "geometry": { "type": "Point", "coordinates": [ -77.0888801, 38.9371763 ] } },
{ "type": "Feature", "properties": { "element": "node", "id": 12801210468, "name": "True Burger", "amenity": "restaurant", "cuisine": "burger" }, "geometry": { "type": "Point", "coordinates": [ -77.0887881, 38.93714 ] } },
{ "type": "Feature", "properties": { "element": "node", "id": 12801210469, "name": "Panera Bread", "amenity": "fast_food", "cuisine": "sandwich;bakery" }, "geometry": { "type": "Point", "coordinates": [ -77.0890136, 38.9367876 ] } },
{ "type": "Feature", "properties": { "element": "node", "id": 12801210470, "name": "Terrace Dining Room", "amenity": "fast_food", "cuisine": null }, "geometry": { "type": "Point", "coordinates": [ -77.088885, 38.9369594 ] } },
{ "type": "Feature", "properties": { "element": "node", "id": 12801210471, "name": "ACE Sushi", "amenity": "restaurant", "cuisine": "sushi" }, "geometry": { "type": "Point", "coordinates": [ -77.0868891, 38.937433 ] } },
{ "type": "Feature", "properties": { "element": "node", "id": 12801210472, "name": "Freshëns", "amenity": "fast_food", "cuisine": "juice;salad" }, "geometry": { "type": "Point", "coordinates": [ -77.0867265, 38.9362576 ] } },
{ "type": "Feature", "properties": { "element": "node", "id": 12801210474, "name": "The Bridge", "amenity": "cafe", "cuisine": "coffee_shop" }, "geometry": { "type": "Point", "coordinates": [ -77.0890299, 38.9375097 ] } },
{ "type": "Feature", "properties": { "element": "node", "id": 12826341273, "name": "Point Chaud Café & Crêpes", "amenity": "cafe", "cuisine": "coffee_shop" }, "geometry": { "type": "Point", "coordinates": [ -77.0491585, 38.8987237 ] } },
{ "type": "Feature", "properties": { "element": "node", "id": 12831837705, "name": "Duccini's Pizza", "amenity": "fast_food", "cuisine": "pizza;pasta;salad" }, "geometry": { "type": "Point", "coordinates": [ -77.0217397, 38.9106509 ] } },
{ "type": "Feature", "properties": { "element": "node", "id": 12845117293, "name": "Melkamu", "amenity": "restaurant", "cuisine": "ethiopian" }, "geometry": { "type": "Point", "coordinates": [ -77.0269551, 38.9501785 ] } },
{ "type": "Feature", "properties": { "element": "node", "id": 12849834121, "name": "Brightwood Pizza & Bottle", "amenity": "restaurant", "cuisine": "pizza" }, "geometry": { "type": "Point", "coordinates": [ -77.0228358, 38.9565149 ] } },
{ "type": "Feature", "properties": { "element": "node", "id": 12885351272, "name": "2D Noodles", "amenity": "fast_food", "cuisine": "noodle" }, "geometry": { "type": "Point", "coordinates": [ -77.0796201, 38.9483273 ] } },
{ "type": "Feature", "properties": { "element": "node", "id": 12887510497, "name": "Haute Dogs & Fries", "amenity": "fast_food", "cuisine": "hot_dog" }, "geometry": { "type": "Point", "coordinates": [ -77.0081512, 38.8738597 ] } },
{ "type": "Feature", "properties": { "element": "node", "id": 12887510498, "name": "Swizzler", "amenity": "fast_food", "cuisine": null }, "geometry": { "type": "Point", "coordinates": [ -77.0081875, 38.8739251 ] } },
{ "type": "Feature", "properties": { "element": "node", "id": 12887510499, "name": "Capo Deli", "amenity": "fast_food", "cuisine": "sandwich" }, "geometry": { "type": "Point", "coordinates": [ -77.0083166, 38.8739313 ] } },
{ "type": "Feature", "properties": { "element": "node", "id": 12887510500, "name": "See. You. Tater.", "amenity": "fast_food", "cuisine": "fries" }, "geometry": { "type": "Point", "coordinates": [ -77.0083609, 38.873859 ] } },
{ "type": "Feature", "properties": { "element": "node", "id": 12887515002, "name": "Change-Up Rotational Kitchen", "amenity": "restaurant", "cuisine": null }, "geometry": { "type": "Point", "coordinates": [ -77.0072664, 38.8738507 ] } },
{ "type": "Feature", "properties": { "element": "node", "id": 12887515006, "name": "Enzo's Pizza", "amenity": "fast_food", "cuisine": "pizza" }, "geometry": { "type": "Point", "coordinates": [ -77.0086316, 38.8727629 ] } },
{ "type": "Feature", "properties": { "element": "node", "id": 12945175231, "name": "YELLOW", "amenity": "cafe", "cuisine": "lebanese" }, "geometry": { "type": "Point", "coordinates": [ -76.9994078, 38.9074408 ] } },
{ "type": "Feature", "properties": { "element": "node", "id": 12972073932, "name": "Zaoan Cafe", "amenity": "cafe", "cuisine": "bubble_tea" }, "geometry": { "type": "Point", "coordinates": [ -77.064983, 38.9462137 ] } },
{ "type": "Feature", "properties": { "element": "node", "id": 12980281984, "name": "Dream Big", "amenity": "cafe", "cuisine": null }, "geometry": { "type": "Point", "coordinates": [ -77.0298722, 38.8941283 ] } },
{ "type": "Feature", "properties": { "element": "node", "id": 12980753572, "name": "Lulu's Wine Garden", "amenity": "restaurant", "cuisine": "american;brunch" }, "geometry": { "type": "Point", "coordinates": [ -77.0272482, 38.9167804 ] } },
{ "type": "Feature", "properties": { "element": "node", "id": 12986768901, "name": "Love, Makoto", "amenity": "restaurant", "cuisine": "japanese;sushi" }, "geometry": { "type": "Point", "coordinates": [ -77.0138872, 38.8990728 ] } },
{ "type": "Feature", "properties": { "element": "node", "id": 12989453931, "name": "Z-Burger", "amenity": "fast_food", "cuisine": null }, "geometry": { "type": "Point", "coordinates": [ -77.0154744, 38.8835085 ] } },
{ "type": "Feature", "properties": { "element": "node", "id": 13044120790, "name": "Albi", "amenity": "restaurant", "cuisine": "lebanese" }, "geometry": { "type": "Point", "coordinates": [ -77.0003218, 38.8740554 ] } },
{ "type": "Feature", "properties": { "element": "node", "id": 13044120791, "name": "Toastique", "amenity": "cafe", "cuisine": null }, "geometry": { "type": "Point", "coordinates": [ -77.0007562, 38.8744567 ] } },
{ "type": "Feature", "properties": { "element": "node", "id": 13044120792, "name": "Emmy Squared Pizza", "amenity": "restaurant", "cuisine": "pizza" }, "geometry": { "type": "Point", "coordinates": [ -77.000321, 38.87469 ] } },
{ "type": "Feature", "properties": { "element": "node", "id": 13044120796, "name": null, "amenity": "fast_food", "cuisine": "wings" }, "geometry": { "type": "Point", "coordinates": [ -77.0000302, 38.9196025 ] } },
{ "type": "Feature", "properties": { "element": "node", "id": 13062608312, "name": "Soleluna", "amenity": "cafe", "cuisine": "coffee_shop" }, "geometry": { "type": "Point", "coordinates": [ -77.04229, 38.923124 ] } },
{ "type": "Feature", "properties": { "element": "node", "id": 13076923600, "name": "Island Time Bar and Grill", "amenity": "restaurant", "cuisine": null }, "geometry": { "type": "Point", "coordinates": [ -77.0489333, 38.8751857 ] } },
{ "type": "Feature", "properties": { "element": "node", "id": 13093226855, "name": "The Henri", "amenity": "restaurant", "cuisine": null }, "geometry": { "type": "Point", "coordinates": [ -77.0298147, 38.8965691 ] } },
{ "type": "Feature", "properties": { "element": "node", "id": 13093798767, "name": "Amparo Fondita", "amenity": "restaurant", "cuisine": "mexican" }, "geometry": { "type": "Point", "coordinates": [ -77.0452473, 38.9093926 ] } },
{ "type": "Feature", "properties": { "element": "node", "id": 13094535200, "name": "La Grande Boucherie", "amenity": "restaurant", "cuisine": "french" }, "geometry": { "type": "Point", "coordinates": [ -77.0317333, 38.8981231 ] } },
{ "type": "Feature", "properties": { "element": "node", "id": 13097398371, "name": "Nanglo", "amenity": "restaurant", "cuisine": "indian;nepalese" }, "geometry": { "type": "Point", "coordinates": [ -76.988099, 38.9000628 ] } },
{ "type": "Feature", "properties": { "element": "node", "id": 13100524540, "name": "Flor", "amenity": "cafe", "cuisine": null }, "geometry": { "type": "Point", "coordinates": [ -77.061332, 38.9057674 ] } },
{ "type": "Feature", "properties": { "element": "node", "id": 13103823750, "name": "Jersey Mike's Subs", "amenity": "fast_food", "cuisine": "sandwich" }, "geometry": { "type": "Point", "coordinates": [ -77.032252, 38.901076 ] } },
{ "type": "Feature", "properties": { "element": "node", "id": 13104024968, "name": "Dunkin'", "amenity": "fast_food", "cuisine": "donut;coffee_shop" }, "geometry": { "type": "Point", "coordinates": [ -76.9947526, 38.8834544 ] } },
{ "type": "Feature", "properties": { "element": "node", "id": 13104024969, "name": "Maman Joon’s Kitchen", "amenity": "fast_food", "cuisine": "persian" }, "geometry": { "type": "Point", "coordinates": [ -76.9947526, 38.8835492 ] } },
{ "type": "Feature", "properties": { "element": "node", "id": 13104399147, "name": "Chili Bistro", "amenity": "restaurant", "cuisine": "chinese" }, "geometry": { "type": "Point", "coordinates": [ -77.0217307, 38.900566 ] } },
{ "type": "Feature", "properties": { "element": "node", "id": 13109272496, "name": "Chani Pani", "amenity": "restaurant", "cuisine": "indian" }, "geometry": { "type": "Point", "coordinates": [ -76.9974914, 38.9090863 ] } },
{ "type": "Feature", "properties": { "element": "node", "id": 13110883339, "name": "Fitali", "amenity": "restaurant", "cuisine": "filipino;italian" }, "geometry": { "type": "Point", "coordinates": [ -76.9885781, 38.9003611 ] } },
{ "type": "Feature", "properties": { "element": "node", "id": 13111103307, "name": "Caruso’s Grocery", "amenity": "restaurant", "cuisine": "italian" }, "geometry": { "type": "Point", "coordinates": [ -76.9852494, 38.8796715 ] } },
{ "type": "Feature", "properties": { "element": "node", "id": 13117162307, "name": "America’s Best Wingstop", "amenity": "fast_food", "cuisine": "wings" }, "geometry": { "type": "Point", "coordinates": [ -77.026142, 38.91714 ] } },
{ "type": "Feature", "properties": { "element": "node", "id": 13121588121, "name": "La Doña Café", "amenity": "cafe", "cuisine": null }, "geometry": { "type": "Point", "coordinates": [ -77.037099, 38.9288949 ] } },
{ "type": "Feature", "properties": { "element": "node", "id": 13124056569, "name": "Alara", "amenity": "restaurant", "cuisine": "mediterranean" }, "geometry": { "type": "Point", "coordinates": [ -77.0629666, 38.9069514 ] } },
{ "type": "Feature", "properties": { "element": "node", "id": 13128196273, "name": "Acqua Bistecca", "amenity": "restaurant", "cuisine": "italian" }, "geometry": { "type": "Point", "coordinates": [ -77.077603, 38.940507 ] } },
{ "type": "Feature", "properties": { "element": "node", "id": 13135046818, "name": "Tango Pastry", "amenity": "cafe", "cuisine": "argentinian" }, "geometry": { "type": "Point", "coordinates": [ -77.0000928, 38.9003533 ] } },
{ "type": "Feature", "properties": { "element": "node", "id": 13140255118, "name": "Taku Sushi & Bar", "amenity": "restaurant", "cuisine": "sushi" }, "geometry": { "type": "Point", "coordinates": [ -76.9988099, 38.9000471 ] } },
{ "type": "Feature", "properties": { "element": "node", "id": 13142988693, "name": "Andy's Pizza", "amenity": "restaurant", "cuisine": "pizza" }, "geometry": { "type": "Point", "coordinates": [ -77.0071498, 38.9053623 ] } },
{ "type": "Feature", "properties": { "element": "node", "id": 13143024023, "name": "Andy's Pizza", "amenity": "restaurant", "cuisine": "pizza" }, "geometry": { "type": "Point", "coordinates": [ -77.0455862, 38.9005195 ] } },
{ "type": "Feature", "properties": { "element": "node", "id": 13143529929, "name": "Shanghai Lounge", "amenity": "restaurant", "cuisine": "chinese" }, "geometry": { "type": "Point", "coordinates": [ -77.0673165, 38.9146004 ] } },
{ "type": "Feature", "properties": { "element": "node", "id": 13147994117, "name": "DOE Dunkin'", "amenity": "cafe", "cuisine": null }, "geometry": { "type": "Point", "coordinates": [ -77.0249962, 38.8864522 ] } },
{ "type": "Feature", "properties": { "element": "node", "id": 13155919961, "name": "Eunoia", "amenity": "restaurant", "cuisine": "fusion;mexican;mediterranean;japanese" }, "geometry": { "type": "Point", "coordinates": [ -77.001868, 38.907998 ] } },
{ "type": "Feature", "properties": { "element": "node", "id": 13158423168, "name": "Open Crumb", "amenity": "restaurant", "cuisine": "african" }, "geometry": { "type": "Point", "coordinates": [ -76.9938926, 38.900511 ] } },
{ "type": "Feature", "properties": { "element": "node", "id": 13165345602, "name": "BaseBowl", "amenity": "restaurant", "cuisine": "chinese" }, "geometry": { "type": "Point", "coordinates": [ -77.0076331, 38.8750115 ] } },
{ "type": "Feature", "properties": { "element": "node", "id": 13165345604, "name": "Compass Coffee", "amenity": "cafe", "cuisine": "coffee_shop" }, "geometry": { "type": "Point", "coordinates": [ -77.0076325, 38.8756667 ] } },
{ "type": "Feature", "properties": { "element": "node", "id": 13170458097, "name": "The Big Chef", "amenity": "cafe", "cuisine": "crepe;sandwich" }, "geometry": { "type": "Point", "coordinates": [ -77.0123962, 38.9151305 ] } },
{ "type": "Feature", "properties": { "element": "node", "id": 13176693590, "name": "Juneberry Garage", "amenity": "restaurant", "cuisine": "burger;pizza;sandwich;brunch" }, "geometry": { "type": "Point", "coordinates": [ -77.0291645, 38.9728449 ] } },
{ "type": "Feature", "properties": { "element": "node", "id": 13177660844, "name": "Moxies", "amenity": "restaurant", "cuisine": null }, "geometry": { "type": "Point", "coordinates": [ -77.0446906, 38.9038945 ] } },
{ "type": "Feature", "properties": { "element": "node", "id": 13194781269, "name": "Cafe Phillips", "amenity": "cafe", "cuisine": "coffee_shop" }, "geometry": { "type": "Point", "coordinates": [ -77.0101766, 38.8971761 ] } },
{ "type": "Feature", "properties": { "element": "node", "id": 13195755137, "name": "Lucky Pollo Peruvian Chicken", "amenity": "fast_food", "cuisine": "chicken" }, "geometry": { "type": "Point", "coordinates": [ -77.0313325, 38.9171242 ] } },
{ "type": "Feature", "properties": { "element": "node", "id": 13196910644, "name": "Quill and Crumb", "amenity": "cafe", "cuisine": null }, "geometry": { "type": "Point", "coordinates": [ -77.0026105, 38.8895299 ] } },
{ "type": "Feature", "properties": { "element": "node", "id": 13198681701, "name": "Primrose", "amenity": "restaurant", "cuisine": "french" }, "geometry": { "type": "Point", "coordinates": [ -76.9908027, 38.9277223 ] } },
{ "type": "Feature", "properties": { "element": "node", "id": 13201794470, "name": "Nando's", "amenity": "restaurant", "cuisine": "chicken;portuguese" }, "geometry": { "type": "Point", "coordinates": [ -77.0000613, 38.9000781 ] } },
{ "type": "Feature", "properties": { "element": "node", "id": 13202590513, "name": "Nash & Smashed", "amenity": "fast_food", "cuisine": "burger;chicken" }, "geometry": { "type": "Point", "coordinates": [ -76.9941548, 38.9000568 ] } },
{ "type": "Feature", "properties": { "element": "node", "id": 13203502712, "name": "Caspian Crust", "amenity": "cafe", "cuisine": null }, "geometry": { "type": "Point", "coordinates": [ -77.0676981, 38.9152916 ] } },
{ "type": "Feature", "properties": { "element": "node", "id": 13203650036, "name": "Safa Halal", "amenity": "restaurant", "cuisine": "middle_eastern;american" }, "geometry": { "type": "Point", "coordinates": [ -77.0414741, 38.9160883 ] } },
{ "type": "Feature", "properties": { "element": "node", "id": 13204028749, "name": "Obelisk", "amenity": "restaurant", "cuisine": "italian" }, "geometry": { "type": "Point", "coordinates": [ -77.0462535, 38.9098585 ] } },
{ "type": "Feature", "properties": { "element": "node", "id": 13204037437, "name": "Dōgon", "amenity": "restaurant", "cuisine": null }, "geometry": { "type": "Point", "coordinates": [ -77.0302212, 38.883592 ] } },
{ "type": "Feature", "properties": { "element": "node", "id": 13204966578, "name": "My Little Chamomile", "amenity": "restaurant", "cuisine": "turkish" }, "geometry": { "type": "Point", "coordinates": [ -77.0634415, 38.9036755 ] } },
{ "type": "Feature", "properties": { "element": "node", "id": 13205222524, "name": "Café Joy", "amenity": "cafe", "cuisine": "coffee_shop;sandwich;pastry" }, "geometry": { "type": "Point", "coordinates": [ -77.0243096, 38.9094985 ] } },
{ "type": "Feature", "properties": { "element": "node", "id": 13227833736, "name": "Chipotle", "amenity": "fast_food", "cuisine": "mexican" }, "geometry": { "type": "Point", "coordinates": [ -77.0060932, 38.9045054 ] } },
{ "type": "Feature", "properties": { "element": "node", "id": 13231726323, "name": "maman Penn Quarter", "amenity": "cafe", "cuisine": null }, "geometry": { "type": "Point", "coordinates": [ -77.0241556, 38.8995664 ] } },
{ "type": "Feature", "properties": { "element": "node", "id": 13259914861, "name": "Land of a Thousand Hills", "amenity": "cafe", "cuisine": "coffee_shop" }, "geometry": { "type": "Point", "coordinates": [ -77.0319535, 38.9239033 ] } },
{ "type": "Feature", "properties": { "element": "node", "id": 13275408786, "name": "Legacy Hifi", "amenity": "restaurant", "cuisine": null }, "geometry": { "type": "Point", "coordinates": [ -77.0422433, 38.9222757 ] } },
{ "type": "Feature", "properties": { "element": "node", "id": 13283504922, "name": "Compass Coffee", "amenity": "cafe", "cuisine": "coffee_shop" }, "geometry": { "type": "Point", "coordinates": [ -77.0289407, 38.8970257 ] } },
{ "type": "Feature", "properties": { "element": "node", "id": 13283529633, "name": "Compass Coffee", "amenity": "cafe", "cuisine": "coffee_shop" }, "geometry": { "type": "Point", "coordinates": [ -77.0305727, 38.9029626 ] } },
{ "type": "Feature", "properties": { "element": "node", "id": 13283639067, "name": "Compass Coffee", "amenity": "cafe", "cuisine": "coffee_shop" }, "geometry": { "type": "Point", "coordinates": [ -77.0322614, 38.9014997 ] } },
{ "type": "Feature", "properties": { "element": "node", "id": 13291183699, "name": "The Coffee Shop @ No Goodbyes", "amenity": "cafe", "cuisine": "coffee_shop" }, "geometry": { "type": "Point", "coordinates": [ -77.0417385, 38.9228628 ] } },
{ "type": "Feature", "properties": { "element": "node", "id": 13297276942, "name": "Nash & Smashed", "amenity": "fast_food", "cuisine": "burger;chicken" }, "geometry": { "type": "Point", "coordinates": [ -77.0705506, 38.9552408 ] } },
{ "type": "Feature", "properties": { "element": "node", "id": 13299733758, "name": "Cafe U", "amenity": "cafe", "cuisine": "coffee_shop" }, "geometry": { "type": "Point", "coordinates": [ -77.0265128, 38.9171611 ] } },
{ "type": "Feature", "properties": { "element": "node", "id": 13302753664, "name": "Bebop Korean-Mexican Grill", "amenity": "restaurant", "cuisine": null }, "geometry": { "type": "Point", "coordinates": [ -77.0245902, 38.9364153 ] } },
{ "type": "Feature", "properties": { "element": "node", "id": 13324478141, "name": "Pops", "amenity": "fast_food", "cuisine": "bagel" }, "geometry": { "type": "Point", "coordinates": [ -77.0382043, 38.9314885 ] } },
{ "type": "Feature", "properties": { "element": "node", "id": 13325613437, "name": "Johnny's Gourmet Deli and Subs", "amenity": "fast_food", "cuisine": "sandwich" }, "geometry": { "type": "Point", "coordinates": [ -77.0459935, 38.9094734 ] } },
{ "type": "Feature", "properties": { "element": "node", "id": 13351577126, "name": "Sol Mexican Grill", "amenity": "restaurant", "cuisine": "mexican" }, "geometry": { "type": "Point", "coordinates": [ -77.04377, 38.906006 ] } },
{ "type": "Feature", "properties": { "element": "node", "id": 13351577127, "name": "Sol Mexican Grill", "amenity": "restaurant", "cuisine": "mexican" }, "geometry": { "type": "Point", "coordinates": [ -77.082999, 38.9545 ] } },
{ "type": "Feature", "properties": { "element": "node", "id": 13351635250, "name": "Taco Cantina", "amenity": "restaurant", "cuisine": "mexican" }, "geometry": { "type": "Point", "coordinates": [ -77.057263, 38.9341612 ] } },
{ "type": "Feature", "properties": { "element": "node", "id": 13360675145, "name": "Starbucks", "amenity": "cafe", "cuisine": "coffee_shop" }, "geometry": { "type": "Point", "coordinates": [ -77.0239313, 38.8841072 ] } },
{ "type": "Feature", "properties": { "element": "node", "id": 13360735820, "name": "Potbelly", "amenity": "fast_food", "cuisine": "sandwich" }, "geometry": { "type": "Point", "coordinates": [ -77.0213471, 38.8850072 ] } },
{ "type": "Feature", "properties": { "element": "node", "id": 13374657694, "name": "Unido Coffee Roasters", "amenity": "cafe", "cuisine": null }, "geometry": { "type": "Point", "coordinates": [ -77.0245544, 38.9190297 ] } },
{ "type": "Feature", "properties": { "element": "node", "id": 13374732189, "name": "Claudio's Table", "amenity": "restaurant", "cuisine": "italian" }, "geometry": { "type": "Point", "coordinates": [ -77.106614, 38.929948 ] } },
{ "type": "Feature", "properties": { "element": "node", "id": 13374732190, "name": "Kung Fu Tea", "amenity": "cafe", "cuisine": "bubble_tea" }, "geometry": { "type": "Point", "coordinates": [ -77.1065568, 38.9299111 ] } },
{ "type": "Feature", "properties": { "element": "node", "id": 13387679832, "name": "Aboveground Union Market", "amenity": "cafe", "cuisine": "british" }, "geometry": { "type": "Point", "coordinates": [ -76.9975035, 38.9086266 ] } },
{ "type": "Feature", "properties": { "element": "node", "id": 13391304073, "name": "River Club", "amenity": "restaurant", "cuisine": null }, "geometry": { "type": "Point", "coordinates": [ -77.0599634, 38.9022288 ] } },
{ "type": "Feature", "properties": { "element": "node", "id": 13391307979, "name": "Bozzelli's", "amenity": "restaurant", "cuisine": null }, "geometry": { "type": "Point", "coordinates": [ -77.0599322, 38.9020747 ] } },
{ "type": "Feature", "properties": { "element": "node", "id": 13414131179, "name": "Chicken Whiskey", "amenity": "restaurant", "cuisine": null }, "geometry": { "type": "Point", "coordinates": [ -77.0065927, 38.8748406 ] } },
{ "type": "Feature", "properties": { "element": "node", "id": 13414152238, "name": "Tom's Watch Bar", "amenity": "restaurant", "cuisine": null }, "geometry": { "type": "Point", "coordinates": [ -77.0072621, 38.8752991 ] } },
{ "type": "Feature", "properties": { "element": "node", "id": 13414153043, "name": "Tropical Smoothie Cafe", "amenity": "fast_food", "cuisine": "juice" }, "geometry": { "type": "Point", "coordinates": [ -77.0072762, 38.8751668 ] } },
{ "type": "Feature", "properties": { "element": "node", "id": 13423995446, "name": "Manny and Olga's", "amenity": "fast_food", "cuisine": "pizza" }, "geometry": { "type": "Point", "coordinates": [ -77.031749, 38.9152768 ] } },
{ "type": "Feature", "properties": { "element": "node", "id": 13448500283, "name": "2 Sisters Deli", "amenity": "fast_food", "cuisine": "sandwich" }, "geometry": { "type": "Point", "coordinates": [ -77.0181164, 38.8859017 ] } },
{ "type": "Feature", "properties": { "element": "node", "id": 13523224778, "name": "Peruvian Brothers", "amenity": "restaurant", "cuisine": "peruvian" }, "geometry": { "type": "Point", "coordinates": [ -76.999742, 38.908866 ] } },
{ "type": "Feature", "properties": { "element": "node", "id": 13529100597, "name": "Abu Layla", "amenity": "fast_food", "cuisine": null }, "geometry": { "type": "Point", "coordinates": [ -77.011017, 38.8454385 ] } },
{ "type": "Feature", "properties": { "element": "node", "id": 13534606801, "name": "Teashi", "amenity": "restaurant", "cuisine": "bubble_tea;chinese" }, "geometry": { "type": "Point", "coordinates": [ -77.0436651, 38.9069248 ] } },
{ "type": "Feature", "properties": { "element": "node", "id": 13573731794, "name": "Dog Haus", "amenity": "fast_food", "cuisine": "hot_dog" }, "geometry": { "type": "Point", "coordinates": [ -77.0651474, 38.9464856 ] } },
{ "type": "Feature", "properties": { "element": "node", "id": 13606137644, "name": "Rimtang", "amenity": "restaurant", "cuisine": "thai" }, "geometry": { "type": "Point", "coordinates": [ -77.0659302, 38.9046903 ] } },
{ "type": "Feature", "properties": { "element": "node", "id": 13610561438, "name": "Hedzole", "amenity": "restaurant", "cuisine": "ghanaian;african" }, "geometry": { "type": "Point", "coordinates": [ -77.0327584, 38.9564912 ] } },
{ "type": "Feature", "properties": { "element": "node", "id": 13612223706, "name": "La' Shukran", "amenity": "restaurant", "cuisine": "middle_eastern;lebanese" }, "geometry": { "type": "Point", "coordinates": [ -76.999504, 38.907293 ] } },
{ "type": "Feature", "properties": { "element": "node", "id": 13612223740, "name": "Alero", "amenity": "restaurant", "cuisine": "mexican" }, "geometry": { "type": "Point", "coordinates": [ -77.0030496, 38.9084167 ] } },
{ "type": "Feature", "properties": { "element": "node", "id": 13620825097, "name": "Aroma Express", "amenity": "cafe", "cuisine": "latin_american;coffee_shop;coffee" }, "geometry": { "type": "Point", "coordinates": [ -77.043242, 38.8975299 ] } },
{ "type": "Feature", "properties": { "element": "node", "id": 13628899685, "name": "Mars Cafe", "amenity": "fast_food", "cuisine": null }, "geometry": { "type": "Point", "coordinates": [ -77.0201682, 38.8880427 ] } },
{ "type": "Feature", "properties": { "element": "node", "id": 13648582867, "name": "Ingle Korean Steakhouse", "amenity": "restaurant", "cuisine": "korean" }, "geometry": { "type": "Point", "coordinates": [ -77.0321827, 38.9164 ] } },
{ "type": "Feature", "properties": { "element": "node", "id": 13648582874, "name": "Mallard", "amenity": "restaurant", "cuisine": "southern;american" }, "geometry": { "type": "Point", "coordinates": [ -77.0317415, 38.9084622 ] } },
{ "type": "Feature", "properties": { "element": "node", "id": 13651165914, "name": "Gypsy Kitchen", "amenity": "restaurant", "cuisine": "mediterranean" }, "geometry": { "type": "Point", "coordinates": [ -77.0316846, 38.914882 ] } },
{ "type": "Feature", "properties": { "element": "node", "id": 13665495601, "name": "Nero", "amenity": "restaurant", "cuisine": "italian" }, "geometry": { "type": "Point", "coordinates": [ -77.0431795, 38.9060398 ] } },
{ "type": "Feature", "properties": { "element": "node", "id": 13667287061, "name": "Bodega", "amenity": "restaurant", "cuisine": "mexican" }, "geometry": { "type": "Point", "coordinates": [ -77.0473175, 38.9008067 ] } },
{ "type": "Feature", "properties": { "element": "node", "id": 13667287063, "name": "Bullfrog Bagels", "amenity": "fast_food", "cuisine": "bagel" }, "geometry": { "type": "Point", "coordinates": [ -77.0456618, 38.9005041 ] } },
{ "type": "Feature", "properties": { "element": "node", "id": 13671736594, "name": "Queen's English", "amenity": "restaurant", "cuisine": "chinese" }, "geometry": { "type": "Point", "coordinates": [ -77.0285771, 38.9321384 ] } },
{ "type": "Feature", "properties": { "element": "node", "id": 13708890553, "name": "El Cielo", "amenity": "restaurant", "cuisine": "latin_american" }, "geometry": { "type": "Point", "coordinates": [ -76.9994302, 38.909069 ] } },
{ "type": "Feature", "properties": { "element": "node", "id": 13711899442, "name": "Peruvian Brothers", "amenity": "restaurant", "cuisine": "peruvian" }, "geometry": { "type": "Point", "coordinates": [ -77.0096989, 38.8985958 ] } },
{ "type": "Feature", "properties": { "element": "node", "id": 13715137955, "name": "2AM Project", "amenity": "restaurant", "cuisine": "sandwich;seafood;southern" }, "geometry": { "type": "Point", "coordinates": [ -77.0001565, 38.9003436 ] } },
{ "type": "Feature", "properties": { "element": "node", "id": 13753674698, "name": "Jackie's", "amenity": "restaurant", "cuisine": null }, "geometry": { "type": "Point", "coordinates": [ -77.0060584, 38.8716421 ] } },
{ "type": "Feature", "properties": { "element": "node", "id": 13762141343, "name": "Public Interest", "amenity": "restaurant", "cuisine": null }, "geometry": { "type": "Point", "coordinates": [ -77.0414455, 38.9022544 ] } },
{ "type": "Feature", "properties": { "element": "node", "id": 13767408207, "name": "Bullfrog Bagels", "amenity": "fast_food", "cuisine": null }, "geometry": { "type": "Point", "coordinates": [ -77.0066025, 38.8978512 ] } },
{ "type": "Feature", "properties": { "element": "node", "id": 13785458560, "name": "Right Proper Kitchen", "amenity": "restaurant", "cuisine": null }, "geometry": { "type": "Point", "coordinates": [ -76.9951364, 38.9325326 ] } },
{ "type": "Feature", "properties": { "element": "node", "id": 13785480741, "name": "Chick-fil-A", "amenity": "fast_food", "cuisine": "chicken" }, "geometry": { "type": "Point", "coordinates": [ -77.0437201, 38.8964951 ] } },
{ "type": "Feature", "properties": { "element": "node", "id": 13785493048, "name": "Grace Street Coffee Roasters at AIA", "amenity": "cafe", "cuisine": "coffee_shop" }, "geometry": { "type": "Point", "coordinates": [ -77.0411247, 38.8967297 ] } },
{ "type": "Feature", "properties": { "element": "node", "id": 13866850306, "name": "Cantina Paraiso", "amenity": "restaurant", "cuisine": "mexican" }, "geometry": { "type": "Point", "coordinates": [ -77.0269253, 38.9761784 ] } },
{ "type": "Feature", "properties": { "element": "node", "id": 13894343502, "name": "Others Coffee", "amenity": "cafe", "cuisine": null }, "geometry": { "type": "Point", "coordinates": [ -77.0401842, 38.9178545 ] } },
{ "type": "Feature", "properties": { "element": "node", "id": 13897679085, "name": "Paris Baguette", "amenity": "cafe", "cuisine": null }, "geometry": { "type": "Point", "coordinates": [ -77.0766301, 38.941667 ] } },
{ "type": "Feature", "properties": { "element": "node", "id": 13900152491, "name": "Tropical Smoothie Cafe", "amenity": "fast_food", "cuisine": "juice" }, "geometry": { "type": "Point", "coordinates": [ -77.0272595, 38.9724553 ] } },
{ "type": "Feature", "properties": { "element": "node", "id": 13900359379, "name": "Oohh's & Aahh's", "amenity": "restaurant", "cuisine": "american;southern" }, "geometry": { "type": "Point", "coordinates": [ -77.0275623, 38.9624118 ] } },
{ "type": "Feature", "properties": { "element": "node", "id": 13900359380, "name": "Three Whistles", "amenity": "cafe", "cuisine": null }, "geometry": { "type": "Point", "coordinates": [ -77.0283243, 38.9611014 ] } },
{ "type": "Feature", "properties": { "element": "node", "id": 13900359382, "name": "Deset Ethiopian Restaurant", "amenity": "restaurant", "cuisine": "ethiopian" }, "geometry": { "type": "Point", "coordinates": [ -77.0279221, 38.9648527 ] } },
{ "type": "Feature", "properties": { "element": "node", "id": 13915037060, "name": "Bluestone Lane", "amenity": "cafe", "cuisine": null }, "geometry": { "type": "Point", "coordinates": [ -77.0414592, 38.905295 ] } },
{ "type": "Feature", "properties": { "element": "node", "id": 13915037061, "name": "7th Street Burger", "amenity": "fast_food", "cuisine": "burger" }, "geometry": { "type": "Point", "coordinates": [ -77.0428391, 38.9054781 ] } },
{ "type": "Feature", "properties": { "element": "node", "id": 13918203404, "name": "Dolcezza", "amenity": "cafe", "cuisine": "ice_cream" }, "geometry": { "type": "Point", "coordinates": [ -77.0455842, 38.9128838 ] } },
{ "type": "Feature", "properties": { "element": "node", "id": 13918203414, "name": "Bread Furst", "amenity": "cafe", "cuisine": null }, "geometry": { "type": "Point", "coordinates": [ -77.0469967, 38.9118712 ] } },
{ "type": "Feature", "properties": { "element": "node", "id": 13918203454, "name": "Alero", "amenity": "restaurant", "cuisine": "mexican" }, "geometry": { "type": "Point", "coordinates": [ -77.044538, 38.9120549 ] } },
{ "type": "Feature", "properties": { "element": "node", "id": 13918278488, "name": "Simon's Wok and Grill", "amenity": "fast_food", "cuisine": "chinese" }, "geometry": { "type": "Point", "coordinates": [ -77.0278854, 38.956356 ] } },
{ "type": "Feature", "properties": { "element": "node", "id": 13918278489, "name": "Yum's Carryout", "amenity": "fast_food", "cuisine": "chinese" }, "geometry": { "type": "Point", "coordinates": [ -77.0221291, 38.9562407 ] } },
{ "type": "Feature", "properties": { "element": "node", "id": 13918278490, "name": "Tony's Place", "amenity": "restaurant", "cuisine": null }, "geometry": { "type": "Point", "coordinates": [ -77.0219071, 38.9562384 ] } },
{ "type": "Feature", "properties": { "element": "node", "id": 13918292906, "name": "Sonnie's", "amenity": "restaurant", "cuisine": "ethiopian" }, "geometry": { "type": "Point", "coordinates": [ -77.0120911, 38.9564258 ] } },
{ "type": "Feature", "properties": { "element": "node", "id": 13920522321, "name": "Elmina", "amenity": "restaurant", "cuisine": "african" }, "geometry": { "type": "Point", "coordinates": [ -77.032207, 38.919541 ] } },
{ "type": "Feature", "properties": { "element": "node", "id": 13937662345, "name": "Mexicana Grill", "amenity": "fast_food", "cuisine": "mexican" }, "geometry": { "type": "Point", "coordinates": [ -77.0198519, 38.8873221 ] } },
{ "type": "Feature", "properties": { "element": "node", "id": 13960159547, "name": null, "amenity": "restaurant", "cuisine": "sushi" }, "geometry": { "type": "Point", "coordinates": [ -77.0086811, 38.8866069 ] } },
{ "type": "Feature", "properties": { "element": "node", "id": 13961186765, "name": "For Five Coffee Roasters", "amenity": "cafe", "cuisine": "coffee_shop" }, "geometry": { "type": "Point", "coordinates": [ -77.0436834, 38.9051305 ] } },
{ "type": "Feature", "properties": { "element": "node", "id": 13962675338, "name": "Ten Ten West End", "amenity": "restaurant", "cuisine": "american;seafood;international" }, "geometry": { "type": "Point", "coordinates": [ -77.0495419, 38.9034373 ] } },
{ "type": "Feature", "properties": { "element": "node", "id": 13963459952, "name": "Cool Coffee", "amenity": "cafe", "cuisine": null }, "geometry": { "type": "Point", "coordinates": [ -76.9902391, 38.9374115 ] } },
{ "type": "Feature", "properties": { "element": "node", "id": 13982841001, "name": "Earlybird DC", "amenity": "restaurant", "cuisine": null }, "geometry": { "type": "Point", "coordinates": [ -77.0052687, 38.8786398 ] } },
{ "type": "Feature", "properties": { "element": "node", "id": 14003869300, "name": "Thai Pad", "amenity": "restaurant", "cuisine": "thai" }, "geometry": { "type": "Point", "coordinates": [ -77.0652034, 38.9475878 ] } },
{ "type": "Feature", "properties": { "element": "node", "id": 14011469586, "name": "Steak Frites", "amenity": "restaurant", "cuisine": null }, "geometry": { "type": "Point", "coordinates": [ -76.9873498, 38.9003684 ] } },
{ "type": "Feature", "properties": { "element": "node", "id": 14011476685, "name": "Mex-Taqueria Cantina", "amenity": "restaurant", "cuisine": null }, "geometry": { "type": "Point", "coordinates": [ -76.9874006, 38.9003507 ] } },
{ "type": "Feature", "properties": { "element": "node", "id": 14011505640, "name": "EV Lounge DC", "amenity": "restaurant", "cuisine": null }, "geometry": { "type": "Point", "coordinates": [ -76.9862231, 38.9003363 ] } },
{ "type": "Feature", "properties": { "element": "node", "id": 14013567606, "name": "Macon Bistro and Larder", "amenity": "restaurant", "cuisine": "french;southern" }, "geometry": { "type": "Point", "coordinates": [ -77.0751519, 38.9636955 ] } },
{ "type": "Feature", "properties": { "element": "node", "id": 14027093169, "name": "Onggi", "amenity": "restaurant", "cuisine": "korean" }, "geometry": { "type": "Point", "coordinates": [ -77.0468652, 38.9095034 ] } },
{ "type": "Feature", "properties": { "element": "node", "id": 14040003601, "name": "Back Door Tacos", "amenity": "restaurant", "cuisine": "mexican" }, "geometry": { "type": "Point", "coordinates": [ -77.0381269, 38.9107254 ] } },
{ "type": "Feature", "properties": { "element": "node", "id": 14045988495, "name": "The Pool Terrace", "amenity": "restaurant", "cuisine": "american" }, "geometry": { "type": "Point", "coordinates": [ -77.0217884, 38.8771416 ] } },
{ "type": "Feature", "properties": { "element": "node", "id": 14052560101, "name": "For Five Coffee Roasters", "amenity": "cafe", "cuisine": null }, "geometry": { "type": "Point", "coordinates": [ -77.0452728, 38.901477 ] } },
{ "type": "Feature", "properties": { "element": "node", "id": 14065460809, "name": "Chadol Korean", "amenity": "restaurant", "cuisine": "korean" }, "geometry": { "type": "Point", "coordinates": [ -76.9974947, 38.9220008 ] } },
{ "type": "Feature", "properties": { "element": "node", "id": 14065460811, "name": "Buffalo Wild Wings", "amenity": "restaurant", "cuisine": "wings" }, "geometry": { "type": "Point", "coordinates": [ -76.9953115, 38.9205079 ] } },
{ "type": "Feature", "properties": { "element": "way", "id": 48039595, "name": "We the Pizza", "amenity": "restaurant", "cuisine": "pizza" }, "geometry": { "type": "Polygon", "coordinates": [ [ [ -77.0016534, 38.8866612 ], [ -77.0017095, 38.8864397 ], [ -77.0017103, 38.8864366 ], [ -77.0017291, 38.8864397 ], [ -77.0017723, 38.8864467 ], [ -77.0017722, 38.8864556 ], [ -77.0017719, 38.8864784 ], [ -77.0017614, 38.8867052 ], [ -77.0016534, 38.8866612 ] ] ] } },
{ "type": "Feature", "properties": { "element": "way", "id": 48039713, "name": "Starbucks", "amenity": "cafe", "cuisine": "coffee_shop" }, "geometry": { "type": "Polygon", "coordinates": [ [ [ -77.002235, 38.8867634 ], [ -77.0022161, 38.8867924 ], [ -77.0022522, 38.886806 ], [ -77.0022008, 38.8868832 ], [ -77.0021815, 38.8868751 ], [ -77.0021812, 38.8868441 ], [ -77.0021893, 38.8868438 ], [ -77.0021906, 38.8867825 ], [ -77.0021909, 38.8867756 ], [ -77.0021954, 38.886751 ], [ -77.002235, 38.8867634 ] ] ] } },
{ "type": "Feature", "properties": { "element": "way", "id": 48039715, "name": "Santa Rosa Taqueria", "amenity": "restaurant", "cuisine": "mexican" }, "geometry": { "type": "Polygon", "coordinates": [ [ [ -77.001824, 38.886727 ], [ -77.0018239, 38.8867192 ], [ -77.0018264, 38.8864928 ], [ -77.001885, 38.8864949 ], [ -77.0018854, 38.8866191 ], [ -77.0018854, 38.8867276 ], [ -77.001824, 38.886727 ] ] ] } },
{ "type": "Feature", "properties": { "element": "way", "id": 48056774, "name": "McDonald's", "amenity": "fast_food", "cuisine": "burger" }, "geometry": { "type": "Polygon", "coordinates": [ [ [ -77.0292462, 38.9006681 ], [ -77.0293135, 38.9006442 ], [ -77.0292543, 38.9005391 ], [ -77.0292697, 38.9005284 ], [ -77.0292806, 38.9005228 ], [ -77.029296, 38.9005185 ], [ -77.0293078, 38.9005149 ], [ -77.0293195, 38.9005136 ], [ -77.0293314, 38.9005143 ], [ -77.029326, 38.9005037 ], [ -77.0294158, 38.9004717 ], [ -77.0294141, 38.9006993 ], [ -77.029246, 38.9007012 ], [ -77.0292462, 38.9006681 ] ] ] } },
{ "type": "Feature", "properties": { "element": "way", "id": 55254786, "name": "Creative Grounds DC", "amenity": "cafe", "cuisine": null }, "geometry": { "type": "Polygon", "coordinates": [ [ [ -77.0095764, 38.9146598 ], [ -77.0094521, 38.9146578 ], [ -77.0094464, 38.9146639 ], [ -77.009421, 38.914664 ], [ -77.0094021, 38.9146542 ], [ -77.009392, 38.9146542 ], [ -77.0093915, 38.9146667 ], [ -77.0092753, 38.9146678 ], [ -77.0092756, 38.9146948 ], [ -77.0092683, 38.9146969 ], [ -77.0092623, 38.9147008 ], [ -77.0092582, 38.9147061 ], [ -77.0092567, 38.9147121 ], [ -77.009258, 38.9147181 ], [ -77.0092617, 38.9147235 ], [ -77.0092675, 38.9147275 ], [ -77.0092747, 38.9147299 ], [ -77.0092826, 38.9147301 ], [ -77.0092901, 38.9147283 ], [ -77.0092963, 38.9147246 ], [ -77.0093006, 38.9147195 ], [ -77.0093024, 38.9147136 ], [ -77.0093016, 38.9147075 ], [ -77.0094985, 38.9147062 ], [ -77.0094988, 38.9147282 ], [ -77.0095463, 38.914728 ], [ -77.009546, 38.9147136 ], [ -77.0095932, 38.9147132 ], [ -77.0095948, 38.9146651 ], [ -77.0095764, 38.9146646 ], [ -77.0095764, 38.9146598 ] ] ] } },
{ "type": "Feature", "properties": { "element": "way", "id": 55316661, "name": "Papa John's", "amenity": "fast_food", "cuisine": "pizza" }, "geometry": { "type": "Polygon", "coordinates": [ [ [ -77.0248925, 38.9069462 ], [ -77.0248921, 38.9071279 ], [ -77.0249566, 38.9071282 ], [ -77.024956, 38.9070433 ], [ -77.0249382, 38.9070433 ], [ -77.0249386, 38.906925 ], [ -77.0249541, 38.9069249 ], [ -77.0249542, 38.9068771 ], [ -77.0248909, 38.9068773 ], [ -77.0248925, 38.9069462 ] ] ] } },
{ "type": "Feature", "properties": { "element": "way", "id": 55317936, "name": "America's Best Wings", "amenity": "fast_food", "cuisine": "wings;seafood" }, "geometry": { "type": "Polygon", "coordinates": [ [ [ -76.9368071, 38.8894227 ], [ -76.9368071, 38.8894297 ], [ -76.9366164, 38.8894298 ], [ -76.9366165, 38.8895207 ], [ -76.9368253, 38.8895207 ], [ -76.9368253, 38.8895106 ], [ -76.9368253, 38.8894227 ], [ -76.9368071, 38.8894227 ] ] ] } },
{ "type": "Feature", "properties": { "element": "way", "id": 55321103, "name": "Pie Shop", "amenity": "restaurant", "cuisine": "pie" }, "geometry": { "type": "Polygon", "coordinates": [ [ [ -76.9869584, 38.9000774 ], [ -76.9869555, 38.8998529 ], [ -76.986947, 38.899853 ], [ -76.9869466, 38.8998273 ], [ -76.9869466, 38.8998252 ], [ -76.9869459, 38.8997769 ], [ -76.9869457, 38.8997649 ], [ -76.9869456, 38.8997579 ], [ -76.986933, 38.8997579 ], [ -76.986886, 38.8997585 ], [ -76.9868881, 38.8998995 ], [ -76.9868882, 38.8999071 ], [ -76.9868887, 38.8999365 ], [ -76.9868896, 38.8999969 ], [ -76.9868897, 38.9000078 ], [ -76.9868893, 38.9000576 ], [ -76.9868893, 38.900078 ], [ -76.9869584, 38.9000774 ] ] ] } },
{ "type": "Feature", "properties": { "element": "way", "id": 55321822, "name": "McDonald's", "amenity": "fast_food", "cuisine": "burger" }, "geometry": { "type": "Polygon", "coordinates": [ [ [ -76.9995353, 38.9205422 ], [ -76.9994479, 38.9203878 ], [ -76.9994278, 38.9203948 ], [ -76.9994027, 38.9203504 ], [ -76.9992496, 38.9204032 ], [ -76.999404, 38.9206759 ], [ -76.9994333, 38.9206658 ], [ -76.9994295, 38.9206592 ], [ -76.9994438, 38.9206543 ], [ -76.9994584, 38.92068 ], [ -76.9995348, 38.9206536 ], [ -76.9995202, 38.9206278 ], [ -76.9995352, 38.9206226 ], [ -76.9995394, 38.9206302 ], [ -76.999568, 38.9206203 ], [ -76.9995257, 38.9205454 ], [ -76.9995353, 38.9205422 ] ] ] } },
{ "type": "Feature", "properties": { "element": "way", "id": 55323271, "name": "Ebenezer's Coffee House", "amenity": "cafe", "cuisine": null }, "geometry": { "type": "Polygon", "coordinates": [ [ [ -77.0032317, 38.8970577 ], [ -77.0032329, 38.8970577 ], [ -77.0032329, 38.8971084 ], [ -77.0032329, 38.897158 ], [ -77.0032322, 38.8972004 ], [ -77.0032413, 38.8972009 ], [ -77.0032433, 38.8971857 ], [ -77.0033188, 38.8971849 ], [ -77.003319, 38.8971919 ], [ -77.0033457, 38.89719 ], [ -77.0033442, 38.8971687 ], [ -77.0033599, 38.8971545 ], [ -77.0033613, 38.8971565 ], [ -77.0033812, 38.8971419 ], [ -77.00336, 38.897129 ], [ -77.0033602, 38.8971146 ], [ -77.0033796, 38.8971001 ], [ -77.0033609, 38.8970879 ], [ -77.0033633, 38.897049 ], [ -77.0032372, 38.8970501 ], [ -77.0032317, 38.8970577 ] ] ] } },
{ "type": "Feature", "properties": { "element": "way", "id": 55324010, "name": "CAVA", "amenity": "restaurant", "cuisine": "mediterranean" }, "geometry": { "type": "Polygon", "coordinates": [ [ [ -76.9986559, 38.8999285 ], [ -76.9986558, 38.8998683 ], [ -76.9985954, 38.8998682 ], [ -76.9985954, 38.8999043 ], [ -76.9985954, 38.899905 ], [ -76.9985815, 38.899905 ], [ -76.9985817, 38.9000706 ], [ -76.9986002, 38.9000706 ], [ -76.9986095, 38.9000784 ], [ -76.9986138, 38.9000822 ], [ -76.9986511, 38.9000821 ], [ -76.9986559, 38.8999285 ] ] ] } },
{ "type": "Feature", "properties": { "element": "way", "id": 55331346, "name": "McDonald's", "amenity": "fast_food", "cuisine": "burger" }, "geometry": { "type": "Polygon", "coordinates": [ [ [ -76.9821596, 38.8785482 ], [ -76.9820793, 38.878548 ], [ -76.9820789, 38.878622 ], [ -76.9821214, 38.8786396 ], [ -76.9821125, 38.878653 ], [ -76.982107, 38.878653 ], [ -76.9821069, 38.8786573 ], [ -76.9821069, 38.878665 ], [ -76.9822024, 38.8787043 ], [ -76.9822052, 38.8787043 ], [ -76.9822092, 38.8786984 ], [ -76.9822113, 38.8786953 ], [ -76.9822079, 38.8786938 ], [ -76.9822178, 38.8786792 ], [ -76.9822554, 38.8786233 ], [ -76.9822878, 38.8786366 ], [ -76.9822503, 38.8786925 ], [ -76.9822506, 38.8787113 ], [ -76.9822694, 38.8787191 ], [ -76.9822792, 38.8787044 ], [ -76.9823095, 38.8787169 ], [ -76.982331, 38.878685 ], [ -76.9823216, 38.8786811 ], [ -76.982338, 38.8786567 ], [ -76.9823509, 38.8786568 ], [ -76.9823514, 38.8785826 ], [ -76.9821622, 38.8785819 ], [ -76.9821624, 38.8785482 ], [ -76.9821596, 38.8785482 ] ] ] } },
{ "type": "Feature", "properties": { "element": "way", "id": 55332584, "name": "Rose's Luxury", "amenity": "restaurant", "cuisine": null }, "geometry": { "type": "Polygon", "coordinates": [ [ [ -76.9953499, 38.8806164 ], [ -76.9951346, 38.8806162 ], [ -76.9951348, 38.8806678 ], [ -76.995427, 38.880667 ], [ -76.9954268, 38.8806447 ], [ -76.99535, 38.880645 ], [ -76.9953499, 38.8806164 ] ] ] } },
{ "type": "Feature", "properties": { "element": "way", "id": 55332586, "name": "Crazy Aunt Helen's", "amenity": "restaurant", "cuisine": null }, "geometry": { "type": "Polygon", "coordinates": [ [ [ -76.995135, 38.8807325 ], [ -76.9951354, 38.880801 ], [ -76.9951415, 38.880801 ], [ -76.9951415, 38.880804 ], [ -76.9954324, 38.8808033 ], [ -76.9954324, 38.8807998 ], [ -76.9955268, 38.8807995 ], [ -76.9955264, 38.8807319 ], [ -76.995135, 38.8807325 ] ] ] } },
{ "type": "Feature", "properties": { "element": "way", "id": 55366063, "name": "King City Restaurant and Carry out", "amenity": "restaurant", "cuisine": null }, "geometry": { "type": "Polygon", "coordinates": [ [ [ -76.9926412, 38.8628256 ], [ -76.9926114, 38.8627923 ], [ -76.9926077, 38.8627882 ], [ -76.9925625, 38.8627379 ], [ -76.992546, 38.8627467 ], [ -76.9925403, 38.8627403 ], [ -76.9925396, 38.8627395 ], [ -76.9925284, 38.8627455 ], [ -76.9924866, 38.8627679 ], [ -76.9924929, 38.8627751 ], [ -76.9924904, 38.8627763 ], [ -76.9924909, 38.8627768 ], [ -76.9924916, 38.8627776 ], [ -76.9925203, 38.8628102 ], [ -76.9926298, 38.8629348 ], [ -76.9926772, 38.8629095 ], [ -76.9927038, 38.8628953 ], [ -76.9926412, 38.8628256 ] ] ] } },
{ "type": "Feature", "properties": { "element": "way", "id": 66409318, "name": "Leo's GW Delicatessen", "amenity": "cafe", "cuisine": null }, "geometry": { "type": "Polygon", "coordinates": [ [ [ -77.0482396, 38.898452 ], [ -77.0483091, 38.898452 ], [ -77.0483094, 38.8986554 ], [ -77.0482395, 38.8986559 ], [ -77.0482395, 38.898561 ], [ -77.0482396, 38.898452 ] ] ] } },
{ "type": "Feature", "properties": { "element": "way", "id": 66418713, "name": "Refreshments", "amenity": "fast_food", "cuisine": "fast_food" }, "geometry": { "type": "Polygon", "coordinates": [ [ [ -77.0302501, 38.8901732 ], [ -77.0302505, 38.8901288 ], [ -77.0302731, 38.8901289 ], [ -77.0302732, 38.8901104 ], [ -77.0303307, 38.8901107 ], [ -77.0303306, 38.8901299 ], [ -77.0303566, 38.89013 ], [ -77.0303562, 38.8901727 ], [ -77.0303325, 38.8901726 ], [ -77.0303323, 38.8901932 ], [ -77.0302796, 38.8901929 ], [ -77.0302798, 38.8901733 ], [ -77.0302501, 38.8901732 ] ] ] } },
{ "type": "Feature", "properties": { "element": "way", "id": 66418719, "name": "Bar Americano", "amenity": "cafe", "cuisine": null }, "geometry": { "type": "Polygon", "coordinates": [ [ [ -77.0196271, 38.8891054 ], [ -77.0196265, 38.8890866 ], [ -77.0195931, 38.8890873 ], [ -77.0195916, 38.8890422 ], [ -77.0196195, 38.8890416 ], [ -77.0196189, 38.8890247 ], [ -77.019672, 38.8890236 ], [ -77.0196726, 38.889042 ], [ -77.0196994, 38.8890415 ], [ -77.0197008, 38.8890847 ], [ -77.0196756, 38.8890852 ], [ -77.0196762, 38.8891044 ], [ -77.0196271, 38.8891054 ] ] ] } },
{ "type": "Feature", "properties": { "element": "way", "id": 66418893, "name": "The Monocle", "amenity": "restaurant", "cuisine": null }, "geometry": { "type": "Polygon", "coordinates": [ [ [ -77.0050891, 38.8944134 ], [ -77.0051356, 38.8944135 ], [ -77.005136, 38.8944609 ], [ -77.0051686, 38.8944607 ], [ -77.0051683, 38.8944277 ], [ -77.0052235, 38.8944269 ], [ -77.0052246, 38.8944706 ], [ -77.0052438, 38.8944701 ], [ -77.005243, 38.894701 ], [ -77.0050887, 38.8946998 ], [ -77.0050891, 38.8944134 ] ] ] } },
{ "type": "Feature", "properties": { "element": "way", "id": 66418968, "name": "Refreshments", "amenity": "fast_food", "cuisine": "burger" }, "geometry": { "type": "Polygon", "coordinates": [ [ [ -77.0262222, 38.8902472 ], [ -77.026222, 38.8902277 ], [ -77.0261966, 38.8902278 ], [ -77.0261962, 38.890179 ], [ -77.0262229, 38.8901789 ], [ -77.0262227, 38.8901585 ], [ -77.0262836, 38.8901583 ], [ -77.0262837, 38.8901772 ], [ -77.0263324, 38.890177 ], [ -77.0263328, 38.8902308 ], [ -77.0262804, 38.890231 ], [ -77.0262805, 38.8902469 ], [ -77.0262222, 38.8902472 ] ] ] } },
{ "type": "Feature", "properties": { "element": "way", "id": 66419014, "name": null, "amenity": "fast_food", "cuisine": null }, "geometry": { "type": "Polygon", "coordinates": [ [ [ -77.0372405, 38.88004 ], [ -77.0372585, 38.8800268 ], [ -77.0372843, 38.8800276 ], [ -77.0373018, 38.8800423 ], [ -77.0373005, 38.8800629 ], [ -77.0372818, 38.8800758 ], [ -77.0372559, 38.880075 ], [ -77.0372393, 38.8800606 ], [ -77.0372405, 38.88004 ] ] ] } },
{ "type": "Feature", "properties": { "element": "way", "id": 66419015, "name": "Refreshments", "amenity": "fast_food", "cuisine": "fast_food" }, "geometry": { "type": "Polygon", "coordinates": [ [ [ -77.0242219, 38.8891049 ], [ -77.0242223, 38.8890874 ], [ -77.0242822, 38.8890882 ], [ -77.0242818, 38.8891073 ], [ -77.0243094, 38.8891077 ], [ -77.0243084, 38.8891552 ], [ -77.0242825, 38.8891548 ], [ -77.024282, 38.889175 ], [ -77.0242182, 38.8891742 ], [ -77.0242186, 38.8891559 ], [ -77.0241946, 38.8891555 ], [ -77.0241956, 38.8891046 ], [ -77.0242219, 38.8891049 ] ] ] } },
{ "type": "Feature", "properties": { "element": "way", "id": 66646387, "name": "Zorba's Café", "amenity": "cafe", "cuisine": "greek" }, "geometry": { "type": "Polygon", "coordinates": [ [ [ -77.0450364, 38.9116651 ], [ -77.0452871, 38.9116626 ], [ -77.0453006, 38.9116764 ], [ -77.0453015, 38.9116996 ], [ -77.0452861, 38.911709 ], [ -77.0452867, 38.9117166 ], [ -77.0451846, 38.9117169 ], [ -77.0451847, 38.9117275 ], [ -77.0450377, 38.9117302 ], [ -77.0450364, 38.9116651 ] ] ] } },
{ "type": "Feature", "properties": { "element": "way", "id": 66680925, "name": "McDonald's", "amenity": "fast_food", "cuisine": "burger" }, "geometry": { "type": "Polygon", "coordinates": [ [ [ -77.0441867, 38.9053006 ], [ -77.0441891, 38.9052691 ], [ -77.044302, 38.9052693 ], [ -77.0443009, 38.905532 ], [ -77.0441905, 38.9055371 ], [ -77.0441867, 38.9053006 ] ] ] } },
{ "type": "Feature", "properties": { "element": "way", "id": 66680955, "name": null, "amenity": "restaurant", "cuisine": null }, "geometry": { "type": "Polygon", "coordinates": [ [ [ -77.0443178, 38.9016416 ], [ -77.0443792, 38.9016412 ], [ -77.0443808, 38.9014617 ], [ -77.0443696, 38.9014617 ], [ -77.0443695, 38.9014536 ], [ -77.0443433, 38.9014536 ], [ -77.0443261, 38.9014685 ], [ -77.0443164, 38.9014686 ], [ -77.0443178, 38.9016416 ] ] ] } },
{ "type": "Feature", "properties": { "element": "way", "id": 66680983, "name": "Axion Food", "amenity": "restaurant", "cuisine": "sushi" }, "geometry": { "type": "Polygon", "coordinates": [ [ [ -77.0443164, 38.9014686 ], [ -77.0443166, 38.9014573 ], [ -77.0442038, 38.9014576 ], [ -77.0442063, 38.9017216 ], [ -77.0443204, 38.9017217 ], [ -77.0443205, 38.9016621 ], [ -77.0443178, 38.9016416 ], [ -77.0443164, 38.9014686 ] ] ] } },
{ "type": "Feature", "properties": { "element": "way", "id": 66816392, "name": "Pizzoli's", "amenity": "restaurant", "cuisine": "pizza" }, "geometry": { "type": "Polygon", "coordinates": [ [ [ -77.0282327, 38.9091105 ], [ -77.0283113, 38.9091096 ], [ -77.0283113, 38.9091199 ], [ -77.0283678, 38.9091199 ], [ -77.0283676, 38.9091758 ], [ -77.0282325, 38.9091764 ], [ -77.0282325, 38.9091675 ], [ -77.02822, 38.9091588 ], [ -77.02822, 38.9091356 ], [ -77.0282326, 38.9091357 ], [ -77.0282327, 38.9091105 ] ] ] } },
{ "type": "Feature", "properties": { "element": "way", "id": 66972574, "name": "Bandit Tacos", "amenity": "restaurant", "cuisine": "mexican" }, "geometry": { "type": "Polygon", "coordinates": [ [ [ -77.0799867, 38.9505094 ], [ -77.079987, 38.9504702 ], [ -77.0801393, 38.9504695 ], [ -77.0801412, 38.950508 ], [ -77.0799867, 38.9505094 ] ] ] } },
{ "type": "Feature", "properties": { "element": "way", "id": 66973066, "name": "Cafe of India", "amenity": "restaurant", "cuisine": "indian" }, "geometry": { "type": "Polygon", "coordinates": [ [ [ -77.0816851, 38.9537312 ], [ -77.0816849, 38.9537262 ], [ -77.0818804, 38.9537256 ], [ -77.0818818, 38.953792 ], [ -77.0816916, 38.9537946 ], [ -77.0816914, 38.9537844 ], [ -77.0816863, 38.9537845 ], [ -77.0816851, 38.9537312 ] ] ] } },
{ "type": "Feature", "properties": { "element": "way", "id": 66973098, "name": "Le Chat Noir", "amenity": "restaurant", "cuisine": "french" }, "geometry": { "type": "Polygon", "coordinates": [ [ [ -77.0816283, 38.9536655 ], [ -77.0818791, 38.9536661 ], [ -77.0818804, 38.9537256 ], [ -77.0816849, 38.9537262 ], [ -77.0816851, 38.9537312 ], [ -77.0816426, 38.9537317 ], [ -77.0816283, 38.9536655 ] ] ] } },
{ "type": "Feature", "properties": { "element": "way", "id": 66982084, "name": "Ceibo", "amenity": "restaurant", "cuisine": "gastronomic;fusion" }, "geometry": { "type": "Polygon", "coordinates": [ [ [ -77.0418136, 38.9180947 ], [ -77.0419522, 38.9180934 ], [ -77.0420354, 38.9180925 ], [ -77.0420364, 38.9181443 ], [ -77.0419686, 38.9181451 ], [ -77.0419686, 38.9181481 ], [ -77.0419514, 38.9181483 ], [ -77.0419514, 38.9181522 ], [ -77.0418153, 38.9181527 ], [ -77.0418136, 38.9180947 ] ] ] } },
{ "type": "Feature", "properties": { "element": "way", "id": 67069444, "name": "Federalist Pig", "amenity": "fast_food", "cuisine": "barbecue" }, "geometry": { "type": "Polygon", "coordinates": [ [ [ -77.038592, 38.9249813 ], [ -77.038634, 38.9249794 ], [ -77.0386283, 38.9248599 ], [ -77.0386372, 38.9248588 ], [ -77.0386504, 38.9248583 ], [ -77.0386634, 38.9250604 ], [ -77.0385995, 38.9250976 ], [ -77.038592, 38.9249813 ] ] ] } },
{ "type": "Feature", "properties": { "element": "way", "id": 67069482, "name": "Popeyes", "amenity": "fast_food", "cuisine": "chicken" }, "geometry": { "type": "Polygon", "coordinates": [ [ [ -77.0404228, 38.9238146 ], [ -77.0404332, 38.9238254 ], [ -77.0404185, 38.9238336 ], [ -77.040523, 38.9239292 ], [ -77.0405263, 38.9239267 ], [ -77.040552, 38.9239559 ], [ -77.0404438, 38.9240277 ], [ -77.0404368, 38.9240187 ], [ -77.0404251, 38.924026 ], [ -77.040403, 38.9240018 ], [ -77.0403987, 38.9240057 ], [ -77.0403634, 38.9239988 ], [ -77.0403591, 38.9239541 ], [ -77.0403657, 38.923954 ], [ -77.0403636, 38.9238951 ], [ -77.0403743, 38.9238942 ], [ -77.0403726, 38.9238478 ], [ -77.0404228, 38.9238146 ] ] ] } },
{ "type": "Feature", "properties": { "element": "way", "id": 67069486, "name": "Jack Rose Dining Saloon", "amenity": "restaurant", "cuisine": "american" }, "geometry": { "type": "Polygon", "coordinates": [ [ [ -77.0413054, 38.9173547 ], [ -77.0415045, 38.9173556 ], [ -77.0415048, 38.917413 ], [ -77.0415109, 38.917413 ], [ -77.0415111, 38.9174291 ], [ -77.0414934, 38.9174292 ], [ -77.0414919, 38.9174371 ], [ -77.0412633, 38.9174377 ], [ -77.0411479, 38.9174376 ], [ -77.0411478, 38.9174352 ], [ -77.0411233, 38.9174353 ], [ -77.0411226, 38.9173556 ], [ -77.0411997, 38.9173552 ], [ -77.0413054, 38.9173547 ] ] ] } },
{ "type": "Feature", "properties": { "element": "way", "id": 67079969, "name": "McDonald's", "amenity": "fast_food", "cuisine": "burger" }, "geometry": { "type": "Polygon", "coordinates": [ [ [ -77.0379887, 38.9120374 ], [ -77.0379641, 38.9120381 ], [ -77.0379647, 38.9119456 ], [ -77.0379648, 38.9119379 ], [ -77.0382931, 38.9119364 ], [ -77.0382931, 38.9119472 ], [ -77.0382934, 38.9120382 ], [ -77.0379887, 38.9120374 ] ] ] } },
{ "type": "Feature", "properties": { "element": "way", "id": 67085749, "name": "Dovetail Bar & Restaurant", "amenity": "restaurant", "cuisine": "american" }, "geometry": { "type": "Polygon", "coordinates": [ [ [ -77.0327841, 38.9080867 ], [ -77.032768, 38.9080552 ], [ -77.0327092, 38.90794 ], [ -77.0330538, 38.9078206 ], [ -77.0330634, 38.9078368 ], [ -77.0331342, 38.907956 ], [ -77.0330457, 38.9079815 ], [ -77.0331439, 38.9081519 ], [ -77.0331531, 38.9081487 ], [ -77.0331878, 38.9082106 ], [ -77.033142, 38.9082264 ], [ -77.033147, 38.9082355 ], [ -77.0331074, 38.9082491 ], [ -77.0331025, 38.9082406 ], [ -77.0330771, 38.9082494 ], [ -77.0330821, 38.9082584 ], [ -77.0330417, 38.9082723 ], [ -77.0330367, 38.9082633 ], [ -77.0329928, 38.9082783 ], [ -77.0329578, 38.9082172 ], [ -77.0329659, 38.9082143 ], [ -77.0329217, 38.908137 ], [ -77.0328774, 38.9081525 ], [ -77.0328524, 38.9081088 ], [ -77.0328977, 38.908093 ], [ -77.0328657, 38.9080397 ], [ -77.0328272, 38.9080541 ], [ -77.032833, 38.9080678 ], [ -77.0327841, 38.9080867 ] ] ] } },
{ "type": "Feature", "properties": { "element": "way", "id": 67094525, "name": "Prost DC", "amenity": "restaurant", "cuisine": "german" }, "geometry": { "type": "Polygon", "coordinates": [ [ [ -77.0185916, 38.9018856 ], [ -77.0187895, 38.9018862 ], [ -77.0187902, 38.9019555 ], [ -77.0185339, 38.901961 ], [ -77.0184978, 38.9019612 ], [ -77.0184961, 38.9018871 ], [ -77.0185916, 38.9018856 ] ] ] } },
{ "type": "Feature", "properties": { "element": "way", "id": 67100504, "name": "McDonald's", "amenity": "fast_food", "cuisine": "burger" }, "geometry": { "type": "Polygon", "coordinates": [ [ [ -77.006248, 38.9081118 ], [ -77.0062481, 38.9080877 ], [ -77.0062071, 38.9080877 ], [ -77.0062075, 38.9079585 ], [ -77.0061886, 38.9079585 ], [ -77.0061888, 38.9079044 ], [ -77.0062274, 38.9079045 ], [ -77.0062275, 38.9078243 ], [ -77.0062427, 38.9078244 ], [ -77.0062427, 38.9078157 ], [ -77.0062608, 38.9078157 ], [ -77.0062608, 38.9078093 ], [ -77.0063143, 38.9078094 ], [ -77.0063142, 38.9078253 ], [ -77.0063773, 38.9078254 ], [ -77.0063768, 38.908005 ], [ -77.0063574, 38.908005 ], [ -77.0063572, 38.9080882 ], [ -77.0062853, 38.9080881 ], [ -77.0062852, 38.9081118 ], [ -77.006248, 38.9081118 ] ] ] } },
{ "type": "Feature", "properties": { "element": "way", "id": 67133558, "name": "Oohh's & Aahh's", "amenity": "restaurant", "cuisine": "american" }, "geometry": { "type": "Polygon", "coordinates": [ [ [ -77.0262272, 38.9171194 ], [ -77.0262696, 38.9171192 ], [ -77.0262701, 38.9172502 ], [ -77.0262704, 38.9172973 ], [ -77.0262288, 38.9172976 ], [ -77.0262272, 38.9171194 ] ] ] } },
{ "type": "Feature", "properties": { "element": "way", "id": 67231809, "name": "Shaw's Tavern", "amenity": "restaurant", "cuisine": "american" }, "geometry": { "type": "Polygon", "coordinates": [ [ [ -77.0194812, 38.915114 ], [ -77.0194819, 38.9150737 ], [ -77.0195599, 38.915093 ], [ -77.0197247, 38.9150949 ], [ -77.0197234, 38.9151994 ], [ -77.0197066, 38.9152093 ], [ -77.0194812, 38.915114 ] ] ] } },
{ "type": "Feature", "properties": { "element": "way", "id": 67246446, "name": "Dunkin'", "amenity": "fast_food", "cuisine": "donut;coffee_shop" }, "geometry": { "type": "Polygon", "coordinates": [ [ [ -77.0171042, 38.9136108 ], [ -77.0170731, 38.913622 ], [ -77.0170471, 38.9135741 ], [ -77.0170794, 38.9135623 ], [ -77.0171042, 38.9136108 ] ] ] } },
{ "type": "Feature", "properties": { "element": "way", "id": 67265905, "name": null, "amenity": "restaurant", "cuisine": "international" }, "geometry": { "type": "Polygon", "coordinates": [ [ [ -77.0104021, 38.8600474 ], [ -77.0102866, 38.8599525 ], [ -77.0102797, 38.8599468 ], [ -77.0104072, 38.8598552 ], [ -77.0103875, 38.8598383 ], [ -77.010505, 38.8597509 ], [ -77.0105491, 38.8597884 ], [ -77.0105254, 38.8598054 ], [ -77.0106348, 38.8598955 ], [ -77.0105381, 38.8599673 ], [ -77.010526, 38.8599574 ], [ -77.0104021, 38.8600474 ] ] ] } },
{ "type": "Feature", "properties": { "element": "way", "id": 67266328, "name": "JBAB Commissary", "amenity": "cafe", "cuisine": null }, "geometry": { "type": "Polygon", "coordinates": [ [ [ -77.0174542, 38.8441029 ], [ -77.0171408, 38.8440348 ], [ -77.0171293, 38.8440674 ], [ -77.0170607, 38.8440519 ], [ -77.0170724, 38.8440203 ], [ -77.0166193, 38.843918 ], [ -77.0167967, 38.8434377 ], [ -77.0170246, 38.8433406 ], [ -77.0170322, 38.8433202 ], [ -77.0170704, 38.8433039 ], [ -77.0171503, 38.843322 ], [ -77.0171707, 38.8433512 ], [ -77.0174684, 38.8434184 ], [ -77.0175536, 38.8435407 ], [ -77.0177052, 38.843575 ], [ -77.0177661, 38.843549 ], [ -77.0178019, 38.8434522 ], [ -77.0178663, 38.8434247 ], [ -77.0180174, 38.8434588 ], [ -77.0179052, 38.8437625 ], [ -77.017883, 38.8437574 ], [ -77.0177303, 38.8441708 ], [ -77.0174522, 38.844108 ], [ -77.0174542, 38.8441029 ] ] ] } },
{ "type": "Feature", "properties": { "element": "way", "id": 67266454, "name": "Burger King", "amenity": "fast_food", "cuisine": "burger" }, "geometry": { "type": "Polygon", "coordinates": [ [ [ -77.0186494, 38.8406801 ], [ -77.0185057, 38.8406484 ], [ -77.018504, 38.8406531 ], [ -77.0184637, 38.8406443 ], [ -77.018471, 38.8406241 ], [ -77.0184286, 38.8406148 ], [ -77.0184217, 38.840634 ], [ -77.0183881, 38.8406266 ], [ -77.0183952, 38.8406069 ], [ -77.0183353, 38.8405937 ], [ -77.01837, 38.8404976 ], [ -77.0184977, 38.8405286 ], [ -77.0184993, 38.840524 ], [ -77.0185925, 38.8405467 ], [ -77.01859, 38.8405538 ], [ -77.0186866, 38.8405772 ], [ -77.0186494, 38.8406801 ] ] ] } },
{ "type": "Feature", "properties": { "element": "way", "id": 67269018, "name": "Slip Inn", "amenity": "restaurant", "cuisine": null }, "geometry": { "type": "Polygon", "coordinates": [ [ [ -77.0235025, 38.8344147 ], [ -77.023646, 38.8344466 ], [ -77.0236245, 38.8345054 ], [ -77.0236189, 38.8345207 ], [ -77.0235882, 38.8345139 ], [ -77.0235706, 38.8345619 ], [ -77.0234577, 38.8345368 ], [ -77.0235025, 38.8344147 ] ] ] } },
{ "type": "Feature", "properties": { "element": "way", "id": 67460477, "name": "Jimmy T's", "amenity": "restaurant", "cuisine": "diner" }, "geometry": { "type": "Polygon", "coordinates": [ [ [ -76.9992744, 38.8895923 ], [ -76.9992579, 38.8895926 ], [ -76.9992572, 38.8895555 ], [ -76.9992625, 38.8895557 ], [ -76.9992625, 38.8894105 ], [ -76.9993354, 38.8894145 ], [ -76.9993358, 38.889437 ], [ -76.9993567, 38.8894523 ], [ -76.9993554, 38.8894756 ], [ -76.9993407, 38.8894879 ], [ -76.9993423, 38.8895714 ], [ -76.9993515, 38.8895782 ], [ -76.9993508, 38.8895924 ], [ -76.9993396, 38.8896017 ], [ -76.9993206, 38.889602 ], [ -76.999307, 38.889592 ], [ -76.9992744, 38.8895923 ] ] ] } },
{ "type": "Feature", "properties": { "element": "way", "id": 67528869, "name": "Chipotle", "amenity": "fast_food", "cuisine": "mexican" }, "geometry": { "type": "Polygon", "coordinates": [ [ [ -77.0720698, 38.9209014 ], [ -77.0723961, 38.9208126 ], [ -77.0724218, 38.9208684 ], [ -77.0721003, 38.9209507 ], [ -77.0720698, 38.9209014 ] ] ] } },
{ "type": "Feature", "properties": { "element": "way", "id": 67535589, "name": "BonJon Rumi", "amenity": "restaurant", "cuisine": "afghan" }, "geometry": { "type": "Polygon", "coordinates": [ [ [ -77.0730484, 38.9220305 ], [ -77.0728047, 38.9221152 ], [ -77.0727634, 38.9220503 ], [ -77.072932, 38.9219896 ], [ -77.073043, 38.9219482 ], [ -77.0730484, 38.9220305 ] ] ] } },
{ "type": "Feature", "properties": { "element": "way", "id": 67828748, "name": "Angelico", "amenity": "restaurant", "cuisine": "italian" }, "geometry": { "type": "Polygon", "coordinates": [ [ [ -77.0714027, 38.9206968 ], [ -77.0716068, 38.9206433 ], [ -77.0716254, 38.9206862 ], [ -77.0714723, 38.9207275 ], [ -77.0714218, 38.9207409 ], [ -77.0714027, 38.9206968 ] ] ] } },
{ "type": "Feature", "properties": { "element": "way", "id": 67829102, "name": "Open City", "amenity": "cafe", "cuisine": "coffee_shop;sandwich;pastry;american" }, "geometry": { "type": "Polygon", "coordinates": [ [ [ -77.0712713, 38.9297822 ], [ -77.0713376, 38.9297639 ], [ -77.0713461, 38.9297668 ], [ -77.0714151, 38.9297476 ], [ -77.0714255, 38.9297705 ], [ -77.0714412, 38.9297662 ], [ -77.071453, 38.9297922 ], [ -77.0714306, 38.9297984 ], [ -77.0714486, 38.9298381 ], [ -77.0714063, 38.9298497 ], [ -77.0713896, 38.9298795 ], [ -77.0713269, 38.9298968 ], [ -77.0712673, 38.9298765 ], [ -77.0712454, 38.9298284 ], [ -77.0712713, 38.9297822 ] ] ] } },
{ "type": "Feature", "properties": { "element": "way", "id": 68304298, "name": "Beau Thai", "amenity": "restaurant", "cuisine": "thai" }, "geometry": { "type": "Polygon", "coordinates": [ [ [ -77.0381098, 38.9302741 ], [ -77.0384573, 38.9301882 ], [ -77.038475, 38.9301837 ], [ -77.03848, 38.9301955 ], [ -77.0384293, 38.9302996 ], [ -77.0383231, 38.9303267 ], [ -77.0381615, 38.930368 ], [ -77.0381551, 38.9303524 ], [ -77.0381428, 38.9303554 ], [ -77.0381098, 38.9302741 ] ] ] } },
{ "type": "Feature", "properties": { "element": "way", "id": 69201516, "name": "Taqueria Habanero", "amenity": "restaurant", "cuisine": "regional" }, "geometry": { "type": "Polygon", "coordinates": [ [ [ -77.0329234, 38.9375268 ], [ -77.0331543, 38.9375263 ], [ -77.0331543, 38.9375406 ], [ -77.0332581, 38.9375406 ], [ -77.0332581, 38.9375729 ], [ -77.0331867, 38.9375731 ], [ -77.0331554, 38.937573 ], [ -77.0329233, 38.9375738 ], [ -77.0329234, 38.9375268 ] ] ] } },
{ "type": "Feature", "properties": { "element": "way", "id": 69201558, "name": null, "amenity": "cafe", "cuisine": null }, "geometry": { "type": "Polygon", "coordinates": [ [ [ -77.03291, 38.9388478 ], [ -77.0331346, 38.938847 ], [ -77.0331346, 38.9388889 ], [ -77.0331043, 38.9388889 ], [ -77.0331043, 38.9388917 ], [ -77.0329216, 38.9388919 ], [ -77.0329216, 38.9388883 ], [ -77.0329101, 38.9388884 ], [ -77.03291, 38.9388478 ] ] ] } },
{ "type": "Feature", "properties": { "element": "way", "id": 69204275, "name": "El Chucho", "amenity": "restaurant", "cuisine": "mexican" }, "geometry": { "type": "Polygon", "coordinates": [ [ [ -77.0279098, 38.9310973 ], [ -77.0277943, 38.9311139 ], [ -77.0277154, 38.9311265 ], [ -77.0277041, 38.931083 ], [ -77.0277895, 38.9310821 ], [ -77.0277893, 38.9310686 ], [ -77.0279118, 38.931049 ], [ -77.0279238, 38.9310951 ], [ -77.0279098, 38.9310973 ] ] ] } },
{ "type": "Feature", "properties": { "element": "way", "id": 69204758, "name": "Red Rocks", "amenity": "restaurant", "cuisine": "pizza" }, "geometry": { "type": "Polygon", "coordinates": [ [ [ -77.0279714, 38.9316381 ], [ -77.0279657, 38.9316279 ], [ -77.0280087, 38.9316116 ], [ -77.0280419, 38.9316052 ], [ -77.0280456, 38.9316119 ], [ -77.0280781, 38.9316088 ], [ -77.0280812, 38.9316175 ], [ -77.0280525, 38.9316202 ], [ -77.0280688, 38.9316645 ], [ -77.0280811, 38.9316868 ], [ -77.0280885, 38.9316862 ], [ -77.0280971, 38.9317022 ], [ -77.0280894, 38.9317244 ], [ -77.0280324, 38.9317434 ], [ -77.0279714, 38.9316381 ] ] ] } },
{ "type": "Feature", "properties": { "element": "way", "id": 69204987, "name": "Doubles", "amenity": "cafe", "cuisine": "coffee_shop" }, "geometry": { "type": "Polygon", "coordinates": [ [ [ -77.0234812, 38.9295654 ], [ -77.0237813, 38.9295391 ], [ -77.023788, 38.929584 ], [ -77.0234881, 38.9296106 ], [ -77.0234812, 38.9295654 ] ] ] } },
{ "type": "Feature", "properties": { "element": "way", "id": 69754414, "name": "Mane Grill", "amenity": "fast_food", "cuisine": "american" }, "geometry": { "type": "Polygon", "coordinates": [ [ [ -77.0469614, 38.9277549 ], [ -77.0469427, 38.9277424 ], [ -77.0468929, 38.9277091 ], [ -77.0468892, 38.9277125 ], [ -77.0468756, 38.9277034 ], [ -77.0468672, 38.9277111 ], [ -77.046832, 38.9276877 ], [ -77.04684, 38.9276804 ], [ -77.0467537, 38.9276229 ], [ -77.0467028, 38.927589 ], [ -77.0468479, 38.9274561 ], [ -77.0471428, 38.9276526 ], [ -77.0469884, 38.9277939 ], [ -77.0469482, 38.927767 ], [ -77.0469614, 38.9277549 ] ] ] } },
{ "type": "Feature", "properties": { "element": "way", "id": 70070289, "name": "Athena Grill", "amenity": "restaurant", "cuisine": "greek" }, "geometry": { "type": "Polygon", "coordinates": [ [ [ -77.0329074, 38.9477881 ], [ -77.0331139, 38.947787 ], [ -77.0331138, 38.9478258 ], [ -77.0329073, 38.9478268 ], [ -77.0329074, 38.9477881 ] ] ] } },
{ "type": "Feature", "properties": { "element": "way", "id": 70070395, "name": "Smokey's", "amenity": "fast_food", "cuisine": null }, "geometry": { "type": "Polygon", "coordinates": [ [ [ -77.0329077, 38.9476597 ], [ -77.0331039, 38.9476644 ], [ -77.0331038, 38.9477006 ], [ -77.0329076, 38.9477007 ], [ -77.0329077, 38.9476597 ] ] ] } },
{ "type": "Feature", "properties": { "element": "way", "id": 70070579, "name": "Xelaju's Bakery", "amenity": "restaurant", "cuisine": "armenian" }, "geometry": { "type": "Polygon", "coordinates": [ [ [ -77.0329187, 38.9465667 ], [ -77.0329188, 38.9465243 ], [ -77.0330769, 38.9465246 ], [ -77.0330768, 38.9465681 ], [ -77.0329187, 38.9465667 ] ] ] } },
{ "type": "Feature", "properties": { "element": "way", "id": 70070614, "name": "Fortune Express", "amenity": "restaurant", "cuisine": "chinese" }, "geometry": { "type": "Polygon", "coordinates": [ [ [ -77.0329072, 38.9479083 ], [ -77.0331144, 38.9479084 ], [ -77.0331629, 38.9479085 ], [ -77.0331892, 38.9479085 ], [ -77.0331892, 38.9479743 ], [ -77.033115, 38.9479741 ], [ -77.032907, 38.9479744 ], [ -77.0329072, 38.9479083 ] ] ] } },
{ "type": "Feature", "properties": { "element": "way", "id": 70070643, "name": "Catrachitos", "amenity": "restaurant", "cuisine": "honduran" }, "geometry": { "type": "Polygon", "coordinates": [ [ [ -77.0329188, 38.9465243 ], [ -77.0329189, 38.9464804 ], [ -77.0330545, 38.9464806 ], [ -77.0330544, 38.9464889 ], [ -77.033077, 38.9464889 ], [ -77.0330769, 38.9465246 ], [ -77.0329188, 38.9465243 ] ] ] } },
{ "type": "Feature", "properties": { "element": "way", "id": 70071107, "name": "La Villa Pizzeria", "amenity": "restaurant", "cuisine": "pizza" }, "geometry": { "type": "Polygon", "coordinates": [ [ [ -77.0329179, 38.9470192 ], [ -77.0330947, 38.9470201 ], [ -77.0330946, 38.9470676 ], [ -77.0329333, 38.9470674 ], [ -77.0329178, 38.947058 ], [ -77.0329179, 38.9470192 ] ] ] } },
{ "type": "Feature", "properties": { "element": "way", "id": 70071126, "name": "14th Snack Bar", "amenity": "fast_food", "cuisine": null }, "geometry": { "type": "Polygon", "coordinates": [ [ [ -77.0329184, 38.9466822 ], [ -77.0329185, 38.9466504 ], [ -77.0330767, 38.946652 ], [ -77.0330766, 38.946689 ], [ -77.0329548, 38.946688 ], [ -77.032955, 38.9466827 ], [ -77.0329184, 38.9466822 ] ] ] } },
{ "type": "Feature", "properties": { "element": "way", "id": 70143267, "name": "Honeymoon Chicken", "amenity": "restaurant", "cuisine": "chicken;american" }, "geometry": { "type": "Polygon", "coordinates": [ [ [ -77.0254155, 38.9420776 ], [ -77.0253924, 38.9419956 ], [ -77.0252287, 38.9420008 ], [ -77.0252193, 38.9420106 ], [ -77.0252231, 38.9420828 ], [ -77.0252352, 38.9420823 ], [ -77.0253097, 38.9420804 ], [ -77.0254155, 38.9420776 ] ] ] } },
{ "type": "Feature", "properties": { "element": "way", "id": 70181735, "name": "Queen's English", "amenity": "restaurant", "cuisine": "cantonese" }, "geometry": { "type": "Polygon", "coordinates": [ [ [ -77.0284899, 38.9321347 ], [ -77.0286226, 38.9321168 ], [ -77.0286335, 38.9321153 ], [ -77.0286544, 38.932179 ], [ -77.0285063, 38.9322025 ], [ -77.0284899, 38.9321347 ] ] ] } },
{ "type": "Feature", "properties": { "element": "way", "id": 71000611, "name": "McDonald's", "amenity": "fast_food", "cuisine": "burger" }, "geometry": { "type": "Polygon", "coordinates": [ [ [ -77.0262236, 38.9807458 ], [ -77.0262224, 38.9807279 ], [ -77.026072, 38.9807338 ], [ -77.0260705, 38.9807106 ], [ -77.0260839, 38.9807101 ], [ -77.026082, 38.9806809 ], [ -77.026049, 38.9806822 ], [ -77.0260458, 38.9806328 ], [ -77.0260811, 38.9806315 ], [ -77.0260776, 38.980577 ], [ -77.0260633, 38.9805775 ], [ -77.0260629, 38.9805723 ], [ -77.0263143, 38.9805625 ], [ -77.0263251, 38.9807287 ], [ -77.0262876, 38.9807302 ], [ -77.0262885, 38.9807433 ], [ -77.0262236, 38.9807458 ] ] ] } },
{ "type": "Feature", "properties": { "element": "way", "id": 71001512, "name": "Ledo Pizza", "amenity": "restaurant", "cuisine": "pizza;pasta" }, "geometry": { "type": "Polygon", "coordinates": [ [ [ -77.0260504, 38.9809948 ], [ -77.0260503, 38.9809903 ], [ -77.0260246, 38.9809908 ], [ -77.0260223, 38.9809221 ], [ -77.0260216, 38.9808987 ], [ -77.0260477, 38.9808982 ], [ -77.0260475, 38.9808922 ], [ -77.0260533, 38.9808921 ], [ -77.0263431, 38.9808863 ], [ -77.0263465, 38.9809888 ], [ -77.0260504, 38.9809948 ] ] ] } },
{ "type": "Feature", "properties": { "element": "way", "id": 74040714, "name": "The Royal", "amenity": "restaurant", "cuisine": "latin_american;latin_american_fusion" }, "geometry": { "type": "Polygon", "coordinates": [ [ [ -77.018642, 38.9150034 ], [ -77.0185929, 38.9150779 ], [ -77.0185768, 38.9151013 ], [ -77.0185846, 38.9151557 ], [ -77.0185624, 38.9151878 ], [ -77.0185487, 38.9151831 ], [ -77.0185452, 38.9151588 ], [ -77.0185339, 38.9151514 ], [ -77.0185323, 38.9151405 ], [ -77.0185387, 38.9151312 ], [ -77.0185338, 38.9151095 ], [ -77.018538, 38.9151091 ], [ -77.0185252, 38.9150201 ], [ -77.0185197, 38.9150206 ], [ -77.0185118, 38.9149659 ], [ -77.0185384, 38.914958 ], [ -77.0185703, 38.914971 ], [ -77.0185816, 38.9149674 ], [ -77.0185938, 38.9149683 ], [ -77.0186088, 38.9149786 ], [ -77.0186111, 38.9149912 ], [ -77.018642, 38.9150034 ] ] ] } },
{ "type": "Feature", "properties": { "element": "way", "id": 91804510, "name": "Fat Pete's", "amenity": "restaurant", "cuisine": "barbecue" }, "geometry": { "type": "Polygon", "coordinates": [ [ [ -77.0574563, 38.934759 ], [ -77.057669, 38.9346853 ], [ -77.0577172, 38.9346685 ], [ -77.057737, 38.9346616 ], [ -77.0577731, 38.9347237 ], [ -77.0577674, 38.9347258 ], [ -77.0576691, 38.934761 ], [ -77.0575126, 38.9348171 ], [ -77.0574835, 38.9348275 ], [ -77.0574819, 38.9348246 ], [ -77.0573163, 38.9348833 ], [ -77.0572814, 38.9348231 ], [ -77.0574563, 38.934759 ] ] ] } },
{ "type": "Feature", "properties": { "element": "way", "id": 91804782, "name": "Fresh Med", "amenity": "restaurant", "cuisine": "mediterranean" }, "geometry": { "type": "Polygon", "coordinates": [ [ [ -77.0569309, 38.9340028 ], [ -77.0572804, 38.9338803 ], [ -77.0572888, 38.9338782 ], [ -77.0573155, 38.933923 ], [ -77.0569773, 38.9340469 ], [ -77.0569601, 38.9340532 ], [ -77.0569309, 38.9340028 ] ] ] } },
{ "type": "Feature", "properties": { "element": "way", "id": 151560999, "name": "Capitol Hill Crab Cakes", "amenity": "restaurant", "cuisine": null }, "geometry": { "type": "Polygon", "coordinates": [ [ [ -76.987242, 38.8670658 ], [ -76.9873005, 38.8668663 ], [ -76.9873016, 38.8668623 ], [ -76.9873608, 38.8668729 ], [ -76.987301, 38.8670764 ], [ -76.987242, 38.8670658 ] ] ] } },
{ "type": "Feature", "properties": { "element": "way", "id": 151561219, "name": "Mama's Pizza Kitchen", "amenity": "restaurant", "cuisine": "pizza" }, "geometry": { "type": "Polygon", "coordinates": [ [ [ -76.9890021, 38.8658137 ], [ -76.9890179, 38.8657602 ], [ -76.9892323, 38.8657986 ], [ -76.9892089, 38.8658496 ], [ -76.9890021, 38.8658137 ] ] ] } },
{ "type": "Feature", "properties": { "element": "way", "id": 203010883, "name": "Panera Bread", "amenity": "fast_food", "cuisine": "sandwich;bakery" }, "geometry": { "type": "Polygon", "coordinates": [ [ [ -77.079564, 38.9481205 ], [ -77.0791851, 38.9481348 ], [ -77.0792795, 38.948298 ], [ -77.0792943, 38.9482927 ], [ -77.0795978, 38.9481866 ], [ -77.079564, 38.9481205 ] ] ] } },
{ "type": "Feature", "properties": { "element": "way", "id": 219484514, "name": "Le Diplomate", "amenity": "restaurant", "cuisine": "french" }, "geometry": { "type": "Polygon", "coordinates": [ [ [ -77.0317606, 38.9114756 ], [ -77.0314317, 38.9114735 ], [ -77.031433, 38.9112549 ], [ -77.0315944, 38.9112551 ], [ -77.031739, 38.9112552 ], [ -77.0317601, 38.9112716 ], [ -77.0317606, 38.9114756 ] ] ] } },
{ "type": "Feature", "properties": { "element": "way", "id": 291680509, "name": "McDonald's", "amenity": "fast_food", "cuisine": "burger" }, "geometry": { "type": "Polygon", "coordinates": [ [ [ -77.0224521, 38.9206542 ], [ -77.0222977, 38.9206688 ], [ -77.0221484, 38.9206808 ], [ -77.0221324, 38.9205619 ], [ -77.0224347, 38.9205342 ], [ -77.0224521, 38.9206542 ] ] ] } },
{ "type": "Feature", "properties": { "element": "way", "id": 295001953, "name": "Eddie's Carry Out", "amenity": "fast_food", "cuisine": "american" }, "geometry": { "type": "Polygon", "coordinates": [ [ [ -76.978652, 38.9069528 ], [ -76.9785678, 38.9070848 ], [ -76.9784059, 38.9070217 ], [ -76.9784642, 38.9069304 ], [ -76.9784032, 38.9069067 ], [ -76.9784287, 38.9068667 ], [ -76.9785721, 38.9069226 ], [ -76.978652, 38.9069528 ] ] ] } },
{ "type": "Feature", "properties": { "element": "way", "id": 295832804, "name": "Peaches' Kitchen", "amenity": "restaurant", "cuisine": "caribbean" }, "geometry": { "type": "Polygon", "coordinates": [ [ [ -77.0164889, 38.9654587 ], [ -77.0164889, 38.9654608 ], [ -77.0165181, 38.9654608 ], [ -77.0165181, 38.9655132 ], [ -77.0163131, 38.9655147 ], [ -77.0163132, 38.9654608 ], [ -77.0163224, 38.9654601 ], [ -77.0164889, 38.9654587 ] ] ] } },
{ "type": "Feature", "properties": { "element": "way", "id": 295846654, "name": "Mereb Bar & Restaurant", "amenity": "restaurant", "cuisine": null }, "geometry": { "type": "Polygon", "coordinates": [ [ [ -77.0274398, 38.9533835 ], [ -77.0274468, 38.9534344 ], [ -77.0272935, 38.9534397 ], [ -77.027293, 38.9534266 ], [ -77.0272068, 38.9534286 ], [ -77.0272068, 38.95339 ], [ -77.0274398, 38.9533835 ] ] ] } },
{ "type": "Feature", "properties": { "element": "way", "id": 295846868, "name": "Sing Long Carryout", "amenity": "restaurant", "cuisine": "chinese" }, "geometry": { "type": "Polygon", "coordinates": [ [ [ -77.0274141, 38.9532863 ], [ -77.0274156, 38.953297 ], [ -77.0274261, 38.9532961 ], [ -77.0274295, 38.9533201 ], [ -77.0274197, 38.9533209 ], [ -77.0274215, 38.953334 ], [ -77.0272753, 38.9533399 ], [ -77.0272753, 38.9532898 ], [ -77.0274141, 38.9532863 ] ] ] } },
{ "type": "Feature", "properties": { "element": "way", "id": 296021199, "name": "Wendy's", "amenity": "fast_food", "cuisine": "burger" }, "geometry": { "type": "Polygon", "coordinates": [ [ [ -76.941583, 38.9018623 ], [ -76.9415622, 38.9018535 ], [ -76.9416065, 38.901789 ], [ -76.9416142, 38.9017923 ], [ -76.9416491, 38.9017414 ], [ -76.9417694, 38.9017919 ], [ -76.9416676, 38.90194 ], [ -76.9416576, 38.9019357 ], [ -76.9416026, 38.9020187 ], [ -76.941504, 38.9019773 ], [ -76.9415203, 38.9019536 ], [ -76.941583, 38.9018623 ] ] ] } },
{ "type": "Feature", "properties": { "element": "way", "id": 296062075, "name": "Shrimp Boat", "amenity": "restaurant", "cuisine": "seafood" }, "geometry": { "type": "Polygon", "coordinates": [ [ [ -76.9374266, 38.8899924 ], [ -76.9374269, 38.8900312 ], [ -76.9370726, 38.8900541 ], [ -76.937072, 38.8899944 ], [ -76.9374029, 38.8899925 ], [ -76.9374266, 38.8899924 ] ] ] } },
{ "type": "Feature", "properties": { "element": "way", "id": 296075226, "name": "Denny's", "amenity": "restaurant", "cuisine": "american" }, "geometry": { "type": "Polygon", "coordinates": [ [ [ -76.938464, 38.8902958 ], [ -76.9385062, 38.8902772 ], [ -76.9385278, 38.8903043 ], [ -76.9384852, 38.8903228 ], [ -76.9384772, 38.8903131 ], [ -76.9384546, 38.8903232 ], [ -76.9384957, 38.8903821 ], [ -76.938525, 38.8903683 ], [ -76.9385465, 38.890397 ], [ -76.938523, 38.8904085 ], [ -76.9385349, 38.8904225 ], [ -76.9382342, 38.8905549 ], [ -76.9381286, 38.8904204 ], [ -76.9383269, 38.890332 ], [ -76.9383502, 38.8903651 ], [ -76.9383812, 38.8903518 ], [ -76.9383578, 38.8903176 ], [ -76.938449, 38.8902768 ], [ -76.938464, 38.8902958 ] ] ] } },
{ "type": "Feature", "properties": { "element": "way", "id": 296077804, "name": "Hiphop Fish & Chicken", "amenity": "fast_food", "cuisine": "chicken" }, "geometry": { "type": "Polygon", "coordinates": [ [ [ -76.9726307, 38.8979277 ], [ -76.9726399, 38.8979294 ], [ -76.9726636, 38.8978451 ], [ -76.9728367, 38.8978746 ], [ -76.9728009, 38.8980027 ], [ -76.972807, 38.8980037 ], [ -76.9727952, 38.898046 ], [ -76.9726067, 38.8980139 ], [ -76.9726213, 38.8979612 ], [ -76.9726307, 38.8979277 ] ] ] } },
{ "type": "Feature", "properties": { "element": "way", "id": 296202842, "name": "McDonald's", "amenity": "fast_food", "cuisine": "burger" }, "geometry": { "type": "Polygon", "coordinates": [ [ [ -76.9933553, 38.9493696 ], [ -76.9934655, 38.9494537 ], [ -76.9932829, 38.9495999 ], [ -76.9931766, 38.9495189 ], [ -76.9933553, 38.9493696 ] ] ] } },
{ "type": "Feature", "properties": { "element": "way", "id": 296206331, "name": "Chick-fil-A", "amenity": "fast_food", "cuisine": "chicken" }, "geometry": { "type": "Polygon", "coordinates": [ [ [ -77.0027845, 38.9569035 ], [ -77.0027699, 38.9568955 ], [ -77.0027568, 38.9568884 ], [ -77.0028724, 38.9567342 ], [ -77.0028867, 38.9567413 ], [ -77.002907, 38.9567499 ], [ -77.0029327, 38.9567157 ], [ -77.0030598, 38.9567749 ], [ -77.0030203, 38.9568251 ], [ -77.0030356, 38.9568323 ], [ -77.0029638, 38.9569244 ], [ -77.002947, 38.956921 ], [ -77.0028994, 38.9569802 ], [ -77.00277, 38.9569204 ], [ -77.0027845, 38.9569035 ] ] ] } },
{ "type": "Feature", "properties": { "element": "way", "id": 296263317, "name": "Zeke's Coffee of DC", "amenity": "cafe", "cuisine": "coffee_shop" }, "geometry": { "type": "Polygon", "coordinates": [ [ [ -76.973331, 38.9306437 ], [ -76.9734217, 38.93076 ], [ -76.9733514, 38.9307934 ], [ -76.9732603, 38.9306773 ], [ -76.973331, 38.9306437 ] ] ] } },
{ "type": "Feature", "properties": { "element": "way", "id": 296266327, "name": "Wake Me, Shake Me", "amenity": "cafe", "cuisine": "coffee_shop" }, "geometry": { "type": "Polygon", "coordinates": [ [ [ -77.0140256, 38.9423278 ], [ -77.0140302, 38.9424386 ], [ -77.0139745, 38.9424409 ], [ -77.0139678, 38.9423293 ], [ -77.0140256, 38.9423278 ] ] ] } },
{ "type": "Feature", "properties": { "element": "way", "id": 296266436, "name": "Nick's Pizza", "amenity": "restaurant", "cuisine": "pizza" }, "geometry": { "type": "Polygon", "coordinates": [ [ [ -77.0148699, 38.942312 ], [ -77.0148758, 38.9424192 ], [ -77.0148045, 38.9424217 ], [ -77.0147998, 38.9423143 ], [ -77.0148699, 38.942312 ] ] ] } },
{ "type": "Feature", "properties": { "element": "way", "id": 296457493, "name": "Jones Deli", "amenity": "fast_food", "cuisine": null }, "geometry": { "type": "Polygon", "coordinates": [ [ [ -76.9422352, 38.8833083 ], [ -76.9422688, 38.8833925 ], [ -76.9421066, 38.883432 ], [ -76.942073, 38.8833479 ], [ -76.9422201, 38.883312 ], [ -76.9422352, 38.8833083 ] ] ] } },
{ "type": "Feature", "properties": { "element": "way", "id": 296479898, "name": "McDonald's", "amenity": "fast_food", "cuisine": "burger" }, "geometry": { "type": "Polygon", "coordinates": [ [ [ -76.9415368, 38.9011434 ], [ -76.9415503, 38.9011486 ], [ -76.9415899, 38.9010869 ], [ -76.9417269, 38.9011406 ], [ -76.941612, 38.9013196 ], [ -76.9414719, 38.9012647 ], [ -76.9415012, 38.9012191 ], [ -76.9414908, 38.901215 ], [ -76.9415264, 38.9011597 ], [ -76.9415368, 38.9011434 ] ] ] } },
{ "type": "Feature", "properties": { "element": "way", "id": 296501410, "name": "Huacatay Peruvian Chicken", "amenity": "restaurant", "cuisine": null }, "geometry": { "type": "Polygon", "coordinates": [ [ [ -77.0007258, 38.9207131 ], [ -77.0008693, 38.9207137 ], [ -77.0008693, 38.9207202 ], [ -77.0009012, 38.9207202 ], [ -77.0009012, 38.9207745 ], [ -77.0007258, 38.9207742 ], [ -77.0007258, 38.9207131 ] ] ] } },
{ "type": "Feature", "properties": { "element": "way", "id": 296507739, "name": "Sammy Carry-Out", "amenity": "restaurant", "cuisine": "chinese" }, "geometry": { "type": "Polygon", "coordinates": [ [ [ -76.9902729, 38.9255983 ], [ -76.990288, 38.9256103 ], [ -76.9902981, 38.9257335 ], [ -76.990231, 38.9257368 ], [ -76.9902199, 38.9256009 ], [ -76.9902729, 38.9255983 ] ] ] } },
{ "type": "Feature", "properties": { "element": "way", "id": 297372071, "name": "Popeyes", "amenity": "fast_food", "cuisine": "chicken" }, "geometry": { "type": "Polygon", "coordinates": [ [ [ -77.0280637, 38.9532639 ], [ -77.0278633, 38.9532651 ], [ -77.027862, 38.9531381 ], [ -77.0279049, 38.9531378 ], [ -77.0279048, 38.9531287 ], [ -77.0279993, 38.9531281 ], [ -77.0279994, 38.9531376 ], [ -77.0281118, 38.9531369 ], [ -77.0281121, 38.9531632 ], [ -77.028116, 38.9531632 ], [ -77.0281172, 38.9532799 ], [ -77.0281107, 38.95328 ], [ -77.028111, 38.9533046 ], [ -77.0280527, 38.953305 ], [ -77.0280523, 38.9532762 ], [ -77.0280639, 38.9532761 ], [ -77.0280637, 38.9532639 ] ] ] } },
{ "type": "Feature", "properties": { "element": "way", "id": 297372151, "name": "JJ's Carryout", "amenity": "fast_food", "cuisine": "southern" }, "geometry": { "type": "Polygon", "coordinates": [ [ [ -77.027999, 38.9546683 ], [ -77.0280246, 38.9546683 ], [ -77.0280245, 38.9546573 ], [ -77.0280792, 38.9546572 ], [ -77.0280792, 38.9546405 ], [ -77.0281081, 38.9546404 ], [ -77.0281081, 38.9546546 ], [ -77.0281191, 38.9546546 ], [ -77.0281192, 38.9546997 ], [ -77.028111, 38.9546997 ], [ -77.0281112, 38.9547383 ], [ -77.0279993, 38.9547396 ], [ -77.0279992, 38.9547355 ], [ -77.027999, 38.9546683 ] ] ] } },
{ "type": "Feature", "properties": { "element": "way", "id": 297398976, "name": "Checkers", "amenity": "fast_food", "cuisine": "burger" }, "geometry": { "type": "Polygon", "coordinates": [ [ [ -76.9718664, 38.9176697 ], [ -76.971844, 38.9176583 ], [ -76.971825, 38.9176489 ], [ -76.9718474, 38.9176217 ], [ -76.9718655, 38.9176304 ], [ -76.9718885, 38.9176424 ], [ -76.9718977, 38.9176314 ], [ -76.9719401, 38.9176528 ], [ -76.9719312, 38.9176636 ], [ -76.9719559, 38.917675 ], [ -76.9719766, 38.9176864 ], [ -76.9719539, 38.9177141 ], [ -76.9719334, 38.9177038 ], [ -76.9719133, 38.9176937 ], [ -76.9718319, 38.9177928 ], [ -76.9717846, 38.9177691 ], [ -76.971818, 38.9177285 ], [ -76.9718664, 38.9176697 ] ] ] } },
{ "type": "Feature", "properties": { "element": "way", "id": 297531767, "name": "Corina's Restaurant", "amenity": "restaurant", "cuisine": null }, "geometry": { "type": "Polygon", "coordinates": [ [ [ -77.0253717, 38.9564125 ], [ -77.0253745, 38.9565229 ], [ -77.0253172, 38.9565242 ], [ -77.0253132, 38.9564139 ], [ -77.0253717, 38.9564125 ] ] ] } },
{ "type": "Feature", "properties": { "element": "way", "id": 297531787, "name": "Crown Bakery", "amenity": "restaurant", "cuisine": "caribbean" }, "geometry": { "type": "Polygon", "coordinates": [ [ [ -77.027778, 38.9554757 ], [ -77.0277857, 38.9555322 ], [ -77.0276193, 38.9555443 ], [ -77.0276182, 38.955538 ], [ -77.0275465, 38.9555402 ], [ -77.0275389, 38.955497 ], [ -77.0276193, 38.9554902 ], [ -77.027778, 38.9554757 ] ] ] } },
{ "type": "Feature", "properties": { "element": "way", "id": 297532017, "name": "Centeno's Restaurant", "amenity": "restaurant", "cuisine": "latin_american" }, "geometry": { "type": "Polygon", "coordinates": [ [ [ -77.025192, 38.9564168 ], [ -77.025253, 38.9564153 ], [ -77.0252576, 38.9565259 ], [ -77.0252631, 38.9565255 ], [ -77.0252678, 38.9566447 ], [ -77.0252664, 38.9566532 ], [ -77.025263, 38.9566539 ], [ -77.0252674, 38.9566927 ], [ -77.0252055, 38.9566928 ], [ -77.0252017, 38.9566528 ], [ -77.025192, 38.9564168 ] ] ] } },
{ "type": "Feature", "properties": { "element": "way", "id": 297538588, "name": "Church's Chicken", "amenity": "fast_food", "cuisine": "chicken" }, "geometry": { "type": "Polygon", "coordinates": [ [ [ -76.9517653, 38.8920544 ], [ -76.9518609, 38.8920972 ], [ -76.9518382, 38.8921297 ], [ -76.9518656, 38.8921409 ], [ -76.9518136, 38.8922153 ], [ -76.9517839, 38.8922032 ], [ -76.9517525, 38.8922481 ], [ -76.9516587, 38.8922081 ], [ -76.9517653, 38.8920544 ] ] ] } },
{ "type": "Feature", "properties": { "element": "way", "id": 297542315, "name": "Pizza Boli's", "amenity": "fast_food", "cuisine": "pizza" }, "geometry": { "type": "Polygon", "coordinates": [ [ [ -76.9940333, 38.9364508 ], [ -76.9940486, 38.9364901 ], [ -76.9937904, 38.9365526 ], [ -76.993775, 38.9365134 ], [ -76.9940333, 38.9364508 ] ] ] } },
{ "type": "Feature", "properties": { "element": "way", "id": 297542319, "name": "America's Best Wings", "amenity": "fast_food", "cuisine": "chicken" }, "geometry": { "type": "Polygon", "coordinates": [ [ [ -76.9941047, 38.9366337 ], [ -76.9941358, 38.9367134 ], [ -76.9937484, 38.936809 ], [ -76.9937663, 38.9367811 ], [ -76.993859, 38.936759 ], [ -76.9938665, 38.9367473 ], [ -76.9938467, 38.9366967 ], [ -76.9941047, 38.9366337 ] ] ] } },
{ "type": "Feature", "properties": { "element": "way", "id": 298560283, "name": "McDonald's", "amenity": "fast_food", "cuisine": "burger" }, "geometry": { "type": "Polygon", "coordinates": [ [ [ -76.9733844, 38.9176791 ], [ -76.9733821, 38.9176099 ], [ -76.9735003, 38.9176075 ], [ -76.9735038, 38.9177093 ], [ -76.9735206, 38.9177089 ], [ -76.9735264, 38.9178772 ], [ -76.9733913, 38.91788 ], [ -76.9733844, 38.9176791 ] ] ] } },
{ "type": "Feature", "properties": { "element": "way", "id": 298584707, "name": "McDonald's", "amenity": "fast_food", "cuisine": "burger" }, "geometry": { "type": "Polygon", "coordinates": [ [ [ -76.9931154, 38.9159708 ], [ -76.9931273, 38.9159709 ], [ -76.9931275, 38.9159417 ], [ -76.9930922, 38.9159415 ], [ -76.9930928, 38.9158659 ], [ -76.993127, 38.9158661 ], [ -76.9931272, 38.9158358 ], [ -76.9932588, 38.9158363 ], [ -76.9932589, 38.9158224 ], [ -76.9933699, 38.9158228 ], [ -76.9933699, 38.9158343 ], [ -76.9933947, 38.9158344 ], [ -76.9933945, 38.9158552 ], [ -76.993406, 38.9158576 ], [ -76.9934046, 38.9159854 ], [ -76.9933709, 38.9159852 ], [ -76.9933707, 38.916004 ], [ -76.993163, 38.9160027 ], [ -76.9931631, 38.9159977 ], [ -76.9931152, 38.9159975 ], [ -76.9931154, 38.9159708 ] ] ] } },
{ "type": "Feature", "properties": { "element": "way", "id": 298636010, "name": "Capa Tosta", "amenity": "restaurant", "cuisine": "italian" }, "geometry": { "type": "Polygon", "coordinates": [ [ [ -77.0255225, 38.9257251 ], [ -77.0255103, 38.9257259 ], [ -77.0255042, 38.9256842 ], [ -77.0255793, 38.9256777 ], [ -77.0255856, 38.925721 ], [ -77.0255952, 38.9257201 ], [ -77.0256083, 38.9258116 ], [ -77.0255761, 38.9258144 ], [ -77.0255749, 38.9258054 ], [ -77.0255356, 38.9258089 ], [ -77.0255344, 38.9257997 ], [ -77.0255225, 38.9257251 ] ] ] } },
{ "type": "Feature", "properties": { "element": "way", "id": 436489847, "name": "Joe's Subs", "amenity": "fast_food", "cuisine": "sandwich" }, "geometry": { "type": "Polygon", "coordinates": [ [ [ -77.0220516, 38.9169197 ], [ -77.0220506, 38.9168704 ], [ -77.0223468, 38.9168685 ], [ -77.0223468, 38.9169189 ], [ -77.0220516, 38.9169197 ] ] ] } },
{ "type": "Feature", "properties": { "element": "way", "id": 453424323, "name": "Pho Viet USA", "amenity": "restaurant", "cuisine": "vietnamese;pho" }, "geometry": { "type": "Polygon", "coordinates": [ [ [ -77.0349111, 38.9168225 ], [ -77.0349418, 38.9168226 ], [ -77.0350222, 38.9168229 ], [ -77.0350218, 38.9168833 ], [ -77.0349115, 38.9168829 ], [ -77.0349111, 38.9168225 ] ] ] } },
{ "type": "Feature", "properties": { "element": "way", "id": 478727308, "name": "Pret A Manger", "amenity": "fast_food", "cuisine": "sandwich" }, "geometry": { "type": "Polygon", "coordinates": [ [ [ -77.0067494, 38.8982996 ], [ -77.0068618, 38.8983246 ], [ -77.0069063, 38.8982016 ], [ -77.0067936, 38.8981769 ], [ -77.0067923, 38.8981807 ], [ -77.0067604, 38.8982692 ], [ -77.0067588, 38.8982737 ], [ -77.0067494, 38.8982996 ] ] ] } },
{ "type": "Feature", "properties": { "element": "way", "id": 574897355, "name": "Pavilion Café", "amenity": "cafe", "cuisine": "american;coffee_shop" }, "geometry": { "type": "Polygon", "coordinates": [ [ [ -77.0234441, 38.8914672 ], [ -77.0234443, 38.8913008 ], [ -77.0234445, 38.8911255 ], [ -77.0235927, 38.8911267 ], [ -77.0235922, 38.8914665 ], [ -77.0234441, 38.8914672 ] ] ] } },
{ "type": "Feature", "properties": { "element": "way", "id": 779433727, "name": "Miza", "amenity": "restaurant", "cuisine": null }, "geometry": { "type": "Polygon", "coordinates": [ [ [ -76.9835909, 38.9150015 ], [ -76.9837166, 38.9152242 ], [ -76.9835261, 38.9152894 ], [ -76.9834054, 38.9150656 ], [ -76.9835909, 38.9150015 ] ] ] } },
{ "type": "Feature", "properties": { "element": "way", "id": 910628102, "name": "Chick-fil-A", "amenity": "fast_food", "cuisine": "chicken" }, "geometry": { "type": "Polygon", "coordinates": [ [ [ -76.9537508, 38.9199988 ], [ -76.9538604, 38.9199012 ], [ -76.9535149, 38.9196736 ], [ -76.9534146, 38.9197675 ], [ -76.9537508, 38.9199988 ] ] ] } },
{ "type": "Feature", "properties": { "element": "way", "id": 1084525245, "name": "Smores", "amenity": "fast_food", "cuisine": "dessert" }, "geometry": { "type": "Polygon", "coordinates": [ [ [ -77.0255986, 38.879657 ], [ -77.0255752, 38.8796509 ], [ -77.0255875, 38.8796222 ], [ -77.025611, 38.8796282 ], [ -77.0255986, 38.879657 ] ] ] } },
{ "type": "Feature", "properties": { "element": "way", "id": 1232549625, "name": "Taco Bamba", "amenity": "restaurant", "cuisine": "mexican" }, "geometry": { "type": "Polygon", "coordinates": [ [ [ -77.0757156, 38.9400998 ], [ -77.0756686, 38.9400919 ], [ -77.0756011, 38.9400813 ], [ -77.0755735, 38.9400361 ], [ -77.0759356, 38.9399098 ], [ -77.0759899, 38.940004 ], [ -77.0758018, 38.9400697 ], [ -77.0757156, 38.9400998 ] ] ] } },
{ "type": "Feature", "properties": { "element": "way", "id": 1237102936, "name": "Sami's Hot Dogs", "amenity": "fast_food", "cuisine": "hot_dog" }, "geometry": { "type": "Polygon", "coordinates": [ [ [ -77.022793, 38.8863937 ], [ -77.0227928, 38.8863809 ], [ -77.022755, 38.8863812 ], [ -77.0227552, 38.886394 ], [ -77.022793, 38.8863937 ] ] ] } },
{ "type": "Feature", "properties": { "element": "way", "id": 1240491147, "name": null, "amenity": "restaurant", "cuisine": null }, "geometry": { "type": "Polygon", "coordinates": [ [ [ -77.0235066, 38.9069357 ], [ -77.0235067, 38.9070236 ], [ -77.0234007, 38.9070237 ], [ -77.0234007, 38.9069358 ], [ -77.0235066, 38.9069357 ] ] ] } },
{ "type": "Feature", "properties": { "element": "way", "id": 1240491170, "name": null, "amenity": "restaurant", "cuisine": "sandwich" }, "geometry": { "type": "Polygon", "coordinates": [ [ [ -77.0234, 38.9031757 ], [ -77.0234004, 38.9031345 ], [ -77.0224412, 38.9031301 ], [ -77.0224411, 38.9031702 ], [ -77.0234, 38.9031757 ] ] ] } },
{ "type": "Feature", "properties": { "element": "way", "id": 1240491194, "name": "John Dough", "amenity": "restaurant", "cuisine": "pizza" }, "geometry": { "type": "Polygon", "coordinates": [ [ [ -77.0223748, 38.9043938 ], [ -77.0223766, 38.9044707 ], [ -77.0223567, 38.904471 ], [ -77.0222738, 38.9044721 ], [ -77.0222733, 38.9044494 ], [ -77.0222905, 38.9044492 ], [ -77.02229, 38.9044268 ], [ -77.0222761, 38.904427 ], [ -77.0222756, 38.9044044 ], [ -77.0223156, 38.9044039 ], [ -77.0223153, 38.904389 ], [ -77.0223748, 38.9043938 ] ] ] } },
{ "type": "Feature", "properties": { "element": "way", "id": 1240491195, "name": "Taverna", "amenity": "restaurant", "cuisine": null }, "geometry": { "type": "Polygon", "coordinates": [ [ [ -77.0224377, 38.9043984 ], [ -77.0224377, 38.90447 ], [ -77.0223766, 38.9044707 ], [ -77.0223748, 38.9043938 ], [ -77.0224377, 38.9043984 ] ] ] } },
{ "type": "Feature", "properties": { "element": "way", "id": 1240491196, "name": "Tenders Love and Chicken", "amenity": "restaurant", "cuisine": "chicken" }, "geometry": { "type": "Polygon", "coordinates": [ [ [ -77.0225073, 38.9044694 ], [ -77.0224965, 38.9044695 ], [ -77.0224377, 38.90447 ], [ -77.0224377, 38.9043984 ], [ -77.0225072, 38.9044036 ], [ -77.0225073, 38.9044694 ] ] ] } },
{ "type": "Feature", "properties": { "element": "way", "id": 1240491197, "name": "Ben's Chili Bowl", "amenity": "restaurant", "cuisine": "mexican" }, "geometry": { "type": "Polygon", "coordinates": [ [ [ -77.0227538, 38.9044854 ], [ -77.0225743, 38.9044862 ], [ -77.0225066, 38.9044865 ], [ -77.0225071, 38.904553 ], [ -77.0226155, 38.9045526 ], [ -77.0226299, 38.9045525 ], [ -77.0227542, 38.904552 ], [ -77.022754, 38.9045153 ], [ -77.0227538, 38.9044854 ] ] ] } },
{ "type": "Feature", "properties": { "element": "way", "id": 1240491198, "name": "The Exchange", "amenity": "restaurant", "cuisine": "sandwich" }, "geometry": { "type": "Polygon", "coordinates": [ [ [ -77.0225072, 38.9044036 ], [ -77.0225729, 38.9044078 ], [ -77.0225743, 38.9044862 ], [ -77.0225066, 38.9044865 ], [ -77.0225073, 38.9044694 ], [ -77.0225072, 38.9044036 ] ] ] } },
{ "type": "Feature", "properties": { "element": "way", "id": 1240491212, "name": "Sbarro", "amenity": "fast_food", "cuisine": "pizza" }, "geometry": { "type": "Polygon", "coordinates": [ [ [ -77.0221843, 38.9045479 ], [ -77.0220818, 38.9045478 ], [ -77.0220813, 38.9043756 ], [ -77.0221835, 38.9043759 ], [ -77.0221834, 38.9044042 ], [ -77.0221836, 38.9044353 ], [ -77.0221839, 38.9044747 ], [ -77.0221843, 38.9045479 ] ] ] } },
{ "type": "Feature", "properties": { "element": "way", "id": 1240491324, "name": "Starbucks", "amenity": "cafe", "cuisine": "coffee_shop" }, "geometry": { "type": "Polygon", "coordinates": [ [ [ -77.0229826, 38.9038387 ], [ -77.022957, 38.9038391 ], [ -77.0228889, 38.9038392 ], [ -77.0228635, 38.9038396 ], [ -77.0228635, 38.9038946 ], [ -77.022889, 38.9038946 ], [ -77.022957, 38.9038946 ], [ -77.0229827, 38.9038946 ], [ -77.0229826, 38.9038387 ] ] ] } },
{ "type": "Feature", "properties": { "element": "way", "id": 1240491328, "name": null, "amenity": "cafe", "cuisine": null }, "geometry": { "type": "Polygon", "coordinates": [ [ [ -77.023437, 38.9033167 ], [ -77.023437, 38.9032806 ], [ -77.0234368, 38.9032481 ], [ -77.0233976, 38.9032483 ], [ -77.0233978, 38.9033166 ], [ -77.0234098, 38.9033166 ], [ -77.023437, 38.9033167 ] ] ] } },
{ "type": "Feature", "properties": { "element": "way", "id": 1240541177, "name": "The Burger Kitchen", "amenity": "fast_food", "cuisine": "burger" }, "geometry": { "type": "Polygon", "coordinates": [ [ [ -77.0235963, 38.9034801 ], [ -77.0235964, 38.9034687 ], [ -77.0235967, 38.9034451 ], [ -77.0235972, 38.9033982 ], [ -77.0235081, 38.9033976 ], [ -77.0235072, 38.9034795 ], [ -77.0235963, 38.9034801 ] ] ] } },
{ "type": "Feature", "properties": { "element": "way", "id": 1266650313, "name": "Lincoln Retail Refreshments & Gifts", "amenity": "cafe", "cuisine": null }, "geometry": { "type": "Polygon", "coordinates": [ [ [ -77.0492106, 38.8877826 ], [ -77.0491895, 38.8877609 ], [ -77.049215, 38.8877459 ], [ -77.0491644, 38.8876937 ], [ -77.0491385, 38.887709 ], [ -77.0491174, 38.8876872 ], [ -77.0490528, 38.8877252 ], [ -77.0490738, 38.8877468 ], [ -77.0490454, 38.8877635 ], [ -77.0490962, 38.8878158 ], [ -77.049124, 38.8877995 ], [ -77.0491451, 38.8878211 ], [ -77.0492106, 38.8877826 ] ] ] } },
{ "type": "Feature", "properties": { "element": "way", "id": 1396241011, "name": "Right Proper Eckington", "amenity": "restaurant", "cuisine": "brew_pub" }, "geometry": { "type": "Polygon", "coordinates": [ [ [ -77.0038976, 38.9119666 ], [ -77.0038968, 38.9119036 ], [ -77.0041365, 38.9119032 ], [ -77.00414, 38.9120746 ], [ -77.0038985, 38.9120739 ], [ -77.0038976, 38.9119666 ] ] ] } },
{ "type": "Feature", "properties": { "element": "way", "id": 1547361961, "name": "Bethune Annex Dining Hall", "amenity": "fast_food", "cuisine": null }, "geometry": { "type": "Polygon", "coordinates": [ [ [ -77.0173829, 38.9209157 ], [ -77.0173719, 38.920953 ], [ -77.0173798, 38.9209895 ], [ -77.0174048, 38.9210211 ], [ -77.0174433, 38.921043 ], [ -77.0174895, 38.921052 ], [ -77.0175366, 38.9210468 ], [ -77.0175778, 38.9210281 ], [ -77.0176069, 38.9209988 ], [ -77.0176197, 38.9209631 ], [ -77.0176138, 38.9209251 ], [ -77.0175893, 38.9208918 ], [ -77.0175501, 38.9208686 ], [ -77.0175024, 38.9208591 ], [ -77.0174537, 38.9208647 ], [ -77.0174117, 38.9208846 ], [ -77.0173829, 38.9209157 ] ] ] } }
]
}
